alias,uuid,entity_type,alias_source,confidence,updated_at
西名寄,bad980e6-e8fc-4637-b7da-7a7b6dafbdf2,substation,keitozu,extracted,2026-08-03
201,bad980e6-e8fc-4637-b7da-7a7b6dafbdf2,substation,keitozu_no,extracted,2026-08-03
西中川,705cd53e-9ada-47d3-bbb2-689363e5a7c6,substation,keitozu,extracted,2026-08-03
228,705cd53e-9ada-47d3-bbb2-689363e5a7c6,substation,keitozu_no,extracted,2026-08-03
旭川嵐山,8abf72d4-2323-4ab6-b17c-38d4fc254ad0,substation,keitozu,extracted,2026-08-03
旭川,38b37758-1edd-4eba-86ba-46e73a2d7a68,substation,keitozu,extracted,2026-08-03
203,38b37758-1edd-4eba-86ba-46e73a2d7a68,substation,keitozu_no,extracted,2026-08-03
西旭川,2dfe59c5-35e9-4450-bad2-9a999a97f400,substation,keitozu,extracted,2026-08-03
202,2dfe59c5-35e9-4450-bad2-9a999a97f400,substation,keitozu_no,extracted,2026-08-03
西滝川,37a77da3-8f58-45b4-979e-30777082dde6,substation,keitozu,extracted,2026-08-03
214,37a77da3-8f58-45b4-979e-30777082dde6,substation,keitozu_no,extracted,2026-08-03
篠路,8992a0d1-6e95-4287-b023-bde156eb02ef,substation,keitozu,extracted,2026-08-03
209,8992a0d1-6e95-4287-b023-bde156eb02ef,substation,keitozu_no,extracted,2026-08-03
西札幌,2fd2d155-394f-435b-9dbe-d76ea0be66a0,substation,keitozu,extracted,2026-08-03
207,2fd2d155-394f-435b-9dbe-d76ea0be66a0,substation,keitozu_no,extracted,2026-08-03
西小樽,a806ef56-6d79-4dc6-bf4b-bb85986c1136,substation,keitozu,extracted,2026-08-03
212,a806ef56-6d79-4dc6-bf4b-bb85986c1136,substation,keitozu_no,extracted,2026-08-03
苗穂,2c23146d-0895-4c02-98be-efe9bac0b496,substation,keitozu,extracted,2026-08-03
208,2c23146d-0895-4c02-98be-efe9bac0b496,substation,keitozu_no,extracted,2026-08-03
南九条,15bc8926-ce1d-4619-8643-15fca1063117,substation,keitozu,extracted,2026-08-03
206,15bc8926-ce1d-4619-8643-15fca1063117,substation,keitozu_no,extracted,2026-08-03
北江別,d57e14b2-41d9-4be2-876a-939acdd6cb6c,substation,keitozu,extracted,2026-08-03
213,d57e14b2-41d9-4be2-876a-939acdd6cb6c,substation,keitozu_no,extracted,2026-08-03
南札幌,28ec472c-5d5b-4b72-91bb-d9b4a397bb84,substation,keitozu,extracted,2026-08-03
210,28ec472c-5d5b-4b72-91bb-d9b4a397bb84,substation,keitozu_no,extracted,2026-08-03
恵庭,428a1b46-73e6-4c87-9712-30331229dab8,substation,keitozu,extracted,2026-08-03
211,428a1b46-73e6-4c87-9712-30331229dab8,substation,keitozu_no,extracted,2026-08-03
追分,96358fb6-8d7e-45c8-a004-3bbf37eb29d6,substation,keitozu,extracted,2026-08-03
西奈井江,24d3b564-135a-46ad-ac93-bcc4e351669c,substation,keitozu,extracted,2026-08-03
西当別,0ac2023d-193c-434c-ad55-bfb34e1a9166,substation,keitozu,extracted,2026-08-03
西野,8c6b44f2-975d-472e-9c1b-75a38b581450,substation,keitozu,extracted,2026-08-03
西双葉,55580219-56bd-449b-9f20-c01ed0e215b0,substation,keitozu,extracted,2026-08-03
双葉,ccc2966f-7ca4-4ba5-90ec-632289b32ac8,substation,keitozu,extracted,2026-08-03
北新得,b5e88418-c9c0-42a6-99f9-b6a2444987b7,substation,keitozu,extracted,2026-08-03
南早来,49261cc8-fb63-4b94-b176-5762189bf154,substation,keitozu,extracted,2026-08-03
223,49261cc8-fb63-4b94-b176-5762189bf154,substation,keitozu_no,extracted,2026-08-03
岩清水,cd3eb2da-4914-4f4b-ba89-d1f25d3c1d78,substation,keitozu,extracted,2026-08-03
新冠,7c2df56e-761b-4b9c-9017-27cef35d693d,substation,keitozu,extracted,2026-08-03
春別,c57f39cd-90f2-4128-b539-665119a434ce,substation,keitozu,extracted,2026-08-03
高見,c740e2af-85d1-4568-9697-438a0d10d637,substation,keitozu,extracted,2026-08-03
北静内,4c2e7960-525c-459f-872b-e5edace17b3f,substation,keitozu,extracted,2026-08-03
225,4c2e7960-525c-459f-872b-e5edace17b3f,substation,keitozu_no,extracted,2026-08-03
苫小牧,3d54a2e0-84e6-409f-addc-a254bd6b6aac,substation,keitozu,extracted,2026-08-03
222,3d54a2e0-84e6-409f-addc-a254bd6b6aac,substation,keitozu_no,extracted,2026-08-03
室蘭,ecda9e4a-ff3b-4e1e-be02-fd6834c65f65,substation,keitozu,extracted,2026-08-03
221,ecda9e4a-ff3b-4e1e-be02-fd6834c65f65,substation,keitozu_no,extracted,2026-08-03
西室蘭,71a288fa-5de4-40a0-8fb5-413dac861c8a,substation,keitozu,extracted,2026-08-03
西伊達,959fa47c-def3-4b8c-9f9b-d9b38e18ded1,substation,keitozu,extracted,2026-08-03
220,959fa47c-def3-4b8c-9f9b-d9b38e18ded1,substation,keitozu_no,extracted,2026-08-03
東苫小牧,05dfb24f-e8f8-4b96-b193-c390567c63ec,substation,keitozu,extracted,2026-08-03
224,05dfb24f-e8f8-4b96-b193-c390567c63ec,substation,keitozu_no,extracted,2026-08-03
北七飯,0f2648c6-35c0-46ed-9d4f-3fe792ea8b59,substation,keitozu,extracted,2026-08-03
226,0f2648c6-35c0-46ed-9d4f-3fe792ea8b59,substation,keitozu_no,extracted,2026-08-03
大野,c9fbf84e-d811-43a2-8060-7d87b5b13897,substation,keitozu,extracted,2026-08-03
227,c9fbf84e-d811-43a2-8060-7d87b5b13897,substation,keitozu_no,extracted,2026-08-03
知内,22cd6d50-1406-4e9f-b425-850879b840cc,substation,keitozu,extracted,2026-08-03
北斗変換所,12d4037d-527e-49c3-a6fa-18e079887a0a,substation,keitozu,extracted,2026-08-03
函館変換所,26e55d0d-f1fa-45d8-b329-43e18f37a45c,substation,keitozu,extracted,2026-08-03
今別変換所,3d4fcf19-4a34-428a-aa0c-acc95a65a437,substation,keitozu,extracted,2026-08-03
北芽室,af2ade3f-d46b-4dde-843d-a17739570842,substation,keitozu,extracted,2026-08-03
218,af2ade3f-d46b-4dde-843d-a17739570842,substation,keitozu_no,extracted,2026-08-03
西音更,fd34ecc0-612c-444e-ad74-c8242408a75d,substation,keitozu,extracted,2026-08-03
219,fd34ecc0-612c-444e-ad74-c8242408a75d,substation,keitozu_no,extracted,2026-08-03
宇円別,79098c9a-10e2-4a7b-8dc8-7aa9a439be72,substation,keitozu,extracted,2026-08-03
215,79098c9a-10e2-4a7b-8dc8-7aa9a439be72,substation,keitozu_no,extracted,2026-08-03
東釧路,598e6cef-7b50-4e03-9859-f4ff72216cb6,substation,keitozu,extracted,2026-08-03
216,598e6cef-7b50-4e03-9859-f4ff72216cb6,substation,keitozu_no,extracted,2026-08-03
西春別,b3535be4-91e3-4237-a29e-a21cba9c75f8,substation,keitozu,extracted,2026-08-03
217,b3535be4-91e3-4237-a29e-a21cba9c75f8,substation,keitozu_no,extracted,2026-08-03
留辺蘂,ec3f9369-b318-42f8-9501-7f90590b3d0f,substation,keitozu,extracted,2026-08-03
204,ec3f9369-b318-42f8-9501-7f90590b3d0f,substation,keitozu_no,extracted,2026-08-03
女満別,fceacba4-129b-41e5-b12d-dd534ca44c70,substation,keitozu,extracted,2026-08-03
205,fceacba4-129b-41e5-b12d-dd534ca44c70,substation,keitozu_no,extracted,2026-08-03
中東京,8f0bc8dc-ad93-440c-9117-204d311bb3fe,substation,keitozu,extracted,2026-08-03
新町,596a9e19-4b21-4b8a-9d08-54726e220a45,substation,keitozu,extracted,2026-08-03
島川原,c62244cc-7b37-4972-b6f3-1098cf9a20fd,substation,keitozu,extracted,2026-08-03
上野村,fc15fbcc-d1c3-445b-b659-f060a1e70f8a,substation,keitozu,extracted,2026-08-03
両神,ef01ea15-2293-4b07-930b-a3ef00d59de4,substation,keitozu,extracted,2026-08-03
名栗,2bf0bf5b-badc-4ae9-9b5b-61048efdda8a,substation,keitozu,extracted,2026-08-03
武蔵赤坂,8e8aa032-bee5-423e-8109-ff051a1a3919,substation,keitozu,extracted,2026-08-03
奥秩父,319c4970-420b-484e-a186-d65bc309eeb6,substation,keitozu,extracted,2026-08-03
昭島,f95a1aea-3f78-4e91-a83b-41a614e144ff,substation,keitozu,extracted,2026-08-03
発電所1123016,bebcc521-7069-4062-b481-16be9f261fc6,substation,keitozu,extracted,2026-08-03
発電所1123017,f55079a5-f55f-481f-ac0d-36494366b0c8,substation,keitozu,extracted,2026-08-03
発電所1123018,dac9109a-0fe4-4c5f-9e38-3e5bca85d455,substation,keitozu,extracted,2026-08-03
発電所1043001,ea1b366e-9ad4-496a-bc9d-7448305c1d11,substation,keitozu,extracted,2026-08-03
豊岡,a82f9389-32ae-47a2-8af3-c11b8d070499,substation,keitozu,extracted,2026-08-03
豊岡／局配,3769b75c-a45a-48b0-899c-6a8fd7616ea9,substation,keitozu,extracted,2026-08-03
残堀,df7ef1e6-5602-4b97-8b7b-4d74c1b6ed40,substation,keitozu,extracted,2026-08-03
武蔵藤沢,0c28c99d-7231-4229-a01d-ac0b71093a67,substation,keitozu,extracted,2026-08-03
下清戸,5ef8b84f-460e-49e2-b8c0-d7fa96d95bc0,substation,keitozu,extracted,2026-08-03
南川越,f6bf38a0-8e4e-4e58-b6af-9b027a3f5833,substation,keitozu,extracted,2026-08-03
小堤,7fdfd45d-a833-4f69-8d4d-8835c9b94148,substation,keitozu,extracted,2026-08-03
北坂戸,9d366755-ab6b-44ea-8f67-c9ccc6464704,substation,keitozu,extracted,2026-08-03
寄居,a446bd13-b41e-4e56-8867-b6fea47aec4f,substation,keitozu,extracted,2026-08-03
亀久保,3061ba6a-ef12-4263-a93b-f0f3a936e3e3,substation,keitozu,extracted,2026-08-03
武蔵大井,ec820e1f-7841-4d6c-8eb3-6dc9bb6d36ce,substation,keitozu,extracted,2026-08-03
上柴,7b8ea9d8-07ae-43e0-ac3a-98e484152050,substation,keitozu,extracted,2026-08-03
宗岡,4364d454-f36e-45b6-a58a-65e02e05459d,substation,keitozu,extracted,2026-08-03
新座,d669de8a-30b0-4b1f-a626-4cf4a9410bd2,substation,keitozu,extracted,2026-08-03
新岡部,7cdfbd99-a29b-42a2-822b-cbee06d82644,substation,keitozu,extracted,2026-08-03
埼玉,17c870f0-d9c9-41f9-ab62-7be36b8499b1,substation,keitozu,extracted,2026-08-03
群馬,2f3b0624-126c-49db-b67c-b86301805fab,substation,keitozu,extracted,2026-08-03
北東京,80d54fb6-2d71-4f5a-b4f1-f8a1a732c7b0,substation,keitozu,extracted,2026-08-03
共和,d5692ee9-eaed-4c96-8576-9a6fe68a4950,substation,keitozu,extracted,2026-08-03
上里,e34b4e5a-bae0-42e8-98a0-cca366028ecb,substation,keitozu,extracted,2026-08-03
宮戸,7b3a5f9b-39b2-41d1-8e7e-ae446ef61cd5,substation,keitozu,extracted,2026-08-03
新郷,63fb496e-9142-4b58-80ee-bed467464dc8,substation,keitozu,extracted,2026-08-03
深作,eb72040f-22ad-4c77-aa93-1b32aa097180,substation,keitozu,extracted,2026-08-03
岩槻,150fe35a-6c35-4fbb-96f0-7bad74e6467d,substation,keitozu,extracted,2026-08-03
菖蒲,9709ad15-1986-46f2-b6dd-f7368030c2a9,substation,keitozu,extracted,2026-08-03
久喜,830d0316-b5dd-41c0-8f5b-f48a2269a450,substation,keitozu,extracted,2026-08-03
栗橋,7d541717-062c-48fe-8b0f-6e31e1624899,substation,keitozu,extracted,2026-08-03
南赤塚,8665cd7e-56e3-450f-a590-af45fed09ca8,substation,keitozu,extracted,2026-08-03
野木,0650d830-44e3-4d55-9174-bdb1fa458e8f,substation,keitozu,extracted,2026-08-03
新筑波,27f314e0-a83f-4666-bcfe-2abb18f7c9cc,substation,keitozu,extracted,2026-08-03
上吉羽,7c50bd70-3af5-42f2-a1f9-f9beb6024acf,substation,keitozu,extracted,2026-08-03
五霞,a7ae08dc-821c-49c9-8537-70002e8c3223,substation,keitozu,extracted,2026-08-03
東野田,4b1af2df-65ec-4053-9f82-4486a80e5008,substation,keitozu,extracted,2026-08-03
八千代,5f79fc2c-5e1b-460b-9545-34fb2f5edc20,substation,keitozu,extracted,2026-08-03
慈恩寺,ebc41f12-4248-421c-b1fe-1c21abbc7f96,substation,keitozu,extracted,2026-08-03
小山,76cd5518-fd7e-46d1-81cd-720ccb76e85c,substation,keitozu,extracted,2026-08-03
京北,3e2d6a42-21c3-4ea7-b1bf-d45301b1d606,substation,keitozu,extracted,2026-08-03
矢切,11f2cf54-c52f-466a-aac4-5d6c85b9152f,substation,keitozu,extracted,2026-08-03
東松戸,84879905-cbe9-4d5a-95ca-5ea1fd7fab21,substation,keitozu,extracted,2026-08-03
伊原,91e7e668-904d-4e30-a171-abf3d8e97553,substation,keitozu,extracted,2026-08-03
寄巻,8bd0a821-a12e-4a54-a5bb-9824288b3f84,substation,keitozu,extracted,2026-08-03
東小岩,feaaf011-21c6-4960-b989-5bd9774b6810,substation,keitozu,extracted,2026-08-03
発電所1083011,6fe8211c-0619-42be-b369-69bc6bed0ccd,substation,keitozu,extracted,2026-08-03
前沢,474626ea-4038-435b-80d7-4970fe065f92,substation,keitozu,extracted,2026-08-03
久地,52645027-038b-47bb-9c4e-48bd4f141aeb,substation,keitozu,extracted,2026-08-03
千歳,db0fa004-7406-430e-8398-8dff3cfc209a,substation,keitozu,extracted,2026-08-03
南武,32d13d32-f4e1-4182-9b47-23d2c2c34920,substation,keitozu,extracted,2026-08-03
川崎,3ccfd08b-3658-4033-9039-eec98bc458fc,substation,keitozu,extracted,2026-08-03
和田堀,90a1e248-4e5a-4553-9341-85ed03658910,substation,keitozu,extracted,2026-08-03
堀ノ内,f339760c-0f43-48a6-9774-3a2eef4e4545,substation,keitozu,extracted,2026-08-03
武蔵野,64fb3fe6-e618-400e-88c4-41889c195a28,substation,keitozu,extracted,2026-08-03
戸田,b99b702b-d700-4c79-91f4-db44f8ec7f5e,substation,keitozu,extracted,2026-08-03
城南,8ad34627-fc9b-4b44-8da9-ed2256c1559e,substation,keitozu,extracted,2026-08-03
角筈,14f029e6-5578-4a53-9d21-8f975627293c,substation,keitozu,extracted,2026-08-03
常盤台,3ecda95f-56fa-45c9-a5b1-401d2e3c249b,substation,keitozu,extracted,2026-08-03
笹目,66fba741-8f85-43d5-b1cf-c5ce38bc8d8d,substation,keitozu,extracted,2026-08-03
豊島,8c71b736-2f41-4b75-af31-d7b23e4710af,substation,keitozu,extracted,2026-08-03
鳩ヶ谷,63fa0537-64ae-47fd-a8a0-657008a7d706,substation,keitozu,extracted,2026-08-03
東八潮,978f10b4-d4a3-4a23-a906-cc3042c4fde6,substation,keitozu,extracted,2026-08-03
小松川,3e31e1c5-3935-4421-882a-ebb7835cdec8,substation,keitozu,extracted,2026-08-03
北葛飾,cbcbf289-0fbf-459a-9e09-15308bae5b69,substation,keitozu,extracted,2026-08-03
田端,2cbe3824-0aec-4df3-bfce-0074c1dc082d,substation,keitozu,extracted,2026-08-03
真砂町,6070dcdf-ec57-44af-8fc6-e6e99afae0cf,substation,keitozu,extracted,2026-08-03
新野田,2d34b9f6-f8a0-4d18-9a01-2d815c46325b,substation,keitozu,extracted,2026-08-03
中曽根,6c9f002a-e2f7-4fe8-8a45-5410f68e204a,substation,keitozu,extracted,2026-08-03
酒井根,6117d971-0013-4f12-a27b-e4c27cf1c95d,substation,keitozu,extracted,2026-08-03
東葛,5cc62dbc-6135-4691-ad53-1f2b2c45ad8d,substation,keitozu,extracted,2026-08-03
千葉ニュータウン,18caf0e6-c93b-4174-87a4-7fcca78889a7,substation,keitozu,extracted,2026-08-03
江東,57bc3ade-12b5-4852-831e-a716e06adbe4,substation,keitozu,extracted,2026-08-03
新京葉,97aab4aa-562b-48bf-bd0f-ce91f69599f8,substation,keitozu,extracted,2026-08-03
房総,4729dba8-54ae-4a0f-83c2-7bf2f78b6382,substation,keitozu,extracted,2026-08-03
潤井戸,9f49eb46-bb3b-4cfc-8a08-776b0e8dddf3,substation,keitozu,extracted,2026-08-03
鷹の台,18c98bb2-5057-4bfd-a906-4d5a9aa79002,substation,keitozu,extracted,2026-08-03
二和東,b5b26821-3824-46dc-b43a-54b144cbee0f,substation,keitozu,extracted,2026-08-03
坪井,b92d213f-74f1-48c4-a403-9ddd7d261566,substation,keitozu,extracted,2026-08-03
長沼,2b78ab1b-ed1b-498b-b174-ee48417a2274,substation,keitozu,extracted,2026-08-03
鎌ヶ谷,267b8ea3-25da-4df9-959a-3f78a24241f9,substation,keitozu,extracted,2026-08-03
柏井,249acbfe-b23b-4d4e-8a1d-a1076756c23d,substation,keitozu,extracted,2026-08-03
東千葉,a3026d39-bbd7-40c9-b6ea-ecaed80d1a23,substation,keitozu,extracted,2026-08-03
新木更津,739f1467-87ce-4459-989a-6bf594caf702,substation,keitozu,extracted,2026-08-03
内房,112208a7-a386-43c0-a202-51c04a87ca5a,substation,keitozu,extracted,2026-08-03
発電所1053005,933c642d-8f11-4575-b259-6a7891f04012,substation,keitozu,extracted,2026-08-03
発電所1053004,2b8d0139-3238-4b0e-a798-3297e038da1c,substation,keitozu,extracted,2026-08-03
発電所1053003,75429822-f317-4212-b36d-bd801788cd45,substation,keitozu,extracted,2026-08-03
発電所1053002,4a94462a-acc9-4541-bbb3-bc1b920cd1ef,substation,keitozu,extracted,2026-08-03
発電所1053001,a88d3fd4-79a2-44a3-8ca2-46bbd8fc3324,substation,keitozu,extracted,2026-08-03
大瀬,b26ee6a2-ae3e-4d52-acb4-c0ed35d57af2,substation,keitozu,extracted,2026-08-03
小合,2d8159fc-c76f-4f6d-9b6f-584f0796f682,substation,keitozu,extracted,2026-08-03
水元,2af3bff3-2fd1-4b89-8bff-fb7320d7da83,substation,keitozu,extracted,2026-08-03
江戸川,eaa8e229-08f2-43bc-a451-c06435d70efb,substation,keitozu,extracted,2026-08-03
花畑,f13b5986-d49f-4bde-97d4-76bb32ec475f,substation,keitozu,extracted,2026-08-03
松島,1837cccc-b2d9-437e-9343-0388adcd3f54,substation,keitozu,extracted,2026-08-03
亀戸,232a9642-b02e-4507-b7ae-2779c34720f3,substation,keitozu,extracted,2026-08-03
下総,09f71510-b869-4765-95e0-56a93959a35e,substation,keitozu,extracted,2026-08-03
外房,05593fa2-e546-450e-9f5c-b591511198f2,substation,keitozu,extracted,2026-08-03
西東京,39a63c7d-a826-465a-9959-645c8e275379,substation,keitozu,extracted,2026-08-03
豊岡局配,eeb1c308-77a9-4b1b-a0de-782cdb5da55f,substation,keitozu,extracted,2026-08-03
東山田,cdbe05ec-f5a3-4f78-8f90-9a20bbb49076,substation,keitozu,extracted,2026-08-03
センター北,6893899f-068a-48cf-ad9c-3f3fec7ff040,substation,keitozu,extracted,2026-08-03
郷地,7431187a-865a-4c7d-bb3b-dc824bc810d9,substation,keitozu,extracted,2026-08-03
聖蹟桜ヶ丘,da60f3c8-00f8-4ac1-b3d8-e7afe6b88d0c,substation,keitozu,extracted,2026-08-03
北渋谷,917b0593-c3bd-4d3f-bd85-7a6658d344cb,substation,keitozu,extracted,2026-08-03
大井ふ頭,b4ba9423-9b7e-439e-a614-84559a459635,substation,keitozu,extracted,2026-08-03
天王洲,a61241e5-7aa6-4e9f-9bb6-551ff6e52d4f,substation,keitozu,extracted,2026-08-03
常盤橋,438db1d7-ee3b-4d67-a500-a681690a72ec,substation,keitozu,extracted,2026-08-03
八重洲,b9ca67b9-faaf-443e-88ce-8206470225c9,substation,keitozu,extracted,2026-08-03
港北,406bb506-948c-4368-8c7f-a08f4ef79331,substation,keitozu,extracted,2026-08-03
戸越,a8a3e72b-a7cb-4c8f-a927-8a3228851f84,substation,keitozu,extracted,2026-08-03
南川崎,e37ae671-1fa4-42d8-b747-ee38bb69f328,substation,keitozu,extracted,2026-08-03
南大田,8e26718f-cd3d-4615-a90a-16fb1cd5786f,substation,keitozu,extracted,2026-08-03
南新橋,27f5b3f4-2482-45e9-aac1-270ed7f9c066,substation,keitozu,extracted,2026-08-03
北新橋,4dff8936-2193-43bc-baa0-391fbf7bebb5,substation,keitozu,extracted,2026-08-03
京浜,80012152-88d3-4dd4-9ca1-21cd2c1a4819,substation,keitozu,extracted,2026-08-03
さちが丘,d2f00be2-e77d-44f4-8438-98047f58c468,substation,keitozu,extracted,2026-08-03
白根,613e0a81-447c-4b56-bb92-1e7583c61388,substation,keitozu,extracted,2026-08-03
東方,d005ef21-34a1-4286-9b03-a0f930a45f37,substation,keitozu,extracted,2026-08-03
東方局配,596998df-5881-4f53-84d0-f943d7169239,substation,keitozu,extracted,2026-08-03
幸浦,22d3466c-1282-416d-b78e-8ab5ff9b0da3,substation,keitozu,extracted,2026-08-03
福浦,9f95ea46-94e1-43f7-a4d7-189f06d4aa37,substation,keitozu,extracted,2026-08-03
戸塚,f86398eb-477a-49e4-b74b-ede805ba4614,substation,keitozu,extracted,2026-08-03
港南台,c71fd78d-5d22-4b60-a78e-6d7d7147d5f9,substation,keitozu,extracted,2026-08-03
南横浜,9956dabf-4d53-4497-9015-32925f839480,substation,keitozu,extracted,2026-08-03
新羽,99c7367e-3922-420a-a8a7-8584f737ddf2,substation,keitozu,extracted,2026-08-03
旭,c52eb17e-9e5a-4b2e-8d29-dee79fa98b74,substation,keitozu,extracted,2026-08-03
鳥山,ff6a8690-a84c-462b-b530-b1cae3863683,substation,keitozu,extracted,2026-08-03
岸根,36942346-231f-473b-b06e-c7742aaab35e,substation,keitozu,extracted,2026-08-03
綱島,2634b1be-c3ad-470e-a1c5-e3f02e93c78c,substation,keitozu,extracted,2026-08-03
恩田,3438c960-5746-4b7b-a995-76cc280982e6,substation,keitozu,extracted,2026-08-03
成瀬,24a69745-c7d4-41f5-92cc-732460bced93,substation,keitozu,extracted,2026-08-03
原町田,058c65b3-d64c-4658-9efc-c5848737bf9c,substation,keitozu,extracted,2026-08-03
古渕,b39e508c-ec7e-428d-8da1-399c1f4c44fd,substation,keitozu,extracted,2026-08-03
相模原,3bf24977-0ef8-4c31-b029-36c02d8d15c4,substation,keitozu,extracted,2026-08-03
関内,b0d071aa-630d-4da3-a9b6-6a8a540ba2d9,substation,keitozu,extracted,2026-08-03
横浜根岸,791f4c0e-a24d-4018-a248-e42bf5b2697d,substation,keitozu,extracted,2026-08-03
横浜,6280927b-8ec1-4c4a-98d9-cff0b53664f6,substation,keitozu,extracted,2026-08-03
子安,12634b78-5593-4be0-a70a-76096bc5605e,substation,keitozu,extracted,2026-08-03
生麦,eb3c5df1-78ff-4dc7-828f-1d2b6a2e61c8,substation,keitozu,extracted,2026-08-03
横浜大黒,f5c28218-2f14-444b-a711-ac584e1e6fe0,substation,keitozu,extracted,2026-08-03
東山梨,22577b3d-dcc5-4f27-8674-3e9d582e8d9c,substation,keitozu,extracted,2026-08-03
根小屋,2fe84292-e9ee-46be-9c59-0a52327595fb,substation,keitozu,extracted,2026-08-03
小倉,263fc187-c584-47b0-8cf1-aac09270d46f,substation,keitozu,extracted,2026-08-03
橋本,e4ae640d-8e01-4ec7-b3df-5568b089e1f0,substation,keitozu,extracted,2026-08-03
黒川,803615f6-24eb-4a4c-9436-4c0837b75637,substation,keitozu,extracted,2026-08-03
百合ヶ丘,afdff41e-ebe5-4a03-91af-79f01beaf404,substation,keitozu,extracted,2026-08-03
谷村,c89b3adb-c3ad-4a40-b6c8-beb60102ed7f,substation,keitozu,extracted,2026-08-03
水沢,0ecf65a7-6a5c-4fae-a7ae-c202b91f4a5f,substation,keitozu,extracted,2026-08-03
高田,9f2e37e1-af45-4755-89d5-577990f7e008,substation,keitozu,extracted,2026-08-03
有馬,5a7fe88f-45e1-47f1-966a-0c61f43f7ca7,substation,keitozu,extracted,2026-08-03
塩浜,1a2c70b6-123b-4318-93fa-e89cb3c46594,substation,keitozu,extracted,2026-08-03
東川崎,2a37b228-4706-4553-be64-cbfbf98245b2,substation,keitozu,extracted,2026-08-03
東扇島,3b254dba-d5e3-49fd-abc9-2f8009f44eae,substation,keitozu,extracted,2026-08-03
発電所1063001,3a399158-f972-4c46-9a1c-88f4f0f17980,substation,keitozu,extracted,2026-08-03
発電所1083001,8e8aa364-b106-47a2-8376-ba6481d523ec,substation,keitozu,extracted,2026-08-03
発電所1083002,6e7be964-b37f-4375-a426-ab9682f825a8,substation,keitozu,extracted,2026-08-03
発電所1083003,1ced4a8c-b942-4f6a-b0b9-30ff49c00682,substation,keitozu,extracted,2026-08-03
発電所1083004,0e293548-a12a-4447-9cef-f31f82d6f238,substation,keitozu,extracted,2026-08-03
発電所1083005,5820fddf-6e65-4799-9856-f11324c6e48c,substation,keitozu,extracted,2026-08-03
発電所1083006,e0c0f839-db50-485a-b1ba-8c6ddd042700,substation,keitozu,extracted,2026-08-03
発電所1083007,2e32027d-2687-4ca8-890d-d02ec744c296,substation,keitozu,extracted,2026-08-03
発電所1083008,a48b3d1d-f90a-4b9d-8848-996e80fbfcaf,substation,keitozu,extracted,2026-08-03
発電所1083009,e78eb2f9-8a57-42d1-8358-42361c7ea82f,substation,keitozu,extracted,2026-08-03
発電所1083010,874637a3-4601-4352-b6e8-fb767cef4fee,substation,keitozu,extracted,2026-08-03
発電所1002044,0cbd6900-db30-425f-9cd1-ca99f2042293,substation,keitozu,extracted,2026-08-03
発電所1083044,74a7f39b-dc2b-42e1-9ce4-ced768da36f0,substation,keitozu,extracted,2026-08-03
霞沢,bb47e3aa-c6df-4a4c-b84b-41ad095ea69e,substation,keitozu,extracted,2026-08-03
変電所（中部電力）#1[p6_r1c1],bf619bca-6c23-449b-869f-e902824a4e5e,substation,keitozu,extracted,2026-08-03
変電所（中部電力）#2[p6_r1c3],ed4c58d1-2044-41f3-a9f6-91467140cb75,substation,keitozu,extracted,2026-08-03
発電所1123013,9ec990b0-e62e-48a2-b537-5d6c44b7908a,substation,keitozu,extracted,2026-08-03
発電所1123015,d057a38f-afac-4853-8dce-806597bf628d,substation,keitozu,extracted,2026-08-03
発電所1123014,9ea9fa66-8178-4da4-9118-7b85964a265e,substation,keitozu,extracted,2026-08-03
発電所1123022,de38a94d-9d9d-4d76-8cab-a02fffd01240,substation,keitozu,extracted,2026-08-03
発電所1123021,04eb1cdc-83f1-4c69-b4e5-70887723d040,substation,keitozu,extracted,2026-08-03
発電所1123020,4521fa1a-8211-4612-bd8e-d7ec14e80a1b,substation,keitozu,extracted,2026-08-03
発電所1093001,6b14f848-be48-4f62-bd76-a9a825a3936c,substation,keitozu,extracted,2026-08-03
松川,4f79e0fc-28d3-4aa4-8c44-5ef8a048f83e,substation,keitozu,extracted,2026-08-03
塩尻,4d6c4271-06ae-4641-89cc-ad5e73a81f99,substation,keitozu,extracted,2026-08-03
北巨摩,1f088d90-2ae6-4c5f-960e-d4dff3e7a058,substation,keitozu,extracted,2026-08-03
白根町,df9c9dcb-e4d9-4761-bc5d-e2432330e5e9,substation,keitozu,extracted,2026-08-03
釜無白根,63ed8947-6595-4bbf-b930-ab96beeec860,substation,keitozu,extracted,2026-08-03
八代,12581f48-6df2-4b1e-9d4a-b6217952f380,substation,keitozu,extracted,2026-08-03
徳行,276d9202-f299-4273-a7fb-47904bae28fd,substation,keitozu,extracted,2026-08-03
山梨,d3a05dc3-ab5f-4d7f-9cc5-619863f6224f,substation,keitozu,extracted,2026-08-03
平野,ff80f846-6350-42d9-8c5a-e26b8bfeaf51,substation,keitozu,extracted,2026-08-03
境川,b5c2e6c9-b356-4f98-82e1-121c11d60ca8,substation,keitozu,extracted,2026-08-03
発電所1093031,94217db5-5903-4115-87dc-e4583ea2bda9,substation,keitozu,extracted,2026-08-03
"発電所1093030,1093002,1093003",33dd96e5-273b-40f3-abce-7c2d1c1a9438,substation,keitozu,extracted,2026-08-03
"発電所1093026,1093004",1292a017-8124-462d-9683-31c5c5daa693,substation,keitozu,extracted,2026-08-03
早川第三,dfea73fc-7b68-4ff3-a22a-fbe65b09ab72,substation,keitozu,extracted,2026-08-03
早川第一,1b888a41-535b-43aa-b714-827045f799be,substation,keitozu,extracted,2026-08-03
新富士,ed852fbc-02e8-497e-8882-e83128f20795,substation,keitozu,extracted,2026-08-03
須走,10bbae35-57fa-4323-a72f-fb25413dcc93,substation,keitozu,extracted,2026-08-03
湯船,8fc49525-e8ff-45f1-9e91-18104b89125a,substation,keitozu,extracted,2026-08-03
駿東,e273cf62-c52b-41ae-8ba8-753d3d4e13a0,substation,keitozu,extracted,2026-08-03
北駿,37ff2f2e-c335-426c-b209-9774ef52661b,substation,keitozu,extracted,2026-08-03
駿河,b17ed605-bd7c-4c43-b6cf-517b6a13ff19,substation,keitozu,extracted,2026-08-03
岳南,04aa8529-9f52-4b7b-9b3e-88774423976a,substation,keitozu,extracted,2026-08-03
田方,fad9df24-8836-4644-9c36-fe0dd0d0f578,substation,keitozu,extracted,2026-08-03
新秦野,60852c42-dae4-4561-afc0-64865347bb3c,substation,keitozu,extracted,2026-08-03
西相模,94005787-d907-46f0-a36c-0a96952bb572,substation,keitozu,extracted,2026-08-03
西厚木,9ce90719-818f-4043-8545-46ad9ccf56d1,substation,keitozu,extracted,2026-08-03
湘南,7e475ff1-4b5b-45d2-8957-b1a3a0e96ec4,substation,keitozu,extracted,2026-08-03
藤沢,ecee07bf-0eed-44dc-91e1-0ed4f77dbe2e,substation,keitozu,extracted,2026-08-03
切明,45ec0225-f80b-4aaf-a104-3e648916a0dd,substation,keitozu,extracted,2026-08-03
中津川第二,f74f5594-7e7b-4c18-b5a6-a77c62cc42ea,substation,keitozu,extracted,2026-08-03
中津川第一,d1581953-6309-4090-9670-ee64c0a65e5a,substation,keitozu,extracted,2026-08-03
発電所1133002,9e4b322b-3a14-436f-a24e-ee6cfd6ce980,substation,keitozu,extracted,2026-08-03
発電所1133003,08a0a0dc-c1fb-4138-92bb-23c3a09d857b,substation,keitozu,extracted,2026-08-03
清津川,6dd2a3d2-02f4-4ff8-b051-a7be40447bd7,substation,keitozu,extracted,2026-08-03
信濃川,9d1f29e7-ee3c-4210-9d11-ed146a339bd1,substation,keitozu,extracted,2026-08-03
発電所1133001,88a3ba77-5e96-43a6-a079-34d4e6fcbc65,substation,keitozu,extracted,2026-08-03
変電所（東北電力）#1[p7_r1c1],aa3bb853-54de-4aa5-893b-2aea4dbce532,substation,keitozu,extracted,2026-08-03
湯宿,35d16083-7c1b-4469-b135-d4c0248cbb98,substation,keitozu,extracted,2026-08-03
須田貝,5f352f52-3e43-42aa-8f89-f48e6a0b47c5,substation,keitozu,extracted,2026-08-03
水上,16ce65f1-4731-46c4-8c8c-ad5cb5bc97c1,substation,keitozu,extracted,2026-08-03
小松,0fcd3144-351d-47f1-b6fe-3909ab4c3d98,substation,keitozu,extracted,2026-08-03
幡谷,60f106d3-f934-4b0d-8451-9a4b78091cb1,substation,keitozu,extracted,2026-08-03
片品,172f6d83-3440-4345-a19b-30c095c98d71,substation,keitozu,extracted,2026-08-03
金井,94f5d56b-c90f-4dc3-a37e-d0654e5014f7,substation,keitozu,extracted,2026-08-03
発電所1023003,39956f60-c739-454b-9fec-8a46662df518,substation,keitozu,extracted,2026-08-03
発電所1023009,3c28dab7-dc2c-474f-9b74-9d4124f4a214,substation,keitozu,extracted,2026-08-03
発電所1023007,b34213fe-e287-4394-9d4f-20012e6deaaa,substation,keitozu,extracted,2026-08-03
発電所1023008,aec02fdd-a2ac-4622-b780-5e6e6ced7f4a,substation,keitozu,extracted,2026-08-03
発電所1023075,624913dd-dbe5-4d89-961f-986abadf937b,substation,keitozu,extracted,2026-08-03
発電所1023010,6ec297de-090f-46d2-b54e-60e9457eaad6,substation,keitozu,extracted,2026-08-03
発電所1023015,09c79060-6082-4dd5-a8e6-f4d238280c03,substation,keitozu,extracted,2026-08-03
発電所1023017,38d6585e-be93-4f6a-a507-dabb44e92a44,substation,keitozu,extracted,2026-08-03
発電所1023005,19b5fe64-ef73-41cf-8dc3-8540e3f385e5,substation,keitozu,extracted,2026-08-03
発電所1023006,81e1ffa2-a513-43d1-b8df-7637293a9ca2,substation,keitozu,extracted,2026-08-03
発電所1023013,be65c211-85c5-4fdd-961a-eadf6c2a3076,substation,keitozu,extracted,2026-08-03
発電所1023002,c4788197-7499-4bb2-96a8-8ab1c81f1d04,substation,keitozu,extracted,2026-08-03
発電所1023016,f3b9865b-2245-44d4-a5fe-dcc585e6690f,substation,keitozu,extracted,2026-08-03
新栃木,496fb187-359d-4ea3-9a0b-3d494cd69d11,substation,keitozu,extracted,2026-08-03
鬼怒川,7184944f-ed0e-4d2f-8954-7419a0f90cd9,substation,keitozu,extracted,2026-08-03
発電所1013001,1556bffd-4123-47f4-b57f-e6bd8540f05f,substation,keitozu,extracted,2026-08-03
発電所1013003,52585a33-e31a-4d05-a416-ed914bc72c67,substation,keitozu,extracted,2026-08-03
発電所1013002,82bc510b-063d-4c26-962e-9176c09255ec,substation,keitozu,extracted,2026-08-03
下滝,dd47bff0-b21b-41f8-9967-5050302a1216,substation,keitozu,extracted,2026-08-03
徳次郎,8ba3ef2c-2b9f-4957-9b69-a84b4a03184a,substation,keitozu,extracted,2026-08-03
西宇都宮,6f6c513a-c4d7-4410-9e2b-a68532e24f03,substation,keitozu,extracted,2026-08-03
河内,a36be9d9-da35-445a-8195-9bb73f948ca3,substation,keitozu,extracted,2026-08-03
清原,8b5a56d6-6436-431f-b367-7f3f4297cd91,substation,keitozu,extracted,2026-08-03
砂田,6e8452a2-2c36-45f6-9c52-1aa9280eefb5,substation,keitozu,extracted,2026-08-03
芳賀,61788b7a-0414-4fbc-8767-88edb025d638,substation,keitozu,extracted,2026-08-03
簗瀬町,6afd7b6a-eb26-4ec0-aa77-7d6910397943,substation,keitozu,extracted,2026-08-03
栃山,7e4bd3e2-b314-47d1-b6df-47f47aa5459e,substation,keitozu,extracted,2026-08-03
膳棚,c08693f2-1c58-42cc-ab19-de9162886793,substation,keitozu,extracted,2026-08-03
宝積寺,2eb4a630-5d36-4fa6-a36c-b514d6601622,substation,keitozu,extracted,2026-08-03
那須野,79dce0fb-62e9-406a-a573-282b205f8326,substation,keitozu,extracted,2026-08-03
豊原,79cca1f7-04c0-43e3-a3e8-7291fe842c0d,substation,keitozu,extracted,2026-08-03
那珂,6442e05d-05d3-497e-8471-6fc8f17c5261,substation,keitozu,extracted,2026-08-03
茂木,cdc46764-3be0-4fc3-a4f4-93e5527ce2d0,substation,keitozu,extracted,2026-08-03
水戸北部,e0491908-dce3-4897-aa06-8a0e3cb741c6,substation,keitozu,extracted,2026-08-03
水戸北部局配,fb54f931-8708-4899-9677-6d0b20ac088a,substation,keitozu,extracted,2026-08-03
桂,b0e97445-2f75-43e0-a651-fb7968bb2f6a,substation,keitozu,extracted,2026-08-03
茨城,c4fa51b8-fbdb-4b06-8964-032267af7ab4,substation,keitozu,extracted,2026-08-03
発電所1113013,2eeacc65-184a-4d92-aec5-f471f982f036,substation,keitozu,extracted,2026-08-03
発電所1113015,77b1bd66-9237-426e-b352-f0560793c2e4,substation,keitozu,extracted,2026-08-03
発電所1113014,0ce1805c-81e6-4e74-90f6-5d73e7aa045a,substation,keitozu,extracted,2026-08-03
発電所1113016,3009ac86-0c53-4407-8945-813d19df1057,substation,keitozu,extracted,2026-08-03
発電所1113018,bce3eb8f-f728-4c50-9906-b51da81d35fc,substation,keitozu,extracted,2026-08-03
発電所1113017,14a8fabf-11cd-4454-813b-c8d39f2e0ea1,substation,keitozu,extracted,2026-08-03
発電所1113019,0a2923ef-544f-4b69-9f36-66cab3cd0e78,substation,keitozu,extracted,2026-08-03
発電所1113009,bb9be70c-9071-45d2-8fc3-fda2f917756e,substation,keitozu,extracted,2026-08-03
発電所1113010,9c5020bf-76ff-4c65-9a4f-78b51aad9913,substation,keitozu,extracted,2026-08-03
発電所1033076,492ece79-a8bc-4dfd-9e45-a482a02ae5e9,substation,keitozu,extracted,2026-08-03
発電所1033001,854cdb75-83f2-43ed-9ace-3da40d2c97d4,substation,keitozu,extracted,2026-08-03
発電所1002018,5c7ad11a-d83c-4c20-b0e7-d7d028fd7c6b,substation,keitozu,extracted,2026-08-03
吉岡,67ede344-5dde-49cd-baea-038436068d52,substation,keitozu,extracted,2026-08-03
総社,3446b81a-30d7-44e0-b5b4-be5a092f9ee7,substation,keitozu,extracted,2026-08-03
佐波,7eebb612-4fc5-4099-950f-3fae4e31ce97,substation,keitozu,extracted,2026-08-03
南佐野,c252a629-eef1-4988-918a-37e9eb9fabe9,substation,keitozu,extracted,2026-08-03
佐野,f4c5a497-c6c2-4778-b435-97c8d602444b,substation,keitozu,extracted,2026-08-03
鳩ケ谷,63fa0537-64ae-47fd-a8a0-657008a7d706,substation,keitozu,extracted,2026-08-03
西水戸,ed7194aa-26c8-4455-8440-10e2ccf32225,substation,keitozu,extracted,2026-08-03
石岡,b301607b-79ae-4723-9f59-04ada33f10ac,substation,keitozu,extracted,2026-08-03
霞ケ浦,c5b7f28c-f53a-442e-b727-d7a5625a121c,substation,keitozu,extracted,2026-08-03
学園都市,67cc5323-f970-4654-a2a0-72d4f169da51,substation,keitozu,extracted,2026-08-03
筑波西部,38412230-03f2-41d7-a58b-043a72afbbe7,substation,keitozu,extracted,2026-08-03
東光台,28970f62-a7b3-4453-aa4a-41ae86e2da9f,substation,keitozu,extracted,2026-08-03
発電所1002028,ae074850-b425-4121-8b6f-19fefeee25ef,substation,keitozu,extracted,2026-08-03
佐久間FC,4f71095d-b7fa-4215-ba05-3c1f9abcc2fb,substation,keitozu,extracted,2026-08-03
発電所1002029/1002030/1002031/1002032/1002033,2b6e2cd6-0aa1-4b26-b966-099ed14368f6,substation,keitozu,extracted,2026-08-03
北相模,43a7a281-381a-4c76-a8e3-ff17f7f7681c,substation,keitozu,extracted,2026-08-03
変電所（中部電力）#3[r3c1],1a0c237d-7bf7-4044-9080-216ea10859eb,substation,keitozu,extracted,2026-08-03
中相模,03347097-999a-4800-a97d-b14b94833d6b,substation,keitozu,extracted,2026-08-03
西横浜,e95d991f-5448-4e8d-ba93-36595f05289b,substation,keitozu,extracted,2026-08-03
多摩,46cdfbaa-7479-486f-992e-a1b3db15c012,substation,keitozu,extracted,2026-08-03
北多摩,0eb051cb-1239-42c9-b614-94c8760f55de,substation,keitozu,extracted,2026-08-03
荏田,87c744d6-de73-4200-83fe-b552c4689224,substation,keitozu,extracted,2026-08-03
新宿,ca25eddd-a6fa-4122-8438-e9cb3de7fc85,substation,keitozu,extracted,2026-08-03
東新宿,e7821f5b-a35d-4340-b630-9435cf704df7,substation,keitozu,extracted,2026-08-03
練馬,b7c9bbfe-12df-43b5-a347-b88d48a12546,substation,keitozu,extracted,2026-08-03
水道橋,64afdd3f-36a8-439d-8bb4-05cdf7c297ac,substation,keitozu,extracted,2026-08-03
上野,59625a08-492c-4cd4-bbcd-88fb89043604,substation,keitozu,extracted,2026-08-03
墨東,9049efef-9431-4f94-958a-0b52f96d4872,substation,keitozu,extracted,2026-08-03
新豊洲,d85dc6de-57e3-4412-91dd-a2b70d0801e1,substation,keitozu,extracted,2026-08-03
千葉印西,ff029ee7-3931-4b82-acaf-11e1f9dd5fe6,substation,keitozu,extracted,2026-08-03
発電所1001011,b037c861-6e2d-4142-8809-0ad024089329,substation,keitozu,extracted,2026-08-03
発電所1001010,1b53d2f3-c0c6-44c1-a08e-56a73461baf7,substation,keitozu,extracted,2026-08-03
新袖ケ浦,243b1c75-7edf-465e-a263-481cbca949f8,substation,keitozu,extracted,2026-08-03
逗子,de1f836f-adf3-4cbb-8ba5-44e19bf149bf,substation,keitozu,extracted,2026-08-03
南横須賀,281e6b4e-6313-4f13-a490-89e186290efe,substation,keitozu,extracted,2026-08-03
発電所1002043,3a1bf065-8e61-4b99-b9fc-4d054257cb85,substation,keitozu,extracted,2026-08-03
発電所1084038,db80e707-e06c-47e8-8b32-fcd3261ae24d,substation,keitozu,extracted,2026-08-03
池上,e28ef737-1333-4b90-aa0d-03ec685fbd63,substation,keitozu,extracted,2026-08-03
発電所1002047,89eb5209-2ff8-446c-a0ca-c4abdbe022d5,substation,keitozu,extracted,2026-08-03
世田谷,a184f8dd-4533-435a-a691-cf5dad185281,substation,keitozu,extracted,2026-08-03
横浜大里,f5c28218-2f14-444b-a711-ac584e1e6fe0,substation,keitozu,extracted,2026-08-03
発電所1002045,a987cdcb-600a-46e3-b04c-d5701d35b736,substation,keitozu,extracted,2026-08-03
高輪,038a47ad-21c0-4ef2-8840-a9c2417ea497,substation,keitozu,extracted,2026-08-03
東内幸町,ea555041-72d7-46f4-b801-1467c4d5219b,substation,keitozu,extracted,2026-08-03
永代橋,3ede803f-5746-4f89-98d6-a9bb3a4b0e6c,substation,keitozu,extracted,2026-08-03
葛南,3495cd61-8a86-4f20-86cc-a26c07364562,substation,keitozu,extracted,2026-08-03
北総,e5513501-dbec-4360-9ba2-08de2b709cc9,substation,keitozu,extracted,2026-08-03
花見川,f87334a9-02d5-416f-b837-59dd86da130e,substation,keitozu,extracted,2026-08-03
千葉中央,8649d541-99fc-4040-9201-fc1d86f54c4c,substation,keitozu,extracted,2026-08-03
発電所1002014,119543cb-e1ac-4289-8f11-40abe7c7e1e4,substation,keitozu,extracted,2026-08-03
発電所1002013,dfbef9dd-5c86-4a89-a165-4565852c8a43,substation,keitozu,extracted,2026-08-03
発電所1002012,f95bf5ac-2644-4fd0-bdc0-b96ec9306860,substation,keitozu,extracted,2026-08-03
発電所1002015,a98bfada-ebf7-44a6-9b1d-8733c7786e75,substation,keitozu,extracted,2026-08-03
姉崎中央,2fb34589-bb10-4086-9b92-41f444b98a0c,substation,keitozu,extracted,2026-08-03
変換所（中部電力）,adf40388-bbbc-4fa5-96cf-f82c3acbf66d,substation,keitozu,extracted,2026-08-03
新信濃,f7697baf-9fac-49ea-9079-1f07d33bbbe7,substation,keitozu,extracted,2026-08-03
発電所1002026,f8b466df-abbe-481d-907e-bd1209afecd1,substation,keitozu,extracted,2026-08-03
発電所1002025,90e91b71-60fb-45a3-a9dd-cacf4b053597,substation,keitozu,extracted,2026-08-03
発電所1002022,d3d272ac-fdac-4e21-ba4b-8d75091d84a7,substation,keitozu,extracted,2026-08-03
新秩父,8192bf78-81f9-4035-b2d8-7fba9dbeba44,substation,keitozu,extracted,2026-08-03
西群馬,83d6b45c-ed18-406c-83a1-81b1b2f88274,substation,keitozu,extracted,2026-08-03
新榛名,a89a2121-e53c-4beb-83a2-6b6a894618e1,substation,keitozu,extracted,2026-08-03
発電所1001019,8e30ea78-0447-4379-8f70-7b38dc163a27,substation,keitozu,extracted,2026-08-03
発電所1001020,85861658-693c-4697-aac2-82c54a0084b0,substation,keitozu,extracted,2026-08-03
発電所1001021,1cd13682-60f4-4e42-ae26-e5d5ac7f785d,substation,keitozu,extracted,2026-08-03
発電所1002024,f4bac2f1-ae5e-4f96-8041-3398a5a0830e,substation,keitozu,extracted,2026-08-03
矢木沢,bbc043ef-4c3b-4be5-92ee-c0d7694fcf6c,substation,keitozu,extracted,2026-08-03
変電所（東北電力）#2[r1c2],c911af62-2ccf-4046-87bd-8973665723fe,substation,keitozu,extracted,2026-08-03
変電所（東北電力）#3[r1c3],bb7a0498-ddca-43cb-a21f-5ce614689b6f,substation,keitozu,extracted,2026-08-03
変電所（東北電力）#4[r1c3],579bc6db-631b-4cf5-8041-4c01f858d910,substation,keitozu,extracted,2026-08-03
東群馬,d21144b7-70ba-4187-8dbc-5a62d1867138,substation,keitozu,extracted,2026-08-03
発電所1002034,f2f958a2-820d-49ea-aca5-8eb623830c83,substation,keitozu,extracted,2026-08-03
発電所1002036,a0e7baaa-12bf-4b68-a4ab-4a327bb3070c,substation,keitozu,extracted,2026-08-03
発電所1002037,66f515ce-8f7f-4d20-8dfd-5e48a7ef774d,substation,keitozu,extracted,2026-08-03
発電所1002038,1d63c8c4-f545-442c-9da8-104655e6b21c,substation,keitozu,extracted,2026-08-03
発電所1002039,fd423420-6eae-418e-803d-97f4c51e7d37,substation,keitozu,extracted,2026-08-03
発電所1002040,d7ab0087-3414-4f51-9261-f81956de9ac8,substation,keitozu,extracted,2026-08-03
発電所1002041,499bbd98-16f4-4d81-8f89-fae4b6ff4e17,substation,keitozu,extracted,2026-08-03
新新田,f897a9d7-f661-4d8e-8629-6023bbcf29e7,substation,keitozu,extracted,2026-08-03
発電所1001002,850ca8c3-2c72-44f9-8849-7596b7644d5e,substation,keitozu,extracted,2026-08-03
発電所1001001,d334f89e-c54f-41bf-b69a-6864c626ff7a,substation,keitozu,extracted,2026-08-03
発電所1001003,ec29a3e0-3a16-48b7-b14a-b84fd5120347,substation,keitozu,extracted,2026-08-03
発電所1002046,8cbd1ac0-5d5a-4fc3-833b-c5c0fdc9b66d,substation,keitozu,extracted,2026-08-03
新今市,96c35141-c97e-4a59-8b81-c3cf6a8c3601,substation,keitozu,extracted,2026-08-03
南いわき,ac39fb2f-1984-4214-99cd-49041584ed2e,substation,keitozu,extracted,2026-08-03
新いわき,23b45592-7716-4263-bcf3-99c13d9290d2,substation,keitozu,extracted,2026-08-03
新茂木,a0c97fd7-22f7-40d0-9113-e1c8b78c16bc,substation,keitozu,extracted,2026-08-03
新福島,8580f6bc-4ff5-44b3-b55e-1a71c524faef,substation,keitozu,extracted,2026-08-03
変電所（東北電力）#5[r1c7],c671fc95-e3e9-4c9c-a03c-363b5a1b7c4d,substation,keitozu,extracted,2026-08-03
発電所1001004,ff8b997b-c9ef-4137-85fb-32ff8acb140c,substation,keitozu,extracted,2026-08-03
発電所1001050,693e0351-2e47-4773-8e56-4f8f04d427ca,substation,keitozu,extracted,2026-08-03
発電所1002016,3b2f7ed5-68df-45a2-baed-8b32eef67cb2,substation,keitozu,extracted,2026-08-03
常磐,f64614bf-a969-4c65-bdf5-c2afaa0980f4,substation,keitozu,extracted,2026-08-03
発電所1001027,7a469207-9f09-4fde-b7b4-3a01117c2e4c,substation,keitozu,extracted,2026-08-03
発電所1001023,66aaf71e-f1a5-4ddf-9057-51e764d6e890,substation,keitozu,extracted,2026-08-03
新多摩,218a454d-1981-4dcd-8ef6-747dfa34e395,substation,keitozu,extracted,2026-08-03
南多摩,662a3fb8-5a61-4daa-9c6f-80f7436ab433,substation,keitozu,extracted,2026-08-03
北熊谷,ace4d751-028f-425a-9355-988ed16f6f81,substation,keitozu,extracted,2026-08-03
西毛,8652a992-9288-4fa5-bece-f604ad9f84f1,substation,keitozu,extracted,2026-08-03
新飯能,465b98e6-1d1d-491a-948e-77d30f5dc51e,substation,keitozu,extracted,2026-08-03
青梅,cdc51193-b36c-497f-b189-9f30a04ae043,substation,keitozu,extracted,2026-08-03
新所沢,f6ad8cff-9b74-45b5-a79c-d69a7ffd666a,substation,keitozu,extracted,2026-08-03
東毛,4cdb66a8-dcec-4f8e-b4cb-6fd0ecda6283,substation,keitozu,extracted,2026-08-03
東太田,ae50aa9f-4a2b-4b8e-9512-f6086f41f330,substation,keitozu,extracted,2026-08-03
南狭山,63ff9e5b-4a85-4dc6-9545-d4021017f82b,substation,keitozu,extracted,2026-08-03
新坂戸,830f6c03-2327-4ac9-b3ae-abd6ef1727d8,substation,keitozu,extracted,2026-08-03
上尾,4ffb73ca-5938-41d3-a4f7-620c3217eb0a,substation,keitozu,extracted,2026-08-03
北与野,803c9702-ca61-4aa1-b506-0ede56506940,substation,keitozu,extracted,2026-08-03
新古河,d486d5fd-4cad-4ec8-a574-cce5f3244dd5,substation,keitozu,extracted,2026-08-03
西越谷,aa43a9a8-2afc-49f1-ae95-cdc2c45d36ee,substation,keitozu,extracted,2026-08-03
新佐原,33c8800b-2ce7-4ca7-b552-fbce758c89af,substation,keitozu,extracted,2026-08-03
常総,e05933d6-b581-46d2-8439-07fc0dc8a4d6,substation,keitozu,extracted,2026-08-03
発電所1002048,68181737-e38d-4349-bba4-63644d01a07d,substation,keitozu,extracted,2026-08-03
筑波南,92d697e1-a80a-4e19-93de-dda64c15bc56,substation,keitozu,extracted,2026-08-03
鹿島,019f125d-ef81-49ff-a590-4286f8494932,substation,keitozu,extracted,2026-08-03
発電所1002017,dff3a414-8d89-44a8-b713-5c33830c8970,substation,keitozu,extracted,2026-08-03
発電所1002049,75bc56de-0ec4-4162-b61c-a799223b3d8c,substation,keitozu,extracted,2026-08-03
発電所1034054,a8e9b27c-7641-463b-851c-0df87ff08a59,substation,keitozu,extracted,2026-08-03
発電所1033080,5a7a72cd-0f6f-42dd-a074-abc0f0438391,substation,keitozu,extracted,2026-08-03
発電所1002006,834c8e31-51f1-4143-9c53-bfb7cf5f8d2b,substation,keitozu,extracted,2026-08-03
発電所1002007,197176f0-a712-4a18-a1fb-3a64029fba78,substation,keitozu,extracted,2026-08-03
発電所1002008,0f2a36ee-6dad-4484-85e9-8fff4b57201d,substation,keitozu,extracted,2026-08-03
発電所1002009,2cfc3a73-0a5b-49a3-a8a2-721195da7d20,substation,keitozu,extracted,2026-08-03
東鹿島,19c61a64-2ea1-4d21-8608-945433640096,substation,keitozu,extracted,2026-08-03
基幹_送電線No.1 275kV母線,54bdb188-15b6-48d7-8e14-17aa0242d1f2,substation,keitozu,extracted,2026-08-03
南福光,0c2d856b-8359-412c-bbab-a0cdf49a3d5b,substation,keitozu,extracted,2026-08-03
中能登,9c177e4e-843c-40d0-9b98-0b6980851889,substation,keitozu,extracted,2026-08-03
HSS001,9c177e4e-843c-40d0-9b98-0b6980851889,substation,keitozu_no,extracted,2026-08-03
HSS002,9c177e4e-843c-40d0-9b98-0b6980851889,substation,keitozu_no,extracted,2026-08-03
新富山,b2f8bc47-32a8-4543-b037-2d5e0a452d54,substation,keitozu,extracted,2026-08-03
HSS003,b2f8bc47-32a8-4543-b037-2d5e0a452d54,substation,keitozu_no,extracted,2026-08-03
城端,0437cdc6-3edc-469d-a466-f605baa402c4,substation,keitozu,extracted,2026-08-03
加賀,33126264-2be7-4495-a3a1-393a47c17f50,substation,keitozu,extracted,2026-08-03
HSS004,33126264-2be7-4495-a3a1-393a47c17f50,substation,keitozu_no,extracted,2026-08-03
HSS005,33126264-2be7-4495-a3a1-393a47c17f50,substation,keitozu_no,extracted,2026-08-03
東金津,7b7b4536-757f-4a99-9af3-8d4670459412,substation,keitozu,extracted,2026-08-03
HSS006,7b7b4536-757f-4a99-9af3-8d4670459412,substation,keitozu_no,extracted,2026-08-03
新福井,38f37ea2-f6fa-4359-aa65-25ca5faa51db,substation,keitozu,extracted,2026-08-03
HSS007,38f37ea2-f6fa-4359-aa65-25ca5faa51db,substation,keitozu_no,extracted,2026-08-03
越前,6a8fc1e7-79ab-4ad4-af30-626f11d25b83,substation,keitozu,extracted,2026-08-03
HSS008,6a8fc1e7-79ab-4ad4-af30-626f11d25b83,substation,keitozu_no,extracted,2026-08-03
HSS009,6a8fc1e7-79ab-4ad4-af30-626f11d25b83,substation,keitozu_no,extracted,2026-08-03
南条,3cb00106-88e0-460c-9ce1-2b60624f7753,substation,keitozu,extracted,2026-08-03
HSS010,3cb00106-88e0-460c-9ce1-2b60624f7753,substation,keitozu_no,extracted,2026-08-03
敦賀火力,13e23403-51c7-49a9-a21c-e3775d366e5f,substation,keitozu,extracted,2026-08-03
HSS011,13e23403-51c7-49a9-a21c-e3775d366e5f,substation,keitozu_no,extracted,2026-08-03
⿊部,d3b6455c-fc95-4d81-8e5b-141b2a46cd07,substation,keitozu,extracted,2026-08-03
HSS012,d3b6455c-fc95-4d81-8e5b-141b2a46cd07,substation,keitozu_no,extracted,2026-08-03
江口,dcb30c30-35c3-4be6-869c-4bea33b24e93,substation,keitozu,extracted,2026-08-03
HSS013,dcb30c30-35c3-4be6-869c-4bea33b24e93,substation,keitozu_no,extracted,2026-08-03
東魚津,0d1797dc-5bad-4fa1-986f-dcc37bd0a4b8,substation,keitozu,extracted,2026-08-03
HSS014,0d1797dc-5bad-4fa1-986f-dcc37bd0a4b8,substation,keitozu_no,extracted,2026-08-03
舟橋,fe890b84-04a4-4734-b10c-7bf8a27e8e83,substation,keitozu,extracted,2026-08-03
HSS015,fe890b84-04a4-4734-b10c-7bf8a27e8e83,substation,keitozu_no,extracted,2026-08-03
新中地山,0b31cfa0-aba8-4ec1-9387-726d65c6e3e4,substation,keitozu,extracted,2026-08-03
HSS016,0b31cfa0-aba8-4ec1-9387-726d65c6e3e4,substation,keitozu_no,extracted,2026-08-03
和田川第一,ef3b6ae0-8788-4b44-a53f-9266203e710c,substation,keitozu,extracted,2026-08-03
HSS017,ef3b6ae0-8788-4b44-a53f-9266203e710c,substation,keitozu_no,extracted,2026-08-03
折立,27388758-762f-452f-9600-ceb97bbeb266,substation,keitozu,extracted,2026-08-03
HSS018,27388758-762f-452f-9600-ceb97bbeb266,substation,keitozu_no,extracted,2026-08-03
富山,77a85ca3-c2f8-4567-8dd8-d04c3c11e09d,substation,keitozu,extracted,2026-08-03
HSS019,77a85ca3-c2f8-4567-8dd8-d04c3c11e09d,substation,keitozu_no,extracted,2026-08-03
富南,23c0b48a-b06f-436b-9803-239e475ab124,substation,keitozu,extracted,2026-08-03
HSS020,23c0b48a-b06f-436b-9803-239e475ab124,substation,keitozu_no,extracted,2026-08-03
北笹津,479faf21-6f8a-4a3b-9126-ac0b2bdaee24,substation,keitozu,extracted,2026-08-03
HSS021,479faf21-6f8a-4a3b-9126-ac0b2bdaee24,substation,keitozu_no,extracted,2026-08-03
東町,bf3981f0-67ba-4010-a407-d43b87c26518,substation,keitozu,extracted,2026-08-03
HSS022,bf3981f0-67ba-4010-a407-d43b87c26518,substation,keitozu_no,extracted,2026-08-03
牧,8289bb57-37ba-4fda-8437-32e1d9c5cb30,substation,keitozu,extracted,2026-08-03
HSS023,8289bb57-37ba-4fda-8437-32e1d9c5cb30,substation,keitozu_no,extracted,2026-08-03
塚原,27a183ff-563d-48cb-a153-a66600708e75,substation,keitozu,extracted,2026-08-03
HSS024,27a183ff-563d-48cb-a153-a66600708e75,substation,keitozu_no,extracted,2026-08-03
南福岡,8a0e9ecd-c737-4508-a9a4-d4c9627d8583,substation,keitozu,extracted,2026-08-03
HSS025,8a0e9ecd-c737-4508-a9a4-d4c9627d8583,substation,keitozu_no,extracted,2026-08-03
伏木,2cb9aff2-fc57-4a43-8c0b-0b9f297800ce,substation,keitozu,extracted,2026-08-03
HSS026,2cb9aff2-fc57-4a43-8c0b-0b9f297800ce,substation,keitozu_no,extracted,2026-08-03
新能登,3f18d8a6-5813-4911-a312-32340554c337,substation,keitozu,extracted,2026-08-03
HSS027,3f18d8a6-5813-4911-a312-32340554c337,substation,keitozu_no,extracted,2026-08-03
鳳至,416c6728-8ae7-472d-8d94-3545fe81d939,substation,keitozu,extracted,2026-08-03
HSS028,416c6728-8ae7-472d-8d94-3545fe81d939,substation,keitozu_no,extracted,2026-08-03
北金沢,46ed81a3-adcb-42ea-be90-2a64df00f949,substation,keitozu,extracted,2026-08-03
HSS029,46ed81a3-adcb-42ea-be90-2a64df00f949,substation,keitozu_no,extracted,2026-08-03
御所,91f84a5b-36f8-46d9-8146-29b30ddc8209,substation,keitozu,extracted,2026-08-03
HSS030,91f84a5b-36f8-46d9-8146-29b30ddc8209,substation,keitozu_no,extracted,2026-08-03
南金沢,e4825924-e8ca-41ed-82cb-0a7004130867,substation,keitozu,extracted,2026-08-03
HSS031,e4825924-e8ca-41ed-82cb-0a7004130867,substation,keitozu_no,extracted,2026-08-03
新小松,438d527d-b332-430a-bb05-68c26682cdb9,substation,keitozu,extracted,2026-08-03
HSS032,438d527d-b332-430a-bb05-68c26682cdb9,substation,keitozu_no,extracted,2026-08-03
北庄,021ad720-a3c3-4fbb-a917-549ad338a245,substation,keitozu,extracted,2026-08-03
HSS033,021ad720-a3c3-4fbb-a917-549ad338a245,substation,keitozu_no,extracted,2026-08-03
松岡,5c95f460-876d-4526-88a1-056215893070,substation,keitozu,extracted,2026-08-03
HSS034,5c95f460-876d-4526-88a1-056215893070,substation,keitozu_no,extracted,2026-08-03
丹生,adc6d09d-04fd-4a5e-975b-82eff45aa07c,substation,keitozu,extracted,2026-08-03
HSS035,adc6d09d-04fd-4a5e-975b-82eff45aa07c,substation,keitozu_no,extracted,2026-08-03
新武生,60e56e54-a366-496e-b297-ec57ce443050,substation,keitozu,extracted,2026-08-03
HSS036,60e56e54-a366-496e-b297-ec57ce443050,substation,keitozu_no,extracted,2026-08-03
新敦賀,de9c8d8e-25ec-4774-83af-970880fc19cc,substation,keitozu,extracted,2026-08-03
HSS037,de9c8d8e-25ec-4774-83af-970880fc19cc,substation,keitozu_no,extracted,2026-08-03
和泉,42f68413-5464-4bcd-815a-7465d4c31839,substation,keitozu,extracted,2026-08-03
HSS038,42f68413-5464-4bcd-815a-7465d4c31839,substation,keitozu_no,extracted,2026-08-03
栃尾,901237c2-8c01-46c2-aea4-b4e3932726d2,substation,keitozu,extracted,2026-08-03
HSS039,901237c2-8c01-46c2-aea4-b4e3932726d2,substation,keitozu_no,extracted,2026-08-03
富山火力,a9ee6d12-e1cd-4779-939d-c584b8786925,substation,keitozu,extracted,2026-08-03
新港火力,05ba6b8c-5787-45aa-8258-daa86c23d9c9,substation,keitozu,extracted,2026-08-03
福井火力,79a1a062-3da3-42eb-8da6-f10a590f2870,substation,keitozu,extracted,2026-08-03
葛山,1a01bec0-2b99-4170-9730-410a605578a7,substation,keitozu,extracted,2026-08-03
見座,d06ea9a3-9a23-4ccb-a2d1-9513af124f2d,substation,keitozu,extracted,2026-08-03
和田川第二,728b052d-9007-417b-bfae-4c18756c75e3,substation,keitozu,extracted,2026-08-03
神通川第一,1cd6591e-12cf-4a8f-adc2-a6471ee046ff,substation,keitozu,extracted,2026-08-03
手取川第二,be8f01f6-904c-4777-b11f-4468f982d2c2,substation,keitozu,extracted,2026-08-03
手取川第三,c7e2cf98-f1d3-4fef-9dc0-203e9c1de080,substation,keitozu,extracted,2026-08-03
⻄勝原第三,be68a932-08f6-4a42-b50d-c1411dc75c7f,substation,keitozu,extracted,2026-08-03
三重開閉所,37971305-7548-456d-a595-010a454f6e3d,substation,keitozu,extracted,2026-08-03
信濃変電所,e5e932e9-a8fa-4f94-8a51-ccdadb0034b4,substation,keitozu,extracted,2026-08-03
6,e5e932e9-a8fa-4f94-8a51-ccdadb0034b4,substation,keitozu_no,extracted,2026-08-03
北部変電所,ce1eaf48-186e-433e-9db4-4c7f60f7a358,substation,keitozu,extracted,2026-08-03
2,ce1eaf48-186e-433e-9db4-4c7f60f7a358,substation,keitozu_no,extracted,2026-08-03
南福光変電所,e427bdb0-11c7-467a-a59a-0c79ce210191,substation,keitozu,extracted,2026-08-03
岐北開閉所,d9bcb28c-b971-45dc-b137-178ef8277d33,substation,keitozu,extracted,2026-08-03
岐阜開閉所,06ed3dc2-4e0e-454c-8e9d-fc281aa3f653,substation,keitozu,extracted,2026-08-03
愛知変電所,1a188738-db36-43b8-8b5b-1440a9218007,substation,keitozu,extracted,2026-08-03
3,1a188738-db36-43b8-8b5b-1440a9218007,substation,keitozu_no,extracted,2026-08-03
新三河変電所,e64c2e77-a6ae-4013-a1df-81e0e2d91cd4,substation,keitozu,extracted,2026-08-03
5,e64c2e77-a6ae-4013-a1df-81e0e2d91cd4,substation,keitozu_no,extracted,2026-08-03
東栄変電所,5eee2701-40fe-4abe-849f-86a60b61e7ae,substation,keitozu,extracted,2026-08-03
7,5eee2701-40fe-4abe-849f-86a60b61e7ae,substation,keitozu_no,extracted,2026-08-03
東部変電所,9cd6af60-d69b-4993-941b-43f63d5ca333,substation,keitozu,extracted,2026-08-03
4,9cd6af60-d69b-4993-941b-43f63d5ca333,substation,keitozu_no,extracted,2026-08-03
西部変電所,8e8a726e-5935-4f68-abac-86a00772b37f,substation,keitozu,extracted,2026-08-03
1,8e8a726e-5935-4f68-abac-86a00772b37f,substation,keitozu_no,extracted,2026-08-03
豊根開閉所,a81cd9fe-287a-4c1c-99c1-134db27ecad7,substation,keitozu,extracted,2026-08-03
関ケ原開閉所,cfc5e79f-59e4-48bb-820d-f283ca70058f,substation,keitozu,extracted,2026-08-03
静岡変電所,ddc4608e-8b38-481b-ae39-1dd112dc51e9,substation,keitozu,extracted,2026-08-03
9,ddc4608e-8b38-481b-ae39-1dd112dc51e9,substation,keitozu_no,extracted,2026-08-03
飛騨変換所,953a55b6-5cb0-4c94-ba8c-515e13c20d22,substation,keitozu,extracted,2026-08-03
駿遠変電所,a178f70b-a7a2-4a6c-8919-a6a2176395e8,substation,keitozu,extracted,2026-08-03
8,a178f70b-a7a2-4a6c-8919-a6a2176395e8,substation,keitozu_no,extracted,2026-08-03
三好変電所,6bed299d-9989-4626-909c-c6a08fedcc12,substation,keitozu,extracted,2026-08-03
6009,6bed299d-9989-4626-909c-c6a08fedcc12,substation,keitozu_no,extracted,2026-08-03
三河変電所,79820f1e-29c9-4cc6-b913-333d9954bc61,substation,keitozu,extracted,2026-08-03
6002,79820f1e-29c9-4cc6-b913-333d9954bc61,substation,keitozu_no,extracted,2026-08-03
下伊那変電所,97f2ba84-fd25-4bd5-aa59-fb08b2637e85,substation,keitozu,extracted,2026-08-03
11,97f2ba84-fd25-4bd5-aa59-fb08b2637e85,substation,keitozu_no,extracted,2026-08-03
下広井変電所,ae56f2e4-70b5-4403-85f1-fa064bd9627e,substation,keitozu,extracted,2026-08-03
1038,ae56f2e4-70b5-4403-85f1-fa064bd9627e,substation,keitozu_no,extracted,2026-08-03
中信変電所,6dd76182-8e55-4ee1-bde1-392e42436eb8,substation,keitozu,extracted,2026-08-03
5006,6dd76182-8e55-4ee1-bde1-392e42436eb8,substation,keitozu_no,extracted,2026-08-03
中勢変電所,b0417001-393e-40e6-81af-08a94c862db3,substation,keitozu,extracted,2026-08-03
3608,b0417001-393e-40e6-81af-08a94c862db3,substation,keitozu_no,extracted,2026-08-03
中濃変電所,de290d2a-fb1e-41e5-b06c-3170d9455f14,substation,keitozu,extracted,2026-08-03
4007,de290d2a-fb1e-41e5-b06c-3170d9455f14,substation,keitozu_no,extracted,2026-08-03
亀山変電所,6759b8f3-6998-4cf0-90cc-c2ab7d8caaf3,substation,keitozu,extracted,2026-08-03
3606,6759b8f3-6998-4cf0-90cc-c2ab7d8caaf3,substation,keitozu_no,extracted,2026-08-03
伊勢開閉所,96ac1f48-e14a-4664-8bea-db26f687b9e5,substation,keitozu,extracted,2026-08-03
佐久変電所,1e00913c-2516-4d0e-a144-7b9f3291aa6d,substation,keitozu,extracted,2026-08-03
5010,1e00913c-2516-4d0e-a144-7b9f3291aa6d,substation,keitozu_no,extracted,2026-08-03
佐久間FC,51f9d26b-4984-490b-be1d-24a802b961d0,substation,keitozu,extracted,2026-08-03
北四日市変電所,dcce08ed-ad7c-4a38-bf08-e9d12f8878e2,substation,keitozu,extracted,2026-08-03
北松本変電所,09b00f7f-e115-4033-86f2-4fb2f13c5655,substation,keitozu,extracted,2026-08-03
5008,09b00f7f-e115-4033-86f2-4fb2f13c5655,substation,keitozu_no,extracted,2026-08-03
北豊田変電所,7e58d0d7-a2b0-46b7-9779-b67f9bd386f4,substation,keitozu,extracted,2026-08-03
1006,7e58d0d7-a2b0-46b7-9779-b67f9bd386f4,substation,keitozu_no,extracted,2026-08-03
南信変電所,1bc6eac9-9147-4231-b687-9e09fe514e88,substation,keitozu,extracted,2026-08-03
5017,1bc6eac9-9147-4231-b687-9e09fe514e88,substation,keitozu_no,extracted,2026-08-03
南勢変電所,b2904dbc-2c7d-4f47-86a3-10f5d05e1281,substation,keitozu,extracted,2026-08-03
3611,b2904dbc-2c7d-4f47-86a3-10f5d05e1281,substation,keitozu_no,extracted,2026-08-03
南武平町変電所,becbdf6d-3957-4f8c-8050-911e1ecdb2b9,substation,keitozu,extracted,2026-08-03
1043,becbdf6d-3957-4f8c-8050-911e1ecdb2b9,substation,keitozu_no,extracted,2026-08-03
名城変電所,1024b0a4-305e-467f-a3ea-6d5b0102f61e,substation,keitozu,extracted,2026-08-03
1003,1024b0a4-305e-467f-a3ea-6d5b0102f61e,substation,keitozu_no,extracted,2026-08-03
安倍変電所,6d81f95b-7869-4937-b372-7ca3163326fd,substation,keitozu,extracted,2026-08-03
2031,6d81f95b-7869-4937-b372-7ca3163326fd,substation,keitozu_no,extracted,2026-08-03
尾鷲変電所,c4093fc8-931a-4ede-a7ab-85f8649488c2,substation,keitozu,extracted,2026-08-03
3612,c4093fc8-931a-4ede-a7ab-85f8649488c2,substation,keitozu_no,extracted,2026-08-03
川根変電所,1c96b886-5b5a-4e6e-9b52-a2760832012c,substation,keitozu,extracted,2026-08-03
2030,1c96b886-5b5a-4e6e-9b52-a2760832012c,substation,keitozu_no,extracted,2026-08-03
川越変電所,9d1e939c-738b-46ca-aef4-279a6bbe68d0,substation,keitozu,extracted,2026-08-03
3610,9d1e939c-738b-46ca-aef4-279a6bbe68d0,substation,keitozu_no,extracted,2026-08-03
幸田変電所,b6cfe4ad-06f5-49ad-bf00-d5f6b3947302,substation,keitozu,extracted,2026-08-03
6011,b6cfe4ad-06f5-49ad-bf00-d5f6b3947302,substation,keitozu_no,extracted,2026-08-03
恵那変電所,17816a6b-8ddc-42b7-a1ee-8706d8172260,substation,keitozu,extracted,2026-08-03
10,17816a6b-8ddc-42b7-a1ee-8706d8172260,substation,keitozu_no,extracted,2026-08-03
新佐倉変電所,6de51074-15b0-47b3-8997-19a3cd5fe44b,substation,keitozu,extracted,2026-08-03
2021,6de51074-15b0-47b3-8997-19a3cd5fe44b,substation,keitozu_no,extracted,2026-08-03
新信濃FC,4c3a7335-14ca-449c-a0a4-e143036eca9d,substation,keitozu,extracted,2026-08-03
新北信変電所,556b91ea-2763-4e6b-b8dd-94660c2c3309,substation,keitozu,extracted,2026-08-03
5001,556b91ea-2763-4e6b-b8dd-94660c2c3309,substation,keitozu_no,extracted,2026-08-03
新鈴鹿変電所,57076582-4d32-4ffd-9555-02599469ae24,substation,keitozu,extracted,2026-08-03
3607,57076582-4d32-4ffd-9555-02599469ae24,substation,keitozu_no,extracted,2026-08-03
東信変電所,68e37a7e-1978-436c-950b-6d0a4f0df47b,substation,keitozu,extracted,2026-08-03
5009,68e37a7e-1978-436c-950b-6d0a4f0df47b,substation,keitozu_no,extracted,2026-08-03
東名古屋変電所,f39958db-536b-4795-87cc-58608e9f5a11,substation,keitozu,extracted,2026-08-03
1010,f39958db-536b-4795-87cc-58608e9f5a11,substation,keitozu_no,extracted,2026-08-03
東浦開閉所,d61ac779-2e0b-45f7-9ed9-1636fb1d9566,substation,keitozu,extracted,2026-08-03
東海変電所,4d18a6e5-dab3-4407-ae78-674b792add0e,substation,keitozu,extracted,2026-08-03
1002,4d18a6e5-dab3-4407-ae78-674b792add0e,substation,keitozu_no,extracted,2026-08-03
東清水FC,db5c1b52-e0e3-4fbf-94e7-4ab902e6f9cb,substation,keitozu,extracted,2026-08-03
東清水変電所,930ea9ca-355d-4bae-9295-10c786469c93,substation,keitozu,extracted,2026-08-03
2033,930ea9ca-355d-4bae-9295-10c786469c93,substation,keitozu_no,extracted,2026-08-03
東豊田変電所,d26ec0a6-6918-43ab-86af-d36232688cf1,substation,keitozu,extracted,2026-08-03
6010,d26ec0a6-6918-43ab-86af-d36232688cf1,substation,keitozu_no,extracted,2026-08-03
松ヶ枝変電所,63232ac5-c621-4585-a70d-7ee37d8954ab,substation,keitozu,extracted,2026-08-03
1001,63232ac5-c621-4585-a70d-7ee37d8954ab,substation,keitozu_no,extracted,2026-08-03
梅森開閉所,6022bb69-bebe-4f58-bcd5-b3d032614a1e,substation,keitozu,extracted,2026-08-03
海部開閉所,daea7fa1-5276-43e3-a407-bd7511674716,substation,keitozu,extracted,2026-08-03
湖西変電所,1635ec54-b8fd-4e7a-b86e-d32bf75ef461,substation,keitozu,extracted,2026-08-03
6015,1635ec54-b8fd-4e7a-b86e-d32bf75ef461,substation,keitozu_no,extracted,2026-08-03
瀬戸変電所,3b0fbecb-9712-467d-acd9-87c1e6f373e1,substation,keitozu,extracted,2026-08-03
1018,3b0fbecb-9712-467d-acd9-87c1e6f373e1,substation,keitozu_no,extracted,2026-08-03
牛島町変電所,843a9240-5d8b-4400-8198-7812aaa67cca,substation,keitozu,extracted,2026-08-03
1030,843a9240-5d8b-4400-8198-7812aaa67cca,substation,keitozu_no,extracted,2026-08-03
犬山変電所,413d74af-14eb-4907-aceb-035a9a73e599,substation,keitozu,extracted,2026-08-03
1004,413d74af-14eb-4907-aceb-035a9a73e599,substation,keitozu_no,extracted,2026-08-03
田原変電所,1eda7e34-dbbc-43a8-8f1d-28de57b6247b,substation,keitozu,extracted,2026-08-03
6003,1eda7e34-dbbc-43a8-8f1d-28de57b6247b,substation,keitozu_no,extracted,2026-08-03
知多火力変電所,98d127c9-fc99-455f-ac41-3225d57d6349,substation,keitozu,extracted,2026-08-03
1026,98d127c9-fc99-455f-ac41-3225d57d6349,substation,keitozu_no,extracted,2026-08-03
碧南変電所,923e38c9-635c-4b6f-9dc3-aafda6e95b09,substation,keitozu,extracted,2026-08-03
6001,923e38c9-635c-4b6f-9dc3-aafda6e95b09,substation,keitozu_no,extracted,2026-08-03
西名古屋変電所,aef894ef-d15a-441d-aa8b-4f667606c7ae,substation,keitozu,extracted,2026-08-03
3601,aef894ef-d15a-441d-aa8b-4f667606c7ae,substation,keitozu_no,extracted,2026-08-03
西尾張変電所,1a279b61-30e6-4734-86c0-1784269b8dfc,substation,keitozu,extracted,2026-08-03
1005,1a279b61-30e6-4734-86c0-1784269b8dfc,substation,keitozu_no,extracted,2026-08-03
西濃変電所,2cae2d77-39ae-4238-885a-700a9e2b9f5e,substation,keitozu,extracted,2026-08-03
4001,2cae2d77-39ae-4238-885a-700a9e2b9f5e,substation,keitozu_no,extracted,2026-08-03
遠江変電所,b99eecb9-6097-4d3b-bf60-b0ce72009124,substation,keitozu,extracted,2026-08-03
2001,b99eecb9-6097-4d3b-bf60-b0ce72009124,substation,keitozu_no,extracted,2026-08-03
金山変電所,1c2377c2-c3e3-40c0-910b-e94f6b4d89b1,substation,keitozu,extracted,2026-08-03
1042,1c2377c2-c3e3-40c0-910b-e94f6b4d89b1,substation,keitozu_no,extracted,2026-08-03
鈴鹿開閉所,35d3bd47-2a3e-4032-b6ef-e0c72c4d3279,substation,keitozu,extracted,2026-08-03
関開閉所,5e412308-6aa5-4bed-8ac0-89e28ceae1df,substation,keitozu,extracted,2026-08-03
電源名古屋変電所,ebc8cc8c-6529-4b61-8c30-cb6b3553af5e,substation,keitozu,extracted,2026-08-03
1012,ebc8cc8c-6529-4b61-8c30-cb6b3553af5e,substation,keitozu_no,extracted,2026-08-03
額田開閉所,dfe13858-9d86-42cf-b56f-8b4d509ca735,substation,keitozu,extracted,2026-08-03
駿河変電所,8afda5fd-3196-4011-bc0c-85c636aa1985,substation,keitozu,extracted,2026-08-03
2032,8afda5fd-3196-4011-bc0c-85c636aa1985,substation,keitozu_no,extracted,2026-08-03
七宝変電所,88ad5d90-db7b-46bc-82ae-18e6d899f85c,substation,keitozu,extracted,2026-08-03
1021,88ad5d90-db7b-46bc-82ae-18e6d899f85c,substation,keitozu_no,extracted,2026-08-03
中沢変電所,2b0c8354-15ba-43ce-9ca5-7ffcb772f7b3,substation,keitozu,extracted,2026-08-03
2300,2b0c8354-15ba-43ce-9ca5-7ffcb772f7b3,substation,keitozu_no,extracted,2026-08-03
久々野水力変電所,96f851b7-6753-4ff6-b1bd-89638c6b1dc5,substation,keitozu,extracted,2026-08-03
4719,96f851b7-6753-4ff6-b1bd-89638c6b1dc5,substation,keitozu_no,extracted,2026-08-03
二軒小屋水力変電所,442abf0f-1bff-4d2f-98ce-a6d11654817d,substation,keitozu,extracted,2026-08-03
2101,442abf0f-1bff-4d2f-98ce-a6d11654817d,substation,keitozu_no,extracted,2026-08-03
井川水力変電所,309d185e-e879-46e5-8696-318e60ef7565,substation,keitozu,extracted,2026-08-03
2039,309d185e-e879-46e5-8696-318e60ef7565,substation,keitozu_no,extracted,2026-08-03
加納変電所,66dc651d-c958-4ace-b340-bdf797c74e8b,substation,keitozu,extracted,2026-08-03
4003,66dc651d-c958-4ace-b340-bdf797c74e8b,substation,keitozu_no,extracted,2026-08-03
北一宮変電所,52142173-95c1-4413-9694-3ec24e9b645b,substation,keitozu,extracted,2026-08-03
1020,52142173-95c1-4413-9694-3ec24e9b645b,substation,keitozu_no,extracted,2026-08-03
北信変電所,9d4b124c-3886-4855-ac12-1b61c79e8453,substation,keitozu,extracted,2026-08-03
5002,9d4b124c-3886-4855-ac12-1b61c79e8453,substation,keitozu_no,extracted,2026-08-03
北刈谷変電所,99320cc9-7315-4b4b-9971-bca5adb207e6,substation,keitozu,extracted,2026-08-03
6007,99320cc9-7315-4b4b-9971-bca5adb207e6,substation,keitozu_no,extracted,2026-08-03
北勢変電所,fc5cc419-96ce-4ea9-9d59-0529ab4822bf,substation,keitozu,extracted,2026-08-03
3604,fc5cc419-96ce-4ea9-9d59-0529ab4822bf,substation,keitozu_no,extracted,2026-08-03
北原変電所,b6498c73-2d3f-4a15-92a4-54eb0dbf1603,substation,keitozu,extracted,2026-08-03
北又渡水力変電所,292dfbe7-f432-4515-9216-220dff012ecd,substation,keitozu,extracted,2026-08-03
5021,292dfbe7-f432-4515-9216-220dff012ecd,substation,keitozu_no,extracted,2026-08-03
北大出変電所,f99a2c7f-2208-4a0b-a100-68579d8b76b9,substation,keitozu,extracted,2026-08-03
5225,f99a2c7f-2208-4a0b-a100-68579d8b76b9,substation,keitozu_no,extracted,2026-08-03
北岐阜変電所,b4434fc3-fff7-4feb-8239-fc8bb2cd1199,substation,keitozu,extracted,2026-08-03
4004,b4434fc3-fff7-4feb-8239-fc8bb2cd1199,substation,keitozu_no,extracted,2026-08-03
南大垣変電所,47bf65ea-de73-44a5-91a5-2de2914b8a96,substation,keitozu,extracted,2026-08-03
4006,47bf65ea-de73-44a5-91a5-2de2914b8a96,substation,keitozu_no,extracted,2026-08-03
南安城変電所,11c4e95b-fcb6-4033-b0bd-d926addb50a3,substation,keitozu,extracted,2026-08-03
6006,11c4e95b-fcb6-4033-b0bd-d926addb50a3,substation,keitozu_no,extracted,2026-08-03
南島変電所,0c29f2cb-cfcc-435f-b711-fdbde972048f,substation,keitozu,extracted,2026-08-03
3653,0c29f2cb-cfcc-435f-b711-fdbde972048f,substation,keitozu_no,extracted,2026-08-03
南磐田変電所,79286ab8-a72f-49b0-97da-c2a337087c0e,substation,keitozu,extracted,2026-08-03
2005,79286ab8-a72f-49b0-97da-c2a337087c0e,substation,keitozu_no,extracted,2026-08-03
南箕輪変電所,f4d82001-e37d-4611-ad0a-3376636823b9,substation,keitozu,extracted,2026-08-03
5024,f4d82001-e37d-4611-ad0a-3376636823b9,substation,keitozu_no,extracted,2026-08-03
名北変電所,601debc7-f9fb-4d13-aa00-d895ac2be49a,substation,keitozu,extracted,2026-08-03
1013,601debc7-f9fb-4d13-aa00-d895ac2be49a,substation,keitozu_no,extracted,2026-08-03
名南変電所,057d43bf-bf5d-49e4-8ffa-48f567899ff0,substation,keitozu,extracted,2026-08-03
四日市火力変電所,736b08fb-c068-4ff0-a81f-a67da8593b58,substation,keitozu,extracted,2026-08-03
3603,736b08fb-c068-4ff0-a81f-a67da8593b58,substation,keitozu_no,extracted,2026-08-03
夏山変電所,e2844e33-10d3-4243-b971-4d905277e0f3,substation,keitozu,extracted,2026-08-03
6102,e2844e33-10d3-4243-b971-4d905277e0f3,substation,keitozu_no,extracted,2026-08-03
大井川水力変電所,7fc03738-36f1-49e0-9c6f-e4962cd2ea2c,substation,keitozu,extracted,2026-08-03
2035,7fc03738-36f1-49e0-9c6f-e4962cd2ea2c,substation,keitozu_no,extracted,2026-08-03
大原変電所,d704e4e6-a0d0-4f40-9a48-93db04c37681,substation,keitozu,extracted,2026-08-03
大垣変電所,9c53fc49-0a4c-4182-935c-97b1f47bd7a2,substation,keitozu,extracted,2026-08-03
4005,9c53fc49-0a4c-4182-935c-97b1f47bd7a2,substation,keitozu_no,extracted,2026-08-03
大高変電所,d9f3991a-13d0-47b3-9b20-f2e6a3a22198,substation,keitozu,extracted,2026-08-03
1016,d9f3991a-13d0-47b3-9b20-f2e6a3a22198,substation,keitozu_no,extracted,2026-08-03
天花寺変電所,93eeb3d4-91ad-4a34-91a5-ef73778e0893,substation,keitozu,extracted,2026-08-03
3655,93eeb3d4-91ad-4a34-91a5-ef73778e0893,substation,keitozu_no,extracted,2026-08-03
奥泉水力変電所,ba06b60d-8692-4be6-b93f-e62e574d70cf,substation,keitozu,extracted,2026-08-03
2041,ba06b60d-8692-4be6-b93f-e62e574d70cf,substation,keitozu_no,extracted,2026-08-03
奥領家変電所,2d8accb2-cd91-4bdd-a0fe-80782fc66ecf,substation,keitozu,extracted,2026-08-03
2102,2d8accb2-cd91-4bdd-a0fe-80782fc66ecf,substation,keitozu_no,extracted,2026-08-03
宮川第二水力変電所,961b41a0-d7cb-445a-8007-8e13f01c346b,substation,keitozu,extracted,2026-08-03
3617,961b41a0-d7cb-445a-8007-8e13f01c346b,substation,keitozu_no,extracted,2026-08-03
宮田変電所,4d0f2279-8cf1-489e-ab2c-8f03071440cf,substation,keitozu,extracted,2026-08-03
寛政変電所,dc33e8c5-29d1-4d44-8b1b-9ac34bbfa6ff,substation,keitozu,extracted,2026-08-03
1028,dc33e8c5-29d1-4d44-8b1b-9ac34bbfa6ff,substation,keitozu_no,extracted,2026-08-03
小坂水力変電所,b62f6d15-a89f-4317-88b2-ae7b68e9ed46,substation,keitozu,extracted,2026-08-03
4713,b62f6d15-a89f-4317-88b2-ae7b68e9ed46,substation,keitozu_no,extracted,2026-08-03
岡崎変電所,2d52544f-39d9-4458-93e3-43d6a714cfbf,substation,keitozu,extracted,2026-08-03
6005,2d52544f-39d9-4458-93e3-43d6a714cfbf,substation,keitozu_no,extracted,2026-08-03
岩倉変電所,ebcbee1f-e9e2-4638-bb2d-70a9f7a2e3f6,substation,keitozu,extracted,2026-08-03
1015,ebcbee1f-e9e2-4638-bb2d-70a9f7a2e3f6,substation,keitozu_no,extracted,2026-08-03
岩塚変電所,cfabd746-86fd-43ca-b48f-8031ac12e16f,substation,keitozu,extracted,2026-08-03
1022,cfabd746-86fd-43ca-b48f-8031ac12e16f,substation,keitozu_no,extracted,2026-08-03
川辺水力変電所,670de171-a1a8-499f-86b2-79864ae174a1,substation,keitozu,extracted,2026-08-03
4008,670de171-a1a8-499f-86b2-79864ae174a1,substation,keitozu_no,extracted,2026-08-03
布池変電所,fa838941-5268-47ed-b970-f44dbd916759,substation,keitozu,extracted,2026-08-03
1035,fa838941-5268-47ed-b970-f44dbd916759,substation,keitozu_no,extracted,2026-08-03
平岡水力変電所,1c26908f-cda1-47d4-b9e9-022c4e2f6512,substation,keitozu,extracted,2026-08-03
5019,1c26908f-cda1-47d4-b9e9-022c4e2f6512,substation,keitozu_no,extracted,2026-08-03
志太変電所,f818cfb6-3531-41a2-8439-a41e21b90125,substation,keitozu,extracted,2026-08-03
2023,f818cfb6-3531-41a2-8439-a41e21b90125,substation,keitozu_no,extracted,2026-08-03
日進変電所,80e66b42-9606-4b4d-bdea-86d736387d72,substation,keitozu,extracted,2026-08-03
1017,80e66b42-9606-4b4d-bdea-86d736387d72,substation,keitozu_no,extracted,2026-08-03
春近変電所,af957bdb-5c43-44b0-8a8e-b3637e4a3152,substation,keitozu,extracted,2026-08-03
5023,af957bdb-5c43-44b0-8a8e-b3637e4a3152,substation,keitozu_no,extracted,2026-08-03
昭和町変電所,f3b5ae5c-8141-406a-9b13-fc476ce18145,substation,keitozu,extracted,2026-08-03
1024,f3b5ae5c-8141-406a-9b13-fc476ce18145,substation,keitozu_no,extracted,2026-08-03
朝日水力変電所,c0f9ccb9-b180-452e-afbc-cbaed1eeb730,substation,keitozu,extracted,2026-08-03
4714,c0f9ccb9-b180-452e-afbc-cbaed1eeb730,substation,keitozu_no,extracted,2026-08-03
東上田水力変電所,4e387117-3444-46bf-b135-63d383677998,substation,keitozu,extracted,2026-08-03
4709,4e387117-3444-46bf-b135-63d383677998,substation,keitozu_no,extracted,2026-08-03
東境変電所,6f730674-030d-4854-9a09-f5b2c8fc3e0d,substation,keitozu,extracted,2026-08-03
6101,6f730674-030d-4854-9a09-f5b2c8fc3e0d,substation,keitozu_no,extracted,2026-08-03
松島変電所,e17c1679-7005-4e5b-8051-f9fb5b9ceaba,substation,keitozu,extracted,2026-08-03
5025,e17c1679-7005-4e5b-8051-f9fb5b9ceaba,substation,keitozu_no,extracted,2026-08-03
栃原変電所,afd9f7b8-881b-4ee4-88d5-f9e99b7d958b,substation,keitozu,extracted,2026-08-03
3651,afd9f7b8-881b-4ee4-88d5-f9e99b7d958b,substation,keitozu_no,extracted,2026-08-03
根方水力変電所,a2737f0e-86bb-4955-a508-dcff44e1afdc,substation,keitozu,extracted,2026-08-03
4708,a2737f0e-86bb-4955-a508-dcff44e1afdc,substation,keitozu_no,extracted,2026-08-03
梅原変電所,82cc356e-344b-4a2a-af4e-1b281231fa07,substation,keitozu,extracted,2026-08-03
4108,82cc356e-344b-4a2a-af4e-1b281231fa07,substation,keitozu_no,extracted,2026-08-03
植田変電所,c1865ea3-7ecf-4331-85da-3393a1cf5dd3,substation,keitozu,extracted,2026-08-03
6014,c1865ea3-7ecf-4331-85da-3393a1cf5dd3,substation,keitozu_no,extracted,2026-08-03
武豊火力変電所,6f1fa6c2-1145-46ef-b011-a03e5e4fef4b,substation,keitozu,extracted,2026-08-03
1027,6f1fa6c2-1145-46ef-b011-a03e5e4fef4b,substation,keitozu_no,extracted,2026-08-03
水主町変電所,f5e61421-3e1f-45db-82c0-27b48aff21ea,substation,keitozu,extracted,2026-08-03
1037,f5e61421-3e1f-45db-82c0-27b48aff21ea,substation,keitozu_no,extracted,2026-08-03
水内変電所,91bde58b-169e-4efb-a6cb-78972d830d98,substation,keitozu,extracted,2026-08-03
浜松変電所,b0817908-53a9-42e8-ac78-acf58a2c5be0,substation,keitozu,extracted,2026-08-03
2003,b0817908-53a9-42e8-ac78-acf58a2c5be0,substation,keitozu_no,extracted,2026-08-03
清水変電所,2f9fb644-da7f-4443-bde9-5223de1664f3,substation,keitozu,extracted,2026-08-03
2034,2f9fb644-da7f-4443-bde9-5223de1664f3,substation,keitozu_no,extracted,2026-08-03
滝原変電所,565a803d-df00-4494-aca7-323352991b8a,substation,keitozu,extracted,2026-08-03
3652,565a803d-df00-4494-aca7-323352991b8a,substation,keitozu_no,extracted,2026-08-03
潮見変電所,5199e2e9-784e-4fca-ae59-e057de399297,substation,keitozu,extracted,2026-08-03
瀬戸水力変電所,56d6290e-06a3-406b-bce5-d1b07dac8a43,substation,keitozu,extracted,2026-08-03
4712,56d6290e-06a3-406b-bce5-d1b07dac8a43,substation,keitozu_no,extracted,2026-08-03
玉川変電所,4585ccaa-8692-4677-9a37-deb961372666,substation,keitozu,extracted,2026-08-03
6013,4585ccaa-8692-4677-9a37-deb961372666,substation,keitozu_no,extracted,2026-08-03
瑞浪変電所,f6e6e52a-586c-42b1-9284-024b36854134,substation,keitozu,extracted,2026-08-03
4009,f6e6e52a-586c-42b1-9284-024b36854134,substation,keitozu_no,extracted,2026-08-03
瑞穂変電所,92758d35-3fd7-47f2-8dbb-3b6c4b440913,substation,keitozu,extracted,2026-08-03
1029,92758d35-3fd7-47f2-8dbb-3b6c4b440913,substation,keitozu_no,extracted,2026-08-03
畑薙第一水力変電所,95e0c4a6-bada-4bd8-b6b3-f5df2887465c,substation,keitozu,extracted,2026-08-03
2108,95e0c4a6-bada-4bd8-b6b3-f5df2887465c,substation,keitozu_no,extracted,2026-08-03
畑薙第二水力変電所,472b01d9-4189-4cc3-90fb-d52b0758c3e4,substation,keitozu,extracted,2026-08-03
2040,472b01d9-4189-4cc3-90fb-d52b0758c3e4,substation,keitozu_no,extracted,2026-08-03
知多変電所,08d6c3fc-605b-48fa-be63-8e8b64a2a40f,substation,keitozu,extracted,2026-08-03
1025,08d6c3fc-605b-48fa-be63-8e8b64a2a40f,substation,keitozu_no,extracted,2026-08-03
磐田変電所,4991b6bf-b93c-4e68-8fb7-3ef7e69d022c,substation,keitozu,extracted,2026-08-03
2004,4991b6bf-b93c-4e68-8fb7-3ef7e69d022c,substation,keitozu_no,extracted,2026-08-03
秋葉変電所,f9d97bea-a3b0-476a-927a-535dfc4f69e9,substation,keitozu,extracted,2026-08-03
2110,f9d97bea-a3b0-476a-927a-535dfc4f69e9,substation,keitozu_no,extracted,2026-08-03
秋葉開閉所,d82f215b-e61e-4ec2-9939-b98735b34818,substation,keitozu,extracted,2026-08-03
稲沢変電所,e31d857c-17b9-4122-97d7-70a22d04f11d,substation,keitozu,extracted,2026-08-03
1014,e31d857c-17b9-4122-97d7-70a22d04f11d,substation,keitozu_no,extracted,2026-08-03
紀勢変電所,c48c7d2d-18b6-4ccb-aa78-470d86904f2a,substation,keitozu,extracted,2026-08-03
3654,c48c7d2d-18b6-4ccb-aa78-470d86904f2a,substation,keitozu_no,extracted,2026-08-03
諏訪変電所,bcb5a1c3-05c3-4810-a24b-6e751a7b5352,substation,keitozu,extracted,2026-08-03
5011,bcb5a1c3-05c3-4810-a24b-6e751a7b5352,substation,keitozu_no,extracted,2026-08-03
豊水力変電所,919c9056-c817-41fe-8cb8-8549a0409e42,substation,keitozu,extracted,2026-08-03
5027,919c9056-c817-41fe-8cb8-8549a0409e42,substation,keitozu_no,extracted,2026-08-03
赤石水力変電所,02183f10-b0fc-4f5a-9e78-ccc993049bb8,substation,keitozu,extracted,2026-08-03
2106,02183f10-b0fc-4f5a-9e78-ccc993049bb8,substation,keitozu_no,extracted,2026-08-03
赤石沢水力変電所,f56abe93-1439-48c1-8fae-d891422139ea,substation,keitozu,extracted,2026-08-03
飛島変電所,bbe1a1cd-a1fc-42b1-807d-6e7b5c757cc8,substation,keitozu,extracted,2026-08-03
1023,bbe1a1cd-a1fc-42b1-807d-6e7b5c757cc8,substation,keitozu_no,extracted,2026-08-03
飯島水力変電所,13163b5b-5331-4dd7-b0ef-f5f812b10184,substation,keitozu,extracted,2026-08-03
5020,13163b5b-5331-4dd7-b0ef-f5f812b10184,substation,keitozu_no,extracted,2026-08-03
飯田変電所,606a2ad9-3204-4300-b58a-3b99228744e4,substation,keitozu,extracted,2026-08-03
5018,606a2ad9-3204-4300-b58a-3b99228744e4,substation,keitozu_no,extracted,2026-08-03
馬瀬川第二水力変電所,6b28e9a0-58d3-46d4-b477-54f5237a5daa,substation,keitozu,extracted,2026-08-03
4711,6b28e9a0-58d3-46d4-b477-54f5237a5daa,substation,keitozu_no,extracted,2026-08-03
駒ヶ根変電所,07dd996e-a626-4d3f-820d-8bc52336a67e,substation,keitozu,extracted,2026-08-03
5022,07dd996e-a626-4d3f-820d-8bc52336a67e,substation,keitozu_no,extracted,2026-08-03
高塚変電所,93e874cd-937e-4ed4-8253-a4a65333c326,substation,keitozu,extracted,2026-08-03
2001,93e874cd-937e-4ed4-8253-a4a65333c326,substation,keitozu_no,extracted,2026-08-03
高山変電所,5bf54101-99d3-4c25-9bff-0d318e6d991b,substation,keitozu,extracted,2026-08-03
4707,5bf54101-99d3-4c25-9bff-0d318e6d991b,substation,keitozu_no,extracted,2026-08-03
高根第二水力変電所,e6546cc0-65a4-45b1-a121-9a29dc4c7977,substation,keitozu,extracted,2026-08-03
4715,e6546cc0-65a4-45b1-a121-9a29dc4c7977,substation,keitozu_no,extracted,2026-08-03
阿南火力変電所,41fcda93-e91f-4f82-a106-6ec39a5632bb,substation,keitozu,extracted,2026-08-03
10,41fcda93-e91f-4f82-a106-6ec39a5632bb,substation,keitozu_no,extracted,2026-08-03
蔭平変電所,fc0bd428-a6c6-415d-8a2e-68705bb1e4f8,substation,keitozu,extracted,2026-08-03
11,fc0bd428-a6c6-415d-8a2e-68705bb1e4f8,substation,keitozu_no,extracted,2026-08-03
井川変電所,96093891-24ad-466f-b998-ba8811436fbc,substation,keitozu,extracted,2026-08-03
12,96093891-24ad-466f-b998-ba8811436fbc,substation,keitozu_no,extracted,2026-08-03
高知変電所,5edbd1f1-a7f0-4590-93e7-f51cddfc5b9c,substation,keitozu,extracted,2026-08-03
13,5edbd1f1-a7f0-4590-93e7-f51cddfc5b9c,substation,keitozu_no,extracted,2026-08-03
新改変電所,024c2ec8-402d-4fb1-b0d9-a6495e903698,substation,keitozu,extracted,2026-08-03
14,024c2ec8-402d-4fb1-b0d9-a6495e903698,substation,keitozu_no,extracted,2026-08-03
奈半利川変電所,044a80be-922c-4827-81f9-efc2d44eada6,substation,keitozu,extracted,2026-08-03
15,044a80be-922c-4827-81f9-efc2d44eada6,substation,keitozu_no,extracted,2026-08-03
松山変電所,dcfab5f1-ce77-4c01-b19c-507039ed7449,substation,keitozu,extracted,2026-08-03
19,dcfab5f1-ce77-4c01-b19c-507039ed7449,substation,keitozu_no,extracted,2026-08-03
川内変電所,9e2a03af-4926-43e6-bab5-e4bc7c0b2737,substation,keitozu,extracted,2026-08-03
2,9e2a03af-4926-43e6-bab5-e4bc7c0b2737,substation,keitozu_no,extracted,2026-08-03
北松山変電所,81553dea-ac38-4f3d-9599-515d36f1c8bc,substation,keitozu,extracted,2026-08-03
20,81553dea-ac38-4f3d-9599-515d36f1c8bc,substation,keitozu_no,extracted,2026-08-03
大洲変電所,9ebfe3cd-a644-4d62-823d-2a0883d38c94,substation,keitozu,extracted,2026-08-03
21,9ebfe3cd-a644-4d62-823d-2a0883d38c94,substation,keitozu_no,extracted,2026-08-03
広見変電所,22f2e320-18e6-447e-9423-f9047c95ff44,substation,keitozu,extracted,2026-08-03
22,22f2e320-18e6-447e-9423-f9047c95ff44,substation,keitozu_no,extracted,2026-08-03
壬生川変電所,c90bdfbe-0e57-441e-98eb-ee6cd331cddb,substation,keitozu,extracted,2026-08-03
23,c90bdfbe-0e57-441e-98eb-ee6cd331cddb,substation,keitozu_no,extracted,2026-08-03
西条火力変電所,a7e2665e-34ad-490e-a0ad-d5a62eb28b63,substation,keitozu,extracted,2026-08-03
24,a7e2665e-34ad-490e-a0ad-d5a62eb28b63,substation,keitozu_no,extracted,2026-08-03
西条変電所,68d536fc-a02f-4062-8fab-0d618902fb12,substation,keitozu,extracted,2026-08-03
25,68d536fc-a02f-4062-8fab-0d618902fb12,substation,keitozu_no,extracted,2026-08-03
三島変電所,28e51b01-a387-4267-905e-de50db6c5b67,substation,keitozu,extracted,2026-08-03
26,28e51b01-a387-4267-905e-de50db6c5b67,substation,keitozu_no,extracted,2026-08-03
高松変電所,00e643d9-7248-4491-9089-92c8c615c8d5,substation,keitozu,extracted,2026-08-03
27,00e643d9-7248-4491-9089-92c8c615c8d5,substation,keitozu_no,extracted,2026-08-03
香川変電所,93d43e02-1432-4dd5-bcf6-b613f1841f75,substation,keitozu,extracted,2026-08-03
28,93d43e02-1432-4dd5-bcf6-b613f1841f75,substation,keitozu_no,extracted,2026-08-03
大川変電所,3f5ed9ce-981b-4086-96cd-fc28438a3ff7,substation,keitozu,extracted,2026-08-03
29,3f5ed9ce-981b-4086-96cd-fc28438a3ff7,substation,keitozu_no,extracted,2026-08-03
東予変電所,aaf95c05-3483-4eb0-b037-004a0e4ca01a,substation,keitozu,extracted,2026-08-03
3,aaf95c05-3483-4eb0-b037-004a0e4ca01a,substation,keitozu_no,extracted,2026-08-03
麻変電所,ed64d8d5-ef75-4b94-953b-ec65b76fac22,substation,keitozu,extracted,2026-08-03
30,ed64d8d5-ef75-4b94-953b-ec65b76fac22,substation,keitozu_no,extracted,2026-08-03
坂出火力変電所,ac5b61af-24d2-406f-8f8b-b07ab417a159,substation,keitozu,extracted,2026-08-03
31,ac5b61af-24d2-406f-8f8b-b07ab417a159,substation,keitozu_no,extracted,2026-08-03
讃岐変電所,bbcd2d96-3b26-4980-9158-3ab3e48bf160,substation,keitozu,extracted,2026-08-03
4,bbcd2d96-3b26-4980-9158-3ab3e48bf160,substation,keitozu_no,extracted,2026-08-03
阿波変電所,dba87702-f006-45aa-9ac0-1231a7a0f85d,substation,keitozu,extracted,2026-08-03
5,dba87702-f006-45aa-9ac0-1231a7a0f85d,substation,keitozu_no,extracted,2026-08-03
国府変電所,0f38b826-71bc-4d1d-9593-809f66f9cdb3,substation,keitozu,extracted,2026-08-03
8,0f38b826-71bc-4d1d-9593-809f66f9cdb3,substation,keitozu_no,extracted,2026-08-03
鳴門変電所,967bca7f-265a-4712-a642-6c7a57eafc57,substation,keitozu,extracted,2026-08-03
9,967bca7f-265a-4712-a642-6c7a57eafc57,substation,keitozu_no,extracted,2026-08-03
発電所〈1〉,71426a9c-9f11-42e8-9ac7-f59ab3c340ab,substation,keitozu,extracted,2026-08-03
1,71426a9c-9f11-42e8-9ac7-f59ab3c340ab,substation,keitozu_no,extracted,2026-08-03
発電所〈16〉,879dcb72-ef07-4954-b3f5-8ddd1258c7e7,substation,keitozu,extracted,2026-08-03
16,879dcb72-ef07-4954-b3f5-8ddd1258c7e7,substation,keitozu_no,extracted,2026-08-03
本川開閉所,d9f4e64f-6f90-45dc-9ad8-109c75543423,substation,keitozu,extracted,2026-08-03
17,d9f4e64f-6f90-45dc-9ad8-109c75543423,substation,keitozu_no,extracted,2026-08-03
発電所〈18〉,830e035d-b2f7-467d-b7ec-f77aa9087228,substation,keitozu,extracted,2026-08-03
18,830e035d-b2f7-467d-b7ec-f77aa9087228,substation,keitozu_no,extracted,2026-08-03
阿南変換所,407d3f9d-9a70-4e5d-9920-243bf3956c81,substation,keitozu,extracted,2026-08-03
6,407d3f9d-9a70-4e5d-9920-243bf3956c81,substation,keitozu_no,extracted,2026-08-03
発電所〈7〉,c8ae6dd4-73cb-44e7-8e2d-464fb7f92595,substation,keitozu,extracted,2026-08-03
7,c8ae6dd4-73cb-44e7-8e2d-464fb7f92595,substation,keitozu_no,extracted,2026-08-03
讃岐鳴門線 №69分岐点,6fc2b052-65f2-46be-8967-f2ea48aab349,substation,keitozu,extracted,2026-08-03
送32 №69,6fc2b052-65f2-46be-8967-f2ea48aab349,substation,keitozu_no,extracted,2026-08-03
長山線 №1分岐点,039b7680-792a-46fb-811c-dc2fba82109f,substation,keitozu,extracted,2026-08-03
送39 №1,039b7680-792a-46fb-811c-dc2fba82109f,substation,keitozu_no,extracted,2026-08-03
基S1,369aa4ca-97d0-4152-9558-0e2521a111cd,substation,keitozu,extracted,2026-08-03
基S2,a3c60a8e-9cd4-4c3e-b8a1-ba585a7d43e2,substation,keitozu,extracted,2026-08-03
基S3,95b2fed2-f880-4289-ab97-4e82404c09ee,substation,keitozu,extracted,2026-08-03
基S4,ddd61753-6286-48de-9c70-3a2b7b8773b3,substation,keitozu,extracted,2026-08-03
基S5,933fc9f3-b80f-4db5-9704-89907e1f615e,substation,keitozu,extracted,2026-08-03
基S6,e7bb9e3c-8423-45c1-8606-52037a3db0a9,substation,keitozu,extracted,2026-08-03
基S8,2315573a-00cd-43eb-8991-32c8cc465351,substation,keitozu,extracted,2026-08-03
基S9,0c07712c-b4be-418e-9b67-d53663a7b1c4,substation,keitozu,extracted,2026-08-03
基S10,531dd3eb-2415-48be-935a-e0ea2040d283,substation,keitozu,extracted,2026-08-03
基S11,d65eb499-3d40-4e39-92f5-8fb8e6db3ee6,substation,keitozu,extracted,2026-08-03
基S12,39f746c4-4561-4342-a58e-e8a4122a8fa3,substation,keitozu,extracted,2026-08-03
基S13,5ed3548c-4093-4060-bd01-baca7f4d1d43,substation,keitozu,extracted,2026-08-03
基S14,376c2ef2-0714-4c13-b236-6543c8a14c52,substation,keitozu,extracted,2026-08-03
基S15,1af49215-b47c-418c-878b-812c2fe410b6,substation,keitozu,extracted,2026-08-03
基S16,25121c2b-3287-488c-9426-8ff1ee1b139d,substation,keitozu,extracted,2026-08-03
基S17,00164373-2f0b-4d08-b17b-d3ae1f4d390e,substation,keitozu,extracted,2026-08-03
基S18,bc1b9128-8710-4e07-980f-41d37a75e332,substation,keitozu,extracted,2026-08-03
基S19,6b3046ef-31eb-48b8-89ac-5db630aa809b,substation,keitozu,extracted,2026-08-03
基S20,dc700536-0865-4283-86d1-2c02cb56c524,substation,keitozu,extracted,2026-08-03
基S21,5b90df00-f003-4b2e-97b7-1d9bae411cd2,substation,keitozu,extracted,2026-08-03
基S22,90f60dd0-0baf-4763-931e-c56e1b73c89e,substation,keitozu,extracted,2026-08-03
基S23,b1844783-577b-45d0-8156-8c2182ffe5a7,substation,keitozu,extracted,2026-08-03
基S24,1e9ca48c-09e9-43df-807f-cf2fb583b632,substation,keitozu,extracted,2026-08-03
基S25,12d41056-9ce5-4ea5-8693-7787952dbfed,substation,keitozu,extracted,2026-08-03
基S26,40edfd6e-c5a4-45bc-9bb1-3d9bda1721dd,substation,keitozu,extracted,2026-08-03
基S27,cdf9dff0-9c99-4333-9769-c11317146470,substation,keitozu,extracted,2026-08-03
基S28,ea02fac6-5d9d-4217-a2c4-744923fcf402,substation,keitozu,extracted,2026-08-03
無名開閉所A（基L24・基L25・基L38接続点）,5fe07e97-2948-4fb8-af84-fa906d692b51,substation,keitozu,extracted,2026-08-03
無名開閉所B（基L39・基L40接続点）,e66e6781-5914-4f4d-bc23-0815aa38c4e1,substation,keitozu,extracted,2026-08-03
無名開閉所C（基L29・基L31・基L32・基L33接続点）,7e2e9e2e-e992-420e-a0a6-d406c759b7fa,substation,keitozu,extracted,2026-08-03
無名開閉所D（基L29・基L30分岐点）,c6674fce-7cca-435b-86b2-fa7d257197ee,substation,keitozu,extracted,2026-08-03
無名開閉所F（基L51線上、基S15東）,2ab25c20-b3de-4322-9a3a-ef9ee07f94c3,substation,keitozu,extracted,2026-08-03
無名分岐点G（基L34・基L35・基S20分岐）,7488be46-a9ed-4bdd-b588-64d60990bc26,substation,keitozu,extracted,2026-08-03
無名発電所P1（基L46・基L47、基S24西）,1f10f09f-d059-405a-b680-f51b15cfb2eb,substation,keitozu,extracted,2026-08-03
無名発電所P2（基L48、基S17東）,5cbee257-008b-4d4d-8987-f42c4e95fb8b,substation,keitozu,extracted,2026-08-03
無名発電所P3（基L49、基S11西）,97d3443a-1ca0-42e4-8f88-2eec6b31cb14,substation,keitozu,extracted,2026-08-03
無名発電所P4（基L50、基S23北西）,555a4efb-bd7c-4bb7-bfbb-59cb5da40c0f,substation,keitozu,extracted,2026-08-03
1,d59cfa2e-4567-4e15-9b8c-37557626c116,substation,keitozu,extracted,2026-08-03
2,5c88e889-c284-47b8-970b-40ac8caf0062,substation,keitozu,extracted,2026-08-03
3,2692a541-4c04-468a-b938-35432b1f1e56,substation,keitozu,extracted,2026-08-03
4,81f2b1cd-779b-4590-a009-3334dc385067,substation,keitozu,extracted,2026-08-03
5,7a8b9bec-4c80-4240-ad59-bbf300e1c252,substation,keitozu,extracted,2026-08-03
6,79656f12-787a-43de-9aeb-fdde8b47da8e,substation,keitozu,extracted,2026-08-03
7,8cd59ca5-ccf2-4047-ba8a-c24582cbbd11,substation,keitozu,extracted,2026-08-03
8,37877ea5-306b-4d4b-8e88-74984e12aa24,substation,keitozu,extracted,2026-08-03
9,7b01f311-03fa-43fe-bae1-8f839b7f5284,substation,keitozu,extracted,2026-08-03
10,5c49b912-fb6c-4e6a-8ca3-b52e416691c4,substation,keitozu,extracted,2026-08-03
11,378a0139-cf42-435b-b048-1d5d3a844f07,substation,keitozu,extracted,2026-08-03
12,471068e6-ce54-4246-afa6-61c64ad9c333,substation,keitozu,extracted,2026-08-03
13,b8609cf2-785b-4318-9602-1b1400b5c34d,substation,keitozu,extracted,2026-08-03
14,a324128b-472d-42d9-95a4-d5028649ded9,substation,keitozu,extracted,2026-08-03
15,61399dc5-8bce-4f2e-bd1f-5ad462b28f7e,substation,keitozu,extracted,2026-08-03
16,53d4082a-64c1-4240-95c8-2c6e192a3a15,substation,keitozu,extracted,2026-08-03
17,c1b2b226-dc72-4278-ab12-ab309baee63d,substation,keitozu,extracted,2026-08-03
18,674e3fce-ab9d-45a8-96b3-cececd9ee026,substation,keitozu,extracted,2026-08-03
19,ea710a96-523a-4d53-9d69-18958b715711,substation,keitozu,extracted,2026-08-03
20,02aa37b2-b7af-41c8-a814-8d85ddeaac1d,substation,keitozu,extracted,2026-08-03
21,b7710089-1623-4cc4-8647-137d0a1d0ece,substation,keitozu,extracted,2026-08-03
22,99e161e1-48fe-47f5-b9c3-9a3aeb784a9f,substation,keitozu,extracted,2026-08-03
23,b3d2ef38-da5f-4220-929e-433036a233ac,substation,keitozu,extracted,2026-08-03
24,705751cf-dfdd-4672-8abc-b7e0891aa3e7,substation,keitozu,extracted,2026-08-03
25,03b5ccbe-a53d-4dc3-a3da-7a729b3ebdfc,substation,keitozu,extracted,2026-08-03
26,cc6b230e-15d1-40a6-8cf7-f74cfe188d8e,substation,keitozu,extracted,2026-08-03
27,7f5ddb16-7602-4295-9207-41367e1c834d,substation,keitozu,extracted,2026-08-03
28,06e66076-7d68-466a-9ffa-d8915800d8f4,substation,keitozu,extracted,2026-08-03
29,a60edc6b-8aae-4055-9301-e1ce0f45fe68,substation,keitozu,extracted,2026-08-03
30,cfab3170-038e-43a4-9e32-0e9f19dc2665,substation,keitozu,extracted,2026-08-03
31,7a8c21b7-51e2-4319-a779-a51a6c52a07a,substation,keitozu,extracted,2026-08-03
32,2a610bd8-3372-4817-89f7-f0903ea2a54e,substation,keitozu,extracted,2026-08-03
33,2484ecaf-a049-4425-b20a-a2c56ac0999f,substation,keitozu,extracted,2026-08-03
34,0373b1f6-9078-46dd-b312-7812d84e0095,substation,keitozu,extracted,2026-08-03
35,fdc287b2-90ad-41e8-96b7-8a5479c29b08,substation,keitozu,extracted,2026-08-03
36,b7e689c2-9ad1-44ee-9ffe-0b61b1f2c9a6,substation,keitozu,extracted,2026-08-03
37,b2daca68-606b-4379-98d0-fe6de499f232,substation,keitozu,extracted,2026-08-03
38,c00d90fe-332b-49db-9973-92d8101dff74,substation,keitozu,extracted,2026-08-03
39,d7c74336-8ea6-4fb5-93ce-fe93f645c7dc,substation,keitozu,extracted,2026-08-03
40,59853ee3-64f9-4a71-9400-b74a66775a95,substation,keitozu,extracted,2026-08-03
41,2560c701-fff0-40ee-afe2-1885002a14be,substation,keitozu,extracted,2026-08-03
42,797fe74e-f5be-4a30-8575-c09ef4f97e6c,substation,keitozu,extracted,2026-08-03
43,17727459-a54e-4ec8-95ee-34885986cdb3,substation,keitozu,extracted,2026-08-03
44,c5d10023-8285-4536-8dbf-e829fb5f7ef5,substation,keitozu,extracted,2026-08-03
45,6b551126-bc68-4007-bd67-a6adba2765ce,substation,keitozu,extracted,2026-08-03
46,5c7abb86-bb0c-448e-8ded-8fcfdb5f1a9f,substation,keitozu,extracted,2026-08-03
47,f4a85bb0-ad65-413b-9b6d-a1797cb884d8,substation,keitozu,extracted,2026-08-03
48,a153d9d6-a133-4a16-8524-7c56952b6c9c,substation,keitozu,extracted,2026-08-03
49,974fbf13-5cd8-4f0c-9ebc-6fa8a8311f72,substation,keitozu,extracted,2026-08-03
50,f2a5c43f-5606-42c0-a244-57e7f6a0c27f,substation,keitozu,extracted,2026-08-03
51,3cc5a798-672a-40ca-b34f-c6e49b720518,substation,keitozu,extracted,2026-08-03
52,39bf750b-1f8b-4a72-917a-368e247331d4,substation,keitozu,extracted,2026-08-03
53,6888652e-a1ed-4075-b2ad-43d4406e8cd6,substation,keitozu,extracted,2026-08-03
54,1080144d-2342-41b3-9461-49dbbc5b94ab,substation,keitozu,extracted,2026-08-03
55,fecd0161-4f16-4de9-9293-b348f8e592f9,substation,keitozu,extracted,2026-08-03
56,d45d1f2f-0303-4923-a8f0-091244403f6e,substation,keitozu,extracted,2026-08-03
57,fa74445e-9af1-411f-b98a-4a3a5980bd22,substation,keitozu,extracted,2026-08-03
58,30187667-20b8-436f-8145-697ccf8fdc70,substation,keitozu,extracted,2026-08-03
59,79a35e00-c3e3-42cb-b22a-bdd3a7ec1526,substation,keitozu,extracted,2026-08-03
60,20035827-21ac-47c2-bcc1-f01c8eb20002,substation,keitozu,extracted,2026-08-03
61,7a9fc8ce-80be-4c4e-9082-a5f23042a172,substation,keitozu,extracted,2026-08-03
62,9be57449-5687-40df-986e-9a996327f5cd,substation,keitozu,extracted,2026-08-03
63,2b97444e-c0db-4aca-8775-d619df08b06b,substation,keitozu,extracted,2026-08-03
64,6d905672-793c-419d-86fd-57d163ab5911,substation,keitozu,extracted,2026-08-03
65,31bf0a36-5f00-4ebf-a38b-0cb3c5a0d30b,substation,keitozu,extracted,2026-08-03
66,714eab5b-3534-49ef-82c0-debee713f54c,substation,keitozu,extracted,2026-08-03
67,3ecd2ae8-d437-4709-aabe-594dbb14b427,substation,keitozu,extracted,2026-08-03
68,dc954863-054c-4875-9bfa-d0d4628348f2,substation,keitozu,extracted,2026-08-03
69,78aa17e0-adbf-4e24-943d-56f7d73b403f,substation,keitozu,extracted,2026-08-03
70,ebca79da-c6fd-418e-aabe-970b2be11fd5,substation,keitozu,extracted,2026-08-03
71,df9885d0-d4ca-4bd0-832a-56d23e7f888f,substation,keitozu,extracted,2026-08-03
72,4ca8749b-f342-4bd5-b885-8107c46b7fca,substation,keitozu,extracted,2026-08-03
74,dc8e22e5-3d9a-40f4-a991-664a8f88872b,substation,keitozu,extracted,2026-08-03
75,2101b6f8-5b34-4c92-89b7-c642c5f34cbf,substation,keitozu,extracted,2026-08-03
76,37ffe127-ebf2-4b3e-b1db-6bc70c752978,substation,keitozu,extracted,2026-08-03
77,caf88a31-607d-4747-8374-12d97786c130,substation,keitozu,extracted,2026-08-03
78,5faad957-c490-4f30-b1d6-23dd9fb2eb61,substation,keitozu,extracted,2026-08-03
79,9118bacd-3988-44c9-99ac-ca93bb4a1ba3,substation,keitozu,extracted,2026-08-03
82,9b312dd5-6b87-4f83-a451-f00e3aa1fdbe,substation,keitozu,extracted,2026-08-03
83,a1ff0f3b-fb30-4506-ac54-d4de57a10f73,substation,keitozu,extracted,2026-08-03
84,43256bde-4082-4c72-901f-f838b2e248ec,substation,keitozu,extracted,2026-08-03
85,81274a32-d725-4213-b35e-299e59d77570,substation,keitozu,extracted,2026-08-03
87,bd44cc7e-b1bd-4a16-af02-825aacb78df7,substation,keitozu,extracted,2026-08-03
89,cc899451-2d10-49c3-bd5f-fa45e4990bea,substation,keitozu,extracted,2026-08-03
93,e3930b9a-c1db-4182-9f00-54793a79ea07,substation,keitozu,extracted,2026-08-03
GEN-01,ed5b8a58-c570-4cc6-b140-46743efddad8,substation,keitozu,extracted,2026-08-03
GEN-02,7c8f9ea5-47d4-44e0-9c3f-df01e3abdcd5,substation,keitozu,extracted,2026-08-03
GEN-03,18ba3445-8b6b-4736-9f52-f1dd94b0123e,substation,keitozu,extracted,2026-08-03
GEN-04,df61dff0-3e83-4f3e-a35f-770f26ce63bd,substation,keitozu,extracted,2026-08-03
GEN-05,dc319bd9-92b4-4bd9-8dc4-0a4ee75bd523,substation,keitozu,extracted,2026-08-03
GEN-06,4749b25c-692e-458a-bcad-1f534c45e421,substation,keitozu,extracted,2026-08-03
GEN-07,52e35dd7-d18c-4ce0-8cd7-6812135b1a5e,substation,keitozu,extracted,2026-08-03
GEN-08,54accebb-c0f3-4141-a47c-51f198154dc4,substation,keitozu,extracted,2026-08-03
U-69,b0f05373-cc42-4023-91a2-b9d27b211c2d,substation,keitozu,extracted,2026-08-03
ひむか,3591a1fb-70e4-4daf-8433-d5b37fe8a920,substation,keitozu,extracted,2026-08-03
中九州,c389ef35-e6fd-4720-9577-318d838dbecd,substation,keitozu,extracted,2026-08-03
中央,e9dbf5a8-5413-4e93-bf48-caa9ed26c1b0,substation,keitozu,extracted,2026-08-03
北九州,09a9d654-fe2d-4ddf-9a98-497aa87edb79,substation,keitozu,extracted,2026-08-03
南九州,540fd7d0-c461-432e-be21-16473ae308a6,substation,keitozu,extracted,2026-08-03
宮崎,4249e180-5f96-4230-a891-ffcec4f6970e,substation,keitozu,extracted,2026-08-03
川薩,fc4a455f-a002-43dc-951b-35cee1fb1776,substation,keitozu,extracted,2026-08-03
志佐,91a6132e-4913-456b-8c86-ce6bf078940c,substation,keitozu,extracted,2026-08-03
東九州,5b5b8151-c277-492c-a349-ada207b42b07,substation,keitozu,extracted,2026-08-03
熊本,a8932fd2-9a3e-4a02-bc51-c1401c64a3c2,substation,keitozu,extracted,2026-08-03
玄海原子力,d2bdaf95-ce19-4805-a8f4-ffc39624d36e,substation,keitozu,extracted,2026-08-03
背振,fcf09664-b6b2-46d6-a6e2-bdc672bc6d22,substation,keitozu,extracted,2026-08-03
苓北,402d56c7-2a6e-4e45-baf1-704f3a724916,substation,keitozu,extracted,2026-08-03
西九州,a9a875c5-359a-432d-b6e3-b7cbac5d1096,substation,keitozu,extracted,2026-08-03
豊前,44f83efb-1bbc-4a41-aad8-8e35e4aa3b03,substation,keitozu,extracted,2026-08-03
一ツ瀬,8d306996-b028-4a83-8c28-318e18930677,substation,keitozu,extracted,2026-08-03
三池,94f37850-284f-4333-99fb-993c94d1ade1,substation,keitozu,extracted,2026-08-03
上椎葉,904c9751-c632-4b33-a64b-c0d2e99c4691,substation,keitozu,extracted,2026-08-03
上津役,00173bac-0eef-4d19-be24-a1eacc885982,substation,keitozu,extracted,2026-08-03
久保泉,1b1fefb8-db54-4f49-bc5d-1a7cbf5ac2a3,substation,keitozu,extracted,2026-08-03
久留米,a3f7ebd7-e714-4bb9-a9a4-73848c944f34,substation,keitozu,extracted,2026-08-03
井堀,90449380-1c38-4d22-bba3-76586a56b0b7,substation,keitozu,extracted,2026-08-03
人吉,a855e2ac-6d01-41f3-842a-608981ed9794,substation,keitozu,extracted,2026-08-03
伊倉,8ee9988f-93b4-4e47-9432-cc377150ebd4,substation,keitozu,extracted,2026-08-03
伊都,1d73b977-5daf-46a0-9382-e2654cf8bfb0,substation,keitozu,extracted,2026-08-03
住吉,2f4c283d-bd13-43e8-be85-d267ca671969,substation,keitozu,extracted,2026-08-03
佐賀,5becd1e3-6c07-4668-9557-91b3aefd2efc,substation,keitozu,extracted,2026-08-03
八代,0f0052ac-8e22-4470-9929-7e551e81e9a6,substation,keitozu,extracted,2026-08-03
出水,b44d4b94-800f-4ffd-af05-e2feae9f7590,substation,keitozu,extracted,2026-08-03
到津,113050db-f01f-4521-9f3a-fa9d25bdd33c,substation,keitozu,extracted,2026-08-03
北熊本,3149bc32-66d7-4363-a3cd-708a231f4710,substation,keitozu,extracted,2026-08-03
北長崎,19cd2c20-b0fb-405e-898e-be5b6476981e,substation,keitozu,extracted,2026-08-03
南原,dcb444b4-33bf-45ea-8fb9-cdd04ed4758e,substation,keitozu,extracted,2026-08-03
南宮崎,ece8e9ca-4a28-4232-90e8-3e4c194093df,substation,keitozu,extracted,2026-08-03
南熊本,dffdc0eb-b78a-47f0-bec2-3855c0cbf13b,substation,keitozu,extracted,2026-08-03
南福岡,e8bf97be-ba03-48ac-83fc-70575f4eb402,substation,keitozu,extracted,2026-08-03
南苅田,510fb592-58ae-47cb-b448-e77722e41d75,substation,keitozu,extracted,2026-08-03
原古賀,38dcac42-821d-4ae4-ac37-a252fc109092,substation,keitozu,extracted,2026-08-03
古賀,45842840-67d3-417d-8291-c9a64c0ec4c4,substation,keitozu,extracted,2026-08-03
向江,256d0c31-ba5b-41c6-b138-35f0e1211aab,substation,keitozu,extracted,2026-08-03
唐津,2ca2c515-3618-4dcf-a99f-e6f0bf0d9917,substation,keitozu,extracted,2026-08-03
堅粕,13019ca3-4943-4001-8a04-55d60795dc14,substation,keitozu,extracted,2026-08-03
大分,4f7ba6da-76cf-4328-ac03-56223dcc7963,substation,keitozu,extracted,2026-08-03
大平,66edcf2b-bc82-48a8-a0dd-34827fbcd403,substation,keitozu,extracted,2026-08-03
大津,7e93dd11-86b2-47b6-9c33-a015fcfb5108,substation,keitozu,extracted,2026-08-03
大田,e2973459-b5f4-4c84-803c-e6d610e63abd,substation,keitozu,extracted,2026-08-03
宮原,44b9125f-7039-4c77-b42a-b1e945ff43c5,substation,keitozu,extracted,2026-08-03
寺浦,2c7fbf13-4df1-434e-adf8-19b5775fafab,substation,keitozu,extracted,2026-08-03
山家,c2650c40-a1ee-4870-9546-c483578a0eb2,substation,keitozu,extracted,2026-08-03
川内,91d36989-9fb9-4df4-b054-d093db7fe529,substation,keitozu,extracted,2026-08-03
川辺,1a46cae7-dbd7-4061-b87d-a1494dc1c2e3,substation,keitozu,extracted,2026-08-03
弓削,16c5726b-837a-4050-8281-c68d851b6fe6,substation,keitozu,extracted,2026-08-03
御館,33ff31e0-0daa-49c6-adcb-da7a6d5a5b8a,substation,keitozu,extracted,2026-08-03
新大分,0d569b24-6d54-434a-9d8e-945375c12f09,substation,keitozu,extracted,2026-08-03
新日向,e4e45084-f5d4-4261-ac3f-17c72e2d9b6e,substation,keitozu,extracted,2026-08-03
新鹿児島,328293f2-7c1b-447d-9d9d-5678971a4d6e,substation,keitozu,extracted,2026-08-03
日岡,3ac86374-1ef3-479b-933d-e16df4cb0605,substation,keitozu,extracted,2026-08-03
木佐木,cf44e885-d462-4398-9a8d-391642180ed7,substation,keitozu,extracted,2026-08-03
東佐世保,490c0d23-59cb-483d-af1d-44bd56df626f,substation,keitozu,extracted,2026-08-03
東大分,65c305a5-6b87-4dab-80f8-09175e7e8794,substation,keitozu,extracted,2026-08-03
東福岡,a3e07d35-4967-4215-b1de-467c4edbc1f9,substation,keitozu,extracted,2026-08-03
東豊前,3954234f-cb20-4534-8511-f20e485ee0be,substation,keitozu,extracted,2026-08-03
松島,a83a4415-58a6-4780-b000-efc7fe6fcf74,substation,keitozu,extracted,2026-08-03
柏田,8240220d-c12d-4cd9-9f41-73a2d5d2f79b,substation,keitozu,extracted,2026-08-03
槻田,7bb88982-353f-4b12-a65c-cd5db8f50030,substation,keitozu,extracted,2026-08-03
武雄,e423863c-8726-4ee4-aaea-189cb85e03de,substation,keitozu,extracted,2026-08-03
海崎,0b0f2890-9f1a-41ed-9dea-a92442bc65f1,substation,keitozu,extracted,2026-08-03
港町,187662fe-c1c1-4aa5-9eb6-4ad70ff9115b,substation,keitozu,extracted,2026-08-03
瀬戸,b964ad8a-0e50-43c6-8baa-f0a912cf5523,substation,keitozu,extracted,2026-08-03
筑豊,dcc4763a-092c-4ae1-bf9e-9f18fae18817,substation,keitozu,extracted,2026-08-03
緑川,190bc9b7-fb74-41b1-8d07-15796ee58a84,substation,keitozu,extracted,2026-08-03
苅田,ec0556b2-4fd9-44e2-b4e4-2355dd77a4a6,substation,keitozu,extracted,2026-08-03
行橋,b9f7604e-0813-4dec-af0c-233528a757c5,substation,keitozu,extracted,2026-08-03
西佐世保,163b43a9-0df3-4c46-9470-9be0920e691f,substation,keitozu,extracted,2026-08-03
西大分,9ed391bc-89ed-450c-91ce-5b64b04beb3e,substation,keitozu,extracted,2026-08-03
西福岡,0305b4e0-7f10-42bf-a122-d1dbf6437be2,substation,keitozu,extracted,2026-08-03
西谷,97a08901-b554-4fe2-a068-3b1bad63ef51,substation,keitozu,extracted,2026-08-03
諫早,9ae5f65d-8b3c-4e66-a94c-00cf02dbd9c4,substation,keitozu,extracted,2026-08-03
赤坂,f129dc40-fa78-47a4-a50a-9f48702f1b37,substation,keitozu,extracted,2026-08-03
速見,567a4dc2-07da-4ca0-86d8-766347423611,substation,keitozu,extracted,2026-08-03
都城,40d530e1-4337-4e21-97cb-63bffa798fae,substation,keitozu,extracted,2026-08-03
長崎,cd1543e6-00d8-4b9b-8424-1abd36df3a31,substation,keitozu,extracted,2026-08-03
門司,d35a3d0c-526e-4e21-a1c5-ce6636df5ab3,substation,keitozu,extracted,2026-08-03
霧島,e2756390-e12e-4a22-9575-8f6a70245075,substation,keitozu,extracted,2026-08-03
高野,ceb5788e-855b-408d-b1f5-f73dcb02f190,substation,keitozu,extracted,2026-08-03
鳥栖,8b645c7c-660b-4fd5-929f-40ccf153c50b,substation,keitozu,extracted,2026-08-03
A,9ddd5055-4300-45f4-9591-149b15e03c9b,substation,keitozu,extracted,2026-08-03
B,b6f35099-07c2-4143-af1c-5a6da5df89c6,substation,keitozu,extracted,2026-08-03
C,77ba8483-4348-4521-99dc-035fe7173085,substation,keitozu,extracted,2026-08-03
D,e09d9f6e-938e-40a3-94ab-edb939c9b68d,substation,keitozu,extracted,2026-08-03
E,3c3e5570-63ee-4374-8706-84bb43fc3e3b,substation,keitozu,extracted,2026-08-03
F,b3915415-7af2-4634-833a-f8e3099ace12,substation,keitozu,extracted,2026-08-03
G,a894d93d-12bf-4305-ac03-e93799f58f2d,substation,keitozu,extracted,2026-08-03
H,01fdf044-cd8b-4f69-bb82-306cbe0bb297,substation,keitozu,extracted,2026-08-03
I,7d13aed5-b050-4b48-860b-1bdbec87c7aa,substation,keitozu,extracted,2026-08-03
J,def6fad1-a85a-45bb-aeb5-a831f2a59c5f,substation,keitozu,extracted,2026-08-03
K,588616d9-5fae-4745-b165-46ce2f0db4b9,substation,keitozu,extracted,2026-08-03
P,c7886323-c801-4fdf-bedc-b86bd1e77380,substation,keitozu,extracted,2026-08-03
Q,b9cd99a8-ce45-471e-b261-4661225d1acc,substation,keitozu,extracted,2026-08-03
R,e9851e45-ecdc-4af7-870d-d32ae7bca015,substation,keitozu,extracted,2026-08-03
開A,ca7c2e91-e867-4205-8bab-b146f98679e0,substation,keitozu,extracted,2026-08-03
開B,8a5bfccb-b254-4129-be0e-10fc61885f79,substation,keitozu,extracted,2026-08-03
開C,54bb9e9a-9632-4e52-ba96-2c077fa92438,substation,keitozu,extracted,2026-08-03
開D,11dabf47-c0fd-4b35-b875-438100d2d831,substation,keitozu,extracted,2026-08-03
開M,fbfc6e0b-9647-45d7-9926-1ccd4743179a,substation,keitozu,extracted,2026-08-03
無名p1-2,db5d7dbb-c13c-4053-9508-8d5b1d8d53b7,substation,keitozu,extracted,2026-08-03
無名p1-3,eda080c6-8edb-4060-af87-f4dfbd8d1793,substation,keitozu,extracted,2026-08-03
L,e9beaf24-b7dc-4272-b2b9-5a105e9a5e6f,substation,keitozu,extracted,2026-08-03
M,5eaf0386-ec82-4f68-b733-a422cd28f920,substation,keitozu,extracted,2026-08-03
O,8cdf3195-82b0-4a22-90ae-da82e72d212e,substation,keitozu,extracted,2026-08-03
AC,d2516e85-204b-40c2-9e2d-55b65e847a9c,substation,keitozu,extracted,2026-08-03
AD,49675a93-5982-4a01-b2d3-7f7bba160999,substation,keitozu,extracted,2026-08-03
AE,de90b20e-324f-4671-b38e-7a63d15506a2,substation,keitozu,extracted,2026-08-03
AF,4058d0e9-bbd2-402a-8039-9b16522f877e,substation,keitozu,extracted,2026-08-03
AG,c93988d9-ec9f-4961-88e0-d491aa026000,substation,keitozu,extracted,2026-08-03
AH,54314c67-fac2-40e6-9ab8-3a74b3032483,substation,keitozu,extracted,2026-08-03
AI,422f05be-92d8-48ab-b2e0-482610b2d6c3,substation,keitozu,extracted,2026-08-03
AJ,bc002110-b2b9-4c75-87bd-98cd2636866c,substation,keitozu,extracted,2026-08-03
AK,0c80ac5d-9c85-4e08-92cc-e53ba04d86aa,substation,keitozu,extracted,2026-08-03
AL,72400a77-83e7-4fe6-8204-e3411e8f45d0,substation,keitozu,extracted,2026-08-03
AM,221fc1f1-b89b-450e-b19e-1052f878b438,substation,keitozu,extracted,2026-08-03
AN,92dadf1f-48f2-48f0-9746-38668b8d6406,substation,keitozu,extracted,2026-08-03
AO,05d56d1b-4ae7-422f-91d2-524235485d9c,substation,keitozu,extracted,2026-08-03
AP,04a0604d-2bda-4055-9a0b-c5042d31b99c,substation,keitozu,extracted,2026-08-03
AQ,86b6c90a-27dc-4a7b-a093-67133610e557,substation,keitozu,extracted,2026-08-03
AR,05a700e3-5ff8-45a8-8dad-68a904e03f69,substation,keitozu,extracted,2026-08-03
AS,0dd13a67-c4c4-415e-ba73-97cd314825fd,substation,keitozu,extracted,2026-08-03
AU,e738d0a7-38d6-4289-9399-5c5df706168a,substation,keitozu,extracted,2026-08-03
AV,b32f59ff-17e1-4de2-b2c2-a1bde03cd8cf,substation,keitozu,extracted,2026-08-03
AW,c7c3772a-a52b-4bf6-b8a9-7cb9979bf17c,substation,keitozu,extracted,2026-08-03
AX,ca13d98b-abd9-4160-b903-520e22a8c51b,substation,keitozu,extracted,2026-08-03
AY,37507885-cb3b-4e9a-8716-5c6eb79821de,substation,keitozu,extracted,2026-08-03
BA,98e8d3d1-8447-442d-b2fa-020fa6fbc7fa,substation,keitozu,extracted,2026-08-03
BD,3563f379-7a95-4f5b-9f81-3a66a8c76eab,substation,keitozu,extracted,2026-08-03
BE,12e2e5d0-3df8-496f-8196-5d45a39abbbf,substation,keitozu,extracted,2026-08-03
BF,1f2f8543-3b00-4462-9b97-a3005ca08d64,substation,keitozu,extracted,2026-08-03
BG,8e2f381f-e7bc-4bf5-a5ef-8a91bc0f88c1,substation,keitozu,extracted,2026-08-03
BH,13481430-0340-48f8-9dca-66e90dd2f16d,substation,keitozu,extracted,2026-08-03
BI,7842ea4d-5e9d-4431-b44b-3c7ab34fba25,substation,keitozu,extracted,2026-08-03
BJ,254798ad-10fd-4ab5-9d54-5de595681560,substation,keitozu,extracted,2026-08-03
BM,3d7c3a74-d8f0-46e7-88c3-3c977f5e8353,substation,keitozu,extracted,2026-08-03
BN,e3dc19d0-9525-478c-869c-9c32800bbfd1,substation,keitozu,extracted,2026-08-03
BO,509f9f3c-45bb-441d-8184-b1f13d51245e,substation,keitozu,extracted,2026-08-03
BP,8c55c66e-98ab-4538-a51c-2cc2333323d7,substation,keitozu,extracted,2026-08-03
BQ,1f9f2c8d-7f2f-417e-84e7-d744214d6e91,substation,keitozu,extracted,2026-08-03
BR,b1541874-6a60-4022-a233-8b3e7ec61e87,substation,keitozu,extracted,2026-08-03
BS,b962f76a-2cab-4a70-be78-8a9bacbafc22,substation,keitozu,extracted,2026-08-03
BT,4900193b-aba4-43d9-997f-0c6d3f184215,substation,keitozu,extracted,2026-08-03
海A,23a3f6bc-436c-4e40-9717-e2ea15096b02,substation,keitozu,extracted,2026-08-03
海D,547c791a-40a7-49f6-8dcd-3c8b7ca74522,substation,keitozu,extracted,2026-08-03
海E,a60db330-d50a-4e0a-a353-3f72fdd871e7,substation,keitozu,extracted,2026-08-03
海F,e767d27d-70a6-4540-9dfa-00f09fa40f11,substation,keitozu,extracted,2026-08-03
開E,e56f4be9-cf61-44bd-a822-b8139388e320,substation,keitozu,extracted,2026-08-03
開F,f58d37c2-a7c9-4739-8b22-3f98e922e8f7,substation,keitozu,extracted,2026-08-03
開G,fe2e6cab-cede-4e1f-896a-2dd33b6f4e4d,substation,keitozu,extracted,2026-08-03
開H,dc9b7031-38ee-4b7e-828b-d878bf38f6a0,substation,keitozu,extracted,2026-08-03
開I,b34bbd4c-16bc-4603-be2c-0c94db0f21b2,substation,keitozu,extracted,2026-08-03
開J,d153b9d6-afca-46e9-99da-37a1a9e96220,substation,keitozu,extracted,2026-08-03
開K,946795c9-3430-4584-bcc7-860f56a5d99e,substation,keitozu,extracted,2026-08-03
開L,a63d8ca4-21d1-4c4a-9c78-4a4070846e2e,substation,keitozu,extracted,2026-08-03
開N,e7cf145f-7721-4b77-8f12-5e85d8698c83,substation,keitozu,extracted,2026-08-03
開O,3785fd5f-4094-428e-bf9a-098057ca4136,substation,keitozu,extracted,2026-08-03
開P,562e42fa-ffe9-49cc-b495-10c11e38e027,substation,keitozu,extracted,2026-08-03
開Q,eb3a974d-edef-437c-b8f6-daab6451e986,substation,keitozu,extracted,2026-08-03
開R,1077f684-44f7-4be0-a249-e41f19d2ffef,substation,keitozu,extracted,2026-08-03
開S,c912c803-1c4e-42e0-97c0-c58102c6a88b,substation,keitozu,extracted,2026-08-03
陸D,d8735565-e0f6-4eca-acb4-432b80bf7e36,substation,keitozu,extracted,2026-08-03
陸F,470353c5-2b6c-4a42-8753-2389d5f62712,substation,keitozu,extracted,2026-08-03
無名p1-1,8e50b15b-d8ed-49b1-9635-fc7c3589feea,substation,keitozu,extracted,2026-08-03
無名p2-2,992942d5-8a7f-4183-af25-d32ab478fb8e,substation,keitozu,extracted,2026-08-03
N,b4cae6ac-bae7-48b6-bfcb-907516f19bce,substation,keitozu,extracted,2026-08-03
AA,07586997-a55d-40f2-82ed-2c66d83290dc,substation,keitozu,extracted,2026-08-03
AB,442d9534-fde5-4bac-a49f-8c9aadcaf4f4,substation,keitozu,extracted,2026-08-03
AT,470e019d-fb4d-44e0-b034-1b18b6f1aba9,substation,keitozu,extracted,2026-08-03
BB,4469fd48-8db1-4931-9eaa-68c97b100459,substation,keitozu,extracted,2026-08-03
BC,005b88f9-6db0-4df8-a9cc-5d1defc9d082,substation,keitozu,extracted,2026-08-03
BK,3b1916ed-a7fa-4e5f-b258-f8e724ac262b,substation,keitozu,extracted,2026-08-03
BL,de49f704-2860-4df2-98d9-7e51aedfbc8b,substation,keitozu,extracted,2026-08-03
CA,471f8ec3-0d4e-4064-852a-9db987178956,substation,keitozu,extracted,2026-08-03
CB,8ea9fcc7-81cd-472e-a9f0-7593b204f755,substation,keitozu,extracted,2026-08-03
CC,ac134b15-151a-465b-958b-ad5e0892ae8e,substation,keitozu,extracted,2026-08-03
CD,3d607798-baaa-4ef9-b65f-e617492ea329,substation,keitozu,extracted,2026-08-03
CE,bae00fab-b191-421f-81b9-d58874089835,substation,keitozu,extracted,2026-08-03
CF,3111020c-41b1-43fb-b29e-eb18aaec017d,substation,keitozu,extracted,2026-08-03
CG,73fa8086-0f09-44dd-ab3d-1040ba5ef4bf,substation,keitozu,extracted,2026-08-03
CH,ab318df4-8a8d-45f1-b592-2aca28c30555,substation,keitozu,extracted,2026-08-03
CI,6d6ada50-1c4d-4abb-9a9d-2018bdb656d7,substation,keitozu,extracted,2026-08-03
CJ,71367a59-50fc-40c0-a434-8e6f4ec8de42,substation,keitozu,extracted,2026-08-03
CK,0b0d98e4-23d4-41e0-911b-f1b06530ca95,substation,keitozu,extracted,2026-08-03
CL,32e0fa1b-0881-4fb3-9293-0677b007711b,substation,keitozu,extracted,2026-08-03
CM,7466472c-b618-423d-b543-d5b57a0a186d,substation,keitozu,extracted,2026-08-03
CN,4d93c6ee-6a46-426b-b24e-6d5a737b80af,substation,keitozu,extracted,2026-08-03
CO,e7605a44-a345-4941-b4df-d1211272def6,substation,keitozu,extracted,2026-08-03
CP,18f82faa-bfa0-41b3-8225-af4de05da041,substation,keitozu,extracted,2026-08-03
CQ,303de30c-3529-4526-b0d8-f58ae5e1cdf5,substation,keitozu,extracted,2026-08-03
CR,de3d63ad-1db4-4270-b582-9fc7ceae0f50,substation,keitozu,extracted,2026-08-03
CS,9faff1ed-3e71-4ff2-8c85-35efb8cc12da,substation,keitozu,extracted,2026-08-03
CT,9eeca2c9-e419-4736-8900-2d6cc6140fc8,substation,keitozu,extracted,2026-08-03
CU,1d2e618a-4c46-4b8e-8ef9-381f4c4929e7,substation,keitozu,extracted,2026-08-03
CV,40c898a0-f6fc-4acb-9075-8785678d3843,substation,keitozu,extracted,2026-08-03
CW,fb34c773-291c-4de8-a791-f12155788f30,substation,keitozu,extracted,2026-08-03
CX,fcb480de-7fbd-4d50-8912-f22682e7b58c,substation,keitozu,extracted,2026-08-03
CY,8ca41ff9-d8f1-4d94-a13d-a920ab540c3e,substation,keitozu,extracted,2026-08-03
CZ,2f01a50e-394c-45e3-a1d6-9fb14b91d28f,substation,keitozu,extracted,2026-08-03
DA,58df4675-ead4-4448-9ced-89fbca9fc6a3,substation,keitozu,extracted,2026-08-03
DB,e587cfe3-cf5e-427a-b4c7-b683c5d67492,substation,keitozu,extracted,2026-08-03
DC,410ee04b-b033-46ef-a394-875106f6764a,substation,keitozu,extracted,2026-08-03
DD,6af8f215-7b3c-4aae-a1f1-53a8bd850819,substation,keitozu,extracted,2026-08-03
DE,88d9dea6-51d0-4b0e-89fc-c2ed892b6d4e,substation,keitozu,extracted,2026-08-03
DF,94ffe985-6aa1-4c1f-a106-f088ae829548,substation,keitozu,extracted,2026-08-03
DG,bd718036-c4ce-4fe1-be55-1e68ab44b501,substation,keitozu,extracted,2026-08-03
DH,afb040eb-064d-4dc4-82fb-0e0f49eba46c,substation,keitozu,extracted,2026-08-03
DI,db17419e-08f7-4a80-ac32-c772e7f7b100,substation,keitozu,extracted,2026-08-03
DJ,5e0f7653-8aa7-4b70-9190-70bb6291332a,substation,keitozu,extracted,2026-08-03
DK,cf31b8d8-faa8-4771-9613-75cd802b9e1e,substation,keitozu,extracted,2026-08-03
DL,305eaecb-7a8a-4c73-b4ca-2f02b720a79a,substation,keitozu,extracted,2026-08-03
DM,9b8eabf3-2210-4eec-a520-8dd771718012,substation,keitozu,extracted,2026-08-03
DN,28cdc3e5-216b-4d3f-b769-74d6089213a7,substation,keitozu,extracted,2026-08-03
DO,fd984461-f77e-4b1b-bed1-4e598b66f0c8,substation,keitozu,extracted,2026-08-03
DQ,86ff90d4-8343-4468-924b-9b13526fd502,substation,keitozu,extracted,2026-08-03
DR,9c01b2cb-333f-4246-a6d2-32265149ffd5,substation,keitozu,extracted,2026-08-03
DU,c5f6a9ce-9675-427f-a7a7-109514a87a21,substation,keitozu,extracted,2026-08-03
DV,09fc97fe-6b80-4425-bab8-761328f97116,substation,keitozu,extracted,2026-08-03
DW,691be5d4-0917-43b8-b9f0-58abdf0f464b,substation,keitozu,extracted,2026-08-03
EA,33683439-a49c-4253-b191-8356c295b6e7,substation,keitozu,extracted,2026-08-03
開T,600ea2c6-cf24-4596-a260-88ed816a518a,substation,keitozu,extracted,2026-08-03
開U,97a3ad70-c949-439f-8fe2-110ad09a2495,substation,keitozu,extracted,2026-08-03
開V,068fe9d8-c1be-4ac7-94d9-f374ce97612f,substation,keitozu,extracted,2026-08-03
開W,322f6d21-7079-475c-9c79-bd0e4e234f73,substation,keitozu,extracted,2026-08-03
陸A,1c5346c8-6c9b-489b-97a7-64c72f7a1d12,substation,keitozu,extracted,2026-08-03
陸B,c5c7ee69-8ed0-430f-8646-b57484f8597c,substation,keitozu,extracted,2026-08-03
陸C,91c8a225-c1ec-4d30-8c96-4d30b99bd04e,substation,keitozu,extracted,2026-08-03
陸E,aee867ae-79ca-43cf-9381-ddb62546cb4e,substation,keitozu,extracted,2026-08-03
陸J,5ead9435-6874-48f0-b4f3-02699051cdb5,substation,keitozu,extracted,2026-08-03
無名p2-1,28f7df6c-4447-446b-892d-2aeb5e50c1d8,substation,keitozu,extracted,2026-08-03
__P01,b19ba743-1684-45f8-8536-105b3953c1e1,substation,keitozu,extracted,2026-08-03
6J04(260015),515f1eb2-487a-4644-aa09-49ae522a113a,substation,keitozu,extracted,2026-08-03
260015,515f1eb2-487a-4644-aa09-49ae522a113a,substation,keitozu_no,extracted,2026-08-03
6J03(160004),49a986ca-0aaa-4f07-aa35-5cd7d1e54405,substation,keitozu,extracted,2026-08-03
160004,49a986ca-0aaa-4f07-aa35-5cd7d1e54405,substation,keitozu_no,extracted,2026-08-03
(270022),6b21cbac-edc5-4b41-b340-2b966113975c,substation,keitozu,extracted,2026-08-03
270022,6b21cbac-edc5-4b41-b340-2b966113975c,substation,keitozu_no,extracted,2026-08-03
(260013),e3fb18e2-2b9e-4529-9593-0f1ea4369d7f,substation,keitozu,extracted,2026-08-03
260013,e3fb18e2-2b9e-4529-9593-0f1ea4369d7f,substation,keitozu_no,extracted,2026-08-03
(270003),2bf35e10-af49-4004-aff3-8704b9541a96,substation,keitozu,extracted,2026-08-03
270003,2bf35e10-af49-4004-aff3-8704b9541a96,substation,keitozu_no,extracted,2026-08-03
(260006),232aa77a-2f30-4302-9806-25ea41936afa,substation,keitozu,extracted,2026-08-03
260006,232aa77a-2f30-4302-9806-25ea41936afa,substation,keitozu_no,extracted,2026-08-03
__X01,d5395273-2532-4f3e-9bc2-97b7edb0804f,substation,keitozu,extracted,2026-08-03
__X02,4b4d9ad0-3a64-46cd-bfdf-2bc7be568879,substation,keitozu,extracted,2026-08-03
__X03,3af9382b-24af-44eb-9951-8e2d096a93e5,substation,keitozu,extracted,2026-08-03
会津,ca27a0a7-6fbd-4df8-bdd3-6761a7c4c741,substation,keitozu,extracted,2026-08-03
本名,0042b02a-eb79-4fea-891e-0fe8d8ebed86,substation,keitozu,extracted,2026-08-03
新潟,2fe87164-8eda-4b48-b0d9-8bb26fac957b,substation,keitozu,extracted,2026-08-03
6H01(260007,7b500727-6eb2-4ae9-9cb3-0b84d8fe0a89,substation,keitozu,extracted,2026-08-03
260007,7b500727-6eb2-4ae9-9cb3-0b84d8fe0a89,substation,keitozu_no,extracted,2026-08-03
__P02,869c9549-c96c-4809-bb20-bc80d7b9d9f7,substation,keitozu,extracted,2026-08-03
6J05(270023),2e6ae58f-8307-45ff-9a95-60b6cfb0b025,substation,keitozu,extracted,2026-08-03
270023,2e6ae58f-8307-45ff-9a95-60b6cfb0b025,substation,keitozu_no,extracted,2026-08-03
(260003),d3a9538d-cc6f-42f6-b7f4-77e8c11b72fc,substation,keitozu,extracted,2026-08-03
260003,d3a9538d-cc6f-42f6-b7f4-77e8c11b72fc,substation,keitozu_no,extracted,2026-08-03
__X04,a67d2147-4a82-44de-b8e0-f1120394f0fa,substation,keitozu,extracted,2026-08-03
__X05,0fa07a69-3940-4860-a09f-1bbdd572671d,substation,keitozu,extracted,2026-08-03
__X06,876fbbce-cc65-49eb-94f2-019947a05f17,substation,keitozu,extracted,2026-08-03
__X07,48963975-bf80-427e-80ad-eddfa61ff008,substation,keitozu,extracted,2026-08-03
__X08,88f81293-491f-480d-bd50-afd3ff58b6a5,substation,keitozu,extracted,2026-08-03
__X10,4c6b296c-bbb3-4d10-8fa2-38489942c05d,substation,keitozu,extracted,2026-08-03
__X12,3f6415f4-0078-4a5b-89a5-a07d4d4ac92f,substation,keitozu,extracted,2026-08-03
__X13,8e1d64e2-7945-4fda-b442-e63e050a12c1,substation,keitozu,extracted,2026-08-03
__X14,846c2a7c-1153-4bbb-8e5d-82e9e26e1254,substation,keitozu,extracted,2026-08-03
置賜,f56c0500-757b-456c-b8c0-dfb01cddcbe3,substation,keitozu,extracted,2026-08-03
(270024),1e5a3b9c-cf16-40dd-a68f-06f9faf5ce47,substation,keitozu,extracted,2026-08-03
270024,1e5a3b9c-cf16-40dd-a68f-06f9faf5ce47,substation,keitozu_no,extracted,2026-08-03
(130004),680b9e94-24a3-4462-9099-a7f7e2e0f52d,substation,keitozu,extracted,2026-08-03
130004,680b9e94-24a3-4462-9099-a7f7e2e0f52d,substation,keitozu_no,extracted,2026-08-03
__S01,473e1061-37dc-459a-bce9-fc2dd5fb0c26,substation,keitozu,extracted,2026-08-03
510(250007),166ff97c-2796-4091-9ed5-e705a9c1b375,substation,keitozu,extracted,2026-08-03
250007,166ff97c-2796-4091-9ed5-e705a9c1b375,substation,keitozu_no,extracted,2026-08-03
(250005),e758be7a-7d29-4896-b07d-8cb48ca51028,substation,keitozu,extracted,2026-08-03
250005,e758be7a-7d29-4896-b07d-8cb48ca51028,substation,keitozu_no,extracted,2026-08-03
__P09,8ff3c221-9e7f-4e55-9c6f-8110c10cdf0f,substation,keitozu,extracted,2026-08-03
__P12,03dfdf2a-b031-4345-8170-ab47da73538e,substation,keitozu,extracted,2026-08-03
__P13,697f29a6-f3cf-40b3-9967-016b3ef1f3a6,substation,keitozu,extracted,2026-08-03
石巻,fdad2382-0049-45c3-ba9b-2e7b11a6ad7a,substation,keitozu,extracted,2026-08-03
西石巻,e3db8a5f-b7d0-469e-bdc9-0c01918be90c,substation,keitozu,extracted,2026-08-03
__X17,97c65aa2-a253-4206-ac2c-b885144d4981,substation,keitozu,extracted,2026-08-03
(140002),991c9b84-622a-4c7c-98ef-e81b852ec450,substation,keitozu,extracted,2026-08-03
140002,991c9b84-622a-4c7c-98ef-e81b852ec450,substation,keitozu_no,extracted,2026-08-03
(210013),28f40dda-f3ff-4342-9916-fe147c9adae5,substation,keitozu,extracted,2026-08-03
210013,28f40dda-f3ff-4342-9916-fe147c9adae5,substation,keitozu_no,extracted,2026-08-03
南八戸,95361b00-b573-49df-a81e-988a7898c2d7,substation,keitozu,extracted,2026-08-03
北岩手,2124ef3f-1d9f-4a1c-af31-27feacf2ef75,substation,keitozu,extracted,2026-08-03
宮古,aebde89d-524a-4265-ad59-bf4ceb552d73,substation,keitozu,extracted,2026-08-03
金ヶ崎,1cb8946b-0127-44f8-96dd-feef5a58af5a,substation,keitozu,extracted,2026-08-03
__S04,fc6b9d32-6ad9-44ee-9520-8fcfe166072d,substation,keitozu,extracted,2026-08-03
東白石,99477e1c-e6df-4f1e-b5a9-82a86ca62176,substation,keitozu,extracted,2026-08-03
南津軽,dcc4f5d2-61fb-4727-9540-e83003fc567c,substation,keitozu,extracted,2026-08-03
五戸,b4b61766-1d9b-41f1-97a4-3a3771ef67a1,substation,keitozu,extracted,2026-08-03
能代,8a835ad2-d3c8-4e04-9c0b-2bdc2ce5ca74,substation,keitozu,extracted,2026-08-03
水沢,4ac2e9f7-af61-402a-8b9c-3eaed56d0538,substation,keitozu,extracted,2026-08-03
一関,358c6eb7-969e-4491-a91f-1fa34da71a9c,substation,keitozu,extracted,2026-08-03
気仙沼,f56efc39-10e0-4d16-9d8c-a742ba2d0d66,substation,keitozu,extracted,2026-08-03
八戸,baa5b5bd-bf7f-4a6b-9643-bf4090fd4a14,substation,keitozu,extracted,2026-08-03
雫石,129adad5-8392-4665-8fe1-a5af8d3d95a9,substation,keitozu,extracted,2026-08-03
大崎,8e2ae6a7-8a21-4529-a422-99c637806d13,substation,keitozu,extracted,2026-08-03
宮城中央,54e4793c-ec18-4255-810d-4d71c75f1a1a,substation,keitozu,extracted,2026-08-03
西村山,7b4d7479-b5f9-4213-aefb-5c6b0c94e0da,substation,keitozu,extracted,2026-08-03
御所野,dd150df8-c1c2-47ac-8eea-66284d8fe704,substation,keitozu,extracted,2026-08-03
由利,f0489d18-a968-49dd-b082-9dd516b7e70d,substation,keitozu,extracted,2026-08-03
庄内,95f70c10-137e-4e54-8b9a-c77d0c99b75e,substation,keitozu,extracted,2026-08-03
__S05,5a6cfd65-b3bc-44a1-8ab5-f8d1f7017b0a,substation,keitozu,extracted,2026-08-03
東福島,76bd7727-c520-40f5-8e23-c4b1ada5002c,substation,keitozu,extracted,2026-08-03
坂町,42fcae4c-8c5e-4c33-951e-1e00a0de46f2,substation,keitozu,extracted,2026-08-03
東山形,1d810b42-a6ae-4e7c-8a16-d8fcb39d47c2,substation,keitozu,extracted,2026-08-03
西福島,b2fea909-8f67-4d7c-b442-38c5a6f95369,substation,keitozu,extracted,2026-08-03
日和田,b48d0da4-c110-4105-8cc7-2a733568e418,substation,keitozu,extracted,2026-08-03
泉崎,09ef7c7f-76be-4095-a425-e5db64601796,substation,keitozu,extracted,2026-08-03
平,7539d9fb-c96d-4086-9db6-fcf20194e0ea,substation,keitozu,extracted,2026-08-03
__S08,0dee3ea9-02dd-4d87-81df-7915cd21c461,substation,keitozu,extracted,2026-08-03
長岡,70e2b612-45cf-4f43-a283-500208dfd26d,substation,keitozu,extracted,2026-08-03
南長岡,0c9fcd50-3e94-4a6b-91c2-241a6b9816e6,substation,keitozu,extracted,2026-08-03
刈羽,d5baad20-d17d-4b44-a2e3-5b3ba4961fc7,substation,keitozu,extracted,2026-08-03
南魚沼,36ace863-2e10-44fd-bab4-abefe75e0b50,substation,keitozu,extracted,2026-08-03
上越,04a0dc60-80ca-4a48-83ed-2693e5e2bdb7,substation,keitozu,extracted,2026-08-03
大所,caff0a77-4f5b-4c3e-bdce-7674764951d5,substation,keitozu,extracted,2026-08-03
山形,4d4b5195-5b77-4b31-be32-6a9d05466a75,substation,keitozu,extracted,2026-08-03
__X18,36cc034e-c501-4fc1-a5de-0a35253c8332,substation,keitozu,extracted,2026-08-03
__X19,ca25956b-194e-43f8-acfa-7bf53e276971,substation,keitozu,extracted,2026-08-03
__X20,7cdf5a66-651d-47a7-bdc6-bd873cbb6577,substation,keitozu,extracted,2026-08-03
(270008),93a0ae82-5c5d-4583-aa60-14895de4058b,substation,keitozu,extracted,2026-08-03
270008,93a0ae82-5c5d-4583-aa60-14895de4058b,substation,keitozu_no,extracted,2026-08-03
(270002),5679e2be-2c77-4dbd-969b-e773fc36bf9d,substation,keitozu,extracted,2026-08-03
270002,5679e2be-2c77-4dbd-969b-e773fc36bf9d,substation,keitozu_no,extracted,2026-08-03
西上越,21fe517e-e436-4ced-9b69-bba45322157c,substation,keitozu,extracted,2026-08-03
__X21,3e14ddfa-df71-4a5e-9620-52c9674b82bd,substation,keitozu,extracted,2026-08-03
(270012),65b4f3eb-27a6-4b08-b0e0-e05e795c12fd,substation,keitozu,extracted,2026-08-03
270012,65b4f3eb-27a6-4b08-b0e0-e05e795c12fd,substation,keitozu_no,extracted,2026-08-03
石曽根,be034ce8-bc24-4fd6-a824-713dcbd0b4c4,substation,keitozu,extracted,2026-08-03
__X23,ac7ae9f1-dac7-44f7-96f0-7709bdaecb9b,substation,keitozu,extracted,2026-08-03
大船渡,c19cb168-4a16-4eea-9229-4b765d8bed55,substation,keitozu,extracted,2026-08-03
__X24,1eb89bb4-6be6-4848-8ac0-9a58cb1f7014,substation,keitozu,extracted,2026-08-03
魚沼,d8bce168-776e-4221-97bd-f71db65e4454,substation,keitozu,extracted,2026-08-03
__X25,1cf4b9bd-3602-4d6d-a149-3e3fe895c01d,substation,keitozu,extracted,2026-08-03
(220009),058d511f-0380-454e-bca6-295b8a631138,substation,keitozu,extracted,2026-08-03
220009,058d511f-0380-454e-bca6-295b8a631138,substation,keitozu_no,extracted,2026-08-03
__S10,6971e49a-3922-4f2e-bf45-f5174b9a44e1,substation,keitozu,extracted,2026-08-03
米沢,3160e5d7-90c6-4fed-8967-33e384e7d53d,substation,keitozu,extracted,2026-08-03
大仙,1c1313c6-dbe2-443d-a3bf-2b1c13ef384c,substation,keitozu,extracted,2026-08-03
__S11,cc2cb553-e059-4b6f-8728-35967c2c1be4,substation,keitozu,extracted,2026-08-03
大館,53627c85-1c88-44d5-ad69-217ce192c8c4,substation,keitozu,extracted,2026-08-03
羽後,4b240e49-50e8-47f1-829e-f0383be26552,substation,keitozu,extracted,2026-08-03
__X26,89fba482-fd42-493d-85e9-b3a55e5d5998,substation,keitozu,extracted,2026-08-03
__X27,f8ff64eb-18d0-48f0-bf6d-153229555adf,substation,keitozu,extracted,2026-08-03
__X28,5ffa9afc-475d-4222-b4ad-27a942b8d8ce,substation,keitozu,extracted,2026-08-03
__X31,f2a24b94-336f-4215-a97d-ec7f20dfae07,substation,keitozu,extracted,2026-08-03
新庄,c36121bf-044e-45db-8869-de1c3561c1cd,substation,keitozu,extracted,2026-08-03
__X32,27bfabb8-6cf7-4355-986d-0e36f7c92cd7,substation,keitozu,extracted,2026-08-03
__X33,9832b879-8321-494a-ae9a-07df3a05f3ea,substation,keitozu,extracted,2026-08-03
(220008),a3af830e-18ac-4ad1-8440-2d463aacfdbf,substation,keitozu,extracted,2026-08-03
220008,a3af830e-18ac-4ad1-8440-2d463aacfdbf,substation,keitozu_no,extracted,2026-08-03
(230005),5a037351-b9b5-41ab-8abd-b49deeb9116a,substation,keitozu,extracted,2026-08-03
230005,5a037351-b9b5-41ab-8abd-b49deeb9116a,substation,keitozu_no,extracted,2026-08-03
(220010),be34dbad-3807-4b0c-89d9-cea722501758,substation,keitozu,extracted,2026-08-03
220010,be34dbad-3807-4b0c-89d9-cea722501758,substation,keitozu_no,extracted,2026-08-03
(220012),ebdfeaa4-9415-40a3-b634-0000294f372b,substation,keitozu,extracted,2026-08-03
220012,ebdfeaa4-9415-40a3-b634-0000294f372b,substation,keitozu_no,extracted,2026-08-03
(220022),6a982431-11f2-4a20-bf9e-c759f5453502,substation,keitozu,extracted,2026-08-03
220022,6a982431-11f2-4a20-bf9e-c759f5453502,substation,keitozu_no,extracted,2026-08-03
(230009),b6d834ae-3e34-4950-9812-5da5fef5f83f,substation,keitozu,extracted,2026-08-03
230009,b6d834ae-3e34-4950-9812-5da5fef5f83f,substation,keitozu_no,extracted,2026-08-03
__X34,2fd0b634-3745-4d66-98b1-2517e1a8a1b1,substation,keitozu,extracted,2026-08-03
__X35,d34fa96d-183b-4766-a407-e035da2d8f7f,substation,keitozu,extracted,2026-08-03
駒ヶ嶺,64b5feb5-0c83-428a-8553-a2a272690f4d,substation,keitozu,extracted,2026-08-03
新地,641c895f-fdc4-4393-bd17-b1e33f5e04ad,substation,keitozu,extracted,2026-08-03
(250002),a6acb41f-11ec-44c9-9a0a-0dc631034917,substation,keitozu,extracted,2026-08-03
250002,a6acb41f-11ec-44c9-9a0a-0dc631034917,substation,keitozu_no,extracted,2026-08-03
(220018),1625d860-0507-4ae4-a97e-d6082043c9b4,substation,keitozu,extracted,2026-08-03
220018,1625d860-0507-4ae4-a97e-d6082043c9b4,substation,keitozu_no,extracted,2026-08-03
(220019)(220014),d406ee67-a124-41fa-8586-a80b715d5223,substation,keitozu,extracted,2026-08-03
220019,d406ee67-a124-41fa-8586-a80b715d5223,substation,keitozu_no,extracted,2026-08-03
(230011),71e9e2d3-256a-4e24-8e9c-bd9eb928c445,substation,keitozu,extracted,2026-08-03
230011,71e9e2d3-256a-4e24-8e9c-bd9eb928c445,substation,keitozu_no,extracted,2026-08-03
(230010),82d1d887-df7d-4a4c-ae15-266b5a97f9eb,substation,keitozu,extracted,2026-08-03
230010,82d1d887-df7d-4a4c-ae15-266b5a97f9eb,substation,keitozu_no,extracted,2026-08-03
(230001),916f9103-fcfe-44f0-a85f-f38c4046a8c8,substation,keitozu,extracted,2026-08-03
230001,916f9103-fcfe-44f0-a85f-f38c4046a8c8,substation,keitozu_no,extracted,2026-08-03
(270016),5bc91a82-2c01-400d-91ac-ab93c6f2d336,substation,keitozu,extracted,2026-08-03
270016,5bc91a82-2c01-400d-91ac-ab93c6f2d336,substation,keitozu_no,extracted,2026-08-03
(270015),d3de7f56-a6f2-492f-9443-5db777abab0b,substation,keitozu,extracted,2026-08-03
270015,d3de7f56-a6f2-492f-9443-5db777abab0b,substation,keitozu_no,extracted,2026-08-03
(240001),7093f258-4899-43e8-a4f5-78bd617862e7,substation,keitozu,extracted,2026-08-03
240001,7093f258-4899-43e8-a4f5-78bd617862e7,substation,keitozu_no,extracted,2026-08-03
(220016),0f6f6881-9cb4-4fb7-9eac-870cafb7042e,substation,keitozu,extracted,2026-08-03
220016,0f6f6881-9cb4-4fb7-9eac-870cafb7042e,substation,keitozu_no,extracted,2026-08-03
(260037),6a262106-bf4f-4fbf-af1d-cc4787b58f45,substation,keitozu,extracted,2026-08-03
260037,6a262106-bf4f-4fbf-af1d-cc4787b58f45,substation,keitozu_no,extracted,2026-08-03
(260039),787a4ea9-cdae-49e5-b550-ba7b25a8bf0c,substation,keitozu,extracted,2026-08-03
260039,787a4ea9-cdae-49e5-b550-ba7b25a8bf0c,substation,keitozu_no,extracted,2026-08-03
(270006),603fc65d-26c6-478f-90e5-e2eaad39feac,substation,keitozu,extracted,2026-08-03
270006,603fc65d-26c6-478f-90e5-e2eaad39feac,substation,keitozu_no,extracted,2026-08-03
__P16,f6a907a8-0d23-48ad-9afa-6b8ddfa182ff,substation,keitozu,extracted,2026-08-03
(270007),e8987607-5054-4c31-a49b-bd3f6c1ded50,substation,keitozu,extracted,2026-08-03
270007,e8987607-5054-4c31-a49b-bd3f6c1ded50,substation,keitozu_no,extracted,2026-08-03
(260024),21e630b0-b578-48d4-8f3c-5282c5f459ed,substation,keitozu,extracted,2026-08-03
260024,21e630b0-b578-48d4-8f3c-5282c5f459ed,substation,keitozu_no,extracted,2026-08-03
(260035),882533b5-d15e-48b8-a79d-04b54b02c825,substation,keitozu,extracted,2026-08-03
260035,882533b5-d15e-48b8-a79d-04b54b02c825,substation,keitozu_no,extracted,2026-08-03
__X36,a4999698-5224-4e71-a4f6-ea1f983bda13,substation,keitozu,extracted,2026-08-03
(260022),69999c88-a160-4d27-a6d5-6edfc247e598,substation,keitozu,extracted,2026-08-03
260022,69999c88-a160-4d27-a6d5-6edfc247e598,substation,keitozu_no,extracted,2026-08-03
(160003),9a3f221f-f97a-4c13-84f2-0cd7e1a47282,substation,keitozu,extracted,2026-08-03
160003,9a3f221f-f97a-4c13-84f2-0cd7e1a47282,substation,keitozu_no,extracted,2026-08-03
(160002),a1d94b73-53ff-4f3e-bbec-5c1b1b85ca27,substation,keitozu,extracted,2026-08-03
160002,a1d94b73-53ff-4f3e-bbec-5c1b1b85ca27,substation,keitozu_no,extracted,2026-08-03
(260009),7bbd027f-2f14-4191-8bee-a8f38a3fdfdc,substation,keitozu,extracted,2026-08-03
260009,7bbd027f-2f14-4191-8bee-a8f38a3fdfdc,substation,keitozu_no,extracted,2026-08-03
中越,05cae69f-5d2c-43ba-88a4-2ef386fb2f3d,substation,keitozu,extracted,2026-08-03
西山形,d97a294c-a214-4244-9c7c-e94df08031ca,substation,keitozu,extracted,2026-08-03
越後,9033371b-a953-4609-b620-dffd88a0d9cd,substation,keitozu,extracted,2026-08-03
__X37,7e3054c7-022b-4146-a899-03870f37220f,substation,keitozu,extracted,2026-08-03
__X38,716f86ce-5748-466e-947d-59163520360b,substation,keitozu,extracted,2026-08-03
(230008),8c38416b-9e55-4f96-8262-4b79bfb3358e,substation,keitozu,extracted,2026-08-03
230008,8c38416b-9e55-4f96-8262-4b79bfb3358e,substation,keitozu_no,extracted,2026-08-03
(210017),1e7f0cfb-5edc-4282-9ec8-49df5a42251f,substation,keitozu,extracted,2026-08-03
210017,1e7f0cfb-5edc-4282-9ec8-49df5a42251f,substation,keitozu_no,extracted,2026-08-03
(220021),15539b56-a4bc-4fbd-b8b5-5a0676165302,substation,keitozu,extracted,2026-08-03
220021,15539b56-a4bc-4fbd-b8b5-5a0676165302,substation,keitozu_no,extracted,2026-08-03
(260021),67549851-5771-43e8-a7bf-cda1ddd7d144,substation,keitozu,extracted,2026-08-03
260021,67549851-5771-43e8-a7bf-cda1ddd7d144,substation,keitozu_no,extracted,2026-08-03
(260025),255b2d48-1e83-461b-9a1f-a0b65e3549b8,substation,keitozu,extracted,2026-08-03
260025,255b2d48-1e83-461b-9a1f-a0b65e3549b8,substation,keitozu_no,extracted,2026-08-03
(260001),99a86e11-944a-45ef-8bd8-6b76c9197b7f,substation,keitozu,extracted,2026-08-03
260001,99a86e11-944a-45ef-8bd8-6b76c9197b7f,substation,keitozu_no,extracted,2026-08-03
(210014),a268adda-8fac-4796-974a-8d692339fdd1,substation,keitozu,extracted,2026-08-03
210014,a268adda-8fac-4796-974a-8d692339fdd1,substation,keitozu_no,extracted,2026-08-03
(270009),8d8c71a5-303c-45a2-8988-65aecff7689f,substation,keitozu,extracted,2026-08-03
270009,8d8c71a5-303c-45a2-8988-65aecff7689f,substation,keitozu_no,extracted,2026-08-03
__X39,02271324-640d-4105-998b-6c42fca5d716,substation,keitozu,extracted,2026-08-03
宮城,44618726-8860-423d-8214-f4c2eb353d49,substation,keitozu,extracted,2026-08-03
浅貝,2994fb5f-5078-4ae0-91bd-02f4ea3843e1,substation,keitozu,extracted,2026-08-03
酒田,2df430c6-c40a-48d7-9e5e-7756be6e2d22,substation,keitozu,extracted,2026-08-03
酒田北港,95fbef92-aa0e-4158-80b5-fd3fcf7ee476,substation,keitozu,extracted,2026-08-03
新山,5add5c1c-ed64-4b3f-bfc7-db674de4d0db,substation,keitozu,extracted,2026-08-03
南相馬,f908bdbf-f62b-4246-8942-45bcfa8bfb40,substation,keitozu,extracted,2026-08-03
(160001),b9d47124-4edf-4d3e-823a-1e1d53cc2f9d,substation,keitozu,extracted,2026-08-03
160001,b9d47124-4edf-4d3e-823a-1e1d53cc2f9d,substation,keitozu_no,extracted,2026-08-03
(270021),5f06958a-4941-4158-a4a4-30087721d8ae,substation,keitozu,extracted,2026-08-03
270021,5f06958a-4941-4158-a4a4-30087721d8ae,substation,keitozu_no,extracted,2026-08-03
__P20,80caed59-0f91-4148-851d-8e2d4011e002,substation,keitozu,extracted,2026-08-03
__P21,45537dbf-e2b4-4feb-b650-6a24b623bba2,substation,keitozu,extracted,2026-08-03
北津軽,0ebbb1e4-ecc7-461c-aee9-a356dda7219c,substation,keitozu,extracted,2026-08-03
__X41,03c96633-2076-429f-8a2e-bdcec4d9e67d,substation,keitozu,extracted,2026-08-03
北平,eb95dcfa-e994-445e-9f31-d7e3f84b79d2,substation,keitozu,extracted,2026-08-03
北盛岡,f1f89bc4-37f2-4d61-b31f-9bedd159fe32,substation,keitozu,extracted,2026-08-03
盛岡,398686db-c336-47f5-8a74-a0b66af8cf2e,substation,keitozu,extracted,2026-08-03
岩手,1874de81-9355-43de-9846-5f65a7f18ba4,substation,keitozu,extracted,2026-08-03
(220023),d5a4f44c-ba8a-4aa1-9432-5635f43fcfa3,substation,keitozu,extracted,2026-08-03
220023,d5a4f44c-ba8a-4aa1-9432-5635f43fcfa3,substation,keitozu_no,extracted,2026-08-03
(230004),09d01c31-e36a-4208-b680-4235d015f33c,substation,keitozu,extracted,2026-08-03
230004,09d01c31-e36a-4208-b680-4235d015f33c,substation,keitozu_no,extracted,2026-08-03
秋田,1a765da9-6d3a-4f8d-a885-3239586c4a9b,substation,keitozu,extracted,2026-08-03
(260020),3e4b48a7-b339-497e-87f9-dd8da1a4be8b,substation,keitozu,extracted,2026-08-03
260020,3e4b48a7-b339-497e-87f9-dd8da1a4be8b,substation,keitozu_no,extracted,2026-08-03
東上越,53ba8007-a2ab-4ddb-a0d1-7589ff408696,substation,keitozu,extracted,2026-08-03
北新潟,8f9f8959-f033-4a36-9cb4-447e74a98cf0,substation,keitozu,extracted,2026-08-03
小国町,caeb5e5b-20ef-49e9-a588-8df711952cfb,substation,keitozu,extracted,2026-08-03
(270013),73c433b4-72b9-406b-a488-6df511851464,substation,keitozu,extracted,2026-08-03
270013,73c433b4-72b9-406b-a488-6df511851464,substation,keitozu_no,extracted,2026-08-03
__X43,95bcd6ed-ed20-4734-84fa-9c3477548075,substation,keitozu,extracted,2026-08-03
(220013),f9b7beac-b95e-4c9e-9e63-fe2193ae3532,substation,keitozu,extracted,2026-08-03
220013,f9b7beac-b95e-4c9e-9e63-fe2193ae3532,substation,keitozu_no,extracted,2026-08-03
__X44,4578a670-976d-4998-9f95-921aa0cec5ad,substation,keitozu,extracted,2026-08-03
北福島,aae309d0-d45e-4237-b7a7-e5b2fdd29022,substation,keitozu,extracted,2026-08-03
__X45,3b8c067e-cfb7-4fe6-adc0-e87c6a4f650e,substation,keitozu,extracted,2026-08-03
郡山,0569f3d0-a724-4882-8070-0819b008ff56,substation,keitozu,extracted,2026-08-03
平田,b793dcb3-4e92-4860-994e-6ed729a39669,substation,keitozu,extracted,2026-08-03
福島,b7413163-c359-4887-a876-c45ab56ab58f,substation,keitozu,extracted,2026-08-03
須賀川,066cbb16-79d0-4f74-9caa-ffb229f97bc1,substation,keitozu,extracted,2026-08-03
（160006）,ad97d3a3-fdfa-48a0-99c0-bc5d5c40409a,substation,keitozu,extracted,2026-08-03
160006,ad97d3a3-fdfa-48a0-99c0-bc5d5c40409a,substation,keitozu_no,extracted,2026-08-03
(270019),a17e41dc-3178-40b8-814f-66dd0fc890a3,substation,keitozu,extracted,2026-08-03
270019,a17e41dc-3178-40b8-814f-66dd0fc890a3,substation,keitozu_no,extracted,2026-08-03
(220026),565279dc-d090-4d21-a949-92867c722ea3,substation,keitozu,extracted,2026-08-03
220026,565279dc-d090-4d21-a949-92867c722ea3,substation,keitozu_no,extracted,2026-08-03
(260027),598475ed-edbf-4185-a743-483d7dbcf6bd,substation,keitozu,extracted,2026-08-03
260027,598475ed-edbf-4185-a743-483d7dbcf6bd,substation,keitozu_no,extracted,2026-08-03
(260034),f8e00d0e-e4ed-4b27-9c72-dc900ddaaea1,substation,keitozu,extracted,2026-08-03
260034,f8e00d0e-e4ed-4b27-9c72-dc900ddaaea1,substation,keitozu_no,extracted,2026-08-03
(260016）,483b70c7-068a-44db-bf5d-7e272dfd9641,substation,keitozu,extracted,2026-08-03
260016,483b70c7-068a-44db-bf5d-7e272dfd9641,substation,keitozu_no,extracted,2026-08-03
東仙台,13cfd981-c073-4bcf-a84f-2c792108b6fe,substation,keitozu,extracted,2026-08-03
名取,f3ab562c-2316-45ad-bc0a-2ddd17f9e2d3,substation,keitozu,extracted,2026-08-03
__P26,23e6cc64-d99d-43e7-abe8-c433c35877eb,substation,keitozu,extracted,2026-08-03
(270026）,cf7f03a2-f49f-47e8-a6be-dcbcaa8e18a2,substation,keitozu,extracted,2026-08-03
270026,cf7f03a2-f49f-47e8-a6be-dcbcaa8e18a2,substation,keitozu_no,extracted,2026-08-03
青森,2f53b0af-75a4-48f2-8126-64956bb99c3e,substation,keitozu,extracted,2026-08-03
__S20,c08cdd5d-982b-4668-934f-48c7791ecd4d,substation,keitozu,extracted,2026-08-03
(230003),150f320f-9f4a-472c-80e3-cb4a07eee48f,substation,keitozu,extracted,2026-08-03
230003,150f320f-9f4a-472c-80e3-cb4a07eee48f,substation,keitozu_no,extracted,2026-08-03
(270017)7K03,b30c130b-6cd7-40d9-8a1c-4addde36e8c2,substation,keitozu,extracted,2026-08-03
270017,b30c130b-6cd7-40d9-8a1c-4addde36e8c2,substation,keitozu_no,extracted,2026-08-03
__X46,a575c72c-0b0f-4ed5-97ad-d3bf5e999f83,substation,keitozu,extracted,2026-08-03
__X47,fe86e47e-1ba1-4f27-82e4-85261dfbe03f,substation,keitozu,extracted,2026-08-03
__X48,86feeb46-ed4b-4496-b568-13f36b668eef,substation,keitozu,extracted,2026-08-03
(270010),ef9293de-9dc0-4550-83cb-18626f14bdcf,substation,keitozu,extracted,2026-08-03
270010,ef9293de-9dc0-4550-83cb-18626f14bdcf,substation,keitozu_no,extracted,2026-08-03
(220025),0c3507fa-542c-4ff7-93dc-e37508adf68b,substation,keitozu,extracted,2026-08-03
220025,0c3507fa-542c-4ff7-93dc-e37508adf68b,substation,keitozu_no,extracted,2026-08-03
(220020),943f8411-8220-487a-a5d4-70fdb466cf85,substation,keitozu,extracted,2026-08-03
220020,943f8411-8220-487a-a5d4-70fdb466cf85,substation,keitozu_no,extracted,2026-08-03
(140001),3618cc27-bf00-4825-8161-712727b0b701,substation,keitozu,extracted,2026-08-03
140001,3618cc27-bf00-4825-8161-712727b0b701,substation,keitozu_no,extracted,2026-08-03
__X49,f62e39a8-5b49-4dce-be25-a2a558116e6c,substation,keitozu,extracted,2026-08-03
(220001),bb4d9fc9-1a9d-4b59-b3ac-40d7a46d4b66,substation,keitozu,extracted,2026-08-03
220001,bb4d9fc9-1a9d-4b59-b3ac-40d7a46d4b66,substation,keitozu_no,extracted,2026-08-03
白糠,7487d56b-cf27-4568-8347-6e31c804ffd8,substation,keitozu,extracted,2026-08-03
下北,531e0c00-3332-44f9-818d-2391a18726df,substation,keitozu,extracted,2026-08-03
(210008),1e55af8f-8b42-477b-9188-cd8e24afbeb0,substation,keitozu,extracted,2026-08-03
210008,1e55af8f-8b42-477b-9188-cd8e24afbeb0,substation,keitozu_no,extracted,2026-08-03
六ケ所,b526a3b9-7961-43f8-93a4-76704b0a021e,substation,keitozu,extracted,2026-08-03
上北,ac541969-fdfe-47dc-a246-07bdb937691f,substation,keitozu,extracted,2026-08-03
仙台,f25e122c-9483-47b2-a882-680f43020aac,substation,keitozu,extracted,2026-08-03
(210001),22ea78b4-6e29-4eed-8ce8-5f0f141494b0,substation,keitozu,extracted,2026-08-03
210001,22ea78b4-6e29-4eed-8ce8-5f0f141494b0,substation,keitozu_no,extracted,2026-08-03
(210028),8bb367e6-dedf-4766-b2f5-cb6b15b8329e,substation,keitozu,extracted,2026-08-03
210028,8bb367e6-dedf-4766-b2f5-cb6b15b8329e,substation,keitozu_no,extracted,2026-08-03
(210004),a0bde343-da5e-4178-a63d-e5b2e31af2f0,substation,keitozu,extracted,2026-08-03
210004,a0bde343-da5e-4178-a63d-e5b2e31af2f0,substation,keitozu_no,extracted,2026-08-03
__X54,6115e204-626b-42d2-8e57-a9ee8e4515e2,substation,keitozu,extracted,2026-08-03
(210031),a3123bca-e3fb-4469-b961-f38361b35d31,substation,keitozu,extracted,2026-08-03
210031,a3123bca-e3fb-4469-b961-f38361b35d31,substation,keitozu_no,extracted,2026-08-03
(210030),4b153280-4ad3-41ae-9f52-ab6f1a6dcf7b,substation,keitozu,extracted,2026-08-03
210030,4b153280-4ad3-41ae-9f52-ab6f1a6dcf7b,substation,keitozu_no,extracted,2026-08-03
__X55,d6b9d857-15a2-41f6-b23b-916e090c6be7,substation,keitozu,extracted,2026-08-03
(210025),a09d0b0e-f66e-4afc-b37f-97b373939ba3,substation,keitozu,extracted,2026-08-03
210025,a09d0b0e-f66e-4afc-b37f-97b373939ba3,substation,keitozu_no,extracted,2026-08-03
(210026),5ecfc351-4cb9-4883-8552-621b79b7cb43,substation,keitozu,extracted,2026-08-03
210026,5ecfc351-4cb9-4883-8552-621b79b7cb43,substation,keitozu_no,extracted,2026-08-03
(210006),b2447145-277e-4f8c-8fb6-7cd2e91823a5,substation,keitozu,extracted,2026-08-03
210006,b2447145-277e-4f8c-8fb6-7cd2e91823a5,substation,keitozu_no,extracted,2026-08-03
(210021,cf45d61e-f696-4476-80b3-0961ab1ea14b,substation,keitozu,extracted,2026-08-03
210021,cf45d61e-f696-4476-80b3-0961ab1ea14b,substation,keitozu_no,extracted,2026-08-03
(210018),8c49f3e2-dea7-42bd-945c-f578c9d1102e,substation,keitozu,extracted,2026-08-03
210018,8c49f3e2-dea7-42bd-945c-f578c9d1102e,substation,keitozu_no,extracted,2026-08-03
(210020),fd9f4fe5-04a0-4a7f-a11d-843f549463c3,substation,keitozu,extracted,2026-08-03
210020,fd9f4fe5-04a0-4a7f-a11d-843f549463c3,substation,keitozu_no,extracted,2026-08-03
(110001),63694149-090d-40f7-938a-c49cdb6812a1,substation,keitozu,extracted,2026-08-03
110001,63694149-090d-40f7-938a-c49cdb6812a1,substation,keitozu_no,extracted,2026-08-03
(270025),04155a3a-8208-4266-b792-273dc4dd04d3,substation,keitozu,extracted,2026-08-03
270025,04155a3a-8208-4266-b792-273dc4dd04d3,substation,keitozu_no,extracted,2026-08-03
(260033),891a9801-6ff6-407c-81d5-f06a7a23411d,substation,keitozu,extracted,2026-08-03
260033,891a9801-6ff6-407c-81d5-f06a7a23411d,substation,keitozu_no,extracted,2026-08-03
(260002),9588276c-0b9c-4be6-ab0a-b1e599742599,substation,keitozu,extracted,2026-08-03
260002,9588276c-0b9c-4be6-ab0a-b1e599742599,substation,keitozu_no,extracted,2026-08-03
6G01(260008),2fe7ed5d-d706-4f94-8892-0ec16ec6f6a4,substation,keitozu,extracted,2026-08-03
260008,2fe7ed5d-d706-4f94-8892-0ec16ec6f6a4,substation,keitozu_no,extracted,2026-08-03
__P41,9c791c6f-4244-4533-9771-ce47b639049d,substation,keitozu,extracted,2026-08-03
(160005),894554d5-9ca7-4788-bebd-b30832a64876,substation,keitozu,extracted,2026-08-03
160005,894554d5-9ca7-4788-bebd-b30832a64876,substation,keitozu_no,extracted,2026-08-03
__P42,2864f460-f564-47d8-814c-ca5bddfacebe,substation,keitozu,extracted,2026-08-03
717(270020),98c763bc-bd61-4eae-9d2b-1a110a36c74c,substation,keitozu,extracted,2026-08-03
270020,98c763bc-bd61-4eae-9d2b-1a110a36c74c,substation,keitozu_no,extracted,2026-08-03
(260029),b5ee09e4-c2c1-4200-9f1d-c7ef81d266f9,substation,keitozu,extracted,2026-08-03
260029,b5ee09e4-c2c1-4200-9f1d-c7ef81d266f9,substation,keitozu_no,extracted,2026-08-03
(140004),9452ca05-9efb-40cc-9a31-005dcdc97903,substation,keitozu,extracted,2026-08-03
140004,9452ca05-9efb-40cc-9a31-005dcdc97903,substation,keitozu_no,extracted,2026-08-03
浦町,ffba5b20-dc9f-4354-a0f2-eec350d74c25,substation,keitozu,extracted,2026-08-03
六戸,1b29a990-c2b9-4ceb-a944-9a7d49f864b0,substation,keitozu,extracted,2026-08-03
八幡,72fae93f-afba-44f4-a1f5-a3c11a18659d,substation,keitozu,extracted,2026-08-03
西仙台,fc1c628e-23e0-47cd-ace4-23f87318ab0e,substation,keitozu,extracted,2026-08-03
若松,2c84d328-e28a-44c7-a407-85f98b714ad2,substation,keitozu,extracted,2026-08-03
__X56,f6bd1309-b5d8-425c-8203-9431d7883dbf,substation,keitozu,extracted,2026-08-03
__X57,ac6ae407-fa07-460e-8c4c-cd7a7d9c5933,substation,keitozu,extracted,2026-08-03
(240017),0e386620-8ffd-4b14-b752-1a07867c6e37,substation,keitozu,extracted,2026-08-03
240017,0e386620-8ffd-4b14-b752-1a07867c6e37,substation,keitozu_no,extracted,2026-08-03
(240018),f8e32b08-d8b8-464a-9733-08f8d09ef4c8,substation,keitozu,extracted,2026-08-03
240018,f8e32b08-d8b8-464a-9733-08f8d09ef4c8,substation,keitozu_no,extracted,2026-08-03
(240010),fde28fbd-dbdc-4be7-b88f-746f97f4dba2,substation,keitozu,extracted,2026-08-03
240010,fde28fbd-dbdc-4be7-b88f-746f97f4dba2,substation,keitozu_no,extracted,2026-08-03
(240007),97278825-d1a1-410f-a73e-58cf2002fbdf,substation,keitozu,extracted,2026-08-03
240007,97278825-d1a1-410f-a73e-58cf2002fbdf,substation,keitozu_no,extracted,2026-08-03
(240012),0d0d5b07-b76f-4a1d-a99d-934bf7b942e7,substation,keitozu,extracted,2026-08-03
240012,0d0d5b07-b76f-4a1d-a99d-934bf7b942e7,substation,keitozu_no,extracted,2026-08-03
東若林,6a5d1c43-7568-4b49-90f4-2cb6ad0acca2,substation,keitozu,extracted,2026-08-03
中仙台,500740b5-e017-4f25-afb7-65a5f8f45824,substation,keitozu,extracted,2026-08-03
南仙台,c7fecadd-4a47-4a2e-8599-7271a0608e33,substation,keitozu,extracted,2026-08-03
錦町,d636f2cb-45da-4e7f-b94a-3fc49a89f15a,substation,keitozu,extracted,2026-08-03
__X58,616cf277-0aa6-4025-a166-3df444c90b46,substation,keitozu,extracted,2026-08-03
__X59,cf188dfa-1786-44ab-bd7a-35bdce6754c1,substation,keitozu,extracted,2026-08-03
(140003),ad574ed6-7086-49f2-8c10-f54363078723,substation,keitozu,extracted,2026-08-03
140003,ad574ed6-7086-49f2-8c10-f54363078723,substation,keitozu_no,extracted,2026-08-03
(240008),719ae497-d6a8-4782-ad8f-5f5cff41e259,substation,keitozu,extracted,2026-08-03
240008,719ae497-d6a8-4782-ad8f-5f5cff41e259,substation,keitozu_no,extracted,2026-08-03
(240015),ec4d3204-bebf-473e-b7b2-84f2bce04880,substation,keitozu,extracted,2026-08-03
240015,ec4d3204-bebf-473e-b7b2-84f2bce04880,substation,keitozu_no,extracted,2026-08-03
(240016),788e24df-48c0-48b7-8e14-93dd3df50102,substation,keitozu,extracted,2026-08-03
240016,788e24df-48c0-48b7-8e14-93dd3df50102,substation,keitozu_no,extracted,2026-08-03
(240020),dfad5b48-80e1-43f4-b664-4a03aaf1ba0b,substation,keitozu,extracted,2026-08-03
240020,dfad5b48-80e1-43f4-b664-4a03aaf1ba0b,substation,keitozu_no,extracted,2026-08-03
根白石,5ea7ec3f-c588-4d78-9c8e-069246d454fb,substation,keitozu,extracted,2026-08-03
(240014),0125cced-71d8-4323-a7c7-16b6b1fc4fa2,substation,keitozu,extracted,2026-08-03
240014,0125cced-71d8-4323-a7c7-16b6b1fc4fa2,substation,keitozu_no,extracted,2026-08-03
仙南,1ded483d-3ee7-45cb-a342-239e85529ae2,substation,keitozu,extracted,2026-08-03
愛子,2ce35639-943f-4c6c-a97e-7d6ba5975ab3,substation,keitozu,extracted,2026-08-03
中山,7497e5bb-0dc4-4d11-af30-100212245d2f,substation,keitozu,extracted,2026-08-03
泉,3030e115-4de1-4e84-a856-84de6bca8e3a,substation,keitozu,extracted,2026-08-03
明通,b362bf05-e904-4295-ac81-970ec0890ad9,substation,keitozu,extracted,2026-08-03
高森,6de868bb-ddbc-4b59-9a67-0dcd1030c6ec,substation,keitozu,extracted,2026-08-03
五ツ橋,57af7fbe-b3c0-41a1-9596-92935cb61451,substation,keitozu,extracted,2026-08-03
仙台港,f3a431f9-d9f7-4d9a-ad1c-c8583d423bf7,substation,keitozu,extracted,2026-08-03
__X60,28847e82-baf2-4c4a-9343-541ef391e83c,substation,keitozu,extracted,2026-08-03
__X61,aec1c810-0e55-4247-8332-b7d41efdea85,substation,keitozu,extracted,2026-08-03
__X62,2e7f965e-f618-40b2-892b-12b720869414,substation,keitozu,extracted,2026-08-03
新津,f1d8d6cc-73c0-4c82-b682-f6484916e685,substation,keitozu,extracted,2026-08-03
豊栄,73c76b22-f4fd-40ad-b9a4-3f4df9810569,substation,keitozu,extracted,2026-08-03
南新潟,1c3e6d27-7d0f-46e5-ae17-df5d1b76fdb3,substation,keitozu,extracted,2026-08-03
__X63,c9665214-40f9-4336-b264-059f6fb1fafc,substation,keitozu,extracted,2026-08-03
三条,97bf6602-9068-4d51-8a2d-c62fe04d375d,substation,keitozu,extracted,2026-08-03
下田,3dcb8e61-c424-4dc0-a82b-10f8be3b6f5e,substation,keitozu,extracted,2026-08-03
(170001),a408475f-6f9b-4922-9923-3544da540a24,substation,keitozu,extracted,2026-08-03
170001,a408475f-6f9b-4922-9923-3544da540a24,substation,keitozu_no,extracted,2026-08-03
亀塚浜,4544137a-9bdc-4ce1-b3b4-dce93704341f,substation,keitozu,extracted,2026-08-03
西新潟,926fd79d-f83a-4d6f-9e8d-26aa723a95de,substation,keitozu,extracted,2026-08-03
中新潟,b663360d-3890-4567-8592-ed51a1ed0e1e,substation,keitozu,extracted,2026-08-03
寄居浜,c17a0313-9e11-4c9c-9333-1949859f1fa1,substation,keitozu,extracted,2026-08-03
(270011),22482c26-4012-4892-b5d8-4f04f309e7f5,substation,keitozu,extracted,2026-08-03
270011,22482c26-4012-4892-b5d8-4f04f309e7f5,substation,keitozu_no,extracted,2026-08-03
新飯田,b6a79dce-7da0-43e6-9145-06d0ae4ae125,substation,keitozu,extracted,2026-08-03
__X64,a00e59cd-d5cc-4e6f-b669-2e0ba5e4bdc6,substation,keitozu,extracted,2026-08-03
北上,7106b3b6-8579-49a7-b5fa-a31ec07b8e40,substation,keitozu,extracted,2026-08-03
東花巻,ce64ff2e-6bd2-4a07-9275-9f799887816a,substation,keitozu,extracted,2026-08-03
西白河,bfe8fac5-313f-48dd-9d20-f547a4465957,substation,keitozu,extracted,2026-08-03
__P51,468c773b-9b25-40af-8f95-12f098381316,substation,keitozu,extracted,2026-08-03
__P52,c983d879-6c65-4dbd-bca4-8df67b385509,substation,keitozu,extracted,2026-08-03
__X65,3bd328e7-a250-4323-af5a-f99f60102d7a,substation,keitozu,extracted,2026-08-03
__P53,fcbaf7a7-0327-43bf-98bd-6d2281e534c4,substation,keitozu,extracted,2026-08-03
(210010),f0a0f14c-f28e-41fe-b5cd-c288be935bdc,substation,keitozu,extracted,2026-08-03
210010,f0a0f14c-f28e-41fe-b5cd-c288be935bdc,substation,keitozu_no,extracted,2026-08-03
__X66,5f9d4459-382f-434e-9def-04465e631619,substation,keitozu,extracted,2026-08-03
秋田中央,0cc47ed1-d793-45b6-a5fe-2cd0e8074499,substation,keitozu,extracted,2026-08-03
__X67,8182faa0-ed5d-4953-899d-02e058fb6f86,substation,keitozu,extracted,2026-08-03
(260005)(260014),d50e2f86-27aa-4ff5-a0e6-9af2c3b13e95,substation,keitozu,extracted,2026-08-03
260005,d50e2f86-27aa-4ff5-a0e6-9af2c3b13e95,substation,keitozu_no,extracted,2026-08-03
(260036),cd0b2101-3832-4230-a424-84c6a7cb9325,substation,keitozu,extracted,2026-08-03
260036,cd0b2101-3832-4230-a424-84c6a7cb9325,substation,keitozu_no,extracted,2026-08-03
(270014),e0913677-8c3e-48f3-804b-bc43855a4615,substation,keitozu,extracted,2026-08-03
270014,e0913677-8c3e-48f3-804b-bc43855a4615,substation,keitozu_no,extracted,2026-08-03
__X68,411e6294-89df-4bba-b88a-7cc16797ae81,substation,keitozu,extracted,2026-08-03
いわき,f8b42a96-4020-4521-ae9c-36e1b87d0e76,substation,keitozu,extracted,2026-08-03
伊予開閉所,68d536fc-a02f-4062-8fab-0d618902fb12,substation,verdict,verified,2026-08-03
新改開閉所,024c2ec8-402d-4fb1-b0d9-a6495e903698,substation,verdict,verified,2026-08-03
脊振,fcf09664-b6b2-46d6-a6e2-bdc672bc6d22,substation,"crosscheck(背/脊异体字,AJG/OSM侧表记)",verified,2026-08-03
西淡（変）,33683439-a49c-4253-b191-8356c295b6e7,,,inferred,2026-08-05
西淡変電所,33683439-a49c-4253-b191-8356c295b6e7,,,inferred,2026-08-05
松帆西路変電所,33683439-a49c-4253-b191-8356c295b6e7,,,inferred,2026-08-05
__P02,98c763bc-bd61-4eae-9d2b-1a110a36c74c,,,extracted,2026-08-05
__S05,8f9f8959-f033-4a36-9cb4-447e74a98cf0,,,extracted,2026-08-05
__S20,2fe87164-8eda-4b48-b0d9-8bb26fac957b,,,extracted,2026-08-05
糸満変電所,d59cfa2e-4567-4e15-9b8c-37557626c116,substation,okiden-akiyoryo-202606,extracted,2026-08-05
阿波根変電所,5c88e889-c284-47b8-970b-40ac8caf0062,substation,okiden-akiyoryo-202606,extracted,2026-08-05
与根変電所,2692a541-4c04-468a-b938-35432b1f1e56,substation,okiden-akiyoryo-202606,extracted,2026-08-05
友寄変電所,81f2b1cd-779b-4590-a009-3334dc385067,substation,okiden-akiyoryo-202606,extracted,2026-08-05
具志頭変電所,7a8b9bec-4c80-4240-ad59-bbf300e1c252,substation,okiden-akiyoryo-202606,extracted,2026-08-05
佐敷変電所,79656f12-787a-43de-9aeb-fdde8b47da8e,substation,okiden-akiyoryo-202606,extracted,2026-08-05
高安変電所,8cd59ca5-ccf2-4047-ba8a-c24582cbbd11,substation,okiden-akiyoryo-202606,extracted,2026-08-05
小禄変電所,37877ea5-306b-4d4b-8e88-74984e12aa24,substation,okiden-akiyoryo-202606,extracted,2026-08-05
那覇変電所,7b01f311-03fa-43fe-bae1-8f839b7f5284,substation,okiden-akiyoryo-202606,extracted,2026-08-05
東町変電所,5c49b912-fb6c-4e6a-8ca3-b52e416691c4,substation,okiden-akiyoryo-202606,extracted,2026-08-05
壷川変電所,378a0139-cf42-435b-b048-1d5d3a844f07,substation,okiden-akiyoryo-202606,extracted,2026-08-05
松尾変電所,471068e6-ce54-4246-afa6-61c64ad9c333,substation,okiden-akiyoryo-202606,extracted,2026-08-05
古波蔵変電所,b8609cf2-785b-4318-9602-1b1400b5c34d,substation,okiden-akiyoryo-202606,extracted,2026-08-05
真玉橋変電所,a324128b-472d-42d9-95a4-d5028649ded9,substation,okiden-akiyoryo-202606,extracted,2026-08-05
上間変電所,61399dc5-8bce-4f2e-bd1f-5ad462b28f7e,substation,okiden-akiyoryo-202606,extracted,2026-08-05
南風原変電所,53d4082a-64c1-4240-95c8-2c6e192a3a15,substation,okiden-akiyoryo-202606,extracted,2026-08-05
与那原変電所,c1b2b226-dc72-4278-ab12-ab309baee63d,substation,okiden-akiyoryo-202606,extracted,2026-08-05
繁多川変電所,674e3fce-ab9d-45a8-96b3-cececd9ee026,substation,okiden-akiyoryo-202606,extracted,2026-08-05
牧志変電所,ea710a96-523a-4d53-9d69-18958b715711,substation,okiden-akiyoryo-202606,extracted,2026-08-05
久茂地変電所,02aa37b2-b7af-41c8-a814-8d85ddeaac1d,substation,okiden-akiyoryo-202606,extracted,2026-08-05
西那覇変電所,b7710089-1623-4cc4-8647-137d0a1d0ece,substation,okiden-akiyoryo-202606,extracted,2026-08-05
泊変電所,99e161e1-48fe-47f5-b9c3-9a3aeb784a9f,substation,okiden-akiyoryo-202606,extracted,2026-08-05
曙変電所,b3d2ef38-da5f-4220-929e-433036a233ac,substation,okiden-akiyoryo-202606,extracted,2026-08-05
勢理客変電所,705751cf-dfdd-4672-8abc-b7e0891aa3e7,substation,okiden-akiyoryo-202606,extracted,2026-08-05
宮城変電所,03b5ccbe-a53d-4dc3-a3da-7a729b3ebdfc,substation,okiden-akiyoryo-202606,extracted,2026-08-05
城間変電所,cc6b230e-15d1-40a6-8cf7-f74cfe188d8e,substation,okiden-akiyoryo-202606,extracted,2026-08-05
北那覇変電所,7f5ddb16-7602-4295-9207-41367e1c834d,substation,okiden-akiyoryo-202606,extracted,2026-08-05
大名変電所,06e66076-7d68-466a-9ffa-d8915800d8f4,substation,okiden-akiyoryo-202606,extracted,2026-08-05
安室変電所,a60edc6b-8aae-4055-9301-e1ce0f45fe68,substation,okiden-akiyoryo-202606,extracted,2026-08-05
西原変電所,cfab3170-038e-43a4-9e32-0e9f19dc2665,substation,okiden-akiyoryo-202606,extracted,2026-08-05
小那覇変電所,7a8c21b7-51e2-4319-a779-a51a6c52a07a,substation,okiden-akiyoryo-202606,extracted,2026-08-05
前田変電所,2a610bd8-3372-4817-89f7-f0903ea2a54e,substation,okiden-akiyoryo-202606,extracted,2026-08-05
浦添変電所,2484ecaf-a049-4425-b20a-a2c56ac0999f,substation,okiden-akiyoryo-202606,extracted,2026-08-05
牧港第一変電所,0373b1f6-9078-46dd-b312-7812d84e0095,substation,okiden-akiyoryo-202606,extracted,2026-08-05
大山変電所,fdc287b2-90ad-41e8-96b7-8a5479c29b08,substation,okiden-akiyoryo-202606,extracted,2026-08-05
普天間変電所,b7e689c2-9ad1-44ee-9ffe-0b61b1f2c9a6,substation,okiden-akiyoryo-202606,extracted,2026-08-05
南上原変電所,b2daca68-606b-4379-98d0-fe6de499f232,substation,okiden-akiyoryo-202606,extracted,2026-08-05
安谷屋変電所,c00d90fe-332b-49db-9973-92d8101dff74,substation,okiden-akiyoryo-202606,extracted,2026-08-05
渡口変電所,59853ee3-64f9-4a71-9400-b74a66775a95,substation,okiden-akiyoryo-202606,extracted,2026-08-05
瑞慶覧変電所,2560c701-fff0-40ee-afe2-1885002a14be,substation,okiden-akiyoryo-202606,extracted,2026-08-05
桑江変電所,797fe74e-f5be-4a30-8575-c09ef4f97e6c,substation,okiden-akiyoryo-202606,extracted,2026-08-05
北谷変電所,17727459-a54e-4ec8-95ee-34885986cdb3,substation,okiden-akiyoryo-202606,extracted,2026-08-05
島袋変電所,c5d10023-8285-4536-8dbf-e829fb5f7ef5,substation,okiden-akiyoryo-202606,extracted,2026-08-05
中の町変電所,5c7abb86-bb0c-448e-8ded-8fcfdb5f1a9f,substation,okiden-akiyoryo-202606,extracted,2026-08-05
高原変電所,f4a85bb0-ad65-413b-9b6d-a1797cb884d8,substation,okiden-akiyoryo-202606,extracted,2026-08-05
美里変電所,a153d9d6-a133-4a16-8524-7c56952b6c9c,substation,okiden-akiyoryo-202606,extracted,2026-08-05
中城湾変電所,974fbf13-5cd8-4f0c-9ebc-6fa8a8311f72,substation,okiden-akiyoryo-202606,extracted,2026-08-05
知花変電所,f2a5c43f-5606-42c0-a244-57e7f6a0c27f,substation,okiden-akiyoryo-202606,extracted,2026-08-05
喜仲変電所,3cc5a798-672a-40ca-b34f-c6e49b720518,substation,okiden-akiyoryo-202606,extracted,2026-08-05
与勝変電所,39bf750b-1f8b-4a72-917a-368e247331d4,substation,okiden-akiyoryo-202606,extracted,2026-08-05
平安座変電所,6888652e-a1ed-4075-b2ad-43d4406e8cd6,substation,okiden-akiyoryo-202606,extracted,2026-08-05
天願変電所,fecd0161-4f16-4de9-9293-b348f8e592f9,substation,okiden-akiyoryo-202606,extracted,2026-08-05
栄野比変電所,d45d1f2f-0303-4923-a8f0-091244403f6e,substation,okiden-akiyoryo-202606,extracted,2026-08-05
座喜味変電所,fa74445e-9af1-411f-b98a-4a3a5980bd22,substation,okiden-akiyoryo-202606,extracted,2026-08-05
伊良皆第一変電所,30187667-20b8-436f-8145-697ccf8fdc70,substation,okiden-akiyoryo-202606,extracted,2026-08-05
屋良変電所,79a35e00-c3e3-42cb-b22a-bdd3a7ec1526,substation,okiden-akiyoryo-202606,extracted,2026-08-05
伊波変電所,20035827-21ac-47c2-bcc1-f01c8eb20002,substation,okiden-akiyoryo-202606,extracted,2026-08-05
仲石変電所,7a9fc8ce-80be-4c4e-9082-a5f23042a172,substation,okiden-akiyoryo-202606,extracted,2026-08-05
石川火力変電所,9be57449-5687-40df-986e-9a996327f5cd,substation,okiden-akiyoryo-202606,extracted,2026-08-05
石川変電所,2b97444e-c0db-4aca-8775-d619df08b06b,substation,okiden-akiyoryo-202606,extracted,2026-08-05
冨着変電所,31bf0a36-5f00-4ebf-a38b-0cb3c5a0d30b,substation,okiden-akiyoryo-202606,extracted,2026-08-05
金武火力変電所,714eab5b-3534-49ef-82c0-debee713f54c,substation,okiden-akiyoryo-202606,extracted,2026-08-05
新金武変電所,3ecd2ae8-d437-4709-aabe-594dbb14b427,substation,okiden-akiyoryo-202606,extracted,2026-08-05
恩納変電所,dc954863-054c-4875-9bfa-d0d4628348f2,substation,okiden-akiyoryo-202606,extracted,2026-08-05
安富祖変電所,78aa17e0-adbf-4e24-943d-56f7d73b403f,substation,okiden-akiyoryo-202606,extracted,2026-08-05
喜瀬変電所,ebca79da-c6fd-418e-aabe-970b2be11fd5,substation,okiden-akiyoryo-202606,extracted,2026-08-05
松田変電所,df9885d0-d4ca-4bd0-832a-56d23e7f888f,substation,okiden-akiyoryo-202606,extracted,2026-08-05
辺野古変電所,4ca8749b-f342-4bd5-b885-8107c46b7fca,substation,okiden-akiyoryo-202606,extracted,2026-08-05
名護変電所,dc8e22e5-3d9a-40f4-a991-664a8f88872b,substation,okiden-akiyoryo-202606,extracted,2026-08-05
新名護変電所,2101b6f8-5b34-4c92-89b7-c642c5f34cbf,substation,okiden-akiyoryo-202606,extracted,2026-08-05
安和変電所,37ffe127-ebf2-4b3e-b1db-6bc70c752978,substation,okiden-akiyoryo-202606,extracted,2026-08-05
今帰仁変電所,caf88a31-607d-4747-8374-12d97786c130,substation,okiden-akiyoryo-202606,extracted,2026-08-05
本部変電所,5faad957-c490-4f30-b1d6-23dd9fb2eb61,substation,okiden-akiyoryo-202606,extracted,2026-08-05
海洋博変電所,9118bacd-3988-44c9-99ac-ca93bb4a1ba3,substation,okiden-akiyoryo-202606,extracted,2026-08-05
羽地変電所,9b312dd5-6b87-4f83-a451-f00e3aa1fdbe,substation,okiden-akiyoryo-202606,extracted,2026-08-05
大保変電所,a1ff0f3b-fb30-4506-ac54-d4de57a10f73,substation,okiden-akiyoryo-202606,extracted,2026-08-05
慶佐次変電所,43256bde-4082-4c72-901f-f838b2e248ec,substation,okiden-akiyoryo-202606,extracted,2026-08-05
奥間変電所,81274a32-d725-4213-b35e-299e59d77570,substation,okiden-akiyoryo-202606,extracted,2026-08-05
真壁変電所,bd44cc7e-b1bd-4a16-af02-825aacb78df7,substation,okiden-akiyoryo-202606,extracted,2026-08-05
伊平変電所,cc899451-2d10-49c3-bd5f-fa45e4990bea,substation,okiden-akiyoryo-202606,extracted,2026-08-05
ギンバル変電所,e3930b9a-c1db-4182-9f00-54793a79ea07,substation,okiden-akiyoryo-202606,extracted,2026-08-05
西播変電所,9ddd5055-4300-45f4-9591-149b15e03c9b,substation,deanon,inferred,2026-08-05
神戸変電所,05a700e3-5ff8-45a8-8dad-68a904e03f69,substation,deanon,inferred,2026-08-05
新綾部変電所,0dd13a67-c4c4-415e-ba73-97cd314825fd,substation,deanon,inferred,2026-08-05
伊丹変電所,e738d0a7-38d6-4289-9399-5c5df706168a,substation,deanon,inferred,2026-08-05
小曽根電力所,c7c3772a-a52b-4bf6-b8a9-7cb9979bf17c,substation,deanon,inferred,2026-08-05
嶺南変電所,ca13d98b-abd9-4160-b903-520e22a8c51b,substation,deanon,inferred,2026-08-05
湖東変電所,37507885-cb3b-4e9a-8716-5c6eb79821de,substation,deanon,inferred,2026-08-05
新寝屋川変電所,254798ad-10fd-4ab5-9d54-5de595681560,substation,deanon,inferred,2026-08-05
猪名川変電所,77ba8483-4348-4521-99dc-035fe7173085,substation,deanon,inferred,2026-08-05
仁川変電所,3d607798-baaa-4ef9-b65f-e617492ea329,substation,deanon,inferred,2026-08-05
関西電力 浜変電所,ab318df4-8a8d-45f1-b592-2aca28c30555,substation,deanon,inferred,2026-08-05
日ノ岡一切経谷町変電所,32e0fa1b-0881-4fb3-9293-0677b007711b,substation,deanon,inferred,2026-08-05
北浜変電所,1d2e618a-4c46-4b8e-8ef9-381f4c4929e7,substation,deanon,inferred,2026-08-05
本田変電所,58df4675-ead4-4448-9ced-89fbca9fc6a3,substation,deanon,inferred,2026-08-05
敷津変電所,94ffe985-6aa1-4c1f-a106-f088ae829548,substation,deanon,inferred,2026-08-05
酉島変電所,db17419e-08f7-4a80-ac32-c772e7f7b100,substation,deanon,inferred,2026-08-05
能勢変電所,def6fad1-a85a-45bb-aeb5-a831f2a59c5f,substation,deanon,inferred,2026-08-05
信貴変電所,c7886323-c801-4fdf-bedc-b86bd1e77380,substation,deanon,inferred,2026-08-05
由良開閉所,b9cd99a8-ce45-471e-b261-4661225d1acc,substation,deanon,inferred,2026-08-05
紀北変換所,eda080c6-8edb-4060-af87-f4dfbd8d1793,substation,deanon,inferred,2026-08-05
東近江開閉所,ca7c2e91-e867-4205-8bab-b146f98679e0,substation,deanon,inferred,2026-08-05
京北開閉所,8a5bfccb-b254-4129-be0e-10fc61885f79,substation,deanon,inferred,2026-08-05
山崎開閉所,11dabf47-c0fd-4b35-b875-438100d2d831,substation,deanon,inferred,2026-08-05
宝塚開閉所,e56f4be9-cf61-44bd-a822-b8139388e320,substation,deanon,inferred,2026-08-05
成出変電所,fe2e6cab-cede-4e1f-896a-2dd33b6f4e4d,substation,deanon,inferred,2026-08-05
新山口変電所,369aa4ca-97d0-4152-9558-0e2521a111cd,substation,deanon,inferred,2026-08-05
東山口変電所,a3c60a8e-9cd4-4c3e-b8a1-ba585a7d43e2,substation,deanon,inferred,2026-08-05
山口変電所,95b2fed2-f880-4289-ab97-4e82404c09ee,substation,deanon,inferred,2026-08-05
新徳山変電所,933fc9f3-b80f-4db5-9704-89907e1f615e,substation,deanon,inferred,2026-08-05
高千帆変電所,e7bb9e3c-8423-45c1-8606-52037a3db0a9,substation,deanon,inferred,2026-08-05
新西広島変電所,531dd3eb-2415-48be-935a-e0ea2040d283,substation,deanon,inferred,2026-08-05
新広島変電所,d65eb499-3d40-4e39-92f5-8fb8e6db3ee6,substation,deanon,inferred,2026-08-05
広島変電所,5ed3548c-4093-4060-bd01-baca7f4d1d43,substation,deanon,inferred,2026-08-05
作木変電所,376c2ef2-0714-4c13-b236-6543c8a14c52,substation,deanon,inferred,2026-08-05
黒瀬変電所,1af49215-b47c-418c-878b-812c2fe410b6,substation,deanon,inferred,2026-08-05
新岡山変電所,00164373-2f0b-4d08-b17b-d3ae1f4d390e,substation,deanon,inferred,2026-08-05
東岡山変電所,5b90df00-f003-4b2e-97b7-1d9bae411cd2,substation,deanon,inferred,2026-08-05
岡山変電所,90f60dd0-0baf-4763-931e-c56e1b73c89e,substation,deanon,inferred,2026-08-05
西島根変電所,b1844783-577b-45d0-8156-8c2182ffe5a7,substation,deanon,inferred,2026-08-05
北松江変電所,1e9ca48c-09e9-43df-807f-cf2fb583b632,substation,deanon,inferred,2026-08-05
日野変電所,40edfd6e-c5a4-45bc-9bb1-3d9bda1721dd,substation,deanon,inferred,2026-08-05
新鳥取変電所,ea02fac6-5d9d-4217-a2c4-744923fcf402,substation,deanon,inferred,2026-08-05
井原開閉所,7e2e9e2e-e992-420e-a0a6-d406c759b7fa,substation,deanon,inferred,2026-08-05
島根原子力発電所,1f10f09f-d059-405a-b680-f51b15cfb2eb,substation,deanon,inferred,2026-08-05
三隅発電所,555a4efb-bd7c-4bb7-bfbb-59cb5da40c0f,substation,deanon,inferred,2026-08-05
西播変電所,4058d0e9-bbd2-402a-8039-9b16522f877e,substation,deanon,inferred,2026-08-05
新綾部変電所,e09d9f6e-938e-40a3-94ab-edb939c9b68d,substation,deanon,inferred,2026-08-05
嶺南変電所,3c3e5570-63ee-4374-8706-84bb43fc3e3b,substation,deanon,inferred,2026-08-05
猪名川変電所,e9beaf24-b7dc-4272-b2b9-5a105e9a5e6f,substation,deanon,inferred,2026-08-05
西大阪変電所,3563f379-7a95-4f5b-9f81-3a66a8c76eab,substation,deanon,inferred,2026-08-05
甲賀変電所,12e2e5d0-3df8-496f-8196-5d45a39abbbf,substation,deanon,inferred,2026-08-05
北葛城変電所,1f9f2c8d-7f2f-417e-84e7-d744214d6e91,substation,deanon,inferred,2026-08-05
古川橋変電所,303de30c-3529-4526-b0d8-f58ae5e1cdf5,substation,deanon,inferred,2026-08-05
東意岐部変電所,40c898a0-f6fc-4acb-9075-8785678d3843,substation,deanon,inferred,2026-08-05
宇堅変電所,1080144d-2342-41b3-9461-49dbbc5b94ab,substation,deanon,inferred,2026-08-05
北摂変電所,b6f35099-07c2-4143-af1c-5a6da5df89c6,substation,occto-chinai-kikan-jisseki,inferred,2026-08-05
西京都変電所,b3915415-7af2-4634-833a-f8e3099ace12,substation,occto-chinai-kikan-jisseki,inferred,2026-08-05
新生駒変電所,01fdf044-cd8b-4f69-bb82-306cbe0bb297,substation,occto-chinai-kikan-jisseki,inferred,2026-08-05
南京都変電所,a894d93d-12bf-4305-ac03-e93799f58f2d,substation,occto-chinai-kikan-jisseki,inferred,2026-08-05
大河内発電所,fbfc6e0b-9647-45d7-9926-1ccd4743179a,substation,occto-chinai-kikan-jisseki,inferred,2026-08-05
東大和開閉所,54bb9e9a-9632-4e52-ba96-2c077fa92438,substation,occto-chinai-kikan-jisseki,inferred,2026-08-05
智頭,cdf9dff0-9c99-4333-9769-c11317146470,substation,occto-chinai-kikan-jisseki,inferred,2026-08-05
北摂変電所,0c80ac5d-9c85-4e08-92cc-e53ba04d86aa,substation,occto-chinai-kikan-jisseki,inferred,2026-08-05
西京都変電所,5eaf0386-ec82-4f68-b733-a422cd28f920,substation,occto-chinai-kikan-jisseki,inferred,2026-08-05
新生駒変電所,8cdf3195-82b0-4a22-90ae-da82e72d212e,substation,occto-chinai-kikan-jisseki,inferred,2026-08-05
新生駒変電所,3b1916ed-a7fa-4e5f-b258-f8e724ac262b,substation,occto-chinai-kikan-jisseki,inferred,2026-08-05
仁川変電所,07586997-a55d-40f2-82ed-2c66d83290dc,substation,occto-chinai-kikan-jisseki,inferred,2026-08-05
