uuid,entity_type,target_system,target_id,target_version,match_method,verified_by,confidence,updated_at,notes
00173bac-0eef-4d19-be24-a1eacc885982,substation,ajg,kyushu_sub_202@220,ajg-v1.6.0,name_t1_region,,extracted,2026-08-04,crosscheck_ajg 2026-08-04; ajg_kv=220
0042b02a-eb79-4fea-891e-0fe8d8ebed86,substation,ajg,tohoku_sub_35@275,ajg-v1.6.0,name_t1_region,,extracted,2026-08-04,crosscheck_ajg 2026-08-04; ajg_kv=275
00e643d9-7248-4491-9089-92c8c615c8d5,substation,ajg,shikoku_sub_5@187,ajg-v1.6.0,name_t1_region,,extracted,2026-08-04,crosscheck_ajg 2026-08-04; ajg_kv=187
019f125d-ef81-49ff-a590-4286f8494932,substation,ajg,tokyo_sub_706@275,ajg-v1.6.0,name_t1_region,,extracted,2026-08-04,crosscheck_ajg 2026-08-04; ajg_kv=275
0305b4e0-7f10-42bf-a122-d1dbf6437be2,substation,ajg,kyushu_sub_14@220,ajg-v1.6.0,name_t1_region,,extracted,2026-08-04,crosscheck_ajg 2026-08-04; ajg_kv=220
03347097-999a-4800-a97d-b14b94833d6b,substation,ajg,tokyo_sub_159@275,ajg-v1.6.0,name_t1_region,,extracted,2026-08-04,crosscheck_ajg 2026-08-04; ajg_kv=275
038a47ad-21c0-4ef2-8840-a9c2417ea497,substation,ajg,tokyo_sub_820,ajg-v1.6.0,name_t1_region,,extracted,2026-08-04,crosscheck_ajg 2026-08-04; ajg_kv=275
0437cdc6-3edc-469d-a466-f605baa402c4,substation,ajg,hokuriku_sub_31,ajg-v1.6.0,name_t1_region,,extracted,2026-08-04,crosscheck_ajg 2026-08-04; ajg_kv=275
04a0dc60-80ca-4a48-83ed-2693e5e2bdb7,substation,ajg,tokyo_sub_1765,ajg-v1.6.0,name_t1_national,,extracted,2026-08-04,crosscheck_ajg 2026-08-04; ajg_kv=66
04aa8529-9f52-4b7b-9b3e-88774423976a,substation,ajg,tokyo_sub_340@154,ajg-v1.6.0,name_t1_region,,extracted,2026-08-04,crosscheck_ajg 2026-08-04; ajg_kv=154
05593fa2-e546-450e-9f5c-b591511198f2,substation,ajg,tokyo_sub_626@154,ajg-v1.6.0,name_t1_region,,extracted,2026-08-04,crosscheck_ajg 2026-08-04; ajg_kv=154
0569f3d0-a724-4882-8070-0819b008ff56,substation,ajg,tohoku_sub_147@154,ajg-v1.6.0,name_t1_region,,extracted,2026-08-04,crosscheck_ajg 2026-08-04; ajg_kv=154
057d43bf-bf5d-49e4-8ffa-48f567899ff0,substation,ajg,chubu_sub_111@154,ajg-v1.6.0,name_t1_region,,extracted,2026-08-04,crosscheck_ajg 2026-08-04; ajg_kv=154
058c65b3-d64c-4658-9efc-c5848737bf9c,substation,ajg,tokyo_sub_23,ajg-v1.6.0,name_t1_region,,extracted,2026-08-04,crosscheck_ajg 2026-08-04; ajg_kv=154
05cae69f-5d2c-43ba-88a4-2ef386fb2f3d,substation,ajg,tohoku_sub_58@275,ajg-v1.6.0,name_t1_region,,extracted,2026-08-04,crosscheck_ajg 2026-08-04; ajg_kv=275
0650d830-44e3-4d55-9174-bdb1fa458e8f,substation,ajg,tokyo_sub_1394@154,ajg-v1.6.0,name_t1_region,,extracted,2026-08-04,crosscheck_ajg 2026-08-04; ajg_kv=154
066cbb16-79d0-4f74-9caa-ffb229f97bc1,substation,ajg,tohoku_sub_148@275,ajg-v1.6.0,name_t1_region,,extracted,2026-08-04,crosscheck_ajg 2026-08-04; ajg_kv=275
06ed3dc2-4e0e-454c-8e9d-fc281aa3f653,substation,ajg,chubu_sub_120@500,ajg-v1.6.0,name_t1_region,,extracted,2026-08-04,crosscheck_ajg 2026-08-04; ajg_kv=500
07dd996e-a626-4d3f-820d-8bc52336a67e,substation,ajg,chubu_sub_332@154,ajg-v1.6.0,name_t1_region,,extracted,2026-08-04,crosscheck_ajg 2026-08-04; ajg_kv=154
09a9d654-fe2d-4ddf-9a98-497aa87edb79,substation,ajg,kyushu_sub_47@500,ajg-v1.6.0,name_t1_region,,extracted,2026-08-04,crosscheck_ajg 2026-08-04; ajg_kv=500
09b00f7f-e115-4033-86f2-4fb2f13c5655,substation,ajg,chubu_sub_89@275,ajg-v1.6.0,name_t1_region,,extracted,2026-08-04,crosscheck_ajg 2026-08-04; ajg_kv=275
09ef7c7f-76be-4095-a425-e5db64601796,substation,ajg,tohoku_sub_288@154,ajg-v1.6.0,name_t3_region,,inferred,2026-08-04,crosscheck_ajg 2026-08-04; ajg_kv=154
09f71510-b869-4765-95e0-56a93959a35e,substation,ajg,tokyo_sub_687,ajg-v1.6.0,name_t1_region,,extracted,2026-08-04,crosscheck_ajg 2026-08-04; ajg_kv=66
0ac2023d-193c-434c-ad55-bfb34e1a9166,substation,ajg,hokkaido_sub_160@275,ajg-v1.6.0,name_t1_region,,extracted,2026-08-04,crosscheck_ajg 2026-08-04; ajg_kv=275
0b0f2890-9f1a-41ed-9dea-a92442bc65f1,substation,ajg,kyushu_sub_455,ajg-v1.6.0,name_t1_region,,extracted,2026-08-04,crosscheck_ajg 2026-08-04; ajg_kv=220
0c2d856b-8359-412c-bbab-a0cdf49a3d5b,substation,ajg,hokuriku_sub_8,ajg-v1.6.0,name_t1_region,,extracted,2026-08-04,crosscheck_ajg 2026-08-04; ajg_kv=500
0d569b24-6d54-434a-9d8e-945375c12f09,substation,ajg,kyushu_sub_636,ajg-v1.6.0,name_t1_region,,extracted,2026-08-04,crosscheck_ajg 2026-08-04; ajg_kv=220
0eb051cb-1239-42c9-b614-94c8760f55de,substation,ajg,tokyo_sub_89@u,ajg-v1.6.0,name_t1_region,,inferred,2026-08-14,AJG audit 2026-08-14; same site; source 275kV matches AJG untyped 275kV layer; previous=tokyo_sub_89@66
0ebbb1e4-ecc7-461c-aee9-a356dda7219c,substation,ajg,tohoku_sub_707@154,ajg-v1.6.0,name_t1_region,,extracted,2026-08-04,crosscheck_ajg 2026-08-04; ajg_kv=154
4ac2e9f7-af61-402a-8b9c-3eaed56d0538,substation,ajg,tohoku_sub_566@275,ajg-v1.6.0,name_t1_region,,extracted,2026-08-04,crosscheck_ajg 2026-08-04; ajg_kv=275
0f0052ac-8e22-4470-9929-7e551e81e9a6,substation,ajg,kyushu_sub_459@220,ajg-v1.6.0,name_t1_region,,extracted,2026-08-04,crosscheck_ajg 2026-08-04; ajg_kv=220
0f2648c6-35c0-46ed-9d4f-3fe792ea8b59,substation,ajg,hokkaido_sub_8@187,ajg-v1.6.0,name_t1_region,,extracted,2026-08-04,crosscheck_ajg 2026-08-04; ajg_kv=187
0f38b826-71bc-4d1d-9593-809f66f9cdb3,substation,ajg,shikoku_sub_53@187,ajg-v1.6.0,name_t1_region,,extracted,2026-08-04,crosscheck_ajg 2026-08-04; ajg_kv=187
0fcd3144-351d-47f1-b6fe-3909ab4c3d98,substation,ajg,tokyo_sub_1092@154,ajg-v1.6.0,name_t1_region,,extracted,2026-08-04,crosscheck_ajg 2026-08-04; ajg_kv=154
113050db-f01f-4521-9f3a-fa9d25bdd33c,substation,ajg,kyushu_sub_214@220,ajg-v1.6.0,name_t1_region,,inferred,2026-08-14,AJG audit 2026-08-14; OSM way/304390660 confirms 到津 220/66kV; selected same-site 220kV layer; previous=kyushu_sub_213
11c4e95b-fcb6-4033-b0bd-d926addb50a3,substation,ajg,chubu_sub_865@154,ajg-v1.6.0,name_t1_region,,extracted,2026-08-04,crosscheck_ajg 2026-08-04; ajg_kv=154
11f2cf54-c52f-466a-aac4-5d6c85b9152f,substation,ajg,tokyo_sub_593,ajg-v1.6.0,name_t1_region,,extracted,2026-08-04,crosscheck_ajg 2026-08-04; ajg_kv=154
12634b78-5593-4be0-a70a-76096bc5605e,substation,ajg,tokyo_sub_135@154,ajg-v1.6.0,name_t1_region,,extracted,2026-08-04,crosscheck_ajg 2026-08-04; ajg_kv=154
129adad5-8392-4665-8fe1-a5af8d3d95a9,substation,ajg,tohoku_sub_443@275,ajg-v1.6.0,name_t1_region,,extracted,2026-08-04,crosscheck_ajg 2026-08-04; ajg_kv=275
12d4037d-527e-49c3-a6fa-18e079887a0a,substation,ajg,hokkaido_sub_68@275,ajg-v1.6.0,name_t1_region,,extracted,2026-08-04,crosscheck_ajg 2026-08-04; ajg_kv=275
13019ca3-4943-4001-8a04-55d60795dc14,substation,ajg,kyushu_sub_58@220,ajg-v1.6.0,name_t1_region,,extracted,2026-08-04,crosscheck_ajg 2026-08-04; ajg_kv=220
13163b5b-5331-4dd7-b0ef-f5f812b10184,substation,ajg,chubu_sub_929,ajg-v1.6.0,name_t3_region,,inferred,2026-08-04,crosscheck_ajg 2026-08-04; ajg_kv=275
13cfd981-c073-4bcf-a84f-2c792108b6fe,substation,ajg,tohoku_sub_279@154,ajg-v1.6.0,name_t1_region,,extracted,2026-08-14,AJG audit 2026-08-14; same site; source 154kV layer; previous=tohoku_sub_279@275
13e23403-51c7-49a9-a21c-e3775d366e5f,substation,ajg,chubu_sub_66@154,ajg-v1.6.0,name_t3_national,,inferred,2026-08-04,crosscheck_ajg 2026-08-04; ajg_kv=154
150fe35a-6c35-4fbb-96f0-7bad74e6467d,substation,ajg,tokyo_sub_1380@154,ajg-v1.6.0,name_t1_region,,extracted,2026-08-14,AJG audit 2026-08-14; same site; source 154kV layer; previous=tokyo_sub_1380@275
1635ec54-b8fd-4e7a-b86e-d32bf75ef461,substation,ajg,chubu_sub_118@275,ajg-v1.6.0,name_t1_region,,extracted,2026-08-04,crosscheck_ajg 2026-08-04; ajg_kv=275
16c5726b-837a-4050-8281-c68d851b6fe6,substation,ajg,kyushu_sub_80@220,ajg-v1.6.0,name_t1_region,,extracted,2026-08-04,crosscheck_ajg 2026-08-04; ajg_kv=220
172f6d83-3440-4345-a19b-30c095c98d71,substation,ajg,tokyo_sub_1266@154,ajg-v1.6.0,name_t1_region,,extracted,2026-08-04,crosscheck_ajg 2026-08-04; ajg_kv=154
17c870f0-d9c9-41f9-ab62-7be36b8499b1,substation,ajg,tokyo_sub_1023@154,ajg-v1.6.0,name_t1_region,,extracted,2026-08-14,AJG audit 2026-08-14; same site; source 154kV layer; previous=tokyo_sub_1023@500
1837cccc-b2d9-437e-9343-0388adcd3f54,substation,ajg,tokyo_sub_572,ajg-v1.6.0,name_t1_region,,extracted,2026-08-04,crosscheck_ajg 2026-08-04; ajg_kv=154
1874de81-9355-43de-9846-5f65a7f18ba4,substation,ajg,tohoku_sub_560@500,ajg-v1.6.0,name_t1_region,,extracted,2026-08-04,crosscheck_ajg 2026-08-04; ajg_kv=500
18c98bb2-5057-4bfd-a906-4d5a9aa79002,substation,ajg,tokyo_sub_897@154,ajg-v1.6.0,name_t1_region,,extracted,2026-08-04,crosscheck_ajg 2026-08-04; ajg_kv=154
18caf0e6-c93b-4174-87a4-7fcca78889a7,substation,ajg,tokyo_sub_846@154,ajg-v1.6.0,name_t1_region,,extracted,2026-08-04,crosscheck_ajg 2026-08-04; ajg_kv=154
190bc9b7-fb74-41b1-8d07-15796ee58a84,substation,ajg,kyushu_sub_82@220,ajg-v1.6.0,name_t1_region,,extracted,2026-08-04,crosscheck_ajg 2026-08-04; ajg_kv=220
19cd2c20-b0fb-405e-898e-be5b6476981e,substation,ajg,kyushu_sub_290@220,ajg-v1.6.0,name_t1_region,,extracted,2026-08-04,crosscheck_ajg 2026-08-04; ajg_kv=220
1a188738-db36-43b8-8b5b-1440a9218007,substation,ajg,chubu_sub_134@500,ajg-v1.6.0,name_t1_region,,extracted,2026-08-04,crosscheck_ajg 2026-08-04; ajg_kv=500
1a279b61-30e6-4734-86c0-1784269b8dfc,substation,ajg,chubu_sub_132@275,ajg-v1.6.0,name_t1_region,,extracted,2026-08-04,crosscheck_ajg 2026-08-04; ajg_kv=275
1a2c70b6-123b-4318-93fa-e89cb3c46594,substation,ajg,tokyo_sub_657,ajg-v1.6.0,name_t1_region,,extracted,2026-08-04,crosscheck_ajg 2026-08-04; ajg_kv=66
1a46cae7-dbd7-4061-b87d-a1494dc1c2e3,substation,ajg,kyushu_sub_79,ajg-v1.6.0,name_t1_region,,extracted,2026-08-04,crosscheck_ajg 2026-08-04; ajg_kv=66
1a765da9-6d3a-4f8d-a885-3239586c4a9b,substation,ajg,tohoku_sub_445@275,ajg-v1.6.0,name_t1_region,,extracted,2026-08-04,crosscheck_ajg 2026-08-04; ajg_kv=275
1b29a990-c2b9-4ceb-a944-9a7d49f864b0,substation,ajg,tohoku_sub_804@154,ajg-v1.6.0,name_t1_region,,extracted,2026-08-04,crosscheck_ajg 2026-08-04; ajg_kv=154
1bc6eac9-9147-4231-b687-9e09fe514e88,substation,ajg,chubu_sub_235@500,ajg-v1.6.0,name_t1_region,,extracted,2026-08-04,crosscheck_ajg 2026-08-04; ajg_kv=500
1c1313c6-dbe2-443d-a3bf-2b1c13ef384c,substation,ajg,tohoku_sub_458@154,ajg-v1.6.0,name_t1_region,,extracted,2026-08-04,crosscheck_ajg 2026-08-04; ajg_kv=154
1c26908f-cda1-47d4-b9e9-022c4e2f6512,substation,ajg,chubu_sub_261@154,ajg-v1.6.0,name_t3_region,,inferred,2026-08-04,crosscheck_ajg 2026-08-04; ajg_kv=154
1c96b886-5b5a-4e6e-9b52-a2760832012c,substation,ajg,chubu_sub_250@275,ajg-v1.6.0,name_t1_region,,extracted,2026-08-04,crosscheck_ajg 2026-08-04; ajg_kv=275
1cb8946b-0127-44f8-96dd-feef5a58af5a,substation,ajg,tohoku_sub_559@154,ajg-v1.6.0,name_t1_region,,extracted,2026-08-04,crosscheck_ajg 2026-08-04; ajg_kv=154
1d73b977-5daf-46a0-9382-e2654cf8bfb0,substation,ajg,kyushu_sub_460@220,ajg-v1.6.0,name_t1_region,,extracted,2026-08-04,crosscheck_ajg 2026-08-04; ajg_kv=220
1d810b42-a6ae-4e7c-8a16-d8fcb39d47c2,substation,ajg,tohoku_sub_187@154,ajg-v1.6.0,name_t1_region,,extracted,2026-08-04,crosscheck_ajg 2026-08-04; ajg_kv=154
1e00913c-2516-4d0e-a144-7b9f3291aa6d,substation,ajg,chubu_sub_309@275,ajg-v1.6.0,name_t1_region,,extracted,2026-08-04,crosscheck_ajg 2026-08-04; ajg_kv=275
1eda7e34-dbbc-43a8-8f1d-28de57b6247b,substation,ajg,chubu_sub_119@275,ajg-v1.6.0,name_t1_region,,extracted,2026-08-04,crosscheck_ajg 2026-08-04; ajg_kv=275
2124ef3f-1d9f-4a1c-af31-27feacf2ef75,substation,ajg,tohoku_sub_811@154,ajg-v1.6.0,name_t1_region,,extracted,2026-08-04,crosscheck_ajg 2026-08-04; ajg_kv=154
218a454d-1981-4dcd-8ef6-747dfa34e395,substation,ajg,tokyo_sub_136@500,ajg-v1.6.0,name_t1_region,,extracted,2026-08-04,crosscheck_ajg 2026-08-04; ajg_kv=500
22577b3d-dcc5-4f27-8674-3e9d582e8d9c,substation,ajg,tokyo_sub_148@500,ajg-v1.6.0,name_t1_region,,extracted,2026-08-04,crosscheck_ajg 2026-08-04; ajg_kv=500
22cd6d50-1406-4e9f-b425-850879b840cc,substation,ajg,hokkaido_sub_87,ajg-v1.6.0,name_t3_region,,inferred,2026-08-04,crosscheck_ajg 2026-08-04; ajg_kv=66
22f2e320-18e6-447e-9423-f9047c95ff44,substation,ajg,shikoku_sub_179@187,ajg-v1.6.0,name_t1_region,,extracted,2026-08-04,crosscheck_ajg 2026-08-04; ajg_kv=187
232a9642-b02e-4507-b7ae-2779c34720f3,substation,ajg,tokyo_sub_571,ajg-v1.6.0,name_t1_region,,extracted,2026-08-04,crosscheck_ajg 2026-08-04; ajg_kv=154
23b45592-7716-4263-bcf3-99c13d9290d2,substation,ajg,tohoku_sub_150,ajg-v1.6.0,name_t1_national,,extracted,2026-08-04,crosscheck_ajg 2026-08-04; ajg_kv=500
23c0b48a-b06f-436b-9803-239e475ab124,substation,ajg,hokuriku_sub_66@154,ajg-v1.6.0,name_t1_region,,extracted,2026-08-14,AJG audit 2026-08-14; same site; source 154kV layer; previous=hokuriku_sub_66@275
249acbfe-b23b-4d4e-8a1d-a1076756c23d,substation,ajg,tokyo_sub_592,ajg-v1.6.0,name_t1_region,,extracted,2026-08-04,crosscheck_ajg 2026-08-04; ajg_kv=154
24a69745-c7d4-41f5-92cc-732460bced93,substation,ajg,tokyo_sub_77@154,ajg-v1.6.0,name_t1_region,,extracted,2026-08-14,AJG audit 2026-08-14; same site; source 154kV layer; previous=tokyo_sub_77@275
256d0c31-ba5b-41c6-b138-35f0e1211aab,substation,ajg,kyushu_sub_394,ajg-v1.6.0,name_t1_region,,extracted,2026-08-04,crosscheck_ajg 2026-08-04; ajg_kv=66
2634b1be-c3ad-470e-a1c5-e3f02e93c78c,substation,ajg,tokyo_sub_92@154,ajg-v1.6.0,name_t1_region,,extracted,2026-08-04,crosscheck_ajg 2026-08-04; ajg_kv=154
263fc187-c584-47b0-8cf1-aac09270d46f,substation,ajg,tokyo_sub_448@154,ajg-v1.6.0,name_t1_region,,extracted,2026-08-04,crosscheck_ajg 2026-08-04; ajg_kv=154
267b8ea3-25da-4df9-959a-3f78a24241f9,substation,ajg,tokyo_sub_784,ajg-v1.6.0,name_t1_region,,extracted,2026-08-14,AJG audit 2026-08-14; exact power-operator site; excludes nearby railway site; previous=tokyo_sub_631
27a183ff-563d-48cb-a153-a66600708e75,substation,ajg,hokuriku_sub_106@154,ajg-v1.6.0,name_t1_region,,extracted,2026-08-04,crosscheck_ajg 2026-08-04; ajg_kv=154
27f314e0-a83f-4666-bcfe-2abb18f7c9cc,substation,ajg,tokyo_sub_1378@500,ajg-v1.6.0,name_t1_region,,extracted,2026-08-04,crosscheck_ajg 2026-08-04; ajg_kv=500
28970f62-a7b3-4453-aa4a-41ae86e2da9f,substation,ajg,tokyo_sub_1443,ajg-v1.6.0,name_t1_region,,extracted,2026-08-04,crosscheck_ajg 2026-08-04; ajg_kv=154
28ec472c-5d5b-4b72-91bb-d9b4a397bb84,substation,ajg,hokkaido_sub_153@187,ajg-v1.6.0,name_t1_region,,extracted,2026-08-04,crosscheck_ajg 2026-08-04; ajg_kv=187
2a37b228-4706-4553-be64-cbfbf98245b2,substation,ajg,tokyo_sub_750,ajg-v1.6.0,name_t1_region,,inferred,2026-08-14,AJG audit 2026-08-14; exact raw name/operator site; source 275kV has no AJG 275kV layer at this site; previous=tokyo_sub_749
2af3bff3-2fd1-4b89-8bff-fb7320d7da83,substation,ajg,tokyo_sub_641,ajg-v1.6.0,name_t1_region,,extracted,2026-08-04,crosscheck_ajg 2026-08-04; ajg_kv=154
2b78ab1b-ed1b-498b-b174-ee48417a2274,substation,ajg,tokyo_sub_785@154,ajg-v1.6.0,name_t1_region,,extracted,2026-08-14,AJG audit 2026-08-14; same site; source 154kV layer; previous=tokyo_sub_785@275
2bf0bf5b-badc-4ae9-9b5b-61048efdda8a,substation,ajg,tokyo_sub_374,ajg-v1.6.0,name_t1_region,,extracted,2026-08-04,crosscheck_ajg 2026-08-04; ajg_kv=154
2c23146d-0895-4c02-98be-efe9bac0b496,substation,ajg,hokkaido_sub_166@187,ajg-v1.6.0,name_t1_region,,extracted,2026-08-04,crosscheck_ajg 2026-08-04; ajg_kv=187
2c84d328-e28a-44c7-a407-85f98b714ad2,substation,ajg,tohoku_sub_29@154,ajg-v1.6.0,name_t1_region,,extracted,2026-08-04,crosscheck_ajg 2026-08-04; ajg_kv=154
2cae2d77-39ae-4238-885a-700a9e2b9f5e,substation,ajg,chubu_sub_96@275,ajg-v1.6.0,name_t1_region,,extracted,2026-08-04,crosscheck_ajg 2026-08-04; ajg_kv=275
2cb9aff2-fc57-4a43-8c0b-0b9f297800ce,substation,ajg,chubu_sub_575@154,ajg-v1.6.0,name_t1_national,,extracted,2026-08-04,crosscheck_ajg 2026-08-04; ajg_kv=154
2cbe3824-0aec-4df3-bfce-0074c1dc082d,substation,ajg,tokyo_sub_636,ajg-v1.6.0,name_t1_region,,extracted,2026-08-04,crosscheck_ajg 2026-08-04; ajg_kv=154
2ce35639-943f-4c6c-a97e-7d6ba5975ab3,substation,ajg,tohoku_sub_189@154,ajg-v1.6.0,name_t1_region,,extracted,2026-08-04,crosscheck_ajg 2026-08-04; ajg_kv=154
2d34b9f6-f8a0-4d18-9a01-2d815c46325b,substation,ajg,tokyo_sub_1356@500,ajg-v1.6.0,name_t1_region,,extracted,2026-08-04,crosscheck_ajg 2026-08-04; ajg_kv=500
2d52544f-39d9-4458-93e3-43d6a714cfbf,substation,ajg,chubu_sub_243@154,ajg-v1.6.0,name_t1_region,,extracted,2026-08-04,crosscheck_ajg 2026-08-04; ajg_kv=154
2d8159fc-c76f-4f6d-9b6f-584f0796f682,substation,ajg,tokyo_sub_912,ajg-v1.6.0,name_t1_region,,extracted,2026-08-04,crosscheck_ajg 2026-08-04; ajg_kv=154
2df430c6-c40a-48d7-9e5e-7756be6e2d22,substation,ajg,tohoku_sub_398@154,ajg-v1.6.0,name_t1_region,,extracted,2026-08-04,crosscheck_ajg 2026-08-04; ajg_kv=154
2dfe59c5-35e9-4450-bad2-9a999a97f400,substation,ajg,hokkaido_sub_227@187,ajg-v1.6.0,name_t1_region,,extracted,2026-08-04,crosscheck_ajg 2026-08-04; ajg_kv=187
2eb4a630-5d36-4fa6-a36c-b514d6601622,substation,ajg,tokyo_sub_1717,ajg-v1.6.0,name_t1_region,,extracted,2026-08-14,AJG audit 2026-08-14; exact power-operator site; excludes nearby railway site; previous=tokyo_sub_1363@154
2f3b0624-126c-49db-b67c-b86301805fab,substation,ajg,tokyo_sub_1004@154,ajg-v1.6.0,name_t1_region,,extracted,2026-08-04,crosscheck_ajg 2026-08-04; ajg_kv=154
2f4c283d-bd13-43e8-be85-d267ca671969,substation,ajg,kyushu_sub_57,ajg-v1.6.0,name_t1_region,,extracted,2026-08-04,crosscheck_ajg 2026-08-04; ajg_kv=0
2f53b0af-75a4-48f2-8126-64956bb99c3e,substation,ajg,tohoku_sub_701@275,ajg-v1.6.0,name_t1_region,,extracted,2026-08-14,AJG audit 2026-08-14; same site; source 275kV layer; previous=tohoku_sub_700@154
2f9fb644-da7f-4443-bde9-5223de1664f3,substation,ajg,chubu_sub_199@154,ajg-v1.6.0,name_t1_region,,extracted,2026-08-04,crosscheck_ajg 2026-08-04; ajg_kv=154
2fd2d155-394f-435b-9dbe-d76ea0be66a0,substation,ajg,hokkaido_sub_159@187,ajg-v1.6.0,name_t1_region,,extracted,2026-08-14,AJG audit 2026-08-14; same site; source 187kV layer; previous=hokkaido_sub_159@275
2fe84292-e9ee-46be-9c59-0a52327595fb,substation,ajg,tokyo_sub_392,ajg-v1.6.0,name_t1_region,,extracted,2026-08-04,crosscheck_ajg 2026-08-04; ajg_kv=154
2fe87164-8eda-4b48-b0d9-8bb26fac957b,substation,ajg,tohoku_sub_11@275,ajg-v1.6.0,name_t1_region,,extracted,2026-08-04,crosscheck_ajg 2026-08-04; ajg_kv=275
3061ba6a-ef12-4263-a93b-f0f3a936e3e3,substation,ajg,tokyo_sub_158,ajg-v1.6.0,name_t1_region,,extracted,2026-08-04,crosscheck_ajg 2026-08-04; ajg_kv=154
3149bc32-66d7-4363-a3cd-708a231f4710,substation,ajg,kyushu_sub_112@220,ajg-v1.6.0,name_t1_region,,extracted,2026-08-04,crosscheck_ajg 2026-08-04; ajg_kv=220
3160e5d7-90c6-4fed-8967-33e384e7d53d,substation,ajg,tohoku_sub_167@275,ajg-v1.6.0,name_t1_region,,extracted,2026-08-04,crosscheck_ajg 2026-08-04; ajg_kv=275
319c4970-420b-484e-a186-d65bc309eeb6,substation,ajg,tokyo_sub_1000@154,ajg-v1.6.0,name_t1_region,,extracted,2026-08-14,AJG audit 2026-08-14; exact raw name/operator site; source 154kV layer; previous=tokyo_sub_999@500
328293f2-7c1b-447d-9d9d-5678971a4d6e,substation,ajg,kyushu_sub_108@220,ajg-v1.6.0,name_t1_region,,extracted,2026-08-14,AJG audit 2026-08-14; exact power-operator site; excludes nearby railway site; previous=kyushu_sub_54
32d13d32-f4e1-4182-9b47-23d2c2c34920,substation,ajg,tokyo_sub_73@154,ajg-v1.6.0,name_t1_region,,extracted,2026-08-04,crosscheck_ajg 2026-08-04; ajg_kv=154
33126264-2be7-4495-a3a1-393a47c17f50,substation,ajg,hokuriku_sub_9,ajg-v1.6.0,name_t1_region,,extracted,2026-08-04,crosscheck_ajg 2026-08-04; ajg_kv=500
33c8800b-2ce7-4ca7-b552-fbce758c89af,substation,ajg,tokyo_sub_557@500,ajg-v1.6.0,name_t1_region,,extracted,2026-08-04,crosscheck_ajg 2026-08-04; ajg_kv=500
3438c960-5746-4b7b-a995-76cc280982e6,substation,ajg,tokyo_sub_299,ajg-v1.6.0,name_t1_region,,extracted,2026-08-04,crosscheck_ajg 2026-08-04; ajg_kv=154
3446b81a-30d7-44e0-b5b4-be5a092f9ee7,substation,ajg,tokyo_sub_1250@154,ajg-v1.6.0,name_t1_region,,extracted,2026-08-04,crosscheck_ajg 2026-08-04; ajg_kv=154
3495cd61-8a86-4f20-86cc-a26c07364562,substation,ajg,tokyo_sub_902@275,ajg-v1.6.0,name_t1_region,,extracted,2026-08-04,crosscheck_ajg 2026-08-04; ajg_kv=275
358c6eb7-969e-4491-a91f-1fa34da71a9c,substation,ajg,tohoku_sub_590@154,ajg-v1.6.0,name_t1_region,,extracted,2026-08-04,crosscheck_ajg 2026-08-04; ajg_kv=154
3591a1fb-70e4-4daf-8433-d5b37fe8a920,substation,ajg,kyushu_sub_87@500,ajg-v1.6.0,name_t1_region,,extracted,2026-08-04,crosscheck_ajg 2026-08-04; ajg_kv=500
35d3bd47-2a3e-4032-b6ef-e0c72c4d3279,substation,ajg,chubu_sub_647@275,ajg-v1.6.0,name_t1_region,,inferred,2026-08-14,AJG audit 2026-08-14; OSM way/618344836 exact 鈴鹿開閉所 275kV; nearest AJG 275kV site 関町沓掛; previous=chubu_sub_538@77
36942346-231f-473b-b06e-c7742aaab35e,substation,ajg,tokyo_sub_297@154,ajg-v1.6.0,name_t1_region,,extracted,2026-08-04,crosscheck_ajg 2026-08-04; ajg_kv=154
36ace863-2e10-44fd-bab4-abefe75e0b50,substation,ajg,tokyo_sub_1067,ajg-v1.6.0,name_t1_national,,extracted,2026-08-04,crosscheck_ajg 2026-08-04; ajg_kv=154
37971305-7548-456d-a595-010a454f6e3d,substation,ajg,chubu_sub_128,ajg-v1.6.0,name_t1_region,,extracted,2026-08-04,crosscheck_ajg 2026-08-04; ajg_kv=500
37ff2f2e-c335-426c-b209-9774ef52661b,substation,ajg,tokyo_sub_216,ajg-v1.6.0,name_t1_region,,extracted,2026-08-04,crosscheck_ajg 2026-08-04; ajg_kv=154
38412230-03f2-41d7-a58b-043a72afbbe7,substation,ajg,tokyo_sub_1679,ajg-v1.6.0,name_t1_region,,extracted,2026-08-04,crosscheck_ajg 2026-08-04; ajg_kv=154
38b37758-1edd-4eba-86ba-46e73a2d7a68,substation,ajg,hokkaido_sub_226@110,ajg-v1.6.0,name_t1_region,,extracted,2026-08-04,crosscheck_ajg 2026-08-04; ajg_kv=110
398686db-c336-47f5-8a74-a0b66af8cf2e,substation,ajg,tohoku_sub_571@154,ajg-v1.6.0,name_t1_region,,extracted,2026-08-04,crosscheck_ajg 2026-08-04; ajg_kv=154
39a63c7d-a826-465a-9959-645c8e275379,substation,ajg,tokyo_sub_47@275,ajg-v1.6.0,name_t1_region,,extracted,2026-08-04,crosscheck_ajg 2026-08-04; ajg_kv=275
3ac86374-1ef3-479b-933d-e16df4cb0605,substation,ajg,kyushu_sub_638@220,ajg-v1.6.0,name_t1_region,,extracted,2026-08-04,crosscheck_ajg 2026-08-04; ajg_kv=220
3b0fbecb-9712-467d-acd9-87c1e6f373e1,substation,ajg,chubu_sub_107@275,ajg-v1.6.0,name_t1_region,,extracted,2026-08-04,crosscheck_ajg 2026-08-04; ajg_kv=275
3bf24977-0ef8-4c31-b029-36c02d8d15c4,substation,ajg,tokyo_sub_86,ajg-v1.6.0,name_t1_region,,extracted,2026-08-04,crosscheck_ajg 2026-08-04; ajg_kv=154
3ccfd08b-3658-4033-9039-eec98bc458fc,substation,ajg,tokyo_sub_548@154,ajg-v1.6.0,name_t1_region,,extracted,2026-08-04,crosscheck_ajg 2026-08-04; ajg_kv=154
3d54a2e0-84e6-409f-addc-a254bd6b6aac,substation,ajg,hokkaido_sub_97@187,ajg-v1.6.0,name_t1_region,,extracted,2026-08-04,crosscheck_ajg 2026-08-04; ajg_kv=187
3e2d6a42-21c3-4ea7-b1bf-d45301b1d606,substation,ajg,tokyo_sub_755@275,ajg-v1.6.0,name_t1_region,,extracted,2026-08-04,crosscheck_ajg 2026-08-04; ajg_kv=275
3e31e1c5-3935-4421-882a-ebb7835cdec8,substation,ajg,tokyo_sub_574@154,ajg-v1.6.0,name_t1_region,,extracted,2026-08-04,crosscheck_ajg 2026-08-04; ajg_kv=154
3ecda95f-56fa-45c9-a5b1-401d2e3c249b,substation,ajg,tokyo_sub_955,ajg-v1.6.0,name_t1_region,,extracted,2026-08-04,crosscheck_ajg 2026-08-04; ajg_kv=154
3ede803f-5746-4f89-98d6-a9bb3a4b0e6c,substation,ajg,tokyo_sub_717,ajg-v1.6.0,name_t1_region,,extracted,2026-08-04,crosscheck_ajg 2026-08-04; ajg_kv=275
406bb506-948c-4368-8c7f-a08f4ef79331,substation,ajg,tokyo_sub_103@275,ajg-v1.6.0,name_t1_region,,extracted,2026-08-04,crosscheck_ajg 2026-08-04; ajg_kv=275
407d3f9d-9a70-4e5d-9920-243bf3956c81,substation,ajg,shikoku_sub_122,ajg-v1.6.0,name_t1_region,,extracted,2026-08-14,AJG audit 2026-08-14; same physical converter; source-region AJG id; previous=kansai_sub_87
40d530e1-4337-4e21-97cb-63bffa798fae,substation,ajg,kyushu_sub_258@220,ajg-v1.6.0,name_t1_region,,extracted,2026-08-04,crosscheck_ajg 2026-08-04; ajg_kv=220
413d74af-14eb-4907-aceb-035a9a73e599,substation,ajg,chubu_sub_231@275,ajg-v1.6.0,name_t1_region,,extracted,2026-08-14,AJG audit 2026-08-14; exact raw name/operator site; source 275kV layer; previous=chubu_sub_46
41fcda93-e91f-4f82-a106-6ec39a5632bb,substation,ajg,shikoku_sub_183@187,ajg-v1.6.0,name_t3_region,,inferred,2026-08-14,AJG audit 2026-08-14; same site; source 187kV layer; previous=shikoku_sub_183@500
4249e180-5f96-4230-a891-ffcec4f6970e,substation,ajg,kyushu_sub_88@500,ajg-v1.6.0,name_t1_region,,extracted,2026-08-04,crosscheck_ajg 2026-08-04; ajg_kv=500
428a1b46-73e6-4c87-9712-30331229dab8,substation,ajg,hokkaido_sub_244@187,ajg-v1.6.0,name_t1_region,,extracted,2026-08-04,crosscheck_ajg 2026-08-04; ajg_kv=187
42fcae4c-8c5e-4c33-951e-1e00a0de46f2,substation,ajg,tohoku_sub_59@154,ajg-v1.6.0,name_t1_region,,extracted,2026-08-04,crosscheck_ajg 2026-08-04; ajg_kv=154
4364d454-f36e-45b6-a58a-65e02e05459d,substation,ajg,tokyo_sub_425,ajg-v1.6.0,name_t1_region,,extracted,2026-08-04,crosscheck_ajg 2026-08-04; ajg_kv=154
438d527d-b332-430a-bb05-68c26682cdb9,substation,ajg,hokuriku_sub_52@154,ajg-v1.6.0,name_t1_region,,extracted,2026-08-04,crosscheck_ajg 2026-08-04; ajg_kv=154
43a7a281-381a-4c76-a8e3-ff17f7f7681c,substation,ajg,tokyo_sub_20@275,ajg-v1.6.0,name_t1_region,,extracted,2026-08-04,crosscheck_ajg 2026-08-04; ajg_kv=275
44618726-8860-423d-8214-f4c2eb353d49,substation,ajg,tohoku_sub_434@500,ajg-v1.6.0,name_t1_region,,extracted,2026-08-04,crosscheck_ajg 2026-08-04; ajg_kv=500
44b9125f-7039-4c77-b42a-b1e945ff43c5,substation,ajg,kyushu_sub_521@220,ajg-v1.6.0,name_t1_region,,inferred,2026-08-14,AJG audit 2026-08-14; same-region exact name plus source 220kV layer; previous=kyushu_sub_140
44f83efb-1bbc-4a41-aad8-8e35e4aa3b03,substation,ajg,kyushu_sub_65@500,ajg-v1.6.0,name_t1_region,,extracted,2026-08-04,crosscheck_ajg 2026-08-04; ajg_kv=500
45842840-67d3-417d-8291-c9a64c0ec4c4,substation,ajg,kyushu_sub_23@220,ajg-v1.6.0,name_t1_region,,extracted,2026-08-04,crosscheck_ajg 2026-08-04; ajg_kv=220
4585ccaa-8692-4677-9a37-deb961372666,substation,ajg,chubu_sub_449,ajg-v1.6.0,name_t1_region,,extracted,2026-08-04,crosscheck_ajg 2026-08-04; ajg_kv=66
465b98e6-1d1d-491a-948e-77d30f5dc51e,substation,ajg,tokyo_sub_116@500,ajg-v1.6.0,name_t1_region,,extracted,2026-08-04,crosscheck_ajg 2026-08-04; ajg_kv=500
46cdfbaa-7479-486f-992e-a1b3db15c012,substation,ajg,tokyo_sub_152@275,ajg-v1.6.0,name_t1_region,,extracted,2026-08-14,AJG audit 2026-08-14; same site; source 275kV layer; previous=tokyo_sub_95
46ed81a3-adcb-42ea-be90-2a64df00f949,substation,ajg,hokuriku_sub_42@154,ajg-v1.6.0,name_t1_region,,extracted,2026-08-04,crosscheck_ajg 2026-08-04; ajg_kv=154
4729dba8-54ae-4a0f-83c2-7bf2f78b6382,substation,ajg,tokyo_sub_580@500,ajg-v1.6.0,name_t1_region,,extracted,2026-08-04,crosscheck_ajg 2026-08-04; ajg_kv=500
474626ea-4038-435b-80d7-4970fe065f92,substation,ajg,tokyo_sub_487,ajg-v1.6.0,name_t1_region,,extracted,2026-08-04,crosscheck_ajg 2026-08-04; ajg_kv=154
479faf21-6f8a-4a3b-9126-ac0b2bdaee24,substation,ajg,hokuriku_sub_103@154,ajg-v1.6.0,name_t1_region,,extracted,2026-08-04,crosscheck_ajg 2026-08-04; ajg_kv=154
47bf65ea-de73-44a5-91a5-2de2914b8a96,substation,ajg,chubu_sub_268@154,ajg-v1.6.0,name_t1_region,,extracted,2026-08-04,crosscheck_ajg 2026-08-04; ajg_kv=154
490c0d23-59cb-483d-af1d-44bd56df626f,substation,ajg,kyushu_sub_127@220,ajg-v1.6.0,name_t1_region,,extracted,2026-08-04,crosscheck_ajg 2026-08-04; ajg_kv=220
49261cc8-fb63-4b94-b176-5762189bf154,substation,ajg,hokkaido_sub_103@275,ajg-v1.6.0,name_t1_region,,extracted,2026-08-04,crosscheck_ajg 2026-08-04; ajg_kv=275
496fb187-359d-4ea3-9a0b-3d494cd69d11,substation,ajg,tokyo_sub_1366@500,ajg-v1.6.0,name_t1_region,,extracted,2026-08-04,crosscheck_ajg 2026-08-04; ajg_kv=500
4991b6bf-b93c-4e68-8fb7-3ef7e69d022c,substation,ajg,chubu_sub_248@154,ajg-v1.6.0,name_t1_region,,extracted,2026-08-04,crosscheck_ajg 2026-08-04; ajg_kv=154
4b1af2df-65ec-4053-9f82-4486a80e5008,substation,ajg,tokyo_sub_1393,ajg-v1.6.0,name_t1_region,,extracted,2026-08-04,crosscheck_ajg 2026-08-04; ajg_kv=154
4b240e49-50e8-47f1-829e-f0383be26552,substation,ajg,tohoku_sub_450@275,ajg-v1.6.0,name_t1_region,,extracted,2026-08-04,crosscheck_ajg 2026-08-04; ajg_kv=275
4cdb66a8-dcec-4f8e-b4cb-6fd0ecda6283,substation,ajg,tokyo_sub_1046@275,ajg-v1.6.0,name_t1_region,,extracted,2026-08-14,AJG audit 2026-08-14; same site; source 275kV layer; previous=tokyo_sub_1046@500
4d0f2279-8cf1-489e-ab2c-8f03071440cf,substation,ajg,chubu_sub_258,ajg-v1.6.0,name_t1_region,,extracted,2026-08-04,crosscheck_ajg 2026-08-04; ajg_kv=154
4d18a6e5-dab3-4407-ae78-674b792add0e,substation,ajg,chubu_sub_299,ajg-v1.6.0,name_t1_region,,extracted,2026-08-04,crosscheck_ajg 2026-08-04; ajg_kv=275
4d4b5195-5b77-4b31-be32-6a9d05466a75,substation,ajg,tohoku_sub_184@154,ajg-v1.6.0,name_t1_region,,extracted,2026-08-04,crosscheck_ajg 2026-08-04; ajg_kv=154
4f79e0fc-28d3-4aa4-8c44-5ef8a048f83e,substation,ajg,chubu_sub_529,ajg-v1.6.0,name_t3_national,,inferred,2026-08-04,crosscheck_ajg 2026-08-04; ajg_kv=0
4f7ba6da-76cf-4328-ac03-56223dcc7963,substation,ajg,kyushu_sub_86@220,ajg-v1.6.0,name_t1_region,,extracted,2026-08-04,crosscheck_ajg 2026-08-04; ajg_kv=220
4ffb73ca-5938-41d3-a4f7-620c3217eb0a,substation,ajg,tokyo_sub_1037@275,ajg-v1.6.0,name_t1_region,,extracted,2026-08-04,crosscheck_ajg 2026-08-04; ajg_kv=275
500740b5-e017-4f25-afb7-65a5f8f45824,substation,ajg,tohoku_sub_127,ajg-v1.6.0,name_t1_region,,extracted,2026-08-04,crosscheck_ajg 2026-08-04; ajg_kv=66
5199e2e9-784e-4fca-ae59-e057de399297,substation,ajg,chubu_sub_846@154,ajg-v1.6.0,topology,,inferred,2026-08-14,AJG audit 2026-08-14; unique 154kV site whose neighbors match 大高/東海/昭和町; previous=tokyo_sub_864
52142173-95c1-4413-9694-3ec24e9b645b,substation,ajg,chubu_sub_91@154,ajg-v1.6.0,name_t1_region,,extracted,2026-08-04,crosscheck_ajg 2026-08-04; ajg_kv=154
52645027-038b-47bb-9c4e-48bd4f141aeb,substation,ajg,tokyo_sub_48@154,ajg-v1.6.0,name_t1_region,,extracted,2026-08-04,crosscheck_ajg 2026-08-04; ajg_kv=154
531e0c00-3332-44f9-818d-2391a18726df,substation,ajg,hokkaido_sub_30@154,ajg-v1.6.0,name_t1_national,,extracted,2026-08-04,crosscheck_ajg 2026-08-04; ajg_kv=154
53627c85-1c88-44d5-ad69-217ce192c8c4,substation,ajg,tohoku_sub_702@154,ajg-v1.6.0,name_t1_region,,extracted,2026-08-04,crosscheck_ajg 2026-08-04; ajg_kv=154
53ba8007-a2ab-4ddb-a0d1-7589ff408696,substation,ajg,tokyo_sub_1766@275,ajg-v1.6.0,name_t1_national,,extracted,2026-08-04,crosscheck_ajg 2026-08-04; ajg_kv=275
540fd7d0-c461-432e-be21-16473ae308a6,substation,ajg,kyushu_sub_75@500,ajg-v1.6.0,name_t1_region,,extracted,2026-08-04,crosscheck_ajg 2026-08-04; ajg_kv=500
54e4793c-ec18-4255-810d-4d71c75f1a1a,substation,ajg,tohoku_sub_269@500,ajg-v1.6.0,name_t1_region,,extracted,2026-08-04,crosscheck_ajg 2026-08-04; ajg_kv=500
55580219-56bd-449b-9f20-c01ed0e215b0,substation,ajg,hokkaido_sub_197@275,ajg-v1.6.0,name_t1_region,,extracted,2026-08-04,crosscheck_ajg 2026-08-04; ajg_kv=275
556b91ea-2763-4e6b-b8dd-94660c2c3309,substation,ajg,chubu_sub_209@275,ajg-v1.6.0,name_t1_region,,extracted,2026-08-04,crosscheck_ajg 2026-08-04; ajg_kv=275
567a4dc2-07da-4ca0-86d8-766347423611,substation,ajg,kyushu_sub_163@220,ajg-v1.6.0,topology,,inferred,2026-08-14,"AJG audit 2026-08-14; 速見/速水 variant, source 220kV layer, and 豊前 corridor; previous=kansai_sub_535@154"
57076582-4d32-4ffd-9555-02599469ae24,substation,ajg,chubu_sub_316@275,ajg-v1.6.0,name_t1_region,,extracted,2026-08-04,crosscheck_ajg 2026-08-04; ajg_kv=275
57af7fbe-b3c0-41a1-9596-92935cb61451,substation,ajg,tohoku_sub_382,ajg-v1.6.0,name_t1_region,,extracted,2026-08-04,crosscheck_ajg 2026-08-04; ajg_kv=66
57bc3ade-12b5-4852-831e-a716e06adbe4,substation,ajg,tokyo_sub_630@275,ajg-v1.6.0,name_t1_region,,extracted,2026-08-04,crosscheck_ajg 2026-08-04; ajg_kv=275
59625a08-492c-4cd4-bbcd-88fb89043604,substation,ajg,tokyo_sub_677,ajg-v1.6.0,name_t1_region,,extracted,2026-08-04,crosscheck_ajg 2026-08-04; ajg_kv=275
596a9e19-4b21-4b8a-9d08-54726e220a45,substation,ajg,tokyo_sub_1119@154,ajg-v1.6.0,name_t1_region,,extracted,2026-08-14,AJG audit 2026-08-14; exact raw name/operator site; source 154kV layer; previous=tokyo_sub_353
598e6cef-7b50-4e03-9859-f4ff72216cb6,substation,ajg,hokkaido_sub_389@187,ajg-v1.6.0,name_t1_region,,extracted,2026-08-04,crosscheck_ajg 2026-08-04; ajg_kv=187
5a7fe88f-45e1-47f1-966a-0c61f43f7ca7,substation,ajg,tokyo_sub_118,ajg-v1.6.0,name_t1_region,,extracted,2026-08-04,crosscheck_ajg 2026-08-04; ajg_kv=154
5add5c1c-ed64-4b3f-bfc7-db674de4d0db,substation,ajg,tohoku_sub_513,ajg-v1.6.0,name_t1_region,,extracted,2026-08-04,crosscheck_ajg 2026-08-04; ajg_kv=154
5b5b8151-c277-492c-a349-ada207b42b07,substation,ajg,kyushu_sub_85@500,ajg-v1.6.0,name_t1_region,,extracted,2026-08-04,crosscheck_ajg 2026-08-04; ajg_kv=500
5becd1e3-6c07-4668-9557-91b3aefd2efc,substation,ajg,kyushu_sub_97@110,ajg-v1.6.0,name_t1_region,,extracted,2026-08-04,crosscheck_ajg 2026-08-04; ajg_kv=110
5bf54101-99d3-4c25-9bff-0d318e6d991b,substation,ajg,chubu_sub_938,ajg-v1.6.0,name_t3_region,,inferred,2026-08-04,crosscheck_ajg 2026-08-04; ajg_kv=77
5c95f460-876d-4526-88a1-056215893070,substation,ajg,hokuriku_sub_11@154,ajg-v1.6.0,name_t1_region,,extracted,2026-08-04,crosscheck_ajg 2026-08-04; ajg_kv=154
5cc62dbc-6135-4691-ad53-1f2b2c45ad8d,substation,ajg,tokyo_sub_627@154,ajg-v1.6.0,name_t1_region,,extracted,2026-08-04,crosscheck_ajg 2026-08-04; ajg_kv=154
5ea7ec3f-c588-4d78-9c8e-069246d454fb,substation,ajg,tohoku_sub_281,ajg-v1.6.0,name_t1_region,,extracted,2026-08-04,crosscheck_ajg 2026-08-04; ajg_kv=154
5edbd1f1-a7f0-4590-93e7-f51cddfc5b9c,substation,ajg,shikoku_sub_82@187,ajg-v1.6.0,name_t1_region,,extracted,2026-08-04,crosscheck_ajg 2026-08-04; ajg_kv=187
5f79fc2c-5e1b-460b-9545-34fb2f5edc20,substation,ajg,tokyo_sub_1429,ajg-v1.6.0,name_t1_region,,extracted,2026-08-04,crosscheck_ajg 2026-08-04; ajg_kv=154
601debc7-f9fb-4d13-aa00-d895ac2be49a,substation,ajg,chubu_sub_266@154,ajg-v1.6.0,name_t1_region,,extracted,2026-08-04,crosscheck_ajg 2026-08-04; ajg_kv=154
606a2ad9-3204-4300-b58a-3b99228744e4,substation,ajg,chubu_sub_825@154,ajg-v1.6.0,name_t3_region,,inferred,2026-08-14,AJG audit 2026-08-14; same-region 154kV candidate; raw name variant 飯田市; previous=chubu_sub_541@77
60852c42-dae4-4561-afc0-64865347bb3c,substation,ajg,tokyo_sub_146@500,ajg-v1.6.0,name_t1_region,,extracted,2026-08-04,crosscheck_ajg 2026-08-04; ajg_kv=500
6117d971-0013-4f12-a27b-e4c27cf1c95d,substation,ajg,tokyo_sub_823,ajg-v1.6.0,name_t1_region,,extracted,2026-08-04,crosscheck_ajg 2026-08-04; ajg_kv=154
613e0a81-447c-4b56-bb92-1e7583c61388,substation,ajg,tokyo_sub_268,ajg-v1.6.0,name_t1_region,,extracted,2026-08-04,crosscheck_ajg 2026-08-04; ajg_kv=154
61788b7a-0414-4fbc-8767-88edb025d638,substation,ajg,tokyo_sub_1365@154,ajg-v1.6.0,name_t1_region,,extracted,2026-08-04,crosscheck_ajg 2026-08-04; ajg_kv=154
63ed8947-6595-4bbf-b930-ab96beeec860,substation,ajg,tokyo_sub_223@154,ajg-v1.6.0,name_t1_region,,extracted,2026-08-04,crosscheck_ajg 2026-08-04; ajg_kv=154
63fa0537-64ae-47fd-a8a0-657008a7d706,substation,ajg,tokyo_sub_564@154,ajg-v1.6.0,name_t1_region,,extracted,2026-08-04,crosscheck_ajg 2026-08-04; ajg_kv=154
63fb496e-9142-4b58-80ee-bed467464dc8,substation,ajg,tokyo_sub_943@154,ajg-v1.6.0,name_t1_region,,extracted,2026-08-14,AJG audit 2026-08-14; same site; source 154kV layer; previous=tokyo_sub_943@275
63ff9e5b-4a85-4dc6-9545-d4021017f82b,substation,ajg,tokyo_sub_156@275,ajg-v1.6.0,name_t1_region,,extracted,2026-08-04,crosscheck_ajg 2026-08-04; ajg_kv=275
641c895f-fdc4-4393-bd17-b1e33f5e04ad,substation,ajg,tohoku_sub_360@154,ajg-v1.6.0,topology,,inferred,2026-08-14,AJG audit 2026-08-14; same-region 154kV exact-name variant plus neighbor context; previous=kyushu_sub_317
6442e05d-05d3-497e-8471-6fc8f17c5261,substation,ajg,tokyo_sub_1369@275,ajg-v1.6.0,name_t1_region,,extracted,2026-08-04,crosscheck_ajg 2026-08-04; ajg_kv=275
64afdd3f-36a8-439d-8bb4-05cdf7c297ac,substation,ajg,tokyo_sub_667,ajg-v1.6.0,name_t1_region,,extracted,2026-08-04,crosscheck_ajg 2026-08-04; ajg_kv=275
64b5feb5-0c83-428a-8553-a2a272690f4d,substation,ajg,tohoku_sub_152@154,ajg-v1.6.0,name_t1_region,,extracted,2026-08-14,AJG audit 2026-08-14; same site; source 154kV layer; previous=tohoku_sub_152@500
64fb3fe6-e618-400e-88c4-41889c195a28,substation,ajg,tokyo_sub_83@154,ajg-v1.6.0,name_t1_region,,extracted,2026-08-04,crosscheck_ajg 2026-08-04; ajg_kv=154
65c305a5-6b87-4dab-80f8-09175e7e8794,substation,ajg,kyushu_sub_635@220,ajg-v1.6.0,name_t1_region,,extracted,2026-08-04,crosscheck_ajg 2026-08-04; ajg_kv=220
662a3fb8-5a61-4daa-9c6f-80f7436ab433,substation,ajg,tokyo_sub_137@275,ajg-v1.6.0,name_t1_region,,extracted,2026-08-04,crosscheck_ajg 2026-08-04; ajg_kv=275
66dc651d-c958-4ace-b340-bdf797c74e8b,substation,ajg,chubu_sub_93@154,ajg-v1.6.0,name_t1_region,,extracted,2026-08-14,AJG audit 2026-08-14; exact raw name/operator site; source 154kV layer; previous=chubu_sub_93@275
66fba741-8f85-43d5-b1cf-c5ce38bc8d8d,substation,ajg,tokyo_sub_948@154,ajg-v1.6.0,name_t1_region,,extracted,2026-08-04,crosscheck_ajg 2026-08-04; ajg_kv=154
6759b8f3-6998-4cf0-90cc-c2ab7d8caaf3,substation,ajg,chubu_sub_648,ajg-v1.6.0,name_t3_region,,inferred,2026-08-14,AJG audit 2026-08-14; same-region 275kV candidate for source 亀山; raw name variant 亀山市; previous=chubu_sub_816
67cc5323-f970-4654-a2a0-72d4f169da51,substation,ajg,tokyo_sub_1680,ajg-v1.6.0,name_t1_region,,extracted,2026-08-04,crosscheck_ajg 2026-08-04; ajg_kv=154
67ede344-5dde-49cd-baea-038436068d52,substation,ajg,tokyo_sub_1280,ajg-v1.6.0,name_t1_region,,extracted,2026-08-04,crosscheck_ajg 2026-08-04; ajg_kv=154
68d536fc-a02f-4062-8fab-0d618902fb12,substation,ajg,shikoku_sub_33@187,ajg-v1.6.0,name_t1_region,,extracted,2026-08-04,crosscheck_ajg 2026-08-04; ajg_kv=187
68e37a7e-1978-436c-950b-6d0a4f0df47b,substation,ajg,chubu_sub_263@275,ajg-v1.6.0,name_t1_region,,extracted,2026-08-04,crosscheck_ajg 2026-08-04; ajg_kv=275
6a5d1c43-7568-4b49-90f4-2cb6ad0acca2,substation,ajg,tohoku_sub_130@154,ajg-v1.6.0,name_t1_region,,extracted,2026-08-04,crosscheck_ajg 2026-08-04; ajg_kv=154
6a8fc1e7-79ab-4ad4-af30-626f11d25b83,substation,ajg,hokuriku_sub_27@500,ajg-v1.6.0,name_t1_region,,extracted,2026-08-04,crosscheck_ajg 2026-08-04; ajg_kv=500
6afd7b6a-eb26-4ec0-aa77-7d6910397943,substation,ajg,tokyo_sub_1678,ajg-v1.6.0,name_t1_region,,extracted,2026-08-04,crosscheck_ajg 2026-08-04; ajg_kv=154
6bed299d-9989-4626-909c-c6a08fedcc12,substation,ajg,chubu_sub_303@275,ajg-v1.6.0,name_t1_region,,extracted,2026-08-04,crosscheck_ajg 2026-08-04; ajg_kv=275
6dd76182-8e55-4ee1-bde1-392e42436eb8,substation,ajg,chubu_sub_347@275,ajg-v1.6.0,name_t1_region,,extracted,2026-08-04,crosscheck_ajg 2026-08-04; ajg_kv=275
6de868bb-ddbc-4b59-9a67-0dcd1030c6ec,substation,ajg,tohoku_sub_280,ajg-v1.6.0,name_t1_region,,extracted,2026-08-04,crosscheck_ajg 2026-08-04; ajg_kv=154
6e8452a2-2c36-45f6-9c52-1aa9280eefb5,substation,ajg,tokyo_sub_1590,ajg-v1.6.0,name_t1_region,,extracted,2026-08-04,crosscheck_ajg 2026-08-04; ajg_kv=154
6f6c513a-c4d7-4410-9e2b-a68532e24f03,substation,ajg,tokyo_sub_1381@154,ajg-v1.6.0,name_t1_region,,extracted,2026-08-04,crosscheck_ajg 2026-08-04; ajg_kv=154
6f730674-030d-4854-9a09-f5b2c8fc3e0d,substation,ajg,chubu_sub_542,ajg-v1.6.0,name_t1_region,,extracted,2026-08-04,crosscheck_ajg 2026-08-04; ajg_kv=154
7106b3b6-8579-49a7-b5fa-a31ec07b8e40,substation,ajg,tohoku_sub_615@154,ajg-v1.6.0,name_t1_region,,extracted,2026-08-04,crosscheck_ajg 2026-08-04; ajg_kv=154
7184944f-ed0e-4d2f-8954-7419a0f90cd9,substation,ajg,tohoku_sub_77@154,ajg-v1.6.0,name_t1_national,,extracted,2026-08-04,crosscheck_ajg 2026-08-04; ajg_kv=154
71a288fa-5de4-40a0-8fb5-413dac861c8a,substation,ajg,hokkaido_sub_5@187,ajg-v1.6.0,name_t1_region,,extracted,2026-08-04,crosscheck_ajg 2026-08-04; ajg_kv=187
72fae93f-afba-44f4-a1f5-a3c11a18659d,substation,ajg,tohoku_sub_412@154,ajg-v1.6.0,name_t1_region,,extracted,2026-08-04,crosscheck_ajg 2026-08-04; ajg_kv=154
736b08fb-c068-4ff0-a81f-a67da8593b58,substation,ajg,chubu_sub_888,ajg-v1.6.0,name_t3_region,,inferred,2026-08-04,crosscheck_ajg 2026-08-04; ajg_kv=66
73c76b22-f4fd-40ad-b9a4-3f4df9810569,substation,ajg,tohoku_sub_105@154,ajg-v1.6.0,name_t1_region,,extracted,2026-08-04,crosscheck_ajg 2026-08-04; ajg_kv=154
7431187a-865a-4c7d-bb3b-dc824bc810d9,substation,ajg,tokyo_sub_67,ajg-v1.6.0,name_t1_region,,extracted,2026-08-04,crosscheck_ajg 2026-08-04; ajg_kv=154
7487d56b-cf27-4568-8347-6e31c804ffd8,substation,ajg,tohoku_sub_831@154,ajg-v1.6.0,name_t1_region,,extracted,2026-08-04,crosscheck_ajg 2026-08-04; ajg_kv=154
7497e5bb-0dc4-4d11-af30-100212245d2f,substation,ajg,tohoku_sub_188@154,ajg-v1.6.0,name_t1_region,,extracted,2026-08-14,AJG audit 2026-08-14; same site; source 154kV layer; previous=tohoku_sub_188@275
76cd5518-fd7e-46d1-81cd-720ccb76e85c,substation,ajg,tokyo_sub_1391@154,ajg-v1.6.0,name_t1_region,,extracted,2026-08-14,AJG audit 2026-08-14; exact raw name/operator site; source 154kV layer; previous=tokyo_sub_489
77a85ca3-c2f8-4567-8dd8-d04c3c11e09d,substation,ajg,hokuriku_sub_61@154,ajg-v1.6.0,name_t1_region,,extracted,2026-08-04,crosscheck_ajg 2026-08-04; ajg_kv=154
79098c9a-10e2-4a7b-8dc8-7aa9a439be72,substation,ajg,hokkaido_sub_382@187,ajg-v1.6.0,name_t1_region,,extracted,2026-08-04,crosscheck_ajg 2026-08-04; ajg_kv=187
79286ab8-a72f-49b0-97da-c2a337087c0e,substation,ajg,chubu_sub_488,ajg-v1.6.0,name_t1_region,,extracted,2026-08-04,crosscheck_ajg 2026-08-04; ajg_kv=77
79820f1e-29c9-4cc6-b913-333d9954bc61,substation,ajg,chubu_sub_113@275,ajg-v1.6.0,name_t1_region,,extracted,2026-08-04,crosscheck_ajg 2026-08-04; ajg_kv=275
79a1a062-3da3-42eb-8da6-f10a590f2870,substation,ajg,hokuriku_sub_220,ajg-v1.6.0,name_t3_region,,inferred,2026-08-04,crosscheck_ajg 2026-08-04; ajg_kv=77
79cca1f7-04c0-43e3-a3e8-7291fe842c0d,substation,ajg,tohoku_sub_319,ajg-v1.6.0,name_t1_national,,extracted,2026-08-04,crosscheck_ajg 2026-08-04; ajg_kv=154
79dce0fb-62e9-406a-a573-282b205f8326,substation,ajg,tohoku_sub_163@154,ajg-v1.6.0,name_t1_national,,extracted,2026-08-04,crosscheck_ajg 2026-08-04; ajg_kv=154
7b3a5f9b-39b2-41d1-8e7e-ae446ef61cd5,substation,ajg,tokyo_sub_415@154,ajg-v1.6.0,name_t1_region,,extracted,2026-08-04,crosscheck_ajg 2026-08-04; ajg_kv=154
7b4d7479-b5f9-4213-aefb-5c6b0c94e0da,substation,ajg,tohoku_sub_465@154,ajg-v1.6.0,name_t1_region,,extracted,2026-08-04,crosscheck_ajg 2026-08-04; ajg_kv=154
7c2df56e-761b-4b9c-9017-27cef35d693d,substation,ajg,hokkaido_sub_105,ajg-v1.6.0,name_t1_region,,extracted,2026-08-04,crosscheck_ajg 2026-08-04; ajg_kv=187
7cdfbd99-a29b-42a2-822b-cbee06d82644,substation,ajg,tokyo_sub_1066@500,ajg-v1.6.0,name_t1_region,,extracted,2026-08-04,crosscheck_ajg 2026-08-04; ajg_kv=500
7d541717-062c-48fe-8b0f-6e31e1624899,substation,ajg,tokyo_sub_1398,ajg-v1.6.0,name_t1_region,,extracted,2026-08-14,AJG audit 2026-08-14; exact power-operator site; excludes nearby railway site; previous=tokyo_sub_1397@500
7e475ff1-4b5b-45d2-8957-b1a3a0e96ec4,substation,ajg,tokyo_sub_163@154,ajg-v1.6.0,name_t1_region,,extracted,2026-08-04,crosscheck_ajg 2026-08-04; ajg_kv=154
7e4bd3e2-b314-47d1-b6df-47f47aa5459e,substation,ajg,tokyo_sub_1594@154,ajg-v1.6.0,name_t1_region,,extracted,2026-08-04,crosscheck_ajg 2026-08-04; ajg_kv=154
7e58d0d7-a2b0-46b7-9779-b67f9bd386f4,substation,ajg,chubu_sub_106@275,ajg-v1.6.0,name_t1_region,,extracted,2026-08-04,crosscheck_ajg 2026-08-04; ajg_kv=275
7eebb612-4fc5-4099-950f-3fae4e31ce97,substation,ajg,tokyo_sub_1052@154,ajg-v1.6.0,name_t1_region,,extracted,2026-08-04,crosscheck_ajg 2026-08-04; ajg_kv=154
80012152-88d3-4dd4-9ca1-21cd2c1a4819,substation,ajg,tokyo_sub_109@275,ajg-v1.6.0,name_t1_region,,extracted,2026-08-04,crosscheck_ajg 2026-08-04; ajg_kv=275
803615f6-24eb-4a4c-9436-4c0837b75637,substation,ajg,tokyo_sub_46@154,ajg-v1.6.0,name_t1_region,,extracted,2026-08-14,AJG audit 2026-08-14; same site; source 154kV layer; previous=tokyo_sub_46@275
803c9702-ca61-4aa1-b506-0ede56506940,substation,ajg,tokyo_sub_302,ajg-v1.6.0,name_t1_region,,extracted,2026-08-04,crosscheck_ajg 2026-08-04; ajg_kv=66
80d54fb6-2d71-4f5a-b4f1-f8a1a732c7b0,substation,ajg,tokyo_sub_1379@275,ajg-v1.6.0,name_t1_region,,extracted,2026-08-04,crosscheck_ajg 2026-08-04; ajg_kv=275
80e66b42-9606-4b4d-bdea-86d736387d72,substation,ajg,chubu_sub_144@154,ajg-v1.6.0,name_t1_region,,extracted,2026-08-14,AJG audit 2026-08-14; same site; source 154kV layer; previous=chubu_sub_144@275
81553dea-ac38-4f3d-9599-515d36f1c8bc,substation,ajg,chugoku_sub_281@187,ajg-v1.6.0,name_t1_national,,extracted,2026-08-04,crosscheck_ajg 2026-08-04; ajg_kv=187
8192bf78-81f9-4035-b2d8-7fba9dbeba44,substation,ajg,tokyo_sub_1038@500,ajg-v1.6.0,name_t1_region,,extracted,2026-08-04,crosscheck_ajg 2026-08-04; ajg_kv=500
8240220d-c12d-4cd9-9f41-73a2d5d2f79b,substation,ajg,kyushu_sub_104@220,ajg-v1.6.0,name_t1_region,,extracted,2026-08-04,crosscheck_ajg 2026-08-04; ajg_kv=220
82cc356e-344b-4a2a-af4e-1b281231fa07,substation,ajg,chubu_sub_618,ajg-v1.6.0,topology,,inferred,2026-08-14,AJG audit 2026-08-14; unique candidate sharing the 北岐阜/西濃 corridor; previous=kansai_sub_122
830d0316-b5dd-41c0-8f5b-f48a2269a450,substation,ajg,tokyo_sub_1189@154,ajg-v1.6.0,name_t1_region,,extracted,2026-08-04,crosscheck_ajg 2026-08-04; ajg_kv=154
830f6c03-2327-4ac9-b3ae-abd6ef1727d8,substation,ajg,tokyo_sub_1008@500,ajg-v1.6.0,name_t1_region,,extracted,2026-08-04,crosscheck_ajg 2026-08-04; ajg_kv=500
83d6b45c-ed18-406c-83a1-81b1b2f88274,substation,ajg,tokyo_sub_998@500,ajg-v1.6.0,name_t1_region,,extracted,2026-08-04,crosscheck_ajg 2026-08-04; ajg_kv=500
84879905-cbe9-4d5a-95ca-5ea1fd7fab21,substation,ajg,tokyo_sub_906,ajg-v1.6.0,name_t1_region,,extracted,2026-08-04,crosscheck_ajg 2026-08-04; ajg_kv=154
8580f6bc-4ff5-44b3-b55e-1a71c524faef,substation,ajg,tohoku_sub_153@500,ajg-v1.6.0,name_t1_national,,extracted,2026-08-04,crosscheck_ajg 2026-08-04; ajg_kv=500
8649d541-99fc-4040-9201-fc1d86f54c4c,substation,ajg,tokyo_sub_672@275,ajg-v1.6.0,name_t1_region,,extracted,2026-08-04,crosscheck_ajg 2026-08-04; ajg_kv=275
8652a992-9288-4fa5-bece-f604ad9f84f1,substation,ajg,tokyo_sub_1019@275,ajg-v1.6.0,name_t1_region,,extracted,2026-08-14,AJG audit 2026-08-14; same site; source 275kV layer; previous=tokyo_sub_1019@500
8665cd7e-56e3-450f-a590-af45fed09ca8,substation,ajg,tokyo_sub_1385,ajg-v1.6.0,name_t1_region,,extracted,2026-08-04,crosscheck_ajg 2026-08-04; ajg_kv=154
87c744d6-de73-4200-83fe-b552c4689224,substation,ajg,tokyo_sub_80@275,ajg-v1.6.0,name_t1_region,,extracted,2026-08-04,crosscheck_ajg 2026-08-04; ajg_kv=275
88ad5d90-db7b-46bc-82ae-18e6d899f85c,substation,ajg,chubu_sub_221@154,ajg-v1.6.0,name_t1_region,,extracted,2026-08-04,crosscheck_ajg 2026-08-04; ajg_kv=154
8992a0d1-6e95-4287-b023-bde156eb02ef,substation,ajg,hokkaido_sub_162,ajg-v1.6.0,name_t1_region,,extracted,2026-08-04,crosscheck_ajg 2026-08-04; ajg_kv=187
e8bf97be-ba03-48ac-83fc-70575f4eb402,substation,ajg,kyushu_sub_40@220,ajg-v1.6.0,name_t1_region,,extracted,2026-08-04,crosscheck_ajg 2026-08-04; ajg_kv=220
8a835ad2-d3c8-4e04-9c0b-2bdc2ce5ca74,substation,ajg,tohoku_sub_697@275,ajg-v1.6.0,name_t1_region,,extracted,2026-08-04,crosscheck_ajg 2026-08-04; ajg_kv=275
8abf72d4-2323-4ab6-b17c-38d4fc254ad0,substation,ajg,hokkaido_sub_358,ajg-v1.6.0,name_t1_region,,extracted,2026-08-04,crosscheck_ajg 2026-08-04; ajg_kv=187
8ad34627-fc9b-4b44-8da9-ed2256c1559e,substation,ajg,tokyo_sub_819,ajg-v1.6.0,name_t1_region,,extracted,2026-08-04,crosscheck_ajg 2026-08-04; ajg_kv=275
8afda5fd-3196-4011-bc0c-85c636aa1985,substation,ajg,chubu_sub_87,ajg-v1.6.0,name_t1_region,,extracted,2026-08-04,crosscheck_ajg 2026-08-04; ajg_kv=154
8b5a56d6-6436-431f-b367-7f3f4297cd91,substation,ajg,tokyo_sub_1364@154,ajg-v1.6.0,name_t1_region,,extracted,2026-08-04,crosscheck_ajg 2026-08-04; ajg_kv=154
8b645c7c-660b-4fd5-929f-40ccf153c50b,substation,ajg,kyushu_sub_17@220,ajg-v1.6.0,name_t1_region,,extracted,2026-08-04,crosscheck_ajg 2026-08-04; ajg_kv=220
8ba3ef2c-2b9f-4957-9b69-a84b4a03184a,substation,ajg,tokyo_sub_1621@154,ajg-v1.6.0,name_t1_region,,extracted,2026-08-14,AJG audit 2026-08-14; same site; source 154kV layer; previous=tokyo_sub_1621@500
8bd0a821-a12e-4a54-a5bb-9824288b3f84,substation,ajg,tokyo_sub_645,ajg-v1.6.0,name_t1_region,,extracted,2026-08-04,crosscheck_ajg 2026-08-04; ajg_kv=154
8c6b44f2-975d-472e-9c1b-75a38b581450,substation,ajg,hokkaido_sub_156@275,ajg-v1.6.0,name_t1_region,,extracted,2026-08-04,crosscheck_ajg 2026-08-04; ajg_kv=275
8c71b736-2f41-4b75-af31-d7b23e4710af,substation,ajg,tokyo_sub_818,ajg-v1.6.0,name_t1_region,,extracted,2026-08-04,crosscheck_ajg 2026-08-04; ajg_kv=275
8e26718f-cd3d-4615-a90a-16fb1cd5786f,substation,ajg,tokyo_sub_974,ajg-v1.6.0,name_t1_region,,extracted,2026-08-04,crosscheck_ajg 2026-08-04; ajg_kv=154
8e2ae6a7-8a21-4529-a422-99c637806d13,substation,ajg,tohoku_sub_532,ajg-v1.6.0,name_t3_region,,inferred,2026-08-04,crosscheck_ajg 2026-08-04; ajg_kv=66
8e8a726e-5935-4f68-abac-86a00772b37f,substation,ajg,chubu_sub_127@500,ajg-v1.6.0,name_t1_region,,extracted,2026-08-04,crosscheck_ajg 2026-08-04; ajg_kv=500
8e8aa032-bee5-423e-8109-ff051a1a3919,substation,ajg,tokyo_sub_157@154,ajg-v1.6.0,name_t1_region,,extracted,2026-08-14,AJG audit 2026-08-14; same site; source 154kV layer; previous=tokyo_sub_157@275
8f0bc8dc-ad93-440c-9117-204d311bb3fe,substation,ajg,tokyo_sub_1014@275,ajg-v1.6.0,name_t1_region,,extracted,2026-08-04,crosscheck_ajg 2026-08-04; ajg_kv=275
8f9f8959-f033-4a36-9cb4-447e74a98cf0,substation,ajg,tohoku_sub_14@275,ajg-v1.6.0,name_t1_region,,extracted,2026-08-04,crosscheck_ajg 2026-08-04; ajg_kv=275
9033371b-a953-4609-b620-dffd88a0d9cd,substation,ajg,tohoku_sub_51@275,ajg-v1.6.0,name_t1_region,,extracted,2026-08-14,AJG audit 2026-08-14; same site; source 275kV layer; previous=tohoku_sub_51@500
9049efef-9431-4f94-958a-0b52f96d4872,substation,ajg,tokyo_sub_597,ajg-v1.6.0,name_t1_region,,extracted,2026-08-04,crosscheck_ajg 2026-08-04; ajg_kv=275
90a1e248-4e5a-4553-9341-85ed03658910,substation,ajg,tokyo_sub_21@154,ajg-v1.6.0,name_t1_region,,extracted,2026-08-04,crosscheck_ajg 2026-08-04; ajg_kv=154
91a6132e-4913-456b-8c86-ce6bf078940c,substation,ajg,kyushu_sub_314,ajg-v1.6.0,name_t1_region,,extracted,2026-08-04,crosscheck_ajg 2026-08-04; ajg_kv=66
91d36989-9fb9-4df4-b054-d093db7fe529,substation,ajg,kyushu_sub_109@220,ajg-v1.6.0,name_t1_region,,extracted,2026-08-04,crosscheck_ajg 2026-08-04; ajg_kv=220
91e7e668-904d-4e30-a171-abf3d8e97553,substation,ajg,tokyo_sub_644@154,ajg-v1.6.0,name_t1_region,,extracted,2026-08-04,crosscheck_ajg 2026-08-04; ajg_kv=154
91f84a5b-36f8-46d9-8146-29b30ddc8209,substation,ajg,chubu_sub_674,ajg-v1.6.0,name_t1_national,,extracted,2026-08-04,crosscheck_ajg 2026-08-04; ajg_kv=77
92758d35-3fd7-47f2-8dbb-3b6c4b440913,substation,ajg,chubu_sub_590@77,ajg-v1.6.0,name_t1_region,,extracted,2026-08-04,crosscheck_ajg 2026-08-04; ajg_kv=77
92d697e1-a80a-4e19-93de-dda64c15bc56,substation,ajg,tokyo_sub_1435@275,ajg-v1.6.0,name_t1_region,,extracted,2026-08-04,crosscheck_ajg 2026-08-04; ajg_kv=275
930ea9ca-355d-4bae-9295-10c786469c93,substation,ajg,chubu_sub_103@275,ajg-v1.6.0,name_t1_region,,extracted,2026-08-04,crosscheck_ajg 2026-08-04; ajg_kv=275
93d43e02-1432-4dd5-bcf6-b613f1841f75,substation,ajg,shikoku_sub_4@187,ajg-v1.6.0,name_t1_region,,extracted,2026-08-04,crosscheck_ajg 2026-08-04; ajg_kv=187
94005787-d907-46f0-a36c-0a96952bb572,substation,ajg,tokyo_sub_219@154,ajg-v1.6.0,name_t1_region,,extracted,2026-08-04,crosscheck_ajg 2026-08-04; ajg_kv=154
94f37850-284f-4333-99fb-993c94d1ade1,substation,ajg,kyushu_sub_67@220,ajg-v1.6.0,name_t1_region,,extracted,2026-08-04,crosscheck_ajg 2026-08-04; ajg_kv=220
94f5d56b-c90f-4dc3-a37e-d0654e5014f7,substation,ajg,tokyo_sub_1026@154,ajg-v1.6.0,name_t1_region,,extracted,2026-08-04,crosscheck_ajg 2026-08-04; ajg_kv=154
95361b00-b573-49df-a81e-988a7898c2d7,substation,ajg,tohoku_sub_800@154,ajg-v1.6.0,name_t1_region,,extracted,2026-08-04,crosscheck_ajg 2026-08-04; ajg_kv=154
953a55b6-5cb0-4c94-ba8c-515e13c20d22,substation,ajg,chubu_sub_889,ajg-v1.6.0,name_t1_region,,extracted,2026-08-04,crosscheck_ajg 2026-08-04; ajg_kv=500
95f70c10-137e-4e54-8b9a-c77d0c99b75e,substation,ajg,tohoku_sub_402@154,ajg-v1.6.0,name_t1_region,,extracted,2026-08-04,crosscheck_ajg 2026-08-04; ajg_kv=154
95fbef92-aa0e-4158-80b5-fd3fcf7ee476,substation,ajg,tohoku_sub_408@154,ajg-v1.6.0,name_t1_region,,extracted,2026-08-04,crosscheck_ajg 2026-08-04; ajg_kv=154
96093891-24ad-466f-b998-ba8811436fbc,substation,ajg,shikoku_sub_78@187,ajg-v1.6.0,name_t1_region,,extracted,2026-08-04,crosscheck_ajg 2026-08-04; ajg_kv=187
967bca7f-265a-4712-a642-6c7a57eafc57,substation,ajg,kansai_sub_86@187,ajg-v1.6.0,name_t1_national,,extracted,2026-08-04,crosscheck_ajg 2026-08-04; ajg_kv=187
96ac1f48-e14a-4664-8bea-db26f687b9e5,substation,ajg,kansai_sub_180@275,ajg-v1.6.0,name_t1_national,,extracted,2026-08-04,crosscheck_ajg 2026-08-04; ajg_kv=275
96c35141-c97e-4a59-8b81-c3cf6a8c3601,substation,ajg,tokyo_sub_1384,ajg-v1.6.0,name_t1_region,,extracted,2026-08-04,crosscheck_ajg 2026-08-04; ajg_kv=500
9709ad15-1986-46f2-b6dd-f7368030c2a9,substation,ajg,tokyo_sub_1034,ajg-v1.6.0,name_t1_region,,extracted,2026-08-04,crosscheck_ajg 2026-08-04; ajg_kv=154
978f10b4-d4a3-4a23-a906-cc3042c4fde6,substation,ajg,tokyo_sub_640@154,ajg-v1.6.0,name_t1_region,,extracted,2026-08-04,crosscheck_ajg 2026-08-04; ajg_kv=154
97a08901-b554-4fe2-a068-3b1bad63ef51,substation,ajg,kyushu_sub_120@220,ajg-v1.6.0,name_t1_region,,extracted,2026-08-04,crosscheck_ajg 2026-08-04; ajg_kv=220
97aab4aa-562b-48bf-bd0f-ce91f69599f8,substation,ajg,tokyo_sub_609@500,ajg-v1.6.0,name_t1_region,,extracted,2026-08-04,crosscheck_ajg 2026-08-04; ajg_kv=500
99320cc9-7315-4b4b-9971-bca5adb207e6,substation,ajg,chubu_sub_244@154,ajg-v1.6.0,name_t1_region,,extracted,2026-08-04,crosscheck_ajg 2026-08-04; ajg_kv=154
99477e1c-e6df-4f1e-b5a9-82a86ca62176,substation,ajg,tohoku_sub_182@154,ajg-v1.6.0,name_t1_region,,extracted,2026-08-04,crosscheck_ajg 2026-08-04; ajg_kv=154
99c7367e-3922-420a-a8a7-8584f737ddf2,substation,ajg,tokyo_sub_122,ajg-v1.6.0,name_t1_region,,extracted,2026-08-04,crosscheck_ajg 2026-08-04; ajg_kv=154
9ae5f65d-8b3c-4e66-a94c-00cf02dbd9c4,substation,ajg,kyushu_sub_288@220,ajg-v1.6.0,name_t1_region,,extracted,2026-08-04,crosscheck_ajg 2026-08-04; ajg_kv=220
9c177e4e-843c-40d0-9b98-0b6980851889,substation,ajg,hokuriku_sub_7@500,ajg-v1.6.0,name_t1_region,,extracted,2026-08-04,crosscheck_ajg 2026-08-04; ajg_kv=500
9c53fc49-0a4c-4182-935c-97b1f47bd7a2,substation,ajg,chubu_sub_98@154,ajg-v1.6.0,name_t1_region,,extracted,2026-08-04,crosscheck_ajg 2026-08-04; ajg_kv=154
9cd6af60-d69b-4993-941b-43f63d5ca333,substation,ajg,chubu_sub_108@500,ajg-v1.6.0,name_t1_region,,extracted,2026-08-04,crosscheck_ajg 2026-08-04; ajg_kv=500
9ce90719-818f-4043-8545-46ad9ccf56d1,substation,ajg,tokyo_sub_331,ajg-v1.6.0,name_t1_region,,extracted,2026-08-14,AJG audit 2026-08-14; exact raw name/operator site; replaces adjacent 長谷 node; previous=tokyo_sub_32@154
9d366755-ab6b-44ea-8f67-c9ccc6464704,substation,ajg,tokyo_sub_1343@154,ajg-v1.6.0,name_t1_region,,extracted,2026-08-04,crosscheck_ajg 2026-08-04; ajg_kv=154
9e2a03af-4926-43e6-bab5-e4bc7c0b2737,substation,ajg,shikoku_sub_32@500,ajg-v1.6.0,name_t1_region,,extracted,2026-08-04,crosscheck_ajg 2026-08-04; ajg_kv=500
9ebfe3cd-a644-4d62-823d-2a0883d38c94,substation,ajg,shikoku_sub_84@187,ajg-v1.6.0,name_t1_region,,extracted,2026-08-04,crosscheck_ajg 2026-08-04; ajg_kv=187
9ed391bc-89ed-450c-91ce-5b64b04beb3e,substation,ajg,kyushu_sub_3@220,ajg-v1.6.0,name_t1_region,,extracted,2026-08-04,crosscheck_ajg 2026-08-04; ajg_kv=220
a0c97fd7-22f7-40d0-9113-e1c8b78c16bc,substation,ajg,tokyo_sub_1382@500,ajg-v1.6.0,name_t1_region,,extracted,2026-08-04,crosscheck_ajg 2026-08-04; ajg_kv=500
a178f70b-a7a2-4a6c-8919-a6a2176395e8,substation,ajg,chubu_sub_245@500,ajg-v1.6.0,name_t1_region,,extracted,2026-08-14,AJG audit 2026-08-14; exact 500kV raw operator layer plus source topology; previous=chubu_sub_126@500
a184f8dd-4533-435a-a691-cf5dad185281,substation,ajg,tokyo_sub_404,ajg-v1.6.0,name_t1_region,,extracted,2026-08-04,crosscheck_ajg 2026-08-04; ajg_kv=275
a3026d39-bbd7-40c9-b6ea-ecaed80d1a23,substation,ajg,tokyo_sub_614@154,ajg-v1.6.0,name_t1_region,,extracted,2026-08-04,crosscheck_ajg 2026-08-04; ajg_kv=154
a36be9d9-da35-445a-8195-9bb73f948ca3,substation,ajg,tokyo_sub_1389@154,ajg-v1.6.0,name_t1_region,,extracted,2026-08-04,crosscheck_ajg 2026-08-04; ajg_kv=154
a3e07d35-4967-4215-b1de-467c4edbc1f9,substation,ajg,kyushu_sub_37@220,ajg-v1.6.0,name_t1_region,,extracted,2026-08-04,crosscheck_ajg 2026-08-04; ajg_kv=220
a3f7ebd7-e714-4bb9-a9a4-73848c944f34,substation,ajg,kyushu_sub_9@220,ajg-v1.6.0,name_t1_region,,extracted,2026-08-04,crosscheck_ajg 2026-08-04; ajg_kv=220
a61241e5-7aa6-4e9f-9bb6-551ff6e52d4f,substation,ajg,tokyo_sub_606,ajg-v1.6.0,name_t1_region,,extracted,2026-08-04,crosscheck_ajg 2026-08-04; ajg_kv=154
a7ae08dc-821c-49c9-8537-70002e8c3223,substation,ajg,tokyo_sub_1705,ajg-v1.6.0,name_t1_region,,extracted,2026-08-04,crosscheck_ajg 2026-08-04; ajg_kv=154
a806ef56-6d79-4dc6-bf4b-bb85986c1136,substation,ajg,hokkaido_sub_172@187,ajg-v1.6.0,name_t1_region,,extracted,2026-08-04,crosscheck_ajg 2026-08-04; ajg_kv=187
a81cd9fe-287a-4c1c-99c1-134db27ecad7,substation,ajg,chubu_sub_81,ajg-v1.6.0,name_t1_region,,extracted,2026-08-14,AJG audit 2026-08-14; exact raw name/operator site; excludes adjacent 下黒川 node; previous=chubu_sub_2
a82f9389-32ae-47a2-8af3-c11b8d070499,substation,ajg,tokyo_sub_117@275,ajg-v1.6.0,name_t1_region,,extracted,2026-08-04,crosscheck_ajg 2026-08-04; ajg_kv=275
a83a4415-58a6-4780-b000-efc7fe6fcf74,substation,ajg,kyushu_sub_98@220,ajg-v1.6.0,name_t1_region,,extracted,2026-08-04,crosscheck_ajg 2026-08-04; ajg_kv=220
a855e2ac-6d01-41f3-842a-608981ed9794,substation,ajg,kyushu_sub_76@220,ajg-v1.6.0,name_t1_region,,extracted,2026-08-04,crosscheck_ajg 2026-08-04; ajg_kv=220
a8932fd2-9a3e-4a02-bc51-c1401c64a3c2,substation,ajg,kyushu_sub_274@500,ajg-v1.6.0,name_t1_region,,extracted,2026-08-04,crosscheck_ajg 2026-08-04; ajg_kv=500
a89a2121-e53c-4beb-83a2-6b6a894618e1,substation,ajg,tokyo_sub_1018@500,ajg-v1.6.0,name_t1_region,,extracted,2026-08-04,crosscheck_ajg 2026-08-04; ajg_kv=500
a9a875c5-359a-432d-b6e3-b7cbac5d1096,substation,ajg,kyushu_sub_38@500,ajg-v1.6.0,name_t1_region,,extracted,2026-08-04,crosscheck_ajg 2026-08-04; ajg_kv=500
aa43a9a8-2afc-49f1-ae95-cdc2c45d36ee,substation,ajg,tokyo_sub_591@275,ajg-v1.6.0,name_t1_region,,extracted,2026-08-04,crosscheck_ajg 2026-08-04; ajg_kv=275
aae309d0-d45e-4237-b7a7-e5b2fdd29022,substation,ajg,tohoku_sub_338@154,ajg-v1.6.0,name_t1_region,,extracted,2026-08-04,crosscheck_ajg 2026-08-04; ajg_kv=154
aaf95c05-3483-4eb0-b037-004a0e4ca01a,substation,ajg,shikoku_sub_31@500,ajg-v1.6.0,name_t1_region,,extracted,2026-08-04,crosscheck_ajg 2026-08-04; ajg_kv=500
ac39fb2f-1984-4214-99cd-49041584ed2e,substation,ajg,tohoku_sub_168,ajg-v1.6.0,name_t1_national,,extracted,2026-08-04,crosscheck_ajg 2026-08-04; ajg_kv=500
ac541969-fdfe-47dc-a246-07bdb937691f,substation,ajg,tohoku_sub_838@500,ajg-v1.6.0,name_t1_region,,extracted,2026-08-04,crosscheck_ajg 2026-08-04; ajg_kv=500
ac5b61af-24d2-406f-8f8b-b07ab417a159,substation,ajg,shikoku_sub_13@187,ajg-v1.6.0,name_t3_region,,inferred,2026-08-04,crosscheck_ajg 2026-08-04; ajg_kv=187
ace4d751-028f-425a-9355-988ed16f6f81,substation,ajg,tokyo_sub_1017@275,ajg-v1.6.0,name_t1_region,,extracted,2026-08-14,AJG audit 2026-08-14; same site; source 275kV layer; previous=tokyo_sub_1017@500
adc6d09d-04fd-4a5e-975b-82eff45aa07c,substation,ajg,hokuriku_sub_221@154,ajg-v1.6.0,name_t1_region,,extracted,2026-08-04,crosscheck_ajg 2026-08-04; ajg_kv=154
ae50aa9f-4a2b-4b8e-9512-f6086f41f330,substation,ajg,tokyo_sub_1044@154,ajg-v1.6.0,name_t1_region,,extracted,2026-08-04,crosscheck_ajg 2026-08-04; ajg_kv=154
aebde89d-524a-4265-ad59-bf4ceb552d73,substation,ajg,tohoku_sub_574@154,ajg-v1.6.0,name_t1_region,,extracted,2026-08-04,crosscheck_ajg 2026-08-04; ajg_kv=154
aef894ef-d15a-441d-aa8b-4f667606c7ae,substation,ajg,chubu_sub_131@275,ajg-v1.6.0,name_t1_region,,extracted,2026-08-04,crosscheck_ajg 2026-08-04; ajg_kv=275
af2ade3f-d46b-4dde-843d-a17739570842,substation,ajg,hokkaido_sub_275@187,ajg-v1.6.0,name_t1_region,,extracted,2026-08-04,crosscheck_ajg 2026-08-04; ajg_kv=187
afdff41e-ebe5-4a03-91af-79f01beaf404,substation,ajg,tokyo_sub_26,ajg-v1.6.0,name_t1_region,,extracted,2026-08-04,crosscheck_ajg 2026-08-04; ajg_kv=154
b0817908-53a9-42e8-ac78-acf58a2c5be0,substation,ajg,chubu_sub_174@154,ajg-v1.6.0,name_t1_region,,extracted,2026-08-04,crosscheck_ajg 2026-08-04; ajg_kv=154
b17ed605-bd7c-4c43-b6cf-517b6a13ff19,substation,ajg,tokyo_sub_153@154,ajg-v1.6.0,name_t1_region,,extracted,2026-08-04,crosscheck_ajg 2026-08-04; ajg_kv=154
b26ee6a2-ae3e-4d52-acb4-c0ed35d57af2,substation,ajg,tokyo_sub_643,ajg-v1.6.0,name_t1_region,,extracted,2026-08-04,crosscheck_ajg 2026-08-04; ajg_kv=154
b2904dbc-2c7d-4f47-86a3-10f5d05e1281,substation,ajg,kansai_sub_176@275,ajg-v1.6.0,name_t1_national,,extracted,2026-08-04,crosscheck_ajg 2026-08-04; ajg_kv=275
b2f8bc47-32a8-4543-b037-2d5e0a452d54,substation,ajg,hokuriku_sub_87@275,ajg-v1.6.0,name_t1_region,,extracted,2026-08-04,crosscheck_ajg 2026-08-04; ajg_kv=275
b2fea909-8f67-4d7c-b442-38c5a6f95369,substation,ajg,tohoku_sub_170@154,ajg-v1.6.0,name_t1_region,,extracted,2026-08-04,crosscheck_ajg 2026-08-04; ajg_kv=154
b301607b-79ae-4723-9f59-04ada33f10ac,substation,ajg,tokyo_sub_1371@154,ajg-v1.6.0,name_t1_region,,extracted,2026-08-04,crosscheck_ajg 2026-08-04; ajg_kv=154
b3535be4-91e3-4237-a29e-a21cba9c75f8,substation,ajg,hokkaido_sub_414@187,ajg-v1.6.0,name_t1_region,,extracted,2026-08-04,crosscheck_ajg 2026-08-04; ajg_kv=187
b362bf05-e904-4295-ac81-970ec0890ad9,substation,ajg,tohoku_sub_173,ajg-v1.6.0,name_t1_region,,extracted,2026-08-04,crosscheck_ajg 2026-08-04; ajg_kv=154
b4434fc3-fff7-4feb-8239-fc8bb2cd1199,substation,ajg,chubu_sub_169@154,ajg-v1.6.0,name_t1_region,,extracted,2026-08-04,crosscheck_ajg 2026-08-04; ajg_kv=154
b44d4b94-800f-4ffd-af05-e2feae9f7590,substation,ajg,kyushu_sub_118@220,ajg-v1.6.0,name_t1_region,,extracted,2026-08-04,crosscheck_ajg 2026-08-04; ajg_kv=220
b48d0da4-c110-4105-8cc7-2a733568e418,substation,ajg,tohoku_sub_193@154,ajg-v1.6.0,name_t3_region,,inferred,2026-08-04,crosscheck_ajg 2026-08-04; ajg_kv=154
b4b61766-1d9b-41f1-97a4-3a3771ef67a1,substation,ajg,tohoku_sub_799@275,ajg-v1.6.0,name_t1_region,,extracted,2026-08-04,crosscheck_ajg 2026-08-04; ajg_kv=275
b526a3b9-7961-43f8-93a4-76704b0a021e,substation,ajg,tohoku_sub_801@154,ajg-v1.6.0,name_t1_region,,extracted,2026-08-04,crosscheck_ajg 2026-08-04; ajg_kv=154
b5b26821-3824-46dc-b43a-54b144cbee0f,substation,ajg,tokyo_sub_714@154,ajg-v1.6.0,name_t1_region,,extracted,2026-08-14,AJG audit 2026-08-14; same site; source 154kV layer; previous=tokyo_sub_714@500
b5e88418-c9c0-42a6-99f9-b6a2444987b7,substation,ajg,hokkaido_sub_335@275,ajg-v1.6.0,name_t1_region,,extracted,2026-08-14,AJG audit 2026-08-14; exact raw name/operator site; source 275kV layer; previous=hokkaido_sub_269
b62f6d15-a89f-4317-88b2-ae7b68e9ed46,substation,ajg,chubu_sub_253@154,ajg-v1.6.0,name_t3_region,,inferred,2026-08-14,AJG audit 2026-08-14; exact same-region raw site and source 154kV layer; previous=tohoku_sub_757@66
b663360d-3890-4567-8592-ed51a1ed0e1e,substation,ajg,tohoku_sub_24@154,ajg-v1.6.0,name_t1_region,,extracted,2026-08-14,AJG audit 2026-08-14; exact raw name/operator site; source 154kV layer; previous=tohoku_sub_3
b6cfe4ad-06f5-49ad-bf00-d5f6b3947302,substation,ajg,chubu_sub_39@275,ajg-v1.6.0,name_t1_region,,extracted,2026-08-04,crosscheck_ajg 2026-08-04; ajg_kv=275
b7413163-c359-4887-a876-c45ab56ab58f,substation,ajg,tohoku_sub_155@275,ajg-v1.6.0,name_t1_region,,extracted,2026-08-04,crosscheck_ajg 2026-08-04; ajg_kv=275
b7c9bbfe-12df-43b5-a347-b88d48a12546,substation,ajg,tokyo_sub_343@275,ajg-v1.6.0,name_t1_region,,extracted,2026-08-04,crosscheck_ajg 2026-08-04; ajg_kv=275
b92d213f-74f1-48c4-a403-9ddd7d261566,substation,ajg,tokyo_sub_686,ajg-v1.6.0,name_t1_region,,extracted,2026-08-04,crosscheck_ajg 2026-08-04; ajg_kv=154
b964ad8a-0e50-43c6-8baa-f0a912cf5523,substation,ajg,kyushu_sub_457,ajg-v1.6.0,name_t1_region,,extracted,2026-08-04,crosscheck_ajg 2026-08-04; ajg_kv=66
b99b702b-d700-4c79-91f4-db44f8ec7f5e,substation,ajg,tokyo_sub_670@154,ajg-v1.6.0,name_t1_region,,extracted,2026-08-04,crosscheck_ajg 2026-08-04; ajg_kv=154
b99eecb9-6097-4d3b-bf60-b0ce72009124,substation,ajg,chubu_sub_124@275,ajg-v1.6.0,name_t1_region,,extracted,2026-08-04,crosscheck_ajg 2026-08-04; ajg_kv=275
baa5b5bd-bf7f-4a6b-9643-bf4090fd4a14,substation,ajg,tohoku_sub_803@154,ajg-v1.6.0,name_t1_region,,extracted,2026-08-04,crosscheck_ajg 2026-08-04; ajg_kv=154
bad980e6-e8fc-4637-b7da-7a7b6dafbdf2,substation,ajg,hokkaido_sub_448@187,ajg-v1.6.0,name_t1_region,,extracted,2026-08-04,crosscheck_ajg 2026-08-04; ajg_kv=187
bbcd2d96-3b26-4980-9158-3ab3e48bf160,substation,ajg,shikoku_sub_6@500,ajg-v1.6.0,name_t1_region,,extracted,2026-08-04,crosscheck_ajg 2026-08-04; ajg_kv=500
bcb5a1c3-05c3-4810-a24b-6e751a7b5352,substation,ajg,chubu_sub_80@154,ajg-v1.6.0,name_t1_region,,extracted,2026-08-04,crosscheck_ajg 2026-08-04; ajg_kv=154
becbdf6d-3957-4f8c-8050-911e1ecdb2b9,substation,ajg,chubu_sub_30,ajg-v1.6.0,name_t1_region,,extracted,2026-08-04,crosscheck_ajg 2026-08-04; ajg_kv=154
c0f9ccb9-b180-452e-afbc-cbaed1eeb730,substation,ajg,chubu_sub_625,ajg-v1.6.0,name_t3_region,,inferred,2026-08-14,AJG audit 2026-08-14; exact raw name variant 朝日町; source 154kV has no AJG 154kV layer at this site; previous=chubu_sub_624
c17a0313-9e11-4c9c-9333-1949859f1fa1,substation,ajg,tohoku_sub_70,ajg-v1.6.0,name_t1_region,,extracted,2026-08-04,crosscheck_ajg 2026-08-04; ajg_kv=0
c1865ea3-7ecf-4331-85da-3393a1cf5dd3,substation,ajg,chubu_sub_457@154,ajg-v1.6.0,name_t1_region,,extracted,2026-08-04,crosscheck_ajg 2026-08-04; ajg_kv=154
c19cb168-4a16-4eea-9229-4b765d8bed55,substation,ajg,tohoku_sub_572@154,ajg-v1.6.0,name_t1_region,,extracted,2026-08-04,crosscheck_ajg 2026-08-04; ajg_kv=154
c252a629-eef1-4988-918a-37e9eb9fabe9,substation,ajg,tokyo_sub_1182,ajg-v1.6.0,name_t1_region,,extracted,2026-08-04,crosscheck_ajg 2026-08-04; ajg_kv=154
c2650c40-a1ee-4870-9546-c483578a0eb2,substation,ajg,kyushu_sub_10@220,ajg-v1.6.0,name_t1_region,,extracted,2026-08-14,AJG audit 2026-08-14; same site; source 220kV layer; previous=kyushu_sub_10@500
c36121bf-044e-45db-8869-de1c3561c1cd,substation,ajg,tohoku_sub_449@275,ajg-v1.6.0,name_t1_region,,extracted,2026-08-04,crosscheck_ajg 2026-08-04; ajg_kv=275
c389ef35-e6fd-4720-9577-318d838dbecd,substation,ajg,kyushu_sub_78@500,ajg-v1.6.0,name_t1_region,,extracted,2026-08-04,crosscheck_ajg 2026-08-04; ajg_kv=500
c4fa51b8-fbdb-4b06-8964-032267af7ab4,substation,ajg,tokyo_sub_1368@154,ajg-v1.6.0,name_t1_region,,extracted,2026-08-14,AJG audit 2026-08-14; same site; source 154kV layer; previous=tokyo_sub_1368@275
c5b7f28c-f53a-442e-b727-d7a5625a121c,substation,ajg,tokyo_sub_1376@154,ajg-v1.6.0,name_t1_region,,extracted,2026-08-04,crosscheck_ajg 2026-08-04; ajg_kv=154
c71fd78d-5d22-4b60-a78e-6d7d7147d5f9,substation,ajg,tokyo_sub_386,ajg-v1.6.0,name_t1_region,,extracted,2026-08-14,AJG audit 2026-08-14; OSM raw name/operator site; excludes nearby railway traction site; previous=tokyo_sub_266@275
c7fecadd-4a47-4a2e-8599-7271a0608e33,substation,ajg,tohoku_sub_141@154,ajg-v1.6.0,name_t1_region,,extracted,2026-08-04,crosscheck_ajg 2026-08-04; ajg_kv=154
c89b3adb-c3ad-4a40-b6c8-beb60102ed7f,substation,ajg,tokyo_sub_272@154,ajg-v1.6.0,name_t1_region,,extracted,2026-08-04,crosscheck_ajg 2026-08-04; ajg_kv=154
c9fbf84e-d811-43a2-8060-7d87b5b13897,substation,ajg,hokkaido_sub_16@275,ajg-v1.6.0,name_t1_region,,extracted,2026-08-04,crosscheck_ajg 2026-08-04; ajg_kv=275
ca25eddd-a6fa-4122-8438-e9cb3de7fc85,substation,ajg,tokyo_sub_815,ajg-v1.6.0,name_t1_region,,extracted,2026-08-04,crosscheck_ajg 2026-08-04; ajg_kv=275
ca27a0a7-6fbd-4df8-bdd3-6761a7c4c741,substation,ajg,tohoku_sub_36@154,ajg-v1.6.0,name_t1_region,,extracted,2026-08-04,crosscheck_ajg 2026-08-04; ajg_kv=154
cbcbf289-0fbf-459a-9e09-15308bae5b69,substation,ajg,tokyo_sub_569@275,ajg-v1.6.0,name_t1_region,,extracted,2026-08-04,crosscheck_ajg 2026-08-04; ajg_kv=275
ccc2966f-7ca4-4ba5-90ec-632289b32ac8,substation,ajg,hokkaido_sub_180@187,ajg-v1.6.0,name_t1_region,,extracted,2026-08-14,AJG audit 2026-08-14; same site; source 187kV layer; previous=hokkaido_sub_180@275
cd1543e6-00d8-4b9b-8424-1abd36df3a31,substation,ajg,kyushu_sub_291@220,ajg-v1.6.0,name_t1_region,,extracted,2026-08-04,crosscheck_ajg 2026-08-04; ajg_kv=220
cd3eb2da-4914-4f4b-ba89-d1f25d3c1d78,substation,ajg,hokkaido_sub_107,ajg-v1.6.0,name_t1_region,,extracted,2026-08-04,crosscheck_ajg 2026-08-04; ajg_kv=187
cdc46764-3be0-4fc3-a4f4-93e5527ce2d0,substation,ajg,tokyo_sub_1677,ajg-v1.6.0,name_t1_region,,extracted,2026-08-04,crosscheck_ajg 2026-08-04; ajg_kv=154
cdc51193-b36c-497f-b189-9f30a04ae043,substation,ajg,tokyo_sub_19@275,ajg-v1.6.0,name_t1_region,,extracted,2026-08-04,crosscheck_ajg 2026-08-04; ajg_kv=275
ce1eaf48-186e-433e-9db4-4c7f60f7a358,substation,ajg,chubu_sub_95@500,ajg-v1.6.0,name_t1_region,,extracted,2026-08-04,crosscheck_ajg 2026-08-04; ajg_kv=500
ce64ff2e-6bd2-4a07-9275-9f799887816a,substation,ajg,tohoku_sub_614@275,ajg-v1.6.0,name_t1_region,,extracted,2026-08-04,crosscheck_ajg 2026-08-04; ajg_kv=275
ceb5788e-855b-408d-b1f5-f73dcb02f190,substation,ajg,kyushu_sub_90,ajg-v1.6.0,name_t1_region,,extracted,2026-08-04,crosscheck_ajg 2026-08-04; ajg_kv=220
cf44e885-d462-4398-9a8d-391642180ed7,substation,ajg,kyushu_sub_21@220,ajg-v1.6.0,name_t1_region,,extracted,2026-08-04,crosscheck_ajg 2026-08-04; ajg_kv=220
cfabd746-86fd-43ca-b48f-8031ac12e16f,substation,ajg,chubu_sub_290@154,ajg-v1.6.0,name_t1_region,,extracted,2026-08-04,crosscheck_ajg 2026-08-04; ajg_kv=154
cfc5e79f-59e4-48bb-820d-f283ca70058f,substation,ajg,chubu_sub_181,ajg-v1.6.0,name_t3_region,,inferred,2026-08-04,crosscheck_ajg 2026-08-04; ajg_kv=0
d005ef21-34a1-4286-9b03-a0f930a45f37,substation,ajg,tokyo_sub_121,ajg-v1.6.0,name_t1_region,,extracted,2026-08-04,crosscheck_ajg 2026-08-04; ajg_kv=154
d21144b7-70ba-4187-8dbc-5a62d1867138,substation,ajg,tokyo_sub_1051@500,ajg-v1.6.0,name_t1_region,,extracted,2026-08-04,crosscheck_ajg 2026-08-04; ajg_kv=500
d26ec0a6-6918-43ab-86af-d36232688cf1,substation,ajg,chubu_sub_121@275,ajg-v1.6.0,name_t1_region,,extracted,2026-08-04,crosscheck_ajg 2026-08-04; ajg_kv=275
d2f00be2-e77d-44f4-8438-98047f58c468,substation,ajg,tokyo_sub_145,ajg-v1.6.0,name_t1_region,,extracted,2026-08-04,crosscheck_ajg 2026-08-04; ajg_kv=154
d35a3d0c-526e-4e21-a1c5-ce6636df5ab3,substation,ajg,kyushu_sub_50@220,ajg-v1.6.0,name_t1_region,,extracted,2026-08-04,crosscheck_ajg 2026-08-04; ajg_kv=220
d3a05dc3-ab5f-4d7f-9cc5-619863f6224f,substation,ajg,tokyo_sub_214@154,ajg-v1.6.0,name_t1_region,,extracted,2026-08-04,crosscheck_ajg 2026-08-04; ajg_kv=154
d3b6455c-fc95-4d81-8e5b-141b2a46cd07,substation,ajg,hokuriku_sub_119,ajg-v1.6.0,name_t3_region,,inferred,2026-08-04,crosscheck_ajg 2026-08-04; ajg_kv=154
d486d5fd-4cad-4ec8-a574-cce5f3244dd5,substation,ajg,tokyo_sub_1357@500,ajg-v1.6.0,name_t1_region,,extracted,2026-08-04,crosscheck_ajg 2026-08-04; ajg_kv=500
d57e14b2-41d9-4be2-876a-939acdd6cb6c,substation,ajg,hokkaido_sub_231@187,ajg-v1.6.0,name_t1_region,,extracted,2026-08-04,crosscheck_ajg 2026-08-04; ajg_kv=187
d669de8a-30b0-4b1f-a626-4cf4a9410bd2,substation,ajg,tokyo_sub_125@275,ajg-v1.6.0,name_t1_region,,extracted,2026-08-04,crosscheck_ajg 2026-08-04; ajg_kv=275
d704e4e6-a0d0-4f40-9a48-93db04c37681,substation,ajg,tokyo_sub_616,ajg-v1.6.0,name_t1_national,,extracted,2026-08-04,crosscheck_ajg 2026-08-04; ajg_kv=66
d85dc6de-57e3-4412-91dd-a2b70d0801e1,substation,ajg,tokyo_sub_542,ajg-v1.6.0,name_t1_region,,extracted,2026-08-04,crosscheck_ajg 2026-08-04; ajg_kv=500
d8bce168-776e-4221-97bd-f71db65e4454,substation,ajg,tokyo_sub_1783@154,ajg-v1.6.0,name_t1_national,,extracted,2026-08-04,crosscheck_ajg 2026-08-04; ajg_kv=154
d97a294c-a214-4244-9c7c-e94df08031ca,substation,ajg,tohoku_sub_183@275,ajg-v1.6.0,name_t1_region,,extracted,2026-08-04,crosscheck_ajg 2026-08-04; ajg_kv=275
d9f3991a-13d0-47b3-9b20-f2e6a3a22198,substation,ajg,chubu_sub_143@154,ajg-v1.6.0,name_t1_region,,extracted,2026-08-04,crosscheck_ajg 2026-08-04; ajg_kv=154
d9f4e64f-6f90-45dc-9ad8-109c75543423,substation,ajg,chugoku_sub_408,ajg-v1.6.0,name_t1_national,,extracted,2026-08-04,crosscheck_ajg 2026-08-04; ajg_kv=187
da60f3c8-00f8-4ac1-b3d8-e7afe6b88d0c,substation,ajg,tokyo_sub_132@154,ajg-v1.6.0,name_t1_region,,extracted,2026-08-04,crosscheck_ajg 2026-08-04; ajg_kv=154
daea7fa1-5276-43e3-a407-bd7511674716,substation,ajg,chubu_sub_324@275,ajg-v1.6.0,name_t1_region,,extracted,2026-08-04,crosscheck_ajg 2026-08-04; ajg_kv=275
db0fa004-7406-430e-8398-8dff3cfc209a,substation,ajg,tokyo_sub_28@154,ajg-v1.6.0,name_t1_region,,extracted,2026-08-04,crosscheck_ajg 2026-08-04; ajg_kv=154
dba87702-f006-45aa-9ac0-1231a7a0f85d,substation,ajg,shikoku_sub_50@500,ajg-v1.6.0,name_t1_region,,extracted,2026-08-04,crosscheck_ajg 2026-08-04; ajg_kv=500
dc33e8c5-29d1-4d44-8b1b-9ac34bbfa6ff,substation,ajg,chubu_sub_139@154,ajg-v1.6.0,name_t1_region,,extracted,2026-08-04,crosscheck_ajg 2026-08-04; ajg_kv=154
dcc4763a-092c-4ae1-bf9e-9f18fae18817,substation,ajg,kyushu_sub_94@220,ajg-v1.6.0,name_t1_region,,extracted,2026-08-04,crosscheck_ajg 2026-08-04; ajg_kv=220
dcc4f5d2-61fb-4727-9540-e83003fc567c,substation,ajg,tohoku_sub_729@154,ajg-v1.6.0,name_t1_region,,extracted,2026-08-04,crosscheck_ajg 2026-08-04; ajg_kv=154
dcfab5f1-ce77-4c01-b19c-507039ed7449,substation,ajg,chugoku_sub_38@187,ajg-v1.6.0,name_t1_national,,extracted,2026-08-04,crosscheck_ajg 2026-08-04; ajg_kv=187
dd150df8-c1c2-47ac-8eea-66284d8fe704,substation,ajg,tohoku_sub_435@154,ajg-v1.6.0,name_t1_region,,extracted,2026-08-04,crosscheck_ajg 2026-08-04; ajg_kv=154
dd47bff0-b21b-41f8-9967-5050302a1216,substation,ajg,tokyo_sub_1672@154,ajg-v1.6.0,name_t1_region,,extracted,2026-08-04,crosscheck_ajg 2026-08-04; ajg_kv=154
ddc4608e-8b38-481b-ae39-1dd112dc51e9,substation,ajg,chubu_sub_514@500,ajg-v1.6.0,name_t1_region,,extracted,2026-08-04,crosscheck_ajg 2026-08-04; ajg_kv=500
de1f836f-adf3-4cbb-8ba5-44e19bf149bf,substation,ajg,tokyo_sub_258@275,ajg-v1.6.0,name_t1_region,,extracted,2026-08-14,AJG audit 2026-08-14; exact power-operator site; excludes nearby railway site; previous=tokyo_sub_209
df7ef1e6-5602-4b97-8b7b-4d74c1b6ed40,substation,ajg,tokyo_sub_403,ajg-v1.6.0,name_t1_region,,extracted,2026-08-04,crosscheck_ajg 2026-08-04; ajg_kv=154
dfe13858-9d86-42cf-b56f-8b4d509ca735,substation,ajg,chubu_sub_115@275,ajg-v1.6.0,name_t1_region,,extracted,2026-08-04,crosscheck_ajg 2026-08-04; ajg_kv=275
dffdc0eb-b78a-47f0-bec2-3855c0cbf13b,substation,ajg,kyushu_sub_77@220,ajg-v1.6.0,name_t1_region,,extracted,2026-08-04,crosscheck_ajg 2026-08-04; ajg_kv=220
e0491908-dce3-4897-aa06-8a0e3cb741c6,substation,ajg,tokyo_sub_1663@154,ajg-v1.6.0,name_t1_region,,extracted,2026-08-04,crosscheck_ajg 2026-08-04; ajg_kv=154
e05933d6-b581-46d2-8439-07fc0dc8a4d6,substation,ajg,tokyo_sub_1458@275,ajg-v1.6.0,name_t1_region,,extracted,2026-08-04,crosscheck_ajg 2026-08-04; ajg_kv=275
e17c1679-7005-4e5b-8051-f9fb5b9ceaba,substation,ajg,chubu_sub_260@154,ajg-v1.6.0,name_t1_region,,extracted,2026-08-04,crosscheck_ajg 2026-08-04; ajg_kv=154
e273cf62-c52b-41ae-8ba8-753d3d4e13a0,substation,ajg,tokyo_sub_191@154,ajg-v1.6.0,name_t1_region,,extracted,2026-08-04,crosscheck_ajg 2026-08-04; ajg_kv=154
e2756390-e12e-4a22-9575-8f6a70245075,substation,ajg,kyushu_sub_260@220,ajg-v1.6.0,name_t1_region,,extracted,2026-08-04,crosscheck_ajg 2026-08-04; ajg_kv=220
e28ef737-1333-4b90-aa0d-03ec685fbd63,substation,ajg,tokyo_sub_605,ajg-v1.6.0,name_t1_region,,extracted,2026-08-04,crosscheck_ajg 2026-08-04; ajg_kv=66
e2973459-b5f4-4c84-803c-e6d610e63abd,substation,ajg,kyushu_sub_339,ajg-v1.6.0,name_t1_region,,extracted,2026-08-04,crosscheck_ajg 2026-08-04; ajg_kv=66
e31d857c-17b9-4122-97d7-70a22d04f11d,substation,ajg,chubu_sub_198,ajg-v1.6.0,name_t1_region,,extracted,2026-08-04,crosscheck_ajg 2026-08-04; ajg_kv=154
e34b4e5a-bae0-42e8-98a0-cca366028ecb,substation,ajg,tokyo_sub_1171@154,ajg-v1.6.0,name_t1_region,,extracted,2026-08-04,crosscheck_ajg 2026-08-04; ajg_kv=154
e37ae671-1fa4-42d8-b747-ee38bb69f328,substation,ajg,tokyo_sub_551@154,ajg-v1.6.0,name_t1_region,,extracted,2026-08-04,crosscheck_ajg 2026-08-04; ajg_kv=154
e3db8a5f-b7d0-469e-bdc9-0c01918be90c,substation,ajg,tohoku_sub_558@154,ajg-v1.6.0,name_t1_region,,extracted,2026-08-04,crosscheck_ajg 2026-08-04; ajg_kv=154
e423863c-8726-4ee4-aaea-189cb85e03de,substation,ajg,kyushu_sub_96@220,ajg-v1.6.0,name_t1_region,,extracted,2026-08-04,crosscheck_ajg 2026-08-04; ajg_kv=220
e427bdb0-11c7-467a-a59a-0c79ce210191,substation,ajg,chubu_sub_109,ajg-v1.6.0,name_t1_region,,extracted,2026-08-04,crosscheck_ajg 2026-08-04; ajg_kv=500
e4825924-e8ca-41ed-82cb-0a7004130867,substation,ajg,hokuriku_sub_22@154,ajg-v1.6.0,name_t1_region,,extracted,2026-08-04,crosscheck_ajg 2026-08-04; ajg_kv=154
e4ae640d-8e01-4ec7-b3df-5568b089e1f0,substation,ajg,tokyo_sub_87@154,ajg-v1.6.0,name_t1_region,,extracted,2026-08-04,crosscheck_ajg 2026-08-04; ajg_kv=154
e4e45084-f5d4-4261-ac3f-17c72e2d9b6e,substation,ajg,kyushu_sub_257@220,ajg-v1.6.0,name_t1_region,,extracted,2026-08-04,crosscheck_ajg 2026-08-04; ajg_kv=220
e5513501-dbec-4360-9ba2-08de2b709cc9,substation,ajg,tokyo_sub_579@275,ajg-v1.6.0,name_t1_region,,extracted,2026-08-04,crosscheck_ajg 2026-08-04; ajg_kv=275
e5e932e9-a8fa-4f94-8a51-ccdadb0034b4,substation,ajg,chubu_sub_240@500,ajg-v1.6.0,name_t1_region,,extracted,2026-08-04,crosscheck_ajg 2026-08-04; ajg_kv=500
e64c2e77-a6ae-4013-a1df-81e0e2d91cd4,substation,ajg,chubu_sub_114@500,ajg-v1.6.0,name_t1_region,,extracted,2026-08-04,crosscheck_ajg 2026-08-04; ajg_kv=500
e7821f5b-a35d-4340-b630-9435cf704df7,substation,ajg,tokyo_sub_817,ajg-v1.6.0,name_t1_region,,extracted,2026-08-04,crosscheck_ajg 2026-08-04; ajg_kv=275
e95d991f-5448-4e8d-ba93-36595f05289b,substation,ajg,tokyo_sub_154@275,ajg-v1.6.0,name_t1_region,,extracted,2026-08-04,crosscheck_ajg 2026-08-04; ajg_kv=275
e9dbf5a8-5413-4e93-bf48-caa9ed26c1b0,substation,ajg,kyushu_sub_11@500,ajg-v1.6.0,name_t1_region,,extracted,2026-08-04,crosscheck_ajg 2026-08-04; ajg_kv=500
ea555041-72d7-46f4-b801-1467c4d5219b,substation,ajg,tokyo_sub_822,ajg-v1.6.0,name_t1_region,,extracted,2026-08-04,crosscheck_ajg 2026-08-04; ajg_kv=275
eaa8e229-08f2-43bc-a451-c06435d70efb,substation,ajg,tokyo_sub_573,ajg-v1.6.0,name_t1_region,,extracted,2026-08-04,crosscheck_ajg 2026-08-04; ajg_kv=66
eb72040f-22ad-4c77-aa93-1b32aa097180,substation,ajg,tokyo_sub_1425,ajg-v1.6.0,name_t1_region,,extracted,2026-08-04,crosscheck_ajg 2026-08-04; ajg_kv=154
eb95dcfa-e994-445e-9f31-d7e3f84b79d2,substation,ajg,tohoku_sub_219@154,ajg-v1.6.0,name_t1_region,,extracted,2026-08-04,crosscheck_ajg 2026-08-04; ajg_kv=154
ebc41f12-4248-421c-b1fe-1c21abbc7f96,substation,ajg,tokyo_sub_1396@154,ajg-v1.6.0,name_t1_region,,extracted,2026-08-14,AJG audit 2026-08-14; same site; source 154kV layer; previous=tokyo_sub_1396@275
ebc8cc8c-6529-4b61-8c30-cb6b3553af5e,substation,ajg,chubu_sub_105@275,ajg-v1.6.0,name_t1_region,,extracted,2026-08-04,crosscheck_ajg 2026-08-04; ajg_kv=275
ebcbee1f-e9e2-4638-bb2d-70a9f7a2e3f6,substation,ajg,chubu_sub_57@154,ajg-v1.6.0,name_t1_region,,extracted,2026-08-04,crosscheck_ajg 2026-08-04; ajg_kv=154
ec3f9369-b318-42f8-9501-7f90590b3d0f,substation,ajg,hokkaido_sub_234@187,ajg-v1.6.0,name_t1_region,,extracted,2026-08-04,crosscheck_ajg 2026-08-04; ajg_kv=187
ec820e1f-7841-4d6c-8eb3-6dc9bb6d36ce,substation,ajg,tokyo_sub_237,ajg-v1.6.0,name_t1_region,,extracted,2026-08-04,crosscheck_ajg 2026-08-04; ajg_kv=154
ecda9e4a-ff3b-4e1e-be02-fd6834c65f65,substation,ajg,hokkaido_sub_6@187,ajg-v1.6.0,name_t1_region,,extracted,2026-08-04,crosscheck_ajg 2026-08-04; ajg_kv=187
ece8e9ca-4a28-4232-90e8-3e4c194093df,substation,ajg,kyushu_sub_276@220,ajg-v1.6.0,name_t1_region,,extracted,2026-08-04,crosscheck_ajg 2026-08-04; ajg_kv=220
ecee07bf-0eed-44dc-91e1-0ed4f77dbe2e,substation,ajg,tokyo_sub_161@154,ajg-v1.6.0,name_t1_region,,extracted,2026-08-04,crosscheck_ajg 2026-08-04; ajg_kv=154
ed7194aa-26c8-4455-8440-10e2ccf32225,substation,ajg,tokyo_sub_1370@154,ajg-v1.6.0,name_t1_region,,extracted,2026-08-04,crosscheck_ajg 2026-08-04; ajg_kv=154
ed852fbc-02e8-497e-8882-e83128f20795,substation,ajg,tokyo_sub_149@500,ajg-v1.6.0,name_t1_region,,extracted,2026-08-04,crosscheck_ajg 2026-08-04; ajg_kv=500
f0489d18-a968-49dd-b082-9dd516b7e70d,substation,ajg,tohoku_sub_397@154,ajg-v1.6.0,name_t1_region,,extracted,2026-08-04,crosscheck_ajg 2026-08-04; ajg_kv=154
f129dc40-fa78-47a4-a50a-9f48702f1b37,substation,ajg,kyushu_sub_61@220,ajg-v1.6.0,name_t1_region,,extracted,2026-08-04,crosscheck_ajg 2026-08-04; ajg_kv=220
f13b5986-d49f-4bde-97d4-76bb32ec475f,substation,ajg,tokyo_sub_566@154,ajg-v1.6.0,name_t1_region,,extracted,2026-08-14,AJG audit 2026-08-14; same site; source 154kV layer; previous=tokyo_sub_566@275
f1d8d6cc-73c0-4c82-b682-f6484916e685,substation,ajg,tohoku_sub_8@154,ajg-v1.6.0,name_t1_region,,extracted,2026-08-04,crosscheck_ajg 2026-08-04; ajg_kv=154
f1f89bc4-37f2-4d61-b31f-9bedd159fe32,substation,ajg,tohoku_sub_577@154,ajg-v1.6.0,name_t1_region,,extracted,2026-08-04,crosscheck_ajg 2026-08-04; ajg_kv=154
f25e122c-9483-47b2-a882-680f43020aac,substation,ajg,tohoku_sub_137@275,ajg-v1.6.0,name_t1_region,,extracted,2026-08-04,crosscheck_ajg 2026-08-04; ajg_kv=275
f339760c-0f43-48a6-9774-3a2eef4e4545,substation,ajg,tokyo_sub_124,ajg-v1.6.0,name_t1_region,,extracted,2026-08-04,crosscheck_ajg 2026-08-04; ajg_kv=154
f39958db-536b-4795-87cc-58608e9f5a11,substation,ajg,chubu_sub_146@275,ajg-v1.6.0,name_t1_region,,extracted,2026-08-04,crosscheck_ajg 2026-08-04; ajg_kv=275
f3a431f9-d9f7-4d9a-ad1c-c8583d423bf7,substation,ajg,tohoku_sub_211@154,ajg-v1.6.0,name_t1_region,,extracted,2026-08-14,AJG audit 2026-08-14; same site; source 154kV layer; previous=tohoku_sub_211@275
f3ab562c-2316-45ad-bc0a-2ddd17f9e2d3,substation,ajg,tohoku_sub_258@275,ajg-v1.6.0,name_t1_region,,extracted,2026-08-04,crosscheck_ajg 2026-08-04; ajg_kv=275
f3b5ae5c-8141-406a-9b13-fc476ce18145,substation,ajg,chubu_sub_161@154,ajg-v1.6.0,name_t1_region,,extracted,2026-08-14,AJG audit 2026-08-14; same site; source 154kV layer; previous=chubu_sub_68
f4c5a497-c6c2-4778-b435-97c8d602444b,substation,ajg,tokyo_sub_1027@154,ajg-v1.6.0,name_t1_region,,extracted,2026-08-04,crosscheck_ajg 2026-08-04; ajg_kv=154
f4d82001-e37d-4611-ad0a-3376636823b9,substation,ajg,chubu_sub_823,ajg-v1.6.0,name_t3_region,,inferred,2026-08-04,crosscheck_ajg 2026-08-04; ajg_kv=154
f56c0500-757b-456c-b8c0-dfb01cddcbe3,substation,ajg,tohoku_sub_267@154,ajg-v1.6.0,name_t1_region,,extracted,2026-08-04,crosscheck_ajg 2026-08-04; ajg_kv=154
f56efc39-10e0-4d16-9d8c-a742ba2d0d66,substation,ajg,tohoku_sub_567@154,ajg-v1.6.0,name_t1_region,,extracted,2026-08-04,crosscheck_ajg 2026-08-04; ajg_kv=154
f5e61421-3e1f-45db-82c0-27b48aff21ea,substation,ajg,chubu_sub_160,ajg-v1.6.0,name_t1_region,,extracted,2026-08-04,crosscheck_ajg 2026-08-04; ajg_kv=154
f64614bf-a969-4c65-bdf5-c2afaa0980f4,substation,ajg,tokyo_sub_1523@275,ajg-v1.6.0,name_t1_region,,extracted,2026-08-04,crosscheck_ajg 2026-08-04; ajg_kv=275
f6ad8cff-9b74-45b5-a79c-d69a7ffd666a,substation,ajg,tokyo_sub_1012@500,ajg-v1.6.0,name_t1_region,,extracted,2026-08-04,crosscheck_ajg 2026-08-04; ajg_kv=500
f6bf38a0-8e4e-4e58-b6af-9b027a3f5833,substation,ajg,tokyo_sub_70@275,ajg-v1.6.0,name_t1_region,,extracted,2026-08-04,crosscheck_ajg 2026-08-04; ajg_kv=275
f6e6e52a-586c-42b1-9284-024b36854134,substation,ajg,chubu_sub_226@154,ajg-v1.6.0,name_t1_region,,extracted,2026-08-04,crosscheck_ajg 2026-08-04; ajg_kv=154
f7697baf-9fac-49ea-9079-1f07d33bbbe7,substation,ajg,tokyo_sub_1731,ajg-v1.6.0,name_t1_region,,extracted,2026-08-04,crosscheck_ajg 2026-08-04; ajg_kv=500
f86398eb-477a-49e4-b74b-ede805ba4614,substation,ajg,tokyo_sub_49@154,ajg-v1.6.0,name_t1_region,,extracted,2026-08-04,crosscheck_ajg 2026-08-04; ajg_kv=154
f87334a9-02d5-416f-b837-59dd86da130e,substation,ajg,tokyo_sub_668@275,ajg-v1.6.0,name_t1_region,,extracted,2026-08-04,crosscheck_ajg 2026-08-04; ajg_kv=275
f897a9d7-f661-4d8e-8629-6023bbcf29e7,substation,ajg,tokyo_sub_1086@500,ajg-v1.6.0,name_t1_region,,extracted,2026-08-04,crosscheck_ajg 2026-08-04; ajg_kv=500
f8b42a96-4020-4521-ae9c-36e1b87d0e76,substation,ajg,tohoku_sub_162@275,ajg-v1.6.0,name_t1_region,,extracted,2026-08-04,crosscheck_ajg 2026-08-04; ajg_kv=275
f908bdbf-f62b-4246-8942-45bcfa8bfb40,substation,ajg,tohoku_sub_160@500,ajg-v1.6.0,name_t1_region,,extracted,2026-08-04,crosscheck_ajg 2026-08-04; ajg_kv=500
f95a1aea-3f78-4e91-a83b-41a614e144ff,substation,ajg,tokyo_sub_72,ajg-v1.6.0,name_t1_region,,extracted,2026-08-04,crosscheck_ajg 2026-08-04; ajg_kv=154
fad9df24-8836-4644-9c36-fe0dd0d0f578,substation,ajg,tokyo_sub_210@154,ajg-v1.6.0,name_t1_region,,extracted,2026-08-04,crosscheck_ajg 2026-08-04; ajg_kv=154
fc1c628e-23e0-47cd-ace4-23f87318ab0e,substation,ajg,tohoku_sub_236@500,ajg-v1.6.0,name_t1_region,,extracted,2026-08-04,crosscheck_ajg 2026-08-04; ajg_kv=500
fc5cc419-96ce-4ea9-9d59-0529ab4822bf,substation,ajg,chubu_sub_239@154,ajg-v1.6.0,name_t1_region,,extracted,2026-08-04,crosscheck_ajg 2026-08-04; ajg_kv=154
fceacba4-129b-41e5-b12d-dd534ca44c70,substation,ajg,hokkaido_sub_368@187,ajg-v1.6.0,name_t1_region,,extracted,2026-08-04,crosscheck_ajg 2026-08-04; ajg_kv=187
fcf09664-b6b2-46d6-a6e2-bdc672bc6d22,substation,ajg,kyushu_sub_13@500,ajg-v1.6.0,name_t1_region,,extracted,2026-08-04,crosscheck_ajg 2026-08-04; ajg_kv=500
fd34ecc0-612c-444e-ad74-c8242408a75d,substation,ajg,hokkaido_sub_232@187,ajg-v1.6.0,name_t1_region,,extracted,2026-08-04,crosscheck_ajg 2026-08-04; ajg_kv=187
fdad2382-0049-45c3-ba9b-2e7b11a6ad7a,substation,ajg,tohoku_sub_570@275,ajg-v1.6.0,name_t1_region,,extracted,2026-08-04,crosscheck_ajg 2026-08-04; ajg_kv=275
feaaf011-21c6-4960-b989-5bd9774b6810,substation,ajg,tokyo_sub_624,ajg-v1.6.0,name_t1_region,,extracted,2026-08-04,crosscheck_ajg 2026-08-04; ajg_kv=154
ff6a8690-a84c-462b-b530-b1cae3863683,substation,ajg,tokyo_sub_181@154,ajg-v1.6.0,name_t1_region,,extracted,2026-08-04,crosscheck_ajg 2026-08-04; ajg_kv=154
ffba5b20-dc9f-4354-a0f2-eec350d74c25,substation,ajg,tohoku_sub_723,ajg-v1.6.0,name_t1_region,,extracted,2026-08-04,crosscheck_ajg 2026-08-04; ajg_kv=66
9ddd5055-4300-45f4-9591-149b15e03c9b,substation,ajg,chugoku_sub_67@500,ajg-v1.6.0,deanon,,inferred,2026-08-05,deanon/kansai 2026-08-05; →西播変電所; conf=medium; pos 1.39km; kv500=AJG max kv; conn 0/3; margin 5.79km; 原 target_id=chugoku_sub_67@275|chugoku_sub_67@500|chugoku_sub_67@77|chugoku_sub_67@u（多電圧層の連結を、我方の電圧層に合わせて代表 1 件に畳んだ）
05a700e3-5ff8-45a8-8dad-68a904e03f69,substation,ajg,kansai_sub_404@275,ajg-v1.6.0,deanon,,inferred,2026-08-05,deanon/kansai 2026-08-05; →神戸変電所; conf=strong; pos 2.56km; kv275=AJG max kv; conn 1/1; margin 3.18km; 原 target_id=kansai_sub_404@275|kansai_sub_404@77|kansai_sub_404@u（多電圧層の連結を、我方の電圧層に合わせて代表 1 件に畳んだ）
0dd13a67-c4c4-415e-ba73-97cd314825fd,substation,ajg,kansai_sub_239@275,ajg-v1.6.0,deanon,,inferred,2026-08-05,deanon/kansai 2026-08-05; →新綾部変電所; conf=medium; pos 3.3km; kv500=AJG max kv; conn 1/3; margin 99.0km; 原 target_id=kansai_sub_239@275|kansai_sub_239@500|kansai_sub_239@77|kansai_sub_239@u（多電圧層の連結を、我方の電圧層に合わせて代表 1 件に畳んだ）
e738d0a7-38d6-4289-9399-5c5df706168a,substation,ajg,kansai_sub_245@275,ajg-v1.6.0,deanon,,inferred,2026-08-05,deanon/kansai 2026-08-05; →伊丹変電所; conf=medium; pos 3.72km; kv275=AJG max kv; conn 0/1; margin 3.27km; 原 target_id=kansai_sub_245@154|kansai_sub_245@275|kansai_sub_245@66|kansai_sub_245@77（多電圧層の連結を、我方の電圧層に合わせて代表 1 件に畳んだ）
c7c3772a-a52b-4bf6-b8a9-7cb9979bf17c,substation,ajg,kansai_sub_252@u,ajg-v1.6.0,deanon,,inferred,2026-08-05,deanon/kansai 2026-08-05; →小曽根電力所; conf=strong; pos 3.73km; kv275=AJG max kv; conn 1/2; margin 2.81km; 原 target_id=kansai_sub_252@154|kansai_sub_252@77|kansai_sub_252@u（多電圧層の連結を、我方の電圧層に合わせて代表 1 件に畳んだ）
ca13d98b-abd9-4160-b903-520e22a8c51b,substation,ajg,kansai_sub_601@275,ajg-v1.6.0,deanon,,inferred,2026-08-05,deanon/kansai 2026-08-05; →嶺南変電所; conf=strong; pos 2.08km; kv500=AJG max kv; conn 3/3; margin 99.0km; 原 target_id=kansai_sub_601@275|kansai_sub_601@500|kansai_sub_601@77|kansai_sub_601@u（多電圧層の連結を、我方の電圧層に合わせて代表 1 件に畳んだ）
37507885-cb3b-4e9a-8716-5c6eb79821de,substation,ajg,kansai_sub_643@275,ajg-v1.6.0,deanon,,inferred,2026-08-05,deanon/kansai 2026-08-05; →湖東変電所; conf=medium; pos 6.64km; kv275=AJG max kv; conn 1/1; margin 0.0km; 原 target_id=kansai_sub_643@154|kansai_sub_643@275|kansai_sub_643@77|kansai_sub_643@u（多電圧層の連結を、我方の電圧層に合わせて代表 1 件に畳んだ）
254798ad-10fd-4ab5-9d54-5de595681560,substation,ajg,kansai_sub_863@275,ajg-v1.6.0,deanon,,inferred,2026-08-05,deanon/kansai 2026-08-05; →新寝屋川変電所; conf=medium; pos 7.8km; kv275=AJG max kv; conn 1/1; margin 99.0km; 原 target_id=kansai_sub_863@275|kansai_sub_863@77（多電圧層の連結を、我方の電圧層に合わせて代表 1 件に畳んだ）
77ba8483-4348-4521-99dc-035fe7173085,substation,ajg,kansai_sub_246@500,ajg-v1.6.0,deanon,,inferred,2026-08-05,deanon/kansai 2026-08-05; →猪名川変電所; conf=strong; pos 2.19km; kv500=AJG max kv; conn 1/2; margin 99.0km; 原 target_id=kansai_sub_246@154|kansai_sub_246@275|kansai_sub_246@500（多電圧層の連結を、我方の電圧層に合わせて代表 1 件に畳んだ）
3d607798-baaa-4ef9-b65f-e617492ea329,substation,ajg,kansai_sub_240@154,ajg-v1.6.0,deanon,,inferred,2026-08-05,deanon/kansai 2026-08-05; →仁川変電所; conf=strong; pos 1.19km; kv154=AJG max kv; conn 1/1; margin 2.15km; 原 target_id=kansai_sub_240@154|kansai_sub_240@77（多電圧層の連結を、我方の電圧層に合わせて代表 1 件に畳んだ）
ab318df4-8a8d-45f1-b592-2aca28c30555,substation,ajg,kansai_sub_573,ajg-v1.6.0,deanon,,inferred,2026-08-05,deanon/kansai 2026-08-05; →関西電力 浜変電所; conf=strong; pos 1.72km; kv154=AJG max kv; conn 1/2; margin -1.38km
32e0fa1b-0881-4fb3-9293-0677b007711b,substation,ajg,kansai_sub_844@154,ajg-v1.6.0,deanon,,inferred,2026-08-05,deanon/kansai 2026-08-05; →日ノ岡一切経谷町変電所_2; conf=strong; pos 3.26km; kv154=AJG max kv; conn 1/2; margin 99.0km; 原 target_id=kansai_sub_844@154|kansai_sub_844@77（多電圧層の連結を、我方の電圧層に合わせて代表 1 件に畳んだ）
1d2e618a-4c46-4b8e-8ef9-381f4c4929e7,substation,ajg,kansai_sub_288,ajg-v1.6.0,deanon,,inferred,2026-08-05,deanon/kansai 2026-08-05; →北浜変電所; conf=strong; pos 2.87km; kv154=AJG max kv; conn 1/2; margin -1.52km
58df4675-ead4-4448-9ced-89fbca9fc6a3,substation,ajg,kansai_sub_303,ajg-v1.6.0,deanon,,inferred,2026-08-05,deanon/kansai 2026-08-05; →本田変電所 (Honden Substation); conf=strong; pos 0.54km; kv154=AJG max kv; conn 1/1; margin 0.34km
94ffe985-6aa1-4c1f-a106-f088ae829548,substation,ajg,kansai_sub_280@154,ajg-v1.6.0,deanon,,inferred,2026-08-05,deanon/kansai 2026-08-05; →敷津変電所; conf=medium; pos 1.23km; kv154=AJG max kv; conn 0/2; margin 99.0km; 原 target_id=kansai_sub_280@154|kansai_sub_280@u（多電圧層の連結を、我方の電圧層に合わせて代表 1 件に畳んだ）
db17419e-08f7-4a80-ac32-c772e7f7b100,substation,ajg,kansai_sub_517@154,ajg-v1.6.0,deanon,,inferred,2026-08-05,deanon/kansai 2026-08-05; →酉島変電所; conf=strong; pos 0.06km; kv154=AJG max kv; conn 1/1; margin 3.05km; 原 target_id=kansai_sub_517@154|kansai_sub_517@77（多電圧層の連結を、我方の電圧層に合わせて代表 1 件に畳んだ）
def6fad1-a85a-45bb-aeb5-a831f2a59c5f,substation,ajg,kansai_sub_311@500,ajg-v1.6.0,deanon,,inferred,2026-08-05,deanon/kansai 2026-08-05; →能勢変電所; conf=medium; pos 6.65km; kv500=AJG max kv; conn 2/3; margin -0.72km; 原 target_id=kansai_sub_311@275|kansai_sub_311@500（多電圧層の連結を、我方の電圧層に合わせて代表 1 件に畳んだ）
c7886323-c801-4fdf-bedc-b86bd1e77380,substation,ajg,kansai_sub_19@500,ajg-v1.6.0,deanon,,inferred,2026-08-05,deanon/kansai 2026-08-05; →信貴変電所; conf=medium; pos 3.68km; kv500=AJG max kv; conn 1/5; margin 99.0km; 原 target_id=kansai_sub_19@154|kansai_sub_19@500（多電圧層の連結を、我方の電圧層に合わせて代表 1 件に畳んだ）
b9cd99a8-ce45-471e-b261-4661225d1acc,substation,ajg,kansai_sub_43,ajg-v1.6.0,deanon,,inferred,2026-08-05,deanon/kansai 2026-08-05; →由良開閉所; conf=medium; pos 1.52km; kv500=AJG max kv; conn 0/1; margin 99.0km
eda080c6-8edb-4060-af87-f4dfbd8d1793,substation,ajg,kansai_sub_13,ajg-v1.6.0,deanon,,inferred,2026-08-05,deanon/kansai 2026-08-05; →紀北変換所; conf=medium; pos 1.07km; kv500=AJG max kv; conn 0/2; margin 99.0km
ca7c2e91-e867-4205-8bab-b146f98679e0,substation,ajg,kansai_sub_630,ajg-v1.6.0,deanon,,inferred,2026-08-05,deanon/kansai 2026-08-05; →東近江開閉所; conf=strong; pos 2.25km; kv500=AJG max kv; conn 2/3; margin 0.0km
8a5bfccb-b254-4129-be0e-10fc61885f79,substation,ajg,kansai_sub_320,ajg-v1.6.0,deanon,,inferred,2026-08-05,deanon/kansai 2026-08-05; →京北開閉所; conf=medium; pos 5.03km; kv500=AJG max kv; conn 2/3; margin 99.0km
11dabf47-c0fd-4b35-b875-438100d2d831,substation,ajg,kansai_sub_292@500,ajg-v1.6.0,deanon,,inferred,2026-08-05,deanon/kansai 2026-08-05; →山崎開閉所; conf=medium; pos 1.59km; kv500=AJG max kv; conn 1/3; margin 99.0km; 原 target_id=kansai_sub_292@500|kansai_sub_292@u（多電圧層の連結を、我方の電圧層に合わせて代表 1 件に畳んだ）
e56f4be9-cf61-44bd-a822-b8139388e320,substation,ajg,kansai_sub_244@275,ajg-v1.6.0,deanon,,inferred,2026-08-05,deanon/kansai 2026-08-05; →宝塚開閉所 (Takarazuka Kaiheisho); conf=medium; pos 3.14km; kv275=AJG max kv; conn 0/3; margin 4.62km; 原 target_id=kansai_sub_244@154|kansai_sub_244@275（多電圧層の連結を、我方の電圧層に合わせて代表 1 件に畳んだ）
fe2e6cab-cede-4e1f-896a-2dd33b6f4e4d,substation,ajg,chubu_sub_930,ajg-v1.6.0,deanon,,inferred,2026-08-05,deanon/kansai 2026-08-05; →成出変電所; conf=medium; pos 2.92km; kv275=AJG max kv; conn 0/4; margin 3.5km; 原 target_id=chubu_sub_930|hokuriku_sub_204（多電圧層の連結を、我方の電圧層に合わせて代表 1 件に畳んだ）
369aa4ca-97d0-4152-9558-0e2521a111cd,substation,ajg,chugoku_sub_58@500,ajg-v1.6.0,combined,,inferred,2026-08-05,deanon/chugoku 2026-08-05; →新山口変電所; conf=strong; OSM ref='基S1-1;基S1-2' が直接一致（決定的）。関門連系線が北九州へ。位相：東山口/西島根/山口(220kV)の3隣接が一致
a3c60a8e-9cd4-4c3e-b8a1-ba585a7d43e2,substation,ajg,chugoku_sub_76@500,ajg-v1.6.0,topology,,inferred,2026-08-05,deanon/chugoku 2026-08-05; →東山口変電所; conf=strong; 隣接3件一致：新山口(基S1)・新西広島(基S10)・新徳山(基S5=基L17先)
95b2fed2-f880-4289-ab97-4e82404c09ee,substation,ajg,chugoku_sub_179@220,ajg-v1.6.0,combined,,inferred,2026-08-05,deanon/chugoku 2026-08-05; →山口変電所; conf=strong; OSM ref='基S3;山①S16-1;山①S16-2' が直接一致（決定的）。位相：新山口(基S1)・高千帆(基S6)
ddd61753-6286-48de-9c70-3a2b7b8773b3,substation,ajg,chugoku_sub_196@220,ajg-v1.6.0,topology,,inferred,2026-08-05,"deanon/chugoku 2026-08-05; →AJG『山口市変電所_2』(OSM住所由来の合成名。実名不明); conf=medium; 基L15(山口=基S3〜新徳山=基S5)幹線上のT分岐という構造が、AJG の当該220kVノード(山口–新徳山線上, 34.109/131.494)と一致"
933fc9f3-b80f-4db5-9704-89907e1f615e,substation,ajg,chugoku_sub_81@220,ajg-v1.6.0,combined,,inferred,2026-08-05,deanon/chugoku 2026-08-05; →新徳山変電所; conf=strong; 隣接3件一致：山口(基S3)・東山口(基S2)・山口市_2(基S4のT分岐)
e7bb9e3c-8423-45c1-8606-52037a3db0a9,substation,ajg,chugoku_sub_268@220,ajg-v1.6.0,combined,,inferred,2026-08-05,deanon/chugoku 2026-08-05; →高千帆変電所; conf=medium; 隣接2件一致：新山口(基S1)・山口(基S3)。加えて notes『すぐ西隣に無名の□発電所』が新小野田発電所(34.019/131.170、高千帆の西)と整合
531dd3eb-2415-48be-935a-e0ea2040d283,substation,ajg,chugoku_sub_55@500,ajg-v1.6.0,combined,,inferred,2026-08-05,deanon/chugoku 2026-08-05; →新西広島変電所; conf=strong; 隣接4件一致：東山口(基S2)・西島根(基S23)・新広島(基S11、AJG では安佐北区ノードを挟む)・緑井六丁目(基S12)
d65eb499-3d40-4e39-92f5-8fb8e6db3ee6,substation,ajg,chugoku_sub_33@500,ajg-v1.6.0,topology,,inferred,2026-08-05,deanon/chugoku 2026-08-05; →新広島変電所; conf=strong; 隣接3件一致：新西広島(基S10)・新岡山(基S17、新広島幹線)・広島(基S13)
39f746c4-4561-4342-a58e-e8a4122a8fa3,substation,ajg,chugoku_sub_48@220,ajg-v1.6.0,topology,,inferred,2026-08-05,deanon/chugoku 2026-08-05; →AJG『緑井六丁目変電所』(合成名。実名不明); conf=medium; 次数2の中継で、両隣が新西広島(基S10)と広島(基S13)。AJG 緑井六丁目も次数2で隣接が全く同じ
5ed3548c-4093-4060-bd01-baca7f4d1d43,substation,ajg,chugoku_sub_34@220,ajg-v1.6.0,topology,,inferred,2026-08-05,deanon/chugoku 2026-08-05; →広島変電所; conf=strong; 隣接4件一致：新広島(基S11)・安芸高田市(無名開閉所A)・黒瀬(基S15)・緑井六丁目(基S12)。基L24が500kV基L7と交差してから着線する図上関係も、安芸高田市→広島の経路が新西広島–新広島500kVを跨ぐことと一致
376c2ef2-0714-4c13-b236-6543c8a14c52,substation,ajg,chugoku_sub_172@220,ajg-v1.6.0,combined,,inferred,2026-08-05,deanon/chugoku 2026-08-05; →作木変電所; conf=medium; 無名開閉所A(=安芸高田市)からの唯一の行き止まり枝。AJG 作木も安芸高田市のみに接続する次数1。notes『⊗から東へ』も作木(132.736)が安芸高田市(132.642)の東であることと一致
1af49215-b47c-418c-878b-812c2fe410b6,substation,ajg,chugoku_sub_115@220,ajg-v1.6.0,combined,,inferred,2026-08-05,deanon/chugoku 2026-08-05; →黒瀬変電所; conf=medium; 隣接2件一致：広島(基S13)・東広島市(無名開閉所F)。基S13の南東という図上関係とも一致
00164373-2f0b-4d08-b17b-d3ae1f4d390e,substation,ajg,chugoku_sub_68@500,ajg-v1.6.0,topology,,inferred,2026-08-05,deanon/chugoku 2026-08-05; →新岡山変電所; conf=strong; 隣接5件一致：新広島(基S11)・東岡山(基S21)・日野(基S26)・岡山(無名分岐点G経由の基S22)・井原開閉所(無名開閉所C)
5b90df00-f003-4b2e-97b7-1d9bae411cd2,substation,ajg,chugoku_sub_66@500,ajg-v1.6.0,combined,,inferred,2026-08-05,deanon/chugoku 2026-08-05; →東岡山変電所; conf=strong; 跨社線『西播東岡山線』の中国側端＝東岡山（AJG に東岡山変電所~西播変電所線が実在）。『本四連系線』は AJG の 東岡山→菰池二丁目→…→讃岐 に対応。位相：新岡山(基S17)・岡山(基S22)も一致
90f60dd0-0baf-4763-931e-c56e1b73c89e,substation,ajg,chugoku_sub_73@220,ajg-v1.6.0,combined,,inferred,2026-08-05,deanon/chugoku 2026-08-05; →岡山変電所; conf=strong; 東岡山(基S21)と新岡山(基S17、無名分岐点G経由)の双方に接続する唯一の220kV局が AJG 岡山変電所
b1844783-577b-45d0-8156-8c2182ffe5a7,substation,ajg,chugoku_sub_113@500,ajg-v1.6.0,combined,,inferred,2026-08-05,deanon/chugoku 2026-08-05; →西島根変電所; conf=strong; 隣接4件一致：新山口(基S1)・日野(基S26)・新西広島(基S10)・三隅町岡見(無名発電所P4)。AJG 西島根の500kV次数4と完全一致
1e9ca48c-09e9-43df-807f-cf2fb583b632,substation,ajg,chugoku_sub_120@500,ajg-v1.6.0,combined,,inferred,2026-08-05,deanon/chugoku 2026-08-05; →北松江変電所; conf=strong; 日野(基S26)への500kV基L10と、同一発電所(P1)への500kV基L46＋220kV基L47の二重接続。AJG 北松江も 島根原子力幹線(500kV)と第二島根原子力幹線(220kV)の2本で島根原子力発電所に繋がる。notes『
12d41056-9ce5-4ea5-8693-7787952dbfed,substation,ajg,chugoku_sub_169@220,ajg-v1.6.0,topology,,inferred,2026-08-05,deanon/chugoku 2026-08-05; →AJG『八雲町変電所』(合成名。実名不明); conf=medium; 隣接2件一致：北松江(基S24)・安芸高田市(基L38の先＝無名開閉所A)。AJG 八雲町の次数2と完全一致
40edfd6e-c5a4-45bc-9bb1-3d9bda1721dd,substation,ajg,chugoku_sub_70@500,ajg-v1.6.0,combined,,inferred,2026-08-05,deanon/chugoku 2026-08-05; →日野変電所; conf=strong; 隣接5件一致：西島根(基S23)・開閉所/智頭(基S27)・北松江(基S24、AJG では大井町を挟む)・新岡山(基S17)・江府町(無名開閉所B)
cdf9dff0-9c99-4333-9769-c11317146470,substation,ajg,chugoku_sub_77@500,ajg-v1.6.0,combined,,inferred,2026-08-05,deanon/chugoku 2026-08-05; →智頭の500kV開閉所（AJG 名も『開閉所』のみ。跨社線名『山崎智頭線』から智頭と判断）; conf=strong; 跨社線『山崎智頭線』の中国側端。AJG 側にも 光都一丁目変電所~開閉所線（関西方向）が実在。位相：日野(基S26)・新鳥取(基S28)も一致
ea02fac6-5d9d-4217-a2c4-744923fcf402,substation,ajg,chugoku_sub_290@220,ajg-v1.6.0,combined,,inferred,2026-08-05,deanon/chugoku 2026-08-05; →新鳥取変電所; conf=strong; 隣接2件一致：開閉所/智頭(基S27)・江府町(無名開閉所B)。AJG 新鳥取の次数2と完全一致
5fe07e97-2948-4fb8-af84-fa906d692b51,substation,ajg,chugoku_sub_517,ajg-v1.6.0,topology,,inferred,2026-08-05,deanon/chugoku 2026-08-05; →AJG『安芸高田市変電所』(合成名。実名不明); conf=strong; 隣接3件一致：広島(基S13)・作木(基S14)・八雲町(基S25)。notes『基S14の西』も 安芸高田市(132.642) < 作木(132.736) と一致し、『500kV基L2(西島根–日野)と交差する位置』も当該地点の緯度と整合
e66e6781-5914-4f4d-bc23-0815aa38c4e1,substation,ajg,chugoku_sub_502,ajg-v1.6.0,topology,,inferred,2026-08-05,deanon/chugoku 2026-08-05; →AJG『江府町変電所』(合成名)。俣野川発電所併設と推定; conf=strong; 隣接2件一致：日野(基S26)・新鳥取(基S28)。notes『直上に無名の□発電所記号が併設』は鳥取県日野郡江府町の俣野川発電所(揚水)と整合
7e2e9e2e-e992-420e-a0a6-d406c759b7fa,substation,ajg,chugoku_sub_75,ajg-v1.6.0,combined,,inferred,2026-08-05,deanon/chugoku 2026-08-05; →井原開閉所; conf=strong; AJG 側の名称も『開閉所』であり図の⊗記号と一致。新岡山(基S17)から2条併走(基L31/基L32)で着線、基L29 が新広島(基S11)から東へ水平に走って到達、の両方が AJG の 新岡山–井原 直結／新広島…尾道市–用土町/府中町
2ab25c20-b3de-4322-9a3a-ef9ee07f94c3,substation,ajg,chugoku_sub_417@220,ajg-v1.6.0,topology,,inferred,2026-08-05,deanon/chugoku 2026-08-05; →AJG『東広島市変電所』(合成名); conf=medium; 基S15–開閉所F–基S16 の3点鎖が AJG の 黒瀬–東広島市–大崎上島町 と一対一で一致。次数2も一致
1f10f09f-d059-405a-b680-f51b15cfb2eb,substation,ajg,chugoku_jct_35.5394:132.9917:500,ajg-v1.6.0,combined,,inferred,2026-08-05,deanon/chugoku 2026-08-05; →島根原子力発電所; conf=strong; 基S24(=北松江)へ500kV基L46と220kV基L47の2本。AJG の島根原子力幹線(500kV)と第二島根原子力幹線(220kV)が北松江から同一地点(35.539/132.992)へ向かうのと完全一致
555a4efb-bd7c-4bb7-bfbb-59cb5da40c0f,substation,ajg,chugoku_sub_210,ajg-v1.6.0,combined,,inferred,2026-08-05,deanon/chugoku 2026-08-05; →三隅発電所（AJG『三隅町岡見変電所』）; conf=medium; 基S23(=西島根)の北西へ220kV基L50。AJG で西島根に接続する唯一の北西方向ノードが三隅町岡見(34.775/131.923)で、同地は中国電力三隅発電所の所在地
c08693f2-1c58-42cc-ab19-de9162886793,substation,ajg,tokyo_sub_1422@154,ajg-v1.6.0,topology,,inferred,2026-08-05,topo_match 2026-08-05; 既知の隣 3 個一致・2位との差 3
76bd7727-c520-40f5-8e23-c4b1ada5002c,substation,ajg,tohoku_sub_293@275,ajg-v1.6.0,topology,,inferred,2026-08-05,topo_match 2026-08-05; 既知の隣 3 個一致・2位との差 3
6971e49a-3922-4f2e-bf45-f5174b9a44e1,substation,ajg,tohoku_sub_43@154,ajg-v1.6.0,topology,,inferred,2026-08-05,topo_match 2026-08-05; 既知の隣 3 個一致・2位との差 3
4058d0e9-bbd2-402a-8039-9b16522f877e,substation,ajg,chugoku_sub_67@275,ajg-v1.6.0,deanon,,inferred,2026-08-05,deanon/kansai 2026-08-05; →西播変電所; conf=medium; pos 1.39km; kv500=AJG max kv; conn 0/3; margin 5.79km
3111020c-41b1-43fb-b29e-eb18aaec017d,substation,ajg,kansai_sub_252@154,ajg-v1.6.0,deanon,,inferred,2026-08-05,deanon/kansai 2026-08-05; →小曽根電力所; conf=strong; pos 3.73km; kv275=AJG max kv; conn 1/2; margin 2.81km
e09d9f6e-938e-40a3-94ab-edb939c9b68d,substation,ajg,kansai_sub_239@500,ajg-v1.6.0,deanon,,inferred,2026-08-05,deanon/kansai 2026-08-05; →新綾部変電所; conf=medium; pos 3.3km; kv500=AJG max kv; conn 1/3; margin 99.0km
3c3e5570-63ee-4374-8706-84bb43fc3e3b,substation,ajg,kansai_sub_601@500,ajg-v1.6.0,deanon,,inferred,2026-08-05,deanon/kansai 2026-08-05; →嶺南変電所; conf=strong; pos 2.08km; kv500=AJG max kv; conn 3/3; margin 99.0km
e9beaf24-b7dc-4272-b2b9-5a105e9a5e6f,substation,ajg,kansai_sub_246@275,ajg-v1.6.0,deanon,,inferred,2026-08-05,deanon/kansai 2026-08-05; →猪名川変電所; conf=strong; pos 2.19km; kv500=AJG max kv; conn 1/2; margin 99.0km
3563f379-7a95-4f5b-9f81-3a66a8c76eab,substation,ajg,kansai_sub_249@275,ajg-v1.6.0,ref_tag,,inferred,2026-08-05,ref_tag 2026-08-05; ref=BD→西大阪変電所; op=関西電力送配電
12e2e5d0-3df8-496f-8196-5d45a39abbbf,substation,ajg,chubu_sub_168@275,ajg-v1.6.0,ref_tag,,inferred,2026-08-05,ref_tag 2026-08-05; ref=BE→甲賀変電所; op=関西電力送配電; 旧判定 chubu_sub_17(deanon) を上書き
1f9f2c8d-7f2f-417e-84e7-d744214d6e91,substation,ajg,kansai_sub_168@275,ajg-v1.6.0,ref_tag,,inferred,2026-08-05,ref_tag 2026-08-05; ref=BQ→北葛城変電所; op=関西電力送配電
303de30c-3529-4526-b0d8-f58ae5e1cdf5,substation,ajg,kansai_sub_275@154,ajg-v1.6.0,ref_tag,,inferred,2026-08-05,ref_tag 2026-08-05; ref=CQ→古川橋変電所; op=関西電力送配電
40c898a0-f6fc-4acb-9075-8785678d3843,substation,ajg,kansai_sub_281@154,ajg-v1.6.0,ref_tag,,inferred,2026-08-05,ref_tag 2026-08-05; ref=CV→東意岐部変電所; op=関西電力送配電
33683439-a49c-4253-b191-8356c295b6e7,substation,ajg,kansai_sub_90@187,ajg-v1.6.0,deanon_geo,,inferred,2026-08-05,deanon/kansai 2026-08-05; →松帆西路変電所 187kV; 西淡（変）との同定による。PROVENANCE S21
d59cfa2e-4567-4e15-9b8c-37557626c116,substation,ajg,okinawa_sub_34,ajg-v1.6.0,abbrev_table+affine,,inferred,2026-08-05,"deanon/okinawa 2026-08-05; →糸満変電所; conf=medium; 官略号対照表 con_res_map01_02/03.csv(2026年6月末)→糸満変電所; アフィン推算位置から1.29km, 次点+3.65km, AJG名=大里変電所(OSM住所由来名); 拓撲一致1/2; 官No出典=con_re"
2692a541-4c04-468a-b938-35432b1f1e56,substation,ajg,okinawa_sub_15,ajg-v1.6.0,abbrev_table+ajg_name,,inferred,2026-08-05,"deanon/okinawa 2026-08-05; →与根変電所; conf=strong; 官略号対照表 con_res_map01_02/03.csv(2026年6月末)→与根変電所; アフィン推算位置から0.21km, 次点+2.58km, AJG名=沖縄電力与根変電所(官名と一致); 拓撲一致0/1; 官No出典=con_r"
81f2b1cd-779b-4590-a009-3334dc385067,substation,ajg,okinawa_sub_31@132,ajg-v1.6.0,abbrev_table+ajg_name,,inferred,2026-08-05,"deanon/okinawa 2026-08-05; →友寄変電所; conf=strong; 官略号対照表 con_res_map01_02/03.csv(2026年6月末)→友寄変電所; アフィン推算位置から0.51km, 次点+1.26km, AJG名=友寄変電所(官名と一致); 拓撲一致4/6; 官No出典=con_res_m"
7a8b9bec-4c80-4240-ad59-bbf300e1c252,substation,ajg,okinawa_sub_6,ajg-v1.6.0,abbrev_table+affine,,inferred,2026-08-05,"deanon/okinawa 2026-08-05; →具志頭変電所; conf=medium; 官略号対照表 con_res_map01_02/03.csv(2026年6月末)→具志頭変電所; アフィン推算位置から0.67km, 次点+4.70km, AJG名=長毛変電所(OSM住所由来名); 拓撲一致0/0; 官No出典=con_r"
79656f12-787a-43de-9aeb-fdde8b47da8e,substation,ajg,okinawa_sub_32,ajg-v1.6.0,abbrev_table+ajg_name,,inferred,2026-08-05,"deanon/okinawa 2026-08-05; →佐敷変電所; conf=strong; 官略号対照表 con_res_map01_02/03.csv(2026年6月末)→佐敷変電所; アフィン推算位置から0.29km, 次点+3.55km, AJG名=佐敷変電所(官名と一致); 拓撲一致1/1; 官No出典=con_res_m"
8cd59ca5-ccf2-4047-ba8a-c24582cbbd11,substation,ajg,okinawa_sub_46,ajg-v1.6.0,abbrev_table+affine,,inferred,2026-08-05,"deanon/okinawa 2026-08-05; →高安変電所; conf=medium; 官略号対照表 con_res_map01_02/03.csv(2026年6月末)→高安変電所; アフィン推算位置から0.55km, 次点+1.04km, AJG名=上田変電所(OSM住所由来名); 拓撲一致2/2; 官No出典=con_re"
37877ea5-306b-4d4b-8e88-74984e12aa24,substation,ajg,okinawa_sub_3,ajg-v1.6.0,abbrev_table+ajg_name,,inferred,2026-08-05,"deanon/okinawa 2026-08-05; →小禄変電所; conf=strong; 官略号対照表 con_res_map01_02/03.csv(2026年6月末)→小禄変電所; アフィン推算位置から0.20km, 次点+1.31km, AJG名=小禄変電所(官名と一致); 拓撲一致2/2; 官No出典=con_res_m"
7b01f311-03fa-43fe-bae1-8f839b7f5284,substation,ajg,okinawa_sub_22,ajg-v1.6.0,abbrev_table+ajg_name,,inferred,2026-08-05,"deanon/okinawa 2026-08-05; →那覇変電所; conf=strong; 官略号対照表 con_res_map01_02/03.csv(2026年6月末)→那覇変電所; アフィン推算位置から0.22km, 次点+1.06km, AJG名=那覇変電所(官名と一致); 拓撲一致2/2; 官No出典=con_res_m"
378a0139-cf42-435b-b048-1d5d3a844f07,substation,ajg,okinawa_sub_49,ajg-v1.6.0,abbrev_table+ajg_name,,inferred,2026-08-05,"deanon/okinawa 2026-08-05; →壷川変電所; conf=strong; 官略号対照表 con_res_map01_02/03.csv(2026年6月末)→壷川変電所; アフィン推算位置から0.32km, 次点+0.85km, AJG名=壷川変電所(官名と一致); 拓撲一致0/0; 官No出典=con_res_m"
b8609cf2-785b-4318-9602-1b1400b5c34d,substation,ajg,okinawa_sub_51,ajg-v1.6.0,abbrev_table+affine,,inferred,2026-08-05,"deanon/okinawa 2026-08-05; →古波蔵変電所; conf=medium; 官略号対照表 con_res_map01_02/03.csv(2026年6月末)→古波蔵変電所; アフィン推算位置から0.14km, 次点+0.95km, AJG名=古波蔵一丁目変電所(官名を含む); 拓撲一致0/3; 官No出典=con_"
61399dc5-8bce-4f2e-bd1f-5ad462b28f7e,substation,ajg,okinawa_sub_4,ajg-v1.6.0,abbrev_table+ajg_name,,inferred,2026-08-05,"deanon/okinawa 2026-08-05; →上間変電所; conf=strong; 官略号対照表 con_res_map01_02/03.csv(2026年6月末)→上間変電所; アフィン推算位置から0.58km, 次点+2.06km, AJG名=上間変電所(官名と一致); 拓撲一致1/3; 官No出典=con_res_m"
53d4082a-64c1-4240-95c8-2c6e192a3a15,substation,ajg,okinawa_sub_5@132,ajg-v1.6.0,abbrev_table+ajg_name,,inferred,2026-08-05,"deanon/okinawa 2026-08-05; →南風原変電所; conf=strong; 官略号対照表 con_res_map01_02/03.csv(2026年6月末)→南風原変電所; アフィン推算位置から1.03km, 次点+0.73km, AJG名=南風原変電所(官名と一致); 拓撲一致0/0; 官No出典=con_res"
c1b2b226-dc72-4278-ab12-ab309baee63d,substation,ajg,okinawa_sub_21@132,ajg-v1.6.0,abbrev_table+ajg_name,,inferred,2026-08-05,"deanon/okinawa 2026-08-05; →与那原変電所; conf=strong; 官略号対照表 con_res_map01_02/03.csv(2026年6月末)→与那原変電所; アフィン推算位置から0.31km, 次点+2.69km, AJG名=与那原変電所(官名と一致); 拓撲一致0/2; 官No出典=con_res"
02aa37b2-b7af-41c8-a814-8d85ddeaac1d,substation,ajg,okinawa_sub_12,ajg-v1.6.0,abbrev_table+ajg_name,,inferred,2026-08-05,"deanon/okinawa 2026-08-05; →久茂地変電所; conf=strong; 官略号対照表 con_res_map01_02/03.csv(2026年6月末)→久茂地変電所; アフィン推算位置から0.31km, 次点+0.19km, AJG名=久茂地変電所(官名と一致); 拓撲一致0/0; 官No出典=con_res"
b7710089-1623-4cc4-8647-137d0a1d0ece,substation,ajg,okinawa_sub_14,ajg-v1.6.0,abbrev_table+ajg_name,,inferred,2026-08-05,"deanon/okinawa 2026-08-05; →西那覇変電所; conf=strong; 官略号対照表 con_res_map01_02/03.csv(2026年6月末)→西那覇変電所; アフィン推算位置から0.36km, 次点+0.11km, AJG名=西那覇変電所(官名と一致); 拓撲一致0/2; 官No出典=con_res"
99e161e1-48fe-47f5-b9c3-9a3aeb784a9f,substation,ajg,okinawa_sub_11,ajg-v1.6.0,abbrev_table+ajg_name,,inferred,2026-08-05,"deanon/okinawa 2026-08-05; →泊変電所; conf=strong; 官略号対照表 con_res_map01_02/03.csv(2026年6月末)→泊変電所; アフィン推算位置から0.54km, 次点+-0.30km, AJG名=泊変電所(官名と一致); 拓撲一致0/3; 官No出典=con_res_ma"
b3d2ef38-da5f-4220-929e-433036a233ac,substation,ajg,okinawa_sub_50,ajg-v1.6.0,abbrev_table+ajg_name,,inferred,2026-08-05,"deanon/okinawa 2026-08-05; →曙変電所; conf=strong; 官略号対照表 con_res_map01_02/03.csv(2026年6月末)→曙変電所; アフィン推算位置から1.53km, 次点+0.31km, AJG名=曙変電所(官名と一致); 拓撲一致0/2; 官No出典=con_res_map"
cc6b230e-15d1-40a6-8cf7-f74cfe188d8e,substation,ajg,okinawa_sub_23,ajg-v1.6.0,abbrev_table+affine,,inferred,2026-08-05,"deanon/okinawa 2026-08-05; →城間変電所; conf=medium; 官略号対照表 con_res_map01_02/03.csv(2026年6月末)→城間変電所; アフィン推算位置から0.48km, 次点+1.13km, AJG名=港川変電所(OSM住所由来名); 拓撲一致0/2; 官No出典=con_re"
7f5ddb16-7602-4295-9207-41367e1c834d,substation,ajg,okinawa_sub_47,ajg-v1.6.0,abbrev_table+ajg_name,,inferred,2026-08-05,"deanon/okinawa 2026-08-05; →北那覇変電所; conf=strong; 官略号対照表 con_res_map01_02/03.csv(2026年6月末)→北那覇変電所; アフィン推算位置から0.32km, 次点+1.34km, AJG名=北那覇変電所(官名と一致); 拓撲一致0/4; 官No出典=con_res"
06e66076-7d68-466a-9ffa-d8915800d8f4,substation,ajg,okinawa_sub_57,ajg-v1.6.0,abbrev_table+affine,,inferred,2026-08-05,"deanon/okinawa 2026-08-05; →大名変電所; conf=medium; 官略号対照表 con_res_map01_02/03.csv(2026年6月末)→大名変電所; アフィン推算位置から0.55km, 次点+1.00km, AJG名=首里大名町三丁目変電所(官名を含む); 拓撲一致1/1; 官No出典=con"
cfab3170-038e-43a4-9e32-0e9f19dc2665,substation,ajg,okinawa_sub_45@132,ajg-v1.6.0,abbrev_table+ajg_name,,inferred,2026-08-05,"deanon/okinawa 2026-08-05; →西原変電所; conf=strong; 官略号対照表 con_res_map01_02/03.csv(2026年6月末)→西原変電所; アフィン推算位置から0.35km, 次点+0.62km, AJG名=西原変電所(官名と一致); 拓撲一致2/6; 官No出典=con_res_m"
7a8c21b7-51e2-4319-a779-a51a6c52a07a,substation,ajg,okinawa_sub_30,ajg-v1.6.0,abbrev_table+ajg_name,,inferred,2026-08-05,"deanon/okinawa 2026-08-05; →小那覇変電所; conf=strong; 官略号対照表 con_res_map01_02/03.csv(2026年6月末)→小那覇変電所; アフィン推算位置から0.30km, 次点+1.30km, AJG名=小那覇変電所(官名と一致); 拓撲一致1/1; 官No出典=con_res"
2a610bd8-3372-4817-89f7-f0903ea2a54e,substation,ajg,okinawa_sub_29@66,ajg-v1.6.0,abbrev_table+ajg_name,,inferred,2026-08-05,"deanon/okinawa 2026-08-05; →前田変電所; conf=strong; 官略号対照表 con_res_map01_02/03.csv(2026年6月末)→前田変電所; アフィン推算位置から0.63km, 次点+0.67km, AJG名=前田変電所(官名と一致); 拓撲一致2/3; 官No出典=con_res_m"
2484ecaf-a049-4425-b20a-a2c56ac0999f,substation,ajg,okinawa_sub_24@66,ajg-v1.6.0,abbrev_table+affine,,inferred,2026-08-05,"deanon/okinawa 2026-08-05; →浦添変電所; conf=medium; 官略号対照表 con_res_map01_02/03.csv(2026年6月末)→浦添変電所; アフィン推算位置から0.93km, 次点+0.87km, AJG名=牧港五丁目変電所(OSM住所由来名); 拓撲一致1/1; 官No出典=con"
59853ee3-64f9-4a71-9400-b74a66775a95,substation,ajg,okinawa_sub_20@132,ajg-v1.6.0,abbrev_table+ajg_name,,inferred,2026-08-05,"deanon/okinawa 2026-08-05; →渡口変電所; conf=strong; 官略号対照表 con_res_map01_02/03.csv(2026年6月末)→渡口変電所; アフィン推算位置から0.50km, 次点+2.18km, AJG名=渡口変電所(官名と一致); 拓撲一致1/5; 官No出典=con_res_m"
2560c701-fff0-40ee-afe2-1885002a14be,substation,ajg,okinawa_sub_25@66,ajg-v1.6.0,abbrev_table+ajg_name,,inferred,2026-08-05,"deanon/okinawa 2026-08-05; →瑞慶覧変電所; conf=strong; 官略号対照表 con_res_map01_02/03.csv(2026年6月末)→瑞慶覧変電所; アフィン推算位置から0.26km, 次点+2.65km, AJG名=瑞慶覧変電所(官名と一致); 拓撲一致1/5; 官No出典=con_res"
39bf750b-1f8b-4a72-917a-368e247331d4,substation,ajg,okinawa_sub_36,ajg-v1.6.0,abbrev_table+affine,,inferred,2026-08-05,"deanon/okinawa 2026-08-05; →与勝変電所; conf=medium; 官略号対照表 con_res_map01_02/03.csv(2026年6月末)→与勝変電所; アフィン推算位置から0.17km, 次点+5.23km, AJG名=川田変電所(OSM住所由来名); 拓撲一致0/2; 官No出典=con_re"
1080144d-2342-41b3-9461-49dbbc5b94ab,substation,ajg,okinawa_sub_37,ajg-v1.6.0,affine,,inferred,2026-08-05,"deanon/okinawa 2026-08-05; →宇堅変電所; conf=medium; 官対照表に無し(開閉所等); アフィン推算位置から0.38km, 次点+2.48km, AJG名=宇堅変電所(OSM住所由来名); 拓撲一致1/1; 官No該当なし(開閉所等)"
d45d1f2f-0303-4923-a8f0-091244403f6e,substation,ajg,okinawa_sub_19@132,ajg-v1.6.0,abbrev_table+affine,,inferred,2026-08-05,"deanon/okinawa 2026-08-05; →栄野比変電所; conf=medium; 官略号対照表 con_res_map01_02/03.csv(2026年6月末)→栄野比変電所; アフィン推算位置から1.07km, 次点+1.74km, AJG名=うるま市変電所(OSM住所由来名); 拓撲一致2/7; 官No出典=con"
2b97444e-c0db-4aca-8775-d619df08b06b,substation,ajg,okinawa_sub_27@132,ajg-v1.6.0,abbrev_table+affine,,inferred,2026-08-14,AJG audit 2026-08-14; same site; source 132kV layer; previous=okinawa_sub_27@66
ebca79da-c6fd-418e-aabe-970b2be11fd5,substation,ajg,okinawa_sub_42,ajg-v1.6.0,abbrev_table+ajg_name,,inferred,2026-08-05,"deanon/okinawa 2026-08-05; →喜瀬変電所; conf=strong; 官略号対照表 con_res_map01_02/03.csv(2026年6月末)→喜瀬変電所; アフィン推算位置から0.30km, 次点+5.75km, AJG名=喜瀬変電所(官名と一致); 拓撲一致1/2; 官No出典=con_res_m"
df9885d0-d4ca-4bd0-832a-56d23e7f888f,substation,ajg,okinawa_sub_17,ajg-v1.6.0,abbrev_table+ajg_name,,inferred,2026-08-05,"deanon/okinawa 2026-08-05; →松田変電所; conf=strong; 官略号対照表 con_res_map01_02/03.csv(2026年6月末)→松田変電所; アフィン推算位置から0.06km, 次点+0.98km, AJG名=松田変電所(官名と一致); 拓撲一致0/2; 官No出典=con_res_m"
4ca8749b-f342-4bd5-b885-8107c46b7fca,substation,ajg,okinawa_sub_13,ajg-v1.6.0,abbrev_table+ajg_name,,inferred,2026-08-05,"deanon/okinawa 2026-08-05; →辺野古変電所; conf=strong; 官略号対照表 con_res_map01_02/03.csv(2026年6月末)→辺野古変電所; アフィン推算位置から0.60km, 次点+2.65km, AJG名=Henoko Substation(官名と一致); 拓撲一致1/2; 官N"
dc8e22e5-3d9a-40f4-a991-664a8f88872b,substation,ajg,okinawa_sub_18,ajg-v1.6.0,abbrev_table+ajg_name,,inferred,2026-08-05,"deanon/okinawa 2026-08-05; →名護変電所; conf=strong; 官略号対照表 con_res_map01_02/03.csv(2026年6月末)→名護変電所; アフィン推算位置から2.35km, 次点+-1.81km, AJG名=名護電力所(官名と一致); 拓撲一致1/1; 官No出典=con_res_"
37ffe127-ebf2-4b3e-b1db-6bc70c752978,substation,ajg,okinawa_sub_40,ajg-v1.6.0,abbrev_table+affine,,inferred,2026-08-05,"deanon/okinawa 2026-08-05; →安和変電所; conf=medium; 官略号対照表 con_res_map01_02/03.csv(2026年6月末)→安和変電所; アフィン推算位置から1.21km, 次点+2.56km, AJG名=山入端変電所(OSM住所由来名); 拓撲一致0/0; 官No出典=con_r"
caf88a31-607d-4747-8374-12d97786c130,substation,ajg,okinawa_sub_39,ajg-v1.6.0,abbrev_table+affine,,inferred,2026-08-05,"deanon/okinawa 2026-08-05; →今帰仁変電所; conf=medium; 官略号対照表 con_res_map01_02/03.csv(2026年6月末)→今帰仁変電所; アフィン推算位置から0.54km, 次点+6.49km, AJG名=仲宗根変電所(OSM住所由来名); 拓撲一致1/1; 官No出典=con_"
5c49b912-fb6c-4e6a-8ca3-b52e416691c4,substation,ajg,okinawa_sub_33,ajg-v1.6.0,name_t3_region,,inferred,2026-08-05,crosscheck_ajg 2026-08-04; ajg_kv=66
9118bacd-3988-44c9-99ac-ca93bb4a1ba3,substation,ajg,okinawa_sub_2,ajg-v1.6.0,abbrev_table+ajg_name,,inferred,2026-08-05,"deanon/okinawa 2026-08-05; →海洋博変電所; conf=strong; 官略号対照表 con_res_map01_02/03.csv(2026年6月末)→海洋博変電所; アフィン推算位置から0.80km, 次点+3.22km, AJG名=海洋博変電所(官名と一致); 拓撲一致1/2; 官No出典=con_res"
a1ff0f3b-fb30-4506-ac54-d4de57a10f73,substation,ajg,okinawa_sub_35@66,ajg-v1.6.0,abbrev_table+affine,,inferred,2026-08-05,"deanon/okinawa 2026-08-05; →大保変電所; conf=medium; 官略号対照表 con_res_map01_02/03.csv(2026年6月末)→大保変電所; アフィン推算位置から0.27km, 次点+8.69km, AJG名=田港変電所(OSM住所由来名); 拓撲一致0/1; 官No出典=con_re"
81274a32-d725-4213-b35e-299e59d77570,substation,ajg,okinawa_sub_9,ajg-v1.6.0,abbrev_table+ajg_name,,inferred,2026-08-05,"deanon/okinawa 2026-08-05; →奥間変電所; conf=strong; 官略号対照表 con_res_map01_02/03.csv(2026年6月末)→奥間変電所; アフィン推算位置から0.74km, 次点+8.73km, AJG名=奥間変電所(官名と一致); 拓撲一致0/1; 官No出典=con_res_m"
cc899451-2d10-49c3-bd5f-fa45e4990bea,substation,ajg,okinawa_sub_56,ajg-v1.6.0,abbrev_table+affine,,inferred,2026-08-05,"deanon/okinawa 2026-08-05; →伊平変電所; conf=medium; 官略号対照表 con_res_map01_02/03.csv(2026年6月末)→伊平変電所; アフィン推算位置から0.21km, 次点+2.93km, AJG名=美浜三丁目変電所(OSM住所由来名); 拓撲一致0/1; 官No出典=con"
5e412308-6aa5-4bed-8ac0-89e28ceae1df,substation,ajg,chubu_sub_94@275,ajg-v1.6.0,name_t1_region,,extracted,2026-08-05,crosscheck_ajg 2026-08-04; ajg_kv=275
7539d9fb-c96d-4086-9db6-fcf20194e0ea,substation,ajg,tohoku_sub_234@154,ajg-v1.6.0,name_t1_region,,extracted,2026-08-05,crosscheck_ajg 2026-08-04; ajg_kv=154
a153d9d6-a133-4a16-8524-7c56952b6c9c,substation,ajg,okinawa_sub_26@132,ajg-v1.6.0,abbrev_table+affine,,inferred,2026-08-14,AJG audit 2026-08-14; official Okinawa code table + 132kV layer + neighbors 40/56; previous=kyushu_sub_308
b0e97445-2f75-43e0-a651-fb7968bb2f6a,substation,ajg,tokyo_sub_1561,ajg-v1.6.0,name_t1_region,,extracted,2026-08-05,crosscheck_ajg 2026-08-04; ajg_kv=154
c52eb17e-9e5a-4b2e-8d29-dee79fa98b74,substation,ajg,tokyo_sub_108@154,ajg-v1.6.0,name_t1_region,,extracted,2026-08-05,crosscheck_ajg 2026-08-04; ajg_kv=154
dc954863-054c-4875-9bfa-d0d4628348f2,substation,ajg,okinawa_sub_43,ajg-v1.6.0,name_t3_region,,inferred,2026-08-05,crosscheck_ajg 2026-08-04; ajg_kv=66
ed64d8d5-ef75-4b94-953b-ec65b76fac22,substation,ajg,shikoku_sub_27@187,ajg-v1.6.0,name_t1_region,,extracted,2026-08-05,crosscheck_ajg 2026-08-04; ajg_kv=187
8f0bc8dc-ad93-440c-9117-204d311bb3fe,substation,osm,way/152991099,overpass-2026-08-05,name_osm_upstream,,inferred,2026-08-05,OSM 上流を直接照会 2026-08-05; name=中東京変電所; voltage=275000;154000;66000
2bf0bf5b-badc-4ae9-9b5b-61048efdda8a,substation,osm,way/882009006,overpass-2026-08-05,name_osm_upstream,,inferred,2026-08-05,OSM 上流を直接照会 2026-08-05; name=名栗変電所; voltage=154000
8e8aa032-bee5-423e-8109-ff051a1a3919,substation,osm,way/159523372,overpass-2026-08-05,name_osm_upstream,,inferred,2026-08-05,OSM 上流を直接照会 2026-08-05; name=武蔵赤坂開閉所; voltage=154000
319c4970-420b-484e-a186-d65bc309eeb6,substation,osm,way/73851272,overpass-2026-08-05,name_osm_upstream,,inferred,2026-08-05,OSM 上流を直接照会 2026-08-05; name=奥秩父変電所; voltage=154000;66000
f95a1aea-3f78-4e91-a83b-41a614e144ff,substation,osm,way/90286518,overpass-2026-08-05,name_osm_upstream,,inferred,2026-08-05,OSM 上流を直接照会 2026-08-05; name=昭島変電所; voltage=154000
f6bf38a0-8e4e-4e58-b6af-9b027a3f5833,substation,osm,way/87682157,overpass-2026-08-05,name_osm_upstream,,inferred,2026-08-05,OSM 上流を直接照会 2026-08-05; name=南川越変電所; voltage=275000
3061ba6a-ef12-4263-a93b-f0f3a936e3e3,substation,osm,way/159548297,overpass-2026-08-05,name_osm_upstream,,inferred,2026-08-05,OSM 上流を直接照会 2026-08-05; name=亀久保変電所; voltage=154000
ec820e1f-7841-4d6c-8eb3-6dc9bb6d36ce,substation,osm,way/264320937,overpass-2026-08-05,name_osm_upstream,,inferred,2026-08-05,OSM 上流を直接照会 2026-08-05; name=武蔵大井変電所; voltage=154000
4364d454-f36e-45b6-a58a-65e02e05459d,substation,osm,way/1148422940,overpass-2026-08-05,name_osm_upstream,,inferred,2026-08-05,OSM 上流を直接照会 2026-08-05; name=宗岡変電所; voltage=154000
d669de8a-30b0-4b1f-a626-4cf4a9410bd2,substation,osm,way/136298957,overpass-2026-08-05,name_osm_upstream,,inferred,2026-08-05,OSM 上流を直接照会 2026-08-05; name=新座変電所; voltage=275000;154000
7cdfbd99-a29b-42a2-822b-cbee06d82644,substation,osm,way/315434358,overpass-2026-08-05,name_osm_upstream,,inferred,2026-08-05,OSM 上流を直接照会 2026-08-05; name=新岡部変電所; voltage=500000
17c870f0-d9c9-41f9-ab62-7be36b8499b1,substation,osm,way/191048989,overpass-2026-08-05,name_osm_upstream,,inferred,2026-08-05,OSM 上流を直接照会 2026-08-05; name=埼玉変電所; voltage=154000;66000
2f3b0624-126c-49db-b67c-b86301805fab,substation,osm,way/126635652,overpass-2026-08-05,name_osm_upstream,,inferred,2026-08-05,OSM 上流を直接照会 2026-08-05; name=群馬変電所; voltage=154000;66000
80d54fb6-2d71-4f5a-b4f1-f8a1a732c7b0,substation,osm,way/133137636,overpass-2026-08-05,name_osm_upstream,,inferred,2026-08-05,OSM 上流を直接照会 2026-08-05; name=北東京変電所; voltage=275000;154000
e34b4e5a-bae0-42e8-98a0-cca366028ecb,substation,osm,way/728013143,overpass-2026-08-05,name_osm_upstream,,inferred,2026-08-05,OSM 上流を直接照会 2026-08-05; name=上里変電所; voltage=154000
7b3a5f9b-39b2-41d1-8e7e-ae446ef61cd5,substation,osm,way/1145010517,overpass-2026-08-05,name_osm_upstream,,inferred,2026-08-05,OSM 上流を直接照会 2026-08-05; name=宮戸変電所; voltage=154000
63fb496e-9142-4b58-80ee-bed467464dc8,substation,osm,way/1145001579,overpass-2026-08-05,name_osm_upstream,,inferred,2026-08-05,OSM 上流を直接照会 2026-08-05; name=新郷変電所; voltage=154000
eb72040f-22ad-4c77-aa93-1b32aa097180,substation,osm,way/201308559,overpass-2026-08-05,name_osm_upstream,,inferred,2026-08-05,OSM 上流を直接照会 2026-08-05; name=深作変電所; voltage=154000
150fe35a-6c35-4fbb-96f0-7bad74e6467d,substation,osm,way/155411568,overpass-2026-08-05,name_osm_upstream,,inferred,2026-08-05,OSM 上流を直接照会 2026-08-05; name=岩槻変電所; voltage=154000;66000
9709ad15-1986-46f2-b6dd-f7368030c2a9,substation,osm,way/195288635,overpass-2026-08-05,name_osm_upstream,,inferred,2026-08-05,OSM 上流を直接照会 2026-08-05; name=菖蒲変電所; voltage=154000
830d0316-b5dd-41c0-8f5b-f48a2269a450,substation,osm,way/776423501,overpass-2026-08-05,name_osm_upstream,,inferred,2026-08-05,OSM 上流を直接照会 2026-08-05; name=久喜変電所; voltage=154000
7d541717-062c-48fe-8b0f-6e31e1624899,substation,osm,way/194528833,overpass-2026-08-05,name_osm_upstream,,inferred,2026-08-05,OSM 上流を直接照会 2026-08-05; name=栗橋変電所; voltage=154000
8665cd7e-56e3-450f-a590-af45fed09ca8,substation,osm,way/168900587,overpass-2026-08-05,name_osm_upstream,,inferred,2026-08-05,OSM 上流を直接照会 2026-08-05; name=南赤塚変電所; voltage=154000
0650d830-44e3-4d55-9174-bdb1fa458e8f,substation,osm,way/191576072,overpass-2026-08-05,name_osm_upstream,,inferred,2026-08-05,OSM 上流を直接照会 2026-08-05; name=野木変電所; voltage=154000;66000
27f314e0-a83f-4666-bcfe-2abb18f7c9cc,substation,osm,way/132913106,overpass-2026-08-05,name_osm_upstream,,inferred,2026-08-05,OSM 上流を直接照会 2026-08-05; name=新筑波変電所; voltage=500000;154000
a7ae08dc-821c-49c9-8537-70002e8c3223,substation,osm,way/1153944819,overpass-2026-08-05,name_osm_upstream,,inferred,2026-08-05,OSM 上流を直接照会 2026-08-05; name=五霞変電所; voltage=154000
4b1af2df-65ec-4053-9f82-4486a80e5008,substation,osm,way/191575370,overpass-2026-08-05,name_osm_upstream,,inferred,2026-08-05,OSM 上流を直接照会 2026-08-05; name=東野田変電所; voltage=154000
5f79fc2c-5e1b-460b-9545-34fb2f5edc20,substation,osm,way/202714095,overpass-2026-08-05,name_osm_upstream,,inferred,2026-08-05,OSM 上流を直接照会 2026-08-05; name=八千代変電所; voltage=154000
ebc41f12-4248-421c-b1fe-1c21abbc7f96,substation,osm,way/194483269,overpass-2026-08-05,name_osm_upstream,,inferred,2026-08-05,OSM 上流を直接照会 2026-08-05; name=慈恩寺変電所; voltage=154000
76cd5518-fd7e-46d1-81cd-720ccb76e85c,substation,osm,way/191552635,overpass-2026-08-05,name_osm_upstream,,inferred,2026-08-05,OSM 上流を直接照会 2026-08-05; name=小山変電所; voltage=154000;66000
11f2cf54-c52f-466a-aac4-5d6c85b9152f,substation,osm,way/154832621,overpass-2026-08-05,name_osm_upstream,,inferred,2026-08-05,OSM 上流を直接照会 2026-08-05; name=矢切変電所; voltage=154000
84879905-cbe9-4d5a-95ca-5ea1fd7fab21,substation,osm,way/1137518885,overpass-2026-08-05,name_osm_upstream,,inferred,2026-08-05,OSM 上流を直接照会 2026-08-05; name=東松戸変電所; voltage=154000
91e7e668-904d-4e30-a171-abf3d8e97553,substation,osm,way/195085032,overpass-2026-08-05,name_osm_upstream,,inferred,2026-08-05,OSM 上流を直接照会 2026-08-05; name=伊原変電所; voltage=154000;6600
8bd0a821-a12e-4a54-a5bb-9824288b3f84,substation,osm,way/195085033,overpass-2026-08-05,name_osm_upstream,,inferred,2026-08-05,OSM 上流を直接照会 2026-08-05; name=寄巻変電所; voltage=154000
feaaf011-21c6-4960-b989-5bd9774b6810,substation,osm,way/190166671,overpass-2026-08-05,name_osm_upstream,,inferred,2026-08-05,OSM 上流を直接照会 2026-08-05; name=東小岩変電所; voltage=154000
474626ea-4038-435b-80d7-4970fe065f92,substation,osm,way/1383649233,overpass-2026-08-05,name_osm_upstream,,inferred,2026-08-05,OSM 上流を直接照会 2026-08-05; name=前沢変電所; voltage=154000
52645027-038b-47bb-9c4e-48bd4f141aeb,substation,osm,way/47362955,overpass-2026-08-05,name_osm_upstream,,inferred,2026-08-05,OSM 上流を直接照会 2026-08-05; name=久地変電所; voltage=154000
db0fa004-7406-430e-8398-8dff3cfc209a,substation,osm,way/38073309,overpass-2026-08-05,name_osm_upstream,,inferred,2026-08-05,OSM 上流を直接照会 2026-08-05; name=千歳変電所; voltage=154000;66000
32d13d32-f4e1-4182-9b47-23d2c2c34920,substation,osm,way/90625056,overpass-2026-08-05,name_osm_upstream,,inferred,2026-08-05,OSM 上流を直接照会 2026-08-05; name=南武変電所; voltage=154000;66000
3ccfd08b-3658-4033-9039-eec98bc458fc,substation,osm,way/81844460,overpass-2026-08-05,name_osm_upstream,,inferred,2026-08-05,OSM 上流を直接照会 2026-08-05; name=川崎変電所; voltage=154000;66000
90a1e248-4e5a-4553-9341-85ed03658910,substation,osm,way/35904018,overpass-2026-08-05,name_osm_upstream,,inferred,2026-08-05,OSM 上流を直接照会 2026-08-05; name=和田堀変電所; voltage=154000
64fb3fe6-e618-400e-88c4-41889c195a28,substation,osm,way/106101635,overpass-2026-08-05,name_osm_upstream,,inferred,2026-08-05,OSM 上流を直接照会 2026-08-05; name=武蔵野変電所; voltage=154000;66000
b99b702b-d700-4c79-91f4-db44f8ec7f5e,substation,osm,way/210765356,overpass-2026-08-05,name_osm_upstream,,inferred,2026-08-05,OSM 上流を直接照会 2026-08-05; name=戸田変電所; voltage=154000;66000
8ad34627-fc9b-4b44-8da9-ed2256c1559e,substation,osm,way/1078893685,overpass-2026-08-05,name_osm_upstream,,inferred,2026-08-05,OSM 上流を直接照会 2026-08-05; name=城南変電所; voltage=275000
3ecda95f-56fa-45c9-a5b1-401d2e3c249b,substation,osm,way/1149825759,overpass-2026-08-05,name_osm_upstream,,inferred,2026-08-05,OSM 上流を直接照会 2026-08-05; name=常盤台変電所; voltage=154000;66000
66fba741-8f85-43d5-b1cf-c5ce38bc8d8d,substation,osm,way/1149772118,overpass-2026-08-05,name_osm_upstream,,inferred,2026-08-05,OSM 上流を直接照会 2026-08-05; name=笹目変電所; voltage=154000;66000
8c71b736-2f41-4b75-af31-d7b23e4710af,substation,osm,way/1078891456,overpass-2026-08-05,name_osm_upstream,,inferred,2026-08-05,OSM 上流を直接照会 2026-08-05; name=豊島変電所; voltage=275000
978f10b4-d4a3-4a23-a906-cc3042c4fde6,substation,osm,way/195071837,overpass-2026-08-05,name_osm_upstream,,inferred,2026-08-05,OSM 上流を直接照会 2026-08-05; name=東八潮変電所; voltage=154000;66000
3e31e1c5-3935-4421-882a-ebb7835cdec8,substation,osm,way/147297586,overpass-2026-08-05,name_osm_upstream,,inferred,2026-08-05,OSM 上流を直接照会 2026-08-05; name=小松川変電所; voltage=154000;66000
cbcbf289-0fbf-459a-9e09-15308bae5b69,substation,osm,way/144077272,overpass-2026-08-05,name_osm_upstream,,inferred,2026-08-05,OSM 上流を直接照会 2026-08-05; name=北葛飾変電所; voltage=275000;154000
2cbe3824-0aec-4df3-bfce-0074c1dc082d,substation,osm,way/194792480,overpass-2026-08-05,name_osm_upstream,,inferred,2026-08-05,OSM 上流を直接照会 2026-08-05; name=田端変電所; voltage=154000
2d34b9f6-f8a0-4d18-9a01-2d815c46325b,substation,osm,relation/13768299,overpass-2026-08-05,name_osm_upstream,,inferred,2026-08-05,OSM 上流を直接照会 2026-08-05; name=新野田変電所; voltage=500000;275000;154000
6117d971-0013-4f12-a27b-e4c27cf1c95d,substation,osm,way/1080875572,overpass-2026-08-05,name_osm_upstream,,inferred,2026-08-05,OSM 上流を直接照会 2026-08-05; name=酒井根変電所; voltage=154000
5cc62dbc-6135-4691-ad53-1f2b2c45ad8d,substation,osm,way/191072912,overpass-2026-08-05,name_osm_upstream,,inferred,2026-08-05,OSM 上流を直接照会 2026-08-05; name=東葛変電所 (Tōkatsu Hendensho); voltage=154000;66000
18caf0e6-c93b-4174-87a4-7fcca78889a7,substation,osm,way/1127642308,overpass-2026-08-05,name_osm_upstream,,inferred,2026-08-05,OSM 上流を直接照会 2026-08-05; name=千葉ニュータウン変電所; voltage=154000
57bc3ade-12b5-4852-831e-a716e06adbe4,substation,osm,way/191675562,overpass-2026-08-05,name_osm_upstream,,inferred,2026-08-05,OSM 上流を直接照会 2026-08-05; name=江東変電所; voltage=275000;154000;66000
97aab4aa-562b-48bf-bd0f-ce91f69599f8,substation,osm,way/168727982,overpass-2026-08-05,name_osm_upstream,,inferred,2026-08-05,OSM 上流を直接照会 2026-08-05; name=新京葉変電所; voltage=500000;275000;154000;66000
4729dba8-54ae-4a0f-83c2-7bf2f78b6382,substation,osm,way/151379730,overpass-2026-08-05,name_osm_upstream,,inferred,2026-08-05,OSM 上流を直接照会 2026-08-05; name=房総変電所; voltage=500000;275000;154000;66000
18c98bb2-5057-4bfd-a906-4d5a9aa79002,substation,osm,way/1137123447,overpass-2026-08-05,name_osm_upstream,,inferred,2026-08-05,OSM 上流を直接照会 2026-08-05; name=鷹の台変電所; voltage=154000
b5b26821-3824-46dc-b43a-54b144cbee0f,substation,osm,way/384844370,overpass-2026-08-05,name_osm_upstream,,inferred,2026-08-05,OSM 上流を直接照会 2026-08-05; name=二和東変電所; voltage=154000
b92d213f-74f1-48c4-a403-9ddd7d261566,substation,osm,way/282629356,overpass-2026-08-05,name_osm_upstream,,inferred,2026-08-05,OSM 上流を直接照会 2026-08-05; name=坪井変電所; voltage=154000
2b78ab1b-ed1b-498b-b174-ee48417a2274,substation,osm,way/891386648,overpass-2026-08-05,name_osm_upstream,,inferred,2026-08-05,OSM 上流を直接照会 2026-08-05; name=長沼変電所; voltage=154000
267b8ea3-25da-4df9-959a-3f78a24241f9,substation,osm,way/891386646,overpass-2026-08-05,name_osm_upstream,,inferred,2026-08-05,OSM 上流を直接照会 2026-08-05; name=鎌ヶ谷変電所; voltage=154000
249acbfe-b23b-4d4e-8a1d-a1076756c23d,substation,osm,way/154656590,overpass-2026-08-05,name_osm_upstream,,inferred,2026-08-05,OSM 上流を直接照会 2026-08-05; name=柏井変電所; voltage=154000
a3026d39-bbd7-40c9-b6ea-ecaed80d1a23,substation,osm,way/172068313,overpass-2026-08-05,name_osm_upstream,,inferred,2026-08-05,OSM 上流を直接照会 2026-08-05; name=東千葉変電所; voltage=154000
739f1467-87ce-4459-989a-6bf594caf702,substation,osm,way/315461272,overpass-2026-08-05,name_osm_upstream,,inferred,2026-08-05,OSM 上流を直接照会 2026-08-05; name=新木更津変電所; voltage=500000;275000
112208a7-a386-43c0-a202-51c04a87ca5a,substation,osm,way/315461262,overpass-2026-08-05,name_osm_upstream,,inferred,2026-08-05,OSM 上流を直接照会 2026-08-05; name=内房変電所; voltage=154000;66000
b26ee6a2-ae3e-4d52-acb4-c0ed35d57af2,substation,osm,way/195071845,overpass-2026-08-05,name_osm_upstream,,inferred,2026-08-05,OSM 上流を直接照会 2026-08-05; name=大瀬変電所; voltage=154000
2d8159fc-c76f-4f6d-9b6f-584f0796f682,substation,osm,way/1139102959,overpass-2026-08-05,name_osm_upstream,,inferred,2026-08-05,OSM 上流を直接照会 2026-08-05; name=小合変電所; voltage=154000
2af3bff3-2fd1-4b89-8bff-fb7320d7da83,substation,osm,way/195071839,overpass-2026-08-05,name_osm_upstream,,inferred,2026-08-05,OSM 上流を直接照会 2026-08-05; name=水元変電所; voltage=154000
eaa8e229-08f2-43bc-a451-c06435d70efb,substation,osm,way/146848924,overpass-2026-08-05,name_osm_upstream,,inferred,2026-08-05,OSM 上流を直接照会 2026-08-05; name=江戸川変電所; voltage=154000;66000
f13b5986-d49f-4bde-97d4-76bb32ec475f,substation,osm,way/133374789,overpass-2026-08-05,name_osm_upstream,,inferred,2026-08-05,OSM 上流を直接照会 2026-08-05; name=花畑変電所; voltage=154000;66000
232a9642-b02e-4507-b7ae-2779c34720f3,substation,osm,way/145713939,overpass-2026-08-05,name_osm_upstream,,inferred,2026-08-05,OSM 上流を直接照会 2026-08-05; name=亀戸変電所; voltage=154000
09f71510-b869-4765-95e0-56a93959a35e,substation,osm,way/291647548,overpass-2026-08-05,name_osm_upstream,,inferred,2026-08-05,OSM 上流を直接照会 2026-08-05; name=下総変電所; voltage=154000;66000
05593fa2-e546-450e-9f5c-b591511198f2,substation,osm,way/191072902,overpass-2026-08-05,name_osm_upstream,,inferred,2026-08-05,OSM 上流を直接照会 2026-08-05; name=外房変電所; voltage=154000;66000
39a63c7d-a826-465a-9959-645c8e275379,substation,osm,way/47110637,overpass-2026-08-05,name_osm_upstream,,inferred,2026-08-05,OSM 上流を直接照会 2026-08-05; name=西東京変電所; voltage=275000;154000
da60f3c8-00f8-4ac1-b3d8-e7afe6b88d0c,substation,osm,way/139734200,overpass-2026-08-05,name_osm_upstream,,inferred,2026-08-05,OSM 上流を直接照会 2026-08-05; name=聖蹟桜ヶ丘変電所; voltage=154000;66000
a61241e5-7aa6-4e9f-9bb6-551ff6e52d4f,substation,osm,way/162946607,overpass-2026-08-05,name_osm_upstream,,inferred,2026-08-05,OSM 上流を直接照会 2026-08-05; name=天王洲変電所; voltage=154000
406bb506-948c-4368-8c7f-a08f4ef79331,substation,osm,way/119180604,overpass-2026-08-05,name_osm_upstream,,inferred,2026-08-05,OSM 上流を直接照会 2026-08-05; name=港北変電所; voltage=275000;154000
e37ae671-1fa4-42d8-b747-ee38bb69f328,substation,osm,way/82104580,overpass-2026-08-05,name_osm_upstream,,inferred,2026-08-05,OSM 上流を直接照会 2026-08-05; name=南川崎変電所; voltage=275000;154000
8e26718f-cd3d-4615-a90a-16fb1cd5786f,substation,osm,way/1156487667,overpass-2026-08-05,name_osm_upstream,,inferred,2026-08-05,OSM 上流を直接照会 2026-08-05; name=南大田変電所; voltage=154000;66000
80012152-88d3-4dd4-9ca1-21cd2c1a4819,substation,osm,way/128364781,overpass-2026-08-05,name_osm_upstream,,inferred,2026-08-05,OSM 上流を直接照会 2026-08-05; name=京浜変電所; voltage=275000;154000
d2f00be2-e77d-44f4-8438-98047f58c468,substation,osm,way/147612246,overpass-2026-08-05,name_osm_upstream,,inferred,2026-08-05,OSM 上流を直接照会 2026-08-05; name=さちが丘変電所; voltage=154000
613e0a81-447c-4b56-bb92-1e7583c61388,substation,osm,way/328372910,overpass-2026-08-05,name_osm_upstream,,inferred,2026-08-05,OSM 上流を直接照会 2026-08-05; name=白根変電所; voltage=154000
d005ef21-34a1-4286-9b03-a0f930a45f37,substation,osm,way/135745196,overpass-2026-08-05,name_osm_upstream,,inferred,2026-08-05,OSM 上流を直接照会 2026-08-05; name=東方変電所; voltage=154000
f86398eb-477a-49e4-b74b-ede805ba4614,substation,osm,way/48808480,overpass-2026-08-05,name_osm_upstream,,inferred,2026-08-05,OSM 上流を直接照会 2026-08-05; name=戸塚変電所; voltage=154000;66000
c71fd78d-5d22-4b60-a78e-6d7d7147d5f9,substation,osm,way/903325440,overpass-2026-08-05,name_osm_upstream,,inferred,2026-08-05,OSM 上流を直接照会 2026-08-05; name=港南台変電所; voltage=154000
99c7367e-3922-420a-a8a7-8584f737ddf2,substation,osm,way/135934894,overpass-2026-08-05,name_osm_upstream,,inferred,2026-08-05,OSM 上流を直接照会 2026-08-05; name=新羽変電所; voltage=154000
c52eb17e-9e5a-4b2e-8d29-dee79fa98b74,substation,osm,way/126977812,overpass-2026-08-05,name_osm_upstream,,inferred,2026-08-05,OSM 上流を直接照会 2026-08-05; name=旭変電所; voltage=154000;66000
ff6a8690-a84c-462b-b530-b1cae3863683,substation,osm,way/188100636,overpass-2026-08-05,name_osm_upstream,,inferred,2026-08-05,OSM 上流を直接照会 2026-08-05; name=鳥山変電所; voltage=154000
36942346-231f-473b-b06e-c7742aaab35e,substation,osm,way/429434521,overpass-2026-08-05,name_osm_upstream,,inferred,2026-08-05,OSM 上流を直接照会 2026-08-05; name=岸根変電所; voltage=154000
2634b1be-c3ad-470e-a1c5-e3f02e93c78c,substation,osm,way/111673441,overpass-2026-08-05,name_osm_upstream,,inferred,2026-08-05,OSM 上流を直接照会 2026-08-05; name=綱島変電所; voltage=154000;66000
3438c960-5746-4b7b-a995-76cc280982e6,substation,osm,way/465388292,overpass-2026-08-05,name_osm_upstream,,inferred,2026-08-05,OSM 上流を直接照会 2026-08-05; name=恩田変電所; voltage=154000
058c65b3-d64c-4658-9efc-c5848737bf9c,substation,osm,way/35907491,overpass-2026-08-05,name_osm_upstream,,inferred,2026-08-05,OSM 上流を直接照会 2026-08-05; name=原町田変電所; voltage=154000
3bf24977-0ef8-4c31-b029-36c02d8d15c4,substation,osm,way/108605394,overpass-2026-08-05,name_osm_upstream,,inferred,2026-08-05,OSM 上流を直接照会 2026-08-05; name=相模原変電所; voltage=154000
12634b78-5593-4be0-a70a-76096bc5605e,substation,osm,way/144712256,overpass-2026-08-05,name_osm_upstream,,inferred,2026-08-05,OSM 上流を直接照会 2026-08-05; name=子安変電所; voltage=154000;66000
22577b3d-dcc5-4f27-8674-3e9d582e8d9c,substation,osm,way/150035494,overpass-2026-08-05,name_osm_upstream,,inferred,2026-08-05,OSM 上流を直接照会 2026-08-05; name=東山梨変電所; voltage=500000
263fc187-c584-47b0-8cf1-aac09270d46f,substation,osm,way/1220955598,overpass-2026-08-05,name_osm_upstream,,inferred,2026-08-05,OSM 上流を直接照会 2026-08-05; name=小倉開閉所; voltage=154000
e4ae640d-8e01-4ec7-b3df-5568b089e1f0,substation,osm,way/110297009,overpass-2026-08-05,name_osm_upstream,,inferred,2026-08-05,OSM 上流を直接照会 2026-08-05; name=橋本変電所; voltage=154000;66000
c89b3adb-c3ad-4a40-b6c8-beb60102ed7f,substation,osm,way/341222391,overpass-2026-08-05,name_osm_upstream,,inferred,2026-08-05,OSM 上流を直接照会 2026-08-05; name=谷村変電所; voltage=154000
1f088d90-2ae6-4c5f-960e-d4dff3e7a058,substation,osm,way/209324330,overpass-2026-08-05,name_osm_upstream,,inferred,2026-08-05,OSM 上流を直接照会 2026-08-05; name=北巨摩変電所; voltage=154000;66000
d3a05dc3-ab5f-4d7f-9cc5-619863f6224f,substation,osm,way/202426838,overpass-2026-08-05,name_osm_upstream,,inferred,2026-08-05,OSM 上流を直接照会 2026-08-05; name=山梨変電所; voltage=154000
ed852fbc-02e8-497e-8882-e83128f20795,substation,osm,way/150065045,overpass-2026-08-05,name_osm_upstream,,inferred,2026-08-05,OSM 上流を直接照会 2026-08-05; name=新富士変電所; voltage=500000;154000;66000;6600
e273cf62-c52b-41ae-8ba8-753d3d4e13a0,substation,osm,way/191725218,overpass-2026-08-05,name_osm_upstream,,inferred,2026-08-05,OSM 上流を直接照会 2026-08-05; name=駿東変電所; voltage=154000;66000
37ff2f2e-c335-426c-b209-9774ef52661b,substation,osm,way/202490125,overpass-2026-08-05,name_osm_upstream,,inferred,2026-08-05,OSM 上流を直接照会 2026-08-05; name=北駿変電所; voltage=154000;66000
04aa8529-9f52-4b7b-9b3e-88774423976a,substation,osm,way/640895151,overpass-2026-08-05,name_osm_upstream,,inferred,2026-08-05,OSM 上流を直接照会 2026-08-05; name=岳南変電所; voltage=154000
fad9df24-8836-4644-9c36-fe0dd0d0f578,substation,osm,way/201643422,overpass-2026-08-05,name_osm_upstream,,inferred,2026-08-05,OSM 上流を直接照会 2026-08-05; name=田方変電所; voltage=154000
60852c42-dae4-4561-afc0-64865347bb3c,substation,osm,way/149843487,overpass-2026-08-05,name_osm_upstream,,inferred,2026-08-05,OSM 上流を直接照会 2026-08-05; name=新秦野変電所; voltage=500000;275000;154000
94005787-d907-46f0-a36c-0a96952bb572,substation,osm,way/205505035,overpass-2026-08-05,name_osm_upstream,,inferred,2026-08-05,OSM 上流を直接照会 2026-08-05; name=西相模変電所; voltage=154000;66000
9ce90719-818f-4043-8545-46ad9ccf56d1,substation,osm,way/624056969,overpass-2026-08-05,name_osm_upstream,,inferred,2026-08-05,OSM 上流を直接照会 2026-08-05; name=西厚木変電所; voltage=154000;66000
7e475ff1-4b5b-45d2-8957-b1a3a0e96ec4,substation,osm,way/164289493,overpass-2026-08-05,name_osm_upstream,,inferred,2026-08-05,OSM 上流を直接照会 2026-08-05; name=湘南変電所; voltage=154000;66000;22000;6600
0fcd3144-351d-47f1-b6fe-3909ab4c3d98,substation,osm,way/519055296,overpass-2026-08-05,name_osm_upstream,,inferred,2026-08-05,OSM 上流を直接照会 2026-08-05; name=小松変電所; voltage=154000;66000
94f5d56b-c90f-4dc3-a37e-d0654e5014f7,substation,osm,way/192765659,overpass-2026-08-05,name_osm_upstream,,inferred,2026-08-05,OSM 上流を直接照会 2026-08-05; name=金井変電所; voltage=154000;66000
496fb187-359d-4ea3-9a0b-3d494cd69d11,substation,osm,way/104530060,overpass-2026-08-05,name_osm_upstream,,inferred,2026-08-05,OSM 上流を直接照会 2026-08-05; name=新栃木変電所; voltage=500000;275000;154000
dd47bff0-b21b-41f8-9967-5050302a1216,substation,osm,way/1133340533,overpass-2026-08-05,name_osm_upstream,,inferred,2026-08-05,OSM 上流を直接照会 2026-08-05; name=下滝開閉所; voltage=154000
8ba3ef2c-2b9f-4957-9b69-a84b4a03184a,substation,osm,way/1072474300,overpass-2026-08-05,name_osm_upstream,,inferred,2026-08-05,OSM 上流を直接照会 2026-08-05; name=徳次郎変電所; voltage=154000
6f6c513a-c4d7-4410-9e2b-a68532e24f03,substation,osm,way/155966176,overpass-2026-08-05,name_osm_upstream,,inferred,2026-08-05,OSM 上流を直接照会 2026-08-05; name=西宇都宮変電所; voltage=154000;66000
a36be9d9-da35-445a-8195-9bb73f948ca3,substation,osm,way/191006046,overpass-2026-08-05,name_osm_upstream,,inferred,2026-08-05,OSM 上流を直接照会 2026-08-05; name=河内変電所; voltage=154000;66000
8b5a56d6-6436-431f-b367-7f3f4297cd91,substation,osm,way/104527981,overpass-2026-08-05,name_osm_upstream,,inferred,2026-08-05,OSM 上流を直接照会 2026-08-05; name=清原変電所; voltage=154000
6e8452a2-2c36-45f6-9c52-1aa9280eefb5,substation,osm,way/1023804660,overpass-2026-08-05,name_osm_upstream,,inferred,2026-08-05,OSM 上流を直接照会 2026-08-05; name=砂田変電所; voltage=154000
61788b7a-0414-4fbc-8767-88edb025d638,substation,osm,way/104527983,overpass-2026-08-05,name_osm_upstream,,inferred,2026-08-05,OSM 上流を直接照会 2026-08-05; name=芳賀変電所; voltage=154000;66000
6afd7b6a-eb26-4ec0-aa77-7d6910397943,substation,osm,way/1140708897,overpass-2026-08-05,name_osm_upstream,,inferred,2026-08-05,OSM 上流を直接照会 2026-08-05; name=簗瀬町変電所; voltage=154000
7e4bd3e2-b314-47d1-b6df-47f47aa5459e,substation,osm,way/1061328157,overpass-2026-08-05,name_osm_upstream,,inferred,2026-08-05,OSM 上流を直接照会 2026-08-05; name=栃山開閉所; voltage=154000
2eb4a630-5d36-4fa6-a36c-b514d6601622,substation,osm,way/1154905183,overpass-2026-08-05,name_osm_upstream,,inferred,2026-08-05,OSM 上流を直接照会 2026-08-05; name=宝積寺変電所; voltage=154000
79dce0fb-62e9-406a-a573-282b205f8326,substation,osm,way/191552653,overpass-2026-08-05,name_osm_upstream,,inferred,2026-08-05,OSM 上流を直接照会 2026-08-05; name=那須野変電所; voltage=154000;66000
79cca1f7-04c0-43e3-a3e8-7291fe842c0d,substation,osm,way/944077320,overpass-2026-08-05,name_osm_upstream,,inferred,2026-08-05,OSM 上流を直接照会 2026-08-05; name=豊原変電所; voltage=154000
6442e05d-05d3-497e-8471-6fc8f17c5261,substation,osm,way/105291887,overpass-2026-08-05,name_osm_upstream,,inferred,2026-08-05,OSM 上流を直接照会 2026-08-05; name=那珂変電所; voltage=275000;66000
cdc46764-3be0-4fc3-a4f4-93e5527ce2d0,substation,osm,way/1139110318,overpass-2026-08-05,name_osm_upstream,,inferred,2026-08-05,OSM 上流を直接照会 2026-08-05; name=茂木変電所; voltage=154000
e0491908-dce3-4897-aa06-8a0e3cb741c6,substation,osm,way/1078414495,overpass-2026-08-05,name_osm_upstream,,inferred,2026-08-05,OSM 上流を直接照会 2026-08-05; name=水戸北部変電所; voltage=154000;66000
b0e97445-2f75-43e0-a651-fb7968bb2f6a,substation,osm,way/762232269,overpass-2026-08-05,name_osm_upstream,,inferred,2026-08-05,OSM 上流を直接照会 2026-08-05; name=桂変電所; voltage=154000
c4fa51b8-fbdb-4b06-8964-032267af7ab4,substation,osm,way/104720635,overpass-2026-08-05,name_osm_upstream,,inferred,2026-08-05,OSM 上流を直接照会 2026-08-05; name=茨城変電所; voltage=154000;66000
67ede344-5dde-49cd-baea-038436068d52,substation,osm,way/1083445980,overpass-2026-08-05,name_osm_upstream,,inferred,2026-08-05,OSM 上流を直接照会 2026-08-05; name=吉岡変電所; voltage=154000
3446b81a-30d7-44e0-b5b4-be5a092f9ee7,substation,osm,way/1040433673,overpass-2026-08-05,name_osm_upstream,,inferred,2026-08-05,OSM 上流を直接照会 2026-08-05; name=総社変電所; voltage=154000
7eebb612-4fc5-4099-950f-3fae4e31ce97,substation,osm,way/250626570,overpass-2026-08-05,name_osm_upstream,,inferred,2026-08-05,OSM 上流を直接照会 2026-08-05; name=佐波変電所; voltage=154000;66000
c252a629-eef1-4988-918a-37e9eb9fabe9,substation,osm,way/740735333,overpass-2026-08-05,name_osm_upstream,,inferred,2026-08-05,OSM 上流を直接照会 2026-08-05; name=南佐野変電所; voltage=154000
f4c5a497-c6c2-4778-b435-97c8d602444b,substation,osm,way/195138485,overpass-2026-08-05,name_osm_upstream,,inferred,2026-08-05,OSM 上流を直接照会 2026-08-05; name=佐野変電所; voltage=154000;66000
ed7194aa-26c8-4455-8440-10e2ccf32225,substation,osm,way/106303782,overpass-2026-08-05,name_osm_upstream,,inferred,2026-08-05,OSM 上流を直接照会 2026-08-05; name=西水戸変電所; voltage=154000;66000;6600
b301607b-79ae-4723-9f59-04ada33f10ac,substation,osm,way/106303783,overpass-2026-08-05,name_osm_upstream,,inferred,2026-08-05,OSM 上流を直接照会 2026-08-05; name=石岡変電所; voltage=154000;66000;6600
67cc5323-f970-4654-a2a0-72d4f169da51,substation,osm,way/1140763572,overpass-2026-08-05,name_osm_upstream,,inferred,2026-08-05,OSM 上流を直接照会 2026-08-05; name=学園都市変電所; voltage=154000
38412230-03f2-41d7-a58b-043a72afbbe7,substation,osm,way/1140763571,overpass-2026-08-05,name_osm_upstream,,inferred,2026-08-05,OSM 上流を直接照会 2026-08-05; name=筑波西部変電所; voltage=154000;22000
28970f62-a7b3-4453-aa4a-41ae86e2da9f,substation,osm,way/288351417,overpass-2026-08-05,name_osm_upstream,,inferred,2026-08-05,OSM 上流を直接照会 2026-08-05; name=東光台変電所; voltage=154000
43a7a281-381a-4c76-a8e3-ff17f7f7681c,substation,osm,relation/19170972,overpass-2026-08-05,name_osm_upstream,,inferred,2026-08-05,OSM 上流を直接照会 2026-08-05; name=北相模変電所; voltage=275000;66000
03347097-999a-4800-a97d-b14b94833d6b,substation,osm,way/162844704,overpass-2026-08-05,name_osm_upstream,,inferred,2026-08-05,OSM 上流を直接照会 2026-08-05; name=中相模変電所; voltage=275000
e95d991f-5448-4e8d-ba93-36595f05289b,substation,osm,way/156415461,overpass-2026-08-05,name_osm_upstream,,inferred,2026-08-05,OSM 上流を直接照会 2026-08-05; name=西横浜変電所; voltage=275000;66000
46cdfbaa-7479-486f-992e-a1b3db15c012,substation,osm,way/153760214,overpass-2026-08-05,name_osm_upstream,,inferred,2026-08-05,OSM 上流を直接照会 2026-08-05; name=多摩変電所; voltage=275000;66000
0eb051cb-1239-42c9-b614-94c8760f55de,substation,osm,way/111380415,overpass-2026-08-05,name_osm_upstream,,inferred,2026-08-05,OSM 上流を直接照会 2026-08-05; name=北多摩変電所; voltage=275000
87c744d6-de73-4200-83fe-b552c4689224,substation,osm,way/101375053,overpass-2026-08-05,name_osm_upstream,,inferred,2026-08-05,OSM 上流を直接照会 2026-08-05; name=荏田変電所; voltage=275000;66000
ca25eddd-a6fa-4122-8438-e9cb3de7fc85,substation,osm,way/1078882735,overpass-2026-08-05,name_osm_upstream,,inferred,2026-08-05,OSM 上流を直接照会 2026-08-05; name=新宿変電所; voltage=275000
e7821f5b-a35d-4340-b630-9435cf704df7,substation,osm,way/1078889985,overpass-2026-08-05,name_osm_upstream,,inferred,2026-08-05,OSM 上流を直接照会 2026-08-05; name=東新宿変電所; voltage=275000
b7c9bbfe-12df-43b5-a347-b88d48a12546,substation,osm,way/653499539,overpass-2026-08-05,name_osm_upstream,,inferred,2026-08-05,OSM 上流を直接照会 2026-08-05; name=練馬変電所; voltage=275000;66000
64afdd3f-36a8-439d-8bb4-05cdf7c297ac,substation,osm,way/210689677,overpass-2026-08-05,name_osm_upstream,,inferred,2026-08-05,OSM 上流を直接照会 2026-08-05; name=水道橋変電所; voltage=275000
59625a08-492c-4cd4-bbcd-88fb89043604,substation,osm,way/235397528,overpass-2026-08-05,name_osm_upstream,,inferred,2026-08-05,OSM 上流を直接照会 2026-08-05; name=上野変電所; voltage=275000
9049efef-9431-4f94-958a-0b52f96d4872,substation,osm,way/156962045,overpass-2026-08-05,name_osm_upstream,,inferred,2026-08-05,OSM 上流を直接照会 2026-08-05; name=墨東変電所; voltage=275000
d85dc6de-57e3-4412-91dd-a2b70d0801e1,substation,osm,relation/2269992,overpass-2026-08-05,name_osm_upstream,,inferred,2026-08-05,OSM 上流を直接照会 2026-08-05; name=新豊洲変電所; voltage=500000
de1f836f-adf3-4cbb-8ba5-44e19bf149bf,substation,osm,way/327974991,overpass-2026-08-05,name_osm_upstream,,inferred,2026-08-05,OSM 上流を直接照会 2026-08-05; name=逗子変電所; voltage=275000;66000
e28ef737-1333-4b90-aa0d-03ec685fbd63,substation,osm,way/162047992,overpass-2026-08-05,name_osm_upstream,,inferred,2026-08-05,OSM 上流を直接照会 2026-08-05; name=池上変電所; voltage=275000
a184f8dd-4533-435a-a691-cf5dad185281,substation,osm,way/1078944857,overpass-2026-08-05,name_osm_upstream,,inferred,2026-08-05,OSM 上流を直接照会 2026-08-05; name=世田谷変電所; voltage=275000
038a47ad-21c0-4ef2-8840-a9c2417ea497,substation,osm,way/1078898788,overpass-2026-08-05,name_osm_upstream,,inferred,2026-08-05,OSM 上流を直接照会 2026-08-05; name=高輪変電所; voltage=275000
ea555041-72d7-46f4-b801-1467c4d5219b,substation,osm,way/1078944856,overpass-2026-08-05,name_osm_upstream,,inferred,2026-08-05,OSM 上流を直接照会 2026-08-05; name=東内幸町変電所; voltage=275000
3ede803f-5746-4f89-98d6-a9bb3a4b0e6c,substation,osm,way/405537854,overpass-2026-08-05,name_osm_upstream,,inferred,2026-08-05,OSM 上流を直接照会 2026-08-05; name=永代橋変電所; voltage=275000
3495cd61-8a86-4f20-86cc-a26c07364562,substation,osm,way/1137461235,overpass-2026-08-05,name_osm_upstream,,inferred,2026-08-05,OSM 上流を直接照会 2026-08-05; name=葛南変電所; voltage=275000;66000
e5513501-dbec-4360-9ba2-08de2b709cc9,substation,osm,way/151374767,overpass-2026-08-05,name_osm_upstream,,inferred,2026-08-05,OSM 上流を直接照会 2026-08-05; name=北総変電所; voltage=275000;66000
f87334a9-02d5-416f-b837-59dd86da130e,substation,osm,way/210765350,overpass-2026-08-05,name_osm_upstream,,inferred,2026-08-05,OSM 上流を直接照会 2026-08-05; name=花見川変電所 (Hanamigawa Hendensho); voltage=275000;66000
8649d541-99fc-4040-9201-fc1d86f54c4c,substation,osm,way/211241774,overpass-2026-08-05,name_osm_upstream,,inferred,2026-08-05,OSM 上流を直接照会 2026-08-05; name=千葉中央変電所; voltage=275000;66000
f7697baf-9fac-49ea-9079-1f07d33bbbe7,substation,osm,way/315662839,overpass-2026-08-05,name_osm_upstream,,inferred,2026-08-05,OSM 上流を直接照会 2026-08-05; name=新信濃変電所; voltage=500000
8192bf78-81f9-4035-b2d8-7fba9dbeba44,substation,osm,way/195615141,overpass-2026-08-05,name_osm_upstream,,inferred,2026-08-05,OSM 上流を直接照会 2026-08-05; name=新秩父開閉所; voltage=500000
83d6b45c-ed18-406c-83a1-81b1b2f88274,substation,osm,way/66098469,overpass-2026-08-05,name_osm_upstream,,inferred,2026-08-05,OSM 上流を直接照会 2026-08-05; name=西群馬開閉所; voltage=500000
a89a2121-e53c-4beb-83a2-6b6a894618e1,substation,osm,way/169963227,overpass-2026-08-05,name_osm_upstream,,inferred,2026-08-05,OSM 上流を直接照会 2026-08-05; name=新榛名; voltage=500000
d21144b7-70ba-4187-8dbc-5a62d1867138,substation,osm,way/250540807,overpass-2026-08-05,name_osm_upstream,,inferred,2026-08-05,OSM 上流を直接照会 2026-08-05; name=東群馬変電所; voltage=500000
f897a9d7-f661-4d8e-8629-6023bbcf29e7,substation,osm,way/505170104,overpass-2026-08-05,name_osm_upstream,,inferred,2026-08-05,OSM 上流を直接照会 2026-08-05; name=新新田変電所; voltage=500000;275000;154000
96c35141-c97e-4a59-8b81-c3cf6a8c3601,substation,osm,way/168857610,overpass-2026-08-05,name_osm_upstream,,inferred,2026-08-05,OSM 上流を直接照会 2026-08-05; name=新今市開閉所; voltage=500000
ac39fb2f-1984-4214-99cd-49041584ed2e,substation,osm,way/253566674,overpass-2026-08-05,name_osm_upstream,,inferred,2026-08-05,OSM 上流を直接照会 2026-08-05; name=南いわき開閉所; voltage=500000
23b45592-7716-4263-bcf3-99c13d9290d2,substation,osm,way/104391636,overpass-2026-08-05,name_osm_upstream,,inferred,2026-08-05,OSM 上流を直接照会 2026-08-05; name=新いわき開閉所; voltage=500000
a0c97fd7-22f7-40d0-9113-e1c8b78c16bc,substation,osm,way/168839127,overpass-2026-08-05,name_osm_upstream,,inferred,2026-08-05,OSM 上流を直接照会 2026-08-05; name=新茂木; voltage=500000;275000
8580f6bc-4ff5-44b3-b55e-1a71c524faef,substation,osm,way/106309481,overpass-2026-08-05,name_osm_upstream,,inferred,2026-08-05,OSM 上流を直接照会 2026-08-05; name=新福島変電所; voltage=500000
f64614bf-a969-4c65-bdf5-c2afaa0980f4,substation,osm,way/642625768,overpass-2026-08-05,name_osm_upstream,,inferred,2026-08-05,OSM 上流を直接照会 2026-08-05; name=常磐変電所; voltage=275000;66000
218a454d-1981-4dcd-8ef6-747dfa34e395,substation,osm,way/145079972,overpass-2026-08-05,name_osm_upstream,,inferred,2026-08-05,OSM 上流を直接照会 2026-08-05; name=新多摩変電所; voltage=500000
662a3fb8-5a61-4daa-9c6f-80f7436ab433,substation,osm,way/145080115,overpass-2026-08-05,name_osm_upstream,,inferred,2026-08-05,OSM 上流を直接照会 2026-08-05; name=南多摩変電所; voltage=275000;66000
ace4d751-028f-425a-9355-988ed16f6f81,substation,osm,way/168903220,overpass-2026-08-05,name_osm_upstream,,inferred,2026-08-05,OSM 上流を直接照会 2026-08-05; name=北熊谷変電所; voltage=275000
8652a992-9288-4fa5-bece-f604ad9f84f1,substation,osm,way/170767190,overpass-2026-08-05,name_osm_upstream,,inferred,2026-08-05,OSM 上流を直接照会 2026-08-05; name=西毛変電所; voltage=275000;66000
465b98e6-1d1d-491a-948e-77d30f5dc51e,substation,osm,way/133644487,overpass-2026-08-05,name_osm_upstream,,inferred,2026-08-05,OSM 上流を直接照会 2026-08-05; name=新飯能変電所; voltage=500000
cdc51193-b36c-497f-b189-9f30a04ae043,substation,osm,relation/18793974,overpass-2026-08-05,name_osm_upstream,,inferred,2026-08-05,OSM 上流を直接照会 2026-08-05; name=青梅変電所; voltage=275000;66000;6600
f6ad8cff-9b74-45b5-a79c-d69a7ffd666a,substation,osm,way/133641619,overpass-2026-08-05,name_osm_upstream,,inferred,2026-08-05,OSM 上流を直接照会 2026-08-05; name=新所沢変電所; voltage=500000;275000
4cdb66a8-dcec-4f8e-b4cb-6fd0ecda6283,substation,osm,way/202714092,overpass-2026-08-05,name_osm_upstream,,inferred,2026-08-05,OSM 上流を直接照会 2026-08-05; name=東毛変電所; voltage=275000;66000
ae50aa9f-4a2b-4b8e-9512-f6086f41f330,substation,osm,way/202714075,overpass-2026-08-05,name_osm_upstream,,inferred,2026-08-05,OSM 上流を直接照会 2026-08-05; name=東太田変電所; voltage=154000;66000
63ff9e5b-4a85-4dc6-9545-d4021017f82b,substation,osm,way/159491797,overpass-2026-08-05,name_osm_upstream,,inferred,2026-08-05,OSM 上流を直接照会 2026-08-05; name=南狭山変電所; voltage=275000;154000;66000
830f6c03-2327-4ac9-b3ae-abd6ef1727d8,substation,osm,way/128581912,overpass-2026-08-05,name_osm_upstream,,inferred,2026-08-05,OSM 上流を直接照会 2026-08-05; name=新坂戸変電所; voltage=500000;275000;66000
4ffb73ca-5938-41d3-a4f7-620c3217eb0a,substation,osm,way/195406884,overpass-2026-08-05,name_osm_upstream,,inferred,2026-08-05,OSM 上流を直接照会 2026-08-05; name=上尾変電所; voltage=275000;66000
d486d5fd-4cad-4ec8-a574-cce5f3244dd5,substation,osm,relation/15580570,overpass-2026-08-05,name_osm_upstream,,inferred,2026-08-05,OSM 上流を直接照会 2026-08-05; name=新古河変電所; voltage=500000;275000
aa43a9a8-2afc-49f1-ae95-cdc2c45d36ee,substation,osm,way/153521822,overpass-2026-08-05,name_osm_upstream,,inferred,2026-08-05,OSM 上流を直接照会 2026-08-05; name=西越谷変電所; voltage=275000;66000
33c8800b-2ce7-4ca7-b552-fbce758c89af,substation,osm,way/105298089,overpass-2026-08-05,name_osm_upstream,,inferred,2026-08-05,OSM 上流を直接照会 2026-08-05; name=新佐原変電所; voltage=500000
e05933d6-b581-46d2-8439-07fc0dc8a4d6,substation,osm,way/340365829,overpass-2026-08-05,name_osm_upstream,,inferred,2026-08-05,OSM 上流を直接照会 2026-08-05; name=常総変電所; voltage=275000;66000
92d697e1-a80a-4e19-93de-dda64c15bc56,substation,osm,way/211356757,overpass-2026-08-05,name_osm_upstream,,inferred,2026-08-05,OSM 上流を直接照会 2026-08-05; name=筑波南変電所; voltage=275000;66000
019f125d-ef81-49ff-a590-4286f8494932,substation,osm,way/340648895,overpass-2026-08-05,name_osm_upstream,,inferred,2026-08-05,OSM 上流を直接照会 2026-08-05; name=鹿島変電所; voltage=275000;66000
0c2d856b-8359-412c-bbab-a0cdf49a3d5b,substation,osm,way/1028271141,overpass-2026-08-05,name_osm_upstream,,inferred,2026-08-05,OSM 上流を直接照会 2026-08-05; name=南福光変電所; voltage=500000; ⚠️ 南福光は BTB。我方は電気的に両側を別ノードに分けている（正しい建模）。OSM は 1 way なので参照は北陸側のみ
9c177e4e-843c-40d0-9b98-0b6980851889,substation,osm,relation/17013811,overpass-2026-08-05,name_osm_upstream,,inferred,2026-08-05,OSM 上流を直接照会 2026-08-05; name=中能登変電所; voltage=500000
b2f8bc47-32a8-4543-b037-2d5e0a452d54,substation,osm,way/524393243,overpass-2026-08-05,name_osm_upstream,,inferred,2026-08-05,OSM 上流を直接照会 2026-08-05; name=新富山変電所; voltage=275000
0437cdc6-3edc-469d-a466-f605baa402c4,substation,osm,way/315757225,overpass-2026-08-05,name_osm_upstream,,inferred,2026-08-05,OSM 上流を直接照会 2026-08-05; name=城端開閉所; voltage=275000
6a8fc1e7-79ab-4ad4-af30-626f11d25b83,substation,osm,way/315618377,overpass-2026-08-05,name_osm_upstream,,inferred,2026-08-05,OSM 上流を直接照会 2026-08-05; name=越前変電所; voltage=500000;275000
fe890b84-04a4-4734-b10c-7bf8a27e8e83,substation,osm,way/324181121,overpass-2026-08-05,name_osm_upstream,,inferred,2026-08-05,OSM 上流を直接照会 2026-08-05; name=舟橋変電所 (Funahashi Hendensho); voltage=154000
77a85ca3-c2f8-4567-8dd8-d04c3c11e09d,substation,osm,way/320536918,overpass-2026-08-05,name_osm_upstream,,inferred,2026-08-05,OSM 上流を直接照会 2026-08-05; name=富山変電所; voltage=154000;66000
23c0b48a-b06f-436b-9803-239e475ab124,substation,osm,way/324055341,overpass-2026-08-05,name_osm_upstream,,inferred,2026-08-05,OSM 上流を直接照会 2026-08-05; name=富南変電所; voltage=154000;66000;6600
479faf21-6f8a-4a3b-9126-ac0b2bdaee24,substation,osm,way/549124637,overpass-2026-08-05,name_osm_upstream,,inferred,2026-08-05,OSM 上流を直接照会 2026-08-05; name=北笹津変電所; voltage=154000
27a183ff-563d-48cb-a153-a66600708e75,substation,osm,way/559673635,overpass-2026-08-05,name_osm_upstream,,inferred,2026-08-05,OSM 上流を直接照会 2026-08-05; name=塚原変電所; voltage=154000;66000
2cb9aff2-fc57-4a43-8c0b-0b9f297800ce,substation,osm,way/537843404,overpass-2026-08-05,name_osm_upstream,,inferred,2026-08-05,OSM 上流を直接照会 2026-08-05; name=伏木変電所; voltage=154000;66000
46ed81a3-adcb-42ea-be90-2a64df00f949,substation,osm,way/316216918,overpass-2026-08-05,name_osm_upstream,,inferred,2026-08-05,OSM 上流を直接照会 2026-08-05; name=北金沢変電所; voltage=154000;77000;6600
e4825924-e8ca-41ed-82cb-0a7004130867,substation,osm,way/256682330,overpass-2026-08-05,name_osm_upstream,,inferred,2026-08-05,OSM 上流を直接照会 2026-08-05; name=南金沢変電所; voltage=154000;77000
438d527d-b332-430a-bb05-68c26682cdb9,substation,osm,way/316250984,overpass-2026-08-05,name_osm_upstream,,inferred,2026-08-05,OSM 上流を直接照会 2026-08-05; name=新小松変電所; voltage=154000;77000
5c95f460-876d-4526-88a1-056215893070,substation,osm,way/188498180,overpass-2026-08-05,name_osm_upstream,,inferred,2026-08-05,OSM 上流を直接照会 2026-08-05; name=松岡; voltage=154000;77000
adc6d09d-04fd-4a5e-975b-82eff45aa07c,substation,osm,way/1226195063,overpass-2026-08-05,name_osm_upstream,,inferred,2026-08-05,OSM 上流を直接照会 2026-08-05; name=丹生変電所; voltage=154000;77000
37971305-7548-456d-a595-010a454f6e3d,substation,osm,way/170568495,overpass-2026-08-05,name_osm_upstream,,inferred,2026-08-05,OSM 上流を直接照会 2026-08-05; name=三重開閉所; voltage=500000
e5e932e9-a8fa-4f94-8a51-ccdadb0034b4,substation,osm,way/209726348,overpass-2026-08-05,name_osm_upstream,,inferred,2026-08-05,OSM 上流を直接照会 2026-08-05; name=信濃変電所; voltage=500000
ce1eaf48-186e-433e-9db4-4c7f60f7a358,substation,osm,way/161946849,overpass-2026-08-05,name_osm_upstream,,inferred,2026-08-05,OSM 上流を直接照会 2026-08-05; name=北部変電所; voltage=500000;275000
06ed3dc2-4e0e-454c-8e9d-fc281aa3f653,substation,osm,way/170366035,overpass-2026-08-05,name_osm_upstream,,inferred,2026-08-05,OSM 上流を直接照会 2026-08-05; name=; voltage=500000
1a188738-db36-43b8-8b5b-1440a9218007,substation,osm,way/170850727,overpass-2026-08-05,name_osm_upstream,,inferred,2026-08-05,OSM 上流を直接照会 2026-08-05; name=愛知変電所; voltage=500000
e64c2e77-a6ae-4013-a1df-81e0e2d91cd4,substation,osm,way/170247312,overpass-2026-08-05,name_osm_upstream,,inferred,2026-08-05,OSM 上流を直接照会 2026-08-05; name=新三河変電所; voltage=500000
9cd6af60-d69b-4993-941b-43f63d5ca333,substation,osm,way/169122898,overpass-2026-08-05,name_osm_upstream,,inferred,2026-08-05,OSM 上流を直接照会 2026-08-05; name=東部変電所; voltage=500000
8e8a726e-5935-4f68-abac-86a00772b37f,substation,osm,way/170537514,overpass-2026-08-05,name_osm_upstream,,inferred,2026-08-05,OSM 上流を直接照会 2026-08-05; name=西部変電所; voltage=500000
a81cd9fe-287a-4c1c-99c1-134db27ecad7,substation,osm,way/142662111,overpass-2026-08-05,name_osm_upstream,,inferred,2026-08-05,OSM 上流を直接照会 2026-08-05; name=中部電力(株)豊根開閉所; voltage=500000
ddc4608e-8b38-481b-ae39-1dd112dc51e9,substation,osm,way/459476442,overpass-2026-08-05,name_osm_upstream,,inferred,2026-08-05,OSM 上流を直接照会 2026-08-05; name=静岡変電所; voltage=500000
953a55b6-5cb0-4c94-ba8c-515e13c20d22,substation,osm,way/975217734,overpass-2026-08-05,name_osm_upstream,,inferred,2026-08-05,OSM 上流を直接照会 2026-08-05; name=飛騨変換所; voltage=500000
79820f1e-29c9-4cc6-b913-333d9954bc61,substation,osm,way/170247308,overpass-2026-08-05,name_osm_upstream,,inferred,2026-08-05,OSM 上流を直接照会 2026-08-05; name=三河変電所; voltage=275000
b0417001-393e-40e6-81af-08a94c862db3,substation,osm,way/242532736,overpass-2026-08-05,name_osm_upstream,,inferred,2026-08-05,OSM 上流を直接照会 2026-08-05; name=中勢変電所; voltage=275000
6759b8f3-6998-4cf0-90cc-c2ab7d8caaf3,substation,osm,way/618344838,overpass-2026-08-05,name_osm_upstream,,inferred,2026-08-05,OSM 上流を直接照会 2026-08-05; name=亀山変電所; voltage=275000
96ac1f48-e14a-4664-8bea-db26f687b9e5,substation,osm,way/241956440,overpass-2026-08-05,name_osm_upstream,,inferred,2026-08-05,OSM 上流を直接照会 2026-08-05; name=伊勢開閉所; voltage=275000
1e00913c-2516-4d0e-a144-7b9f3291aa6d,substation,osm,way/254306216,overpass-2026-08-05,name_osm_upstream,,inferred,2026-08-05,OSM 上流を直接照会 2026-08-05; name=佐久変電所; voltage=275000;77000
09b00f7f-e115-4033-86f2-4fb2f13c5655,substation,osm,way/159191758,overpass-2026-08-05,name_osm_upstream,,inferred,2026-08-05,OSM 上流を直接照会 2026-08-05; name=北松本変電所; voltage=275000
1bc6eac9-9147-4231-b687-9e09fe514e88,substation,osm,way/209429410,overpass-2026-08-05,name_osm_upstream,,inferred,2026-08-05,OSM 上流を直接照会 2026-08-05; name=南信変電所; voltage=500000
b2904dbc-2c7d-4f47-86a3-10f5d05e1281,substation,osm,way/241923317,overpass-2026-08-05,name_osm_upstream,,inferred,2026-08-05,OSM 上流を直接照会 2026-08-05; name=南勢変電所; voltage=275000
1c96b886-5b5a-4e6e-9b52-a2760832012c,substation,osm,way/210217246,overpass-2026-08-05,name_osm_upstream,,inferred,2026-08-05,OSM 上流を直接照会 2026-08-05; name=川根変電所; voltage=275000
b6cfe4ad-06f5-49ad-bf00-d5f6b3947302,substation,osm,relation/7444441,overpass-2026-08-05,name_osm_upstream,,inferred,2026-08-05,OSM 上流を直接照会 2026-08-05; name=幸田変電所; voltage=275000
556b91ea-2763-4e6b-b8dd-94660c2c3309,substation,osm,way/199544541,overpass-2026-08-05,name_osm_upstream,,inferred,2026-08-05,OSM 上流を直接照会 2026-08-05; name=新北信変電所; voltage=275000
57076582-4d32-4ffd-9555-02599469ae24,substation,osm,way/256765107,overpass-2026-08-05,name_osm_upstream,,inferred,2026-08-05,OSM 上流を直接照会 2026-08-05; name=新鈴鹿変電所; voltage=275000;77000
68e37a7e-1978-436c-950b-6d0a4f0df47b,substation,osm,way/211258348,overpass-2026-08-05,name_osm_upstream,,inferred,2026-08-05,OSM 上流を直接照会 2026-08-05; name=東信変電所; voltage=275000
f39958db-536b-4795-87cc-58608e9f5a11,substation,osm,way/179417733,overpass-2026-08-05,name_osm_upstream,,inferred,2026-08-05,OSM 上流を直接照会 2026-08-05; name=東名古屋変電所; voltage=275000
930ea9ca-355d-4bae-9295-10c786469c93,substation,osm,way/168247133,overpass-2026-08-05,name_osm_upstream,,inferred,2026-08-05,OSM 上流を直接照会 2026-08-05; name=東清水変電所; voltage=275000
d26ec0a6-6918-43ab-86af-d36232688cf1,substation,osm,way/170366036,overpass-2026-08-05,name_osm_upstream,,inferred,2026-08-05,OSM 上流を直接照会 2026-08-05; name=東豊田変電所; voltage=275000
1635ec54-b8fd-4e7a-b86e-d32bf75ef461,substation,osm,way/170260165,overpass-2026-08-05,name_osm_upstream,,inferred,2026-08-05,OSM 上流を直接照会 2026-08-05; name=中部電力湖西変電所; voltage=275000
3b0fbecb-9712-467d-acd9-87c1e6f373e1,substation,osm,way/169121284,overpass-2026-08-05,name_osm_upstream,,inferred,2026-08-05,OSM 上流を直接照会 2026-08-05; name=瀬戸変電所; voltage=275000
1eda7e34-dbbc-43a8-8f1d-28de57b6247b,substation,osm,way/170260169,overpass-2026-08-05,name_osm_upstream,,inferred,2026-08-05,OSM 上流を直接照会 2026-08-05; name=田原; voltage=275000
aef894ef-d15a-441d-aa8b-4f667606c7ae,substation,osm,way/170793702,overpass-2026-08-05,name_osm_upstream,,inferred,2026-08-05,OSM 上流を直接照会 2026-08-05; name=西名古屋変電所; voltage=275000
1a279b61-30e6-4734-86c0-1784269b8dfc,substation,osm,way/170793703,overpass-2026-08-05,name_osm_upstream,,inferred,2026-08-05,OSM 上流を直接照会 2026-08-05; name=西尾張変電所; voltage=275000
2cae2d77-39ae-4238-885a-700a9e2b9f5e,substation,osm,way/161948515,overpass-2026-08-05,name_osm_upstream,,inferred,2026-08-05,OSM 上流を直接照会 2026-08-05; name=西濃変電所; voltage=275000;154000;77000
35d3bd47-2a3e-4032-b6ef-e0c72c4d3279,substation,osm,way/618344836,overpass-2026-08-05,name_osm_upstream,,inferred,2026-08-05,OSM 上流を直接照会 2026-08-05; name=鈴鹿開閉所; voltage=275000
5e412308-6aa5-4bed-8ac0-89e28ceae1df,substation,osm,way/161946848,overpass-2026-08-05,name_osm_upstream,,inferred,2026-08-05,OSM 上流を直接照会 2026-08-05; name=関開閉所; voltage=275000
ebc8cc8c-6529-4b61-8c30-cb6b3553af5e,substation,osm,way/169121278,overpass-2026-08-05,name_osm_upstream,,inferred,2026-08-05,OSM 上流を直接照会 2026-08-05; name=電源名古屋; voltage=275000
dfe13858-9d86-42cf-b56f-8b4d509ca735,substation,osm,way/170247359,overpass-2026-08-05,name_osm_upstream,,inferred,2026-08-05,OSM 上流を直接照会 2026-08-05; name=額田開閉所; voltage=275000
88ad5d90-db7b-46bc-82ae-18e6d899f85c,substation,osm,way/205345027,overpass-2026-08-05,name_osm_upstream,,inferred,2026-08-05,OSM 上流を直接照会 2026-08-05; name=七宝変電所; voltage=154000
66dc651d-c958-4ace-b340-bdf797c74e8b,substation,osm,way/161768996,overpass-2026-08-05,name_osm_upstream,,inferred,2026-08-05,OSM 上流を直接照会 2026-08-05; name=加納変電所 (Kanō Hendensho); voltage=154000
52142173-95c1-4413-9694-3ec24e9b645b,substation,osm,way/161767713,overpass-2026-08-05,name_osm_upstream,,inferred,2026-08-05,OSM 上流を直接照会 2026-08-05; name=北一宮変電所; voltage=154000;77000
99320cc9-7315-4b4b-9971-bca5adb207e6,substation,osm,way/210090091,overpass-2026-08-05,name_osm_upstream,,inferred,2026-08-05,OSM 上流を直接照会 2026-08-05; name=北刈谷変電所 (Kita Kariya Hendensho); voltage=154000;77000
fc5cc419-96ce-4ea9-9d59-0529ab4822bf,substation,osm,way/209629965,overpass-2026-08-05,name_osm_upstream,,inferred,2026-08-05,OSM 上流を直接照会 2026-08-05; name=北勢変電所 (Hokusei Hendensho); voltage=154000
b4434fc3-fff7-4feb-8239-fc8bb2cd1199,substation,osm,way/190748953,overpass-2026-08-05,name_osm_upstream,,inferred,2026-08-05,OSM 上流を直接照会 2026-08-05; name=北岐阜変電所 (Kita Gifu Hendensho); voltage=154000
47bf65ea-de73-44a5-91a5-2de2914b8a96,substation,osm,way/211946839,overpass-2026-08-05,name_osm_upstream,,inferred,2026-08-05,OSM 上流を直接照会 2026-08-05; name=南大垣変電所 (Ogaki Hendensho); voltage=154000
601debc7-f9fb-4d13-aa00-d895ac2be49a,substation,osm,way/211926647,overpass-2026-08-05,name_osm_upstream,,inferred,2026-08-05,OSM 上流を直接照会 2026-08-05; name=名北変電所; voltage=154000
057d43bf-bf5d-49e4-8ffa-48f567899ff0,substation,osm,way/169523646,overpass-2026-08-05,name_osm_upstream,,inferred,2026-08-05,OSM 上流を直接照会 2026-08-05; name=名南変電所; voltage=154000
9c53fc49-0a4c-4182-935c-97b1f47bd7a2,substation,osm,way/161958478,overpass-2026-08-05,name_osm_upstream,,inferred,2026-08-05,OSM 上流を直接照会 2026-08-05; name=大垣変電所 (Ogaki Hendensho); voltage=154000
d9f3991a-13d0-47b3-9b20-f2e6a3a22198,substation,osm,way/179417725,overpass-2026-08-05,name_osm_upstream,,inferred,2026-08-05,OSM 上流を直接照会 2026-08-05; name=大高変電所; voltage=154000
4d0f2279-8cf1-489e-ab2c-8f03071440cf,substation,osm,way/211037495,overpass-2026-08-05,name_osm_upstream,,inferred,2026-08-05,OSM 上流を直接照会 2026-08-05; name=宮田変電所; voltage=154000
dc33e8c5-29d1-4d44-8b1b-9ac34bbfa6ff,substation,osm,way/177422735,overpass-2026-08-05,name_osm_upstream,,inferred,2026-08-05,OSM 上流を直接照会 2026-08-05; name=寛政変電所; voltage=154000
2d52544f-39d9-4458-93e3-43d6a714cfbf,substation,osm,way/209980106,overpass-2026-08-05,name_osm_upstream,,inferred,2026-08-05,OSM 上流を直接照会 2026-08-05; name=岡崎変電所 (Okazaki Hendensho); voltage=154000
ebcbee1f-e9e2-4638-bb2d-70a9f7a2e3f6,substation,osm,way/83096973,overpass-2026-08-05,name_osm_upstream,,inferred,2026-08-05,OSM 上流を直接照会 2026-08-05; name=岩倉変電所; voltage=154000;77000
cfabd746-86fd-43ca-b48f-8031ac12e16f,substation,osm,way/243138764,overpass-2026-08-05,name_osm_upstream,,inferred,2026-08-05,OSM 上流を直接照会 2026-08-05; name=岩塚変電所; voltage=154000
80e66b42-9606-4b4d-bdea-86d736387d72,substation,osm,way/179417729,overpass-2026-08-05,name_osm_upstream,,inferred,2026-08-05,OSM 上流を直接照会 2026-08-05; name=中部電力パワーグリッド 日進変電所; voltage=154000
f3b5ae5c-8141-406a-9b13-fc476ce18145,substation,osm,way/188317052,overpass-2026-08-05,name_osm_upstream,,inferred,2026-08-05,OSM 上流を直接照会 2026-08-05; name=昭和町変電所; voltage=154000;77000
f5e61421-3e1f-45db-82c0-27b48aff21ea,substation,osm,way/187748270,overpass-2026-08-05,name_osm_upstream,,inferred,2026-08-05,OSM 上流を直接照会 2026-08-05; name=水主町変電所; voltage=154000
b0817908-53a9-42e8-ac78-acf58a2c5be0,substation,osm,way/192167370,overpass-2026-08-05,name_osm_upstream,,inferred,2026-08-05,OSM 上流を直接照会 2026-08-05; name=浜松変電所; voltage=154000;77000
2f9fb644-da7f-4443-bde9-5223de1664f3,substation,osm,way/192656409,overpass-2026-08-05,name_osm_upstream,,inferred,2026-08-05,OSM 上流を直接照会 2026-08-05; name=清水変電所; voltage=154000
f6e6e52a-586c-42b1-9284-024b36854134,substation,osm,way/209269384,overpass-2026-08-05,name_osm_upstream,,inferred,2026-08-05,OSM 上流を直接照会 2026-08-05; name=瑞浪変電所 (Mizunami Hendensho); voltage=154000
4991b6bf-b93c-4e68-8fb7-3ef7e69d022c,substation,osm,way/210126731,overpass-2026-08-05,name_osm_upstream,,inferred,2026-08-05,OSM 上流を直接照会 2026-08-05; name=磐田変電所 (Iwata Hendensho); voltage=154000
e31d857c-17b9-4122-97d7-70a22d04f11d,substation,osm,way/192617450,overpass-2026-08-05,name_osm_upstream,,inferred,2026-08-05,OSM 上流を直接照会 2026-08-05; name=稲沢変電所; voltage=154000
07dd996e-a626-4d3f-820d-8bc52336a67e,substation,osm,way/288222748,overpass-2026-08-05,name_osm_upstream,,inferred,2026-08-05,OSM 上流を直接照会 2026-08-05; name=駒ヶ根変電所; voltage=154000
967bca7f-265a-4712-a642-6c7a57eafc57,substation,osm,way/722498909,overpass-2026-08-05,name_osm_upstream,,inferred,2026-08-05,OSM 上流を直接照会 2026-08-05; name=鳴門変電所; voltage=187000;66000
ca27a0a7-6fbd-4df8-bdd3-6761a7c4c741,substation,osm,way/243513839,overpass-2026-08-05,name_osm_upstream,,inferred,2026-08-05,OSM 上流を直接照会 2026-08-05; name=会津変電所; voltage=154000
0042b02a-eb79-4fea-891e-0fe8d8ebed86,substation,osm,way/234041222,overpass-2026-08-05,name_osm_upstream,,inferred,2026-08-05,OSM 上流を直接照会 2026-08-05; name=本名変電所; voltage=275000;154000
7539d9fb-c96d-4086-9db6-fcf20194e0ea,substation,osm,way/658988167,overpass-2026-08-05,name_osm_upstream,,inferred,2026-08-05,OSM 上流を直接照会 2026-08-05; name=平変電所; voltage=154000;66000;6600
70e2b612-45cf-4f43-a283-500208dfd26d,substation,osm,way/198638764,overpass-2026-08-05,name_osm_upstream,,inferred,2026-08-05,OSM 上流を直接照会 2026-08-05; name=長岡変電所; voltage=154000
0c9fcd50-3e94-4a6b-91c2-241a6b9816e6,substation,osm,way/198874138,overpass-2026-08-05,name_osm_upstream,,inferred,2026-08-05,OSM 上流を直接照会 2026-08-05; name=南長岡変電所; voltage=154000;66000;6600
36ace863-2e10-44fd-bab4-abefe75e0b50,substation,osm,way/319175832,overpass-2026-08-05,name_osm_upstream,,inferred,2026-08-05,OSM 上流を直接照会 2026-08-05; name=南魚沼変電所; voltage=154000
d8bce168-776e-4221-97bd-f71db65e4454,substation,osm,way/319153602,overpass-2026-08-05,name_osm_upstream,,inferred,2026-08-05,OSM 上流を直接照会 2026-08-05; name=魚沼変電所; voltage=154000
05cae69f-5d2c-43ba-88a4-2ef386fb2f3d,substation,osm,way/319300956,overpass-2026-08-05,name_osm_upstream,,inferred,2026-08-05,OSM 上流を直接照会 2026-08-05; name=中越変電所; voltage=275000;154000
f908bdbf-f62b-4246-8942-45bcfa8bfb40,substation,osm,way/156208858,overpass-2026-08-05,name_osm_upstream,,inferred,2026-08-05,OSM 上流を直接照会 2026-08-05; name=南相馬変電所; voltage=500000;275000;66000
eb95dcfa-e994-445e-9f31-d7e3f84b79d2,substation,osm,way/631769046,overpass-2026-08-05,name_osm_upstream,,inferred,2026-08-05,OSM 上流を直接照会 2026-08-05; name=北平変電所; voltage=154000;66000
0569f3d0-a724-4882-8070-0819b008ff56,substation,osm,way/104371389,overpass-2026-08-05,name_osm_upstream,,inferred,2026-08-05,OSM 上流を直接照会 2026-08-05; name=郡山変電所; voltage=154000;66000
066cbb16-79d0-4f74-9caa-ffb229f97bc1,substation,osm,way/104375141,overpass-2026-08-05,name_osm_upstream,,inferred,2026-08-05,OSM 上流を直接照会 2026-08-05; name=須賀川変電所; voltage=275000
2c84d328-e28a-44c7-a407-85f98b714ad2,substation,osm,way/231402784,overpass-2026-08-05,name_osm_upstream,,inferred,2026-08-05,OSM 上流を直接照会 2026-08-05; name=若松変電所; voltage=154000;66000
f8b42a96-4020-4521-ae9c-36e1b87d0e76,substation,osm,way/173465917,overpass-2026-08-05,name_osm_upstream,,inferred,2026-08-05,OSM 上流を直接照会 2026-08-05; name=いわき変電所; voltage=275000;154000
bad980e6-e8fc-4637-b7da-7a7b6dafbdf2,substation,osm,way/1531803771,overpass-2026-08-05,name_osm_upstream,,inferred,2026-08-05,OSM 上流を直接照会 2026-08-05; name=西名寄変電所; voltage=187000;100000
705cd53e-9ada-47d3-bbb2-689363e5a7c6,substation,osm,way/1457423290,overpass-2026-08-05,name_osm_upstream,,inferred,2026-08-05,OSM 上流を直接照会 2026-08-05; name=西中川変電所; voltage=187000;100000
8abf72d4-2323-4ab6-b17c-38d4fc254ad0,substation,osm,way/1457228741,overpass-2026-08-05,name_osm_upstream,,inferred,2026-08-05,OSM 上流を直接照会 2026-08-05; name=旭川嵐山開閉所; voltage=187000
2dfe59c5-35e9-4450-bad2-9a999a97f400,substation,osm,way/104736425,overpass-2026-08-05,name_osm_upstream,,inferred,2026-08-05,OSM 上流を直接照会 2026-08-05; name=西旭川変電所; voltage=187000;66000
8992a0d1-6e95-4287-b023-bde156eb02ef,substation,osm,way/179863109,overpass-2026-08-05,name_osm_upstream,,inferred,2026-08-05,OSM 上流を直接照会 2026-08-05; name=篠路変電所; voltage=187000
2fd2d155-394f-435b-9dbe-d76ea0be66a0,substation,osm,way/179863075,overpass-2026-08-05,name_osm_upstream,,inferred,2026-08-05,OSM 上流を直接照会 2026-08-05; name=西札幌変電所; voltage=187000;66000
a806ef56-6d79-4dc6-bf4b-bb85986c1136,substation,osm,way/190025438,overpass-2026-08-05,name_osm_upstream,,inferred,2026-08-05,OSM 上流を直接照会 2026-08-05; name=西小樽変電所; voltage=187000;66000
2c23146d-0895-4c02-98be-efe9bac0b496,substation,osm,way/182551911,overpass-2026-08-05,name_osm_upstream,,inferred,2026-08-05,OSM 上流を直接照会 2026-08-05; name=苗穂変電所; voltage=187000;66000
d57e14b2-41d9-4be2-876a-939acdd6cb6c,substation,osm,way/618767841,overpass-2026-08-05,name_osm_upstream,,inferred,2026-08-05,OSM 上流を直接照会 2026-08-05; name=北江別変電所; voltage=187000;66000
28ec472c-5d5b-4b72-91bb-d9b4a397bb84,substation,osm,relation/12927262,overpass-2026-08-05,name_osm_upstream,,inferred,2026-08-05,OSM 上流を直接照会 2026-08-05; name=南札幌変電所; voltage=187000;66000
0ac2023d-193c-434c-ad55-bfb34e1a9166,substation,osm,way/179863079,overpass-2026-08-05,name_osm_upstream,,inferred,2026-08-05,OSM 上流を直接照会 2026-08-05; name=西当別変電所; voltage=275000;187000
8c6b44f2-975d-472e-9c1b-75a38b581450,substation,osm,way/168524732,overpass-2026-08-05,name_osm_upstream,,inferred,2026-08-05,OSM 上流を直接照会 2026-08-05; name=西野変電所; voltage=275000;187000
55580219-56bd-449b-9f20-c01ed0e215b0,substation,osm,way/518829081,overpass-2026-08-05,name_osm_upstream,,inferred,2026-08-05,OSM 上流を直接照会 2026-08-05; name=西双葉開閉所; voltage=275000
ccc2966f-7ca4-4ba5-90ec-632289b32ac8,substation,osm,way/254548831,overpass-2026-08-05,name_osm_upstream,,inferred,2026-08-05,OSM 上流を直接照会 2026-08-05; name=双葉開閉所; voltage=187000
49261cc8-fb63-4b94-b176-5762189bf154,substation,osm,way/256894928,overpass-2026-08-05,name_osm_upstream,,inferred,2026-08-05,OSM 上流を直接照会 2026-08-05; name=南早来変電所; voltage=275000;187000;66000
cd3eb2da-4914-4f4b-ba89-d1f25d3c1d78,substation,osm,way/414978996,overpass-2026-08-05,name_osm_upstream,,inferred,2026-08-05,OSM 上流を直接照会 2026-08-05; name=岩清水開閉所; voltage=187000
7c2df56e-761b-4b9c-9017-27cef35d693d,substation,osm,way/414978970,overpass-2026-08-05,name_osm_upstream,,inferred,2026-08-05,OSM 上流を直接照会 2026-08-05; name=新冠開閉所; voltage=187000
3d54a2e0-84e6-409f-addc-a254bd6b6aac,substation,osm,way/171940156,overpass-2026-08-05,name_osm_upstream,,inferred,2026-08-05,OSM 上流を直接照会 2026-08-05; name=苫小牧変電所; voltage=187000
ecda9e4a-ff3b-4e1e-be02-fd6834c65f65,substation,osm,way/209817378,overpass-2026-08-05,name_osm_upstream,,inferred,2026-08-05,OSM 上流を直接照会 2026-08-05; name=室蘭変電所; voltage=187000;66000
71a288fa-5de4-40a0-8fb5-413dac861c8a,substation,osm,way/209817373,overpass-2026-08-05,name_osm_upstream,,inferred,2026-08-05,OSM 上流を直接照会 2026-08-05; name=西室蘭開閉所; voltage=187000;66000
12d4037d-527e-49c3-a6fa-18e079887a0a,substation,osm,way/801582512,overpass-2026-08-05,name_osm_upstream,,inferred,2026-08-05,OSM 上流を直接照会 2026-08-05; name=北斗変換所; voltage=275000;250000
3d4fcf19-4a34-428a-aa0c-acc95a65a437,substation,osm,way/719310375,overpass-2026-08-05,name_osm_upstream,,inferred,2026-08-05,OSM 上流を直接照会 2026-08-05; name=今別変換所; voltage=275000;250000
af2ade3f-d46b-4dde-843d-a17739570842,substation,osm,way/256363863,overpass-2026-08-05,name_osm_upstream,,inferred,2026-08-05,OSM 上流を直接照会 2026-08-05; name=北芽室変電所 (Kita-Memuro Hendensho); voltage=187000;66000
fd34ecc0-612c-444e-ad74-c8242408a75d,substation,osm,way/177717603,overpass-2026-08-05,name_osm_upstream,,inferred,2026-08-05,OSM 上流を直接照会 2026-08-05; name=西音更変電所 (Nishi-Otofuke Hendensho); voltage=187000;66000
79098c9a-10e2-4a7b-8dc8-7aa9a439be72,substation,osm,way/183582761,overpass-2026-08-05,name_osm_upstream,,inferred,2026-08-05,OSM 上流を直接照会 2026-08-05; name=宇円別変電所; voltage=187000
598e6cef-7b50-4e03-9859-f4ff72216cb6,substation,osm,way/186044120,overpass-2026-08-05,name_osm_upstream,,inferred,2026-08-05,OSM 上流を直接照会 2026-08-05; name=東釧路変電所 (Higashi-Kushiro Hendensho); voltage=187000;66000
b3535be4-91e3-4237-a29e-a21cba9c75f8,substation,osm,way/618406695,overpass-2026-08-05,name_osm_upstream,,inferred,2026-08-05,OSM 上流を直接照会 2026-08-05; name=西春別変電所; voltage=187000;66000
ec3f9369-b318-42f8-9501-7f90590b3d0f,substation,osm,way/178064476,overpass-2026-08-05,name_osm_upstream,,inferred,2026-08-05,OSM 上流を直接照会 2026-08-05; name=留辺蘂変電所; voltage=187000;66000
fceacba4-129b-41e5-b12d-dd534ca44c70,substation,osm,relation/19925192,overpass-2026-08-05,name_osm_upstream,,inferred,2026-08-05,OSM 上流を直接照会 2026-08-05; name=女満別変電所; voltage=187000;66000
96093891-24ad-466f-b998-ba8811436fbc,substation,osm,way/492707500,overpass-2026-08-05,name_osm_upstream,,inferred,2026-08-05,OSM 上流を直接照会 2026-08-05; name=井川変電所; voltage=187000;66000
5edbd1f1-a7f0-4590-93e7-f51cddfc5b9c,substation,osm,way/573818554,overpass-2026-08-05,name_osm_upstream,,inferred,2026-08-05,OSM 上流を直接照会 2026-08-05; name=高知変電所; voltage=187000;66000
dcfab5f1-ce77-4c01-b19c-507039ed7449,substation,osm,way/171063439,overpass-2026-08-05,name_osm_upstream,,inferred,2026-08-05,OSM 上流を直接照会 2026-08-05; name=松山変電所; voltage=187000;66000
81553dea-ac38-4f3d-9599-515d36f1c8bc,substation,osm,way/620989307,overpass-2026-08-05,name_osm_upstream,,inferred,2026-08-05,OSM 上流を直接照会 2026-08-05; name=北松山変電所; voltage=187000;66000
9ebfe3cd-a644-4d62-823d-2a0883d38c94,substation,osm,way/620007466,overpass-2026-08-05,name_osm_upstream,,inferred,2026-08-05,OSM 上流を直接照会 2026-08-05; name=大洲変電所; voltage=187000;66000
22f2e320-18e6-447e-9423-f9047c95ff44,substation,osm,way/1037299171,overpass-2026-08-05,name_osm_upstream,,inferred,2026-08-05,OSM 上流を直接照会 2026-08-05; name=広見変電所; voltage=187000;66000
68d536fc-a02f-4062-8fab-0d618902fb12,substation,osm,way/173327088,overpass-2026-08-05,name_osm_upstream,,inferred,2026-08-05,OSM 上流を直接照会 2026-08-05; name=西条変電所; voltage=187000
00e643d9-7248-4491-9089-92c8c615c8d5,substation,osm,way/87491658,overpass-2026-08-05,name_osm_upstream,,inferred,2026-08-05,OSM 上流を直接照会 2026-08-05; name=高松変電所; voltage=187000;66000
93d43e02-1432-4dd5-bcf6-b613f1841f75,substation,osm,way/87491654,overpass-2026-08-05,name_osm_upstream,,inferred,2026-08-05,OSM 上流を直接照会 2026-08-05; name=香川変電所; voltage=187000;66000;6600
3f5ed9ce-981b-4086-96cd-fc28438a3ff7,substation,osm,way/1235469190,overpass-2026-08-05,name_osm_upstream,,inferred,2026-08-05,OSM 上流を直接照会 2026-08-05; name=大川変電所; voltage=187000;66000
aaf95c05-3483-4eb0-b037-004a0e4ca01a,substation,osm,way/171066843,overpass-2026-08-05,name_osm_upstream,,inferred,2026-08-05,OSM 上流を直接照会 2026-08-05; name=東予変電所; voltage=500000;187000
bbcd2d96-3b26-4980-9158-3ab3e48bf160,substation,osm,way/87538349,overpass-2026-08-05,name_osm_upstream,,inferred,2026-08-05,OSM 上流を直接照会 2026-08-05; name=讃岐変電所; voltage=500000;187000
dba87702-f006-45aa-9ac0-1231a7a0f85d,substation,osm,way/307942220,overpass-2026-08-05,name_osm_upstream,,inferred,2026-08-05,OSM 上流を直接照会 2026-08-05; name=阿波変電所; voltage=500000;187000
0f38b826-71bc-4d1d-9593-809f66f9cdb3,substation,osm,way/309044203,overpass-2026-08-05,name_osm_upstream,,inferred,2026-08-05,OSM 上流を直接照会 2026-08-05; name=国府変電所; voltage=187000;66000
d9f4e64f-6f90-45dc-9ad8-109c75543423,substation,osm,way/1037463614,overpass-2026-08-05,name_osm_upstream,,inferred,2026-08-05,OSM 上流を直接照会 2026-08-05; name=本川変電所; voltage=187000
407d3f9d-9a70-4e5d-9920-243bf3956c81,substation,osm,way/722673849,overpass-2026-08-05,name_osm_upstream,,inferred,2026-08-05,OSM 上流を直接照会 2026-08-05; name=阿南周波数変換所; voltage=500000
3591a1fb-70e4-4daf-8433-d5b37fe8a920,substation,osm,way/216953915,overpass-2026-08-05,name_osm_upstream,,inferred,2026-08-05,OSM 上流を直接照会 2026-08-05; name=ひむか変電所; voltage=500000;220000
09a9d654-fe2d-4ddf-9a98-497aa87edb79,substation,osm,way/187988970,overpass-2026-08-05,name_osm_upstream,,inferred,2026-08-05,OSM 上流を直接照会 2026-08-05; name=北九州変電所; voltage=500000;220000
540fd7d0-c461-432e-be21-16473ae308a6,substation,osm,way/215451416,overpass-2026-08-05,name_osm_upstream,,inferred,2026-08-05,OSM 上流を直接照会 2026-08-05; name=南九州変電所; voltage=500000;220000
4249e180-5f96-4230-a891-ffcec4f6970e,substation,osm,way/216956620,overpass-2026-08-05,name_osm_upstream,,inferred,2026-08-05,OSM 上流を直接照会 2026-08-05; name=宮崎変電所; voltage=500000
5b5b8151-c277-492c-a349-ada207b42b07,substation,osm,way/216778426,overpass-2026-08-05,name_osm_upstream,,inferred,2026-08-05,OSM 上流を直接照会 2026-08-05; name=東九州変電所; voltage=500000;220000
a8932fd2-9a3e-4a02-bc51-c1401c64a3c2,substation,osm,way/405626236,overpass-2026-08-05,name_osm_upstream,,inferred,2026-08-05,OSM 上流を直接照会 2026-08-05; name=熊本変電所; voltage=500000;220000;66000
44f83efb-1bbc-4a41-aad8-8e35e4aa3b03,substation,osm,way/201293312,overpass-2026-08-05,name_osm_upstream,,inferred,2026-08-05,OSM 上流を直接照会 2026-08-05; name=豊前変電所; voltage=500000;220000
94f37850-284f-4333-99fb-993c94d1ade1,substation,osm,way/203776442,overpass-2026-08-05,name_osm_upstream,,inferred,2026-08-05,OSM 上流を直接照会 2026-08-05; name=三池変電所; voltage=220000;110000;66000
00173bac-0eef-4d19-be24-a1eacc885982,substation,osm,way/296788490,overpass-2026-08-05,name_osm_upstream,,inferred,2026-08-05,OSM 上流を直接照会 2026-08-05; name=上津役変電所; voltage=220000;66000;6600
a3f7ebd7-e714-4bb9-a9a4-73848c944f34,substation,osm,way/171171672,overpass-2026-08-05,name_osm_upstream,,inferred,2026-08-05,OSM 上流を直接照会 2026-08-05; name=久留米変電所;久留米工務所; voltage=220000;66000
a855e2ac-6d01-41f3-842a-608981ed9794,substation,osm,way/216496817,overpass-2026-08-05,name_osm_upstream,,inferred,2026-08-05,OSM 上流を直接照会 2026-08-05; name=人吉変電所; voltage=220000;66000
1d73b977-5daf-46a0-9382-e2654cf8bfb0,substation,osm,way/744453597,overpass-2026-08-05,name_osm_upstream,,inferred,2026-08-05,OSM 上流を直接照会 2026-08-05; name=伊都変電所; voltage=220000;66000
2f4c283d-bd13-43e8-be85-d267ca671969,substation,osm,way/195047433,overpass-2026-08-05,name_osm_upstream,,inferred,2026-08-05,OSM 上流を直接照会 2026-08-05; name=住吉変電所; voltage=220000;66000;22000;6000
0f0052ac-8e22-4470-9929-7e551e81e9a6,substation,osm,way/744450488,overpass-2026-08-05,name_osm_upstream,,inferred,2026-08-05,OSM 上流を直接照会 2026-08-05; name=八代変電所; voltage=220000
b44d4b94-800f-4ffd-af05-e2feae9f7590,substation,osm,way/238813048,overpass-2026-08-05,name_osm_upstream,,inferred,2026-08-05,OSM 上流を直接照会 2026-08-05; name=出水変電所; voltage=220000
113050db-f01f-4521-9f3a-fa9d25bdd33c,substation,osm,way/304390660,overpass-2026-08-05,name_osm_upstream,,inferred,2026-08-05,OSM 上流を直接照会 2026-08-05; name=到津変電所; voltage=220000;66000
3149bc32-66d7-4363-a3cd-708a231f4710,substation,osm,way/238096118,overpass-2026-08-05,name_osm_upstream,,inferred,2026-08-05,OSM 上流を直接照会 2026-08-05; name=九州電力 北熊本変電所; voltage=220000;66000
19cd2c20-b0fb-405e-898e-be5b6476981e,substation,osm,way/405827724,overpass-2026-08-05,name_osm_upstream,,inferred,2026-08-05,OSM 上流を直接照会 2026-08-05; name=北長崎変電所; voltage=220000;66000
ece8e9ca-4a28-4232-90e8-3e4c194093df,substation,osm,way/405705606,overpass-2026-08-05,name_osm_upstream,,inferred,2026-08-05,OSM 上流を直接照会 2026-08-05; name=南宮崎変電所; voltage=220000;66000
dffdc0eb-b78a-47f0-bec2-3855c0cbf13b,substation,osm,way/216498433,overpass-2026-08-05,name_osm_upstream,,inferred,2026-08-05,OSM 上流を直接照会 2026-08-05; name=九州電力 南熊本変電所; voltage=220000;110000;66000
e8bf97be-ba03-48ac-83fc-70575f4eb402,substation,osm,way/185936794,overpass-2026-08-05,name_osm_upstream,,inferred,2026-08-05,OSM 上流を直接照会 2026-08-05; name=南福岡変電所; voltage=220000;66000
45842840-67d3-417d-8291-c9a64c0ec4c4,substation,osm,way/179122765,overpass-2026-08-05,name_osm_upstream,,inferred,2026-08-05,OSM 上流を直接照会 2026-08-05; name=九州電力 古賀変電所; voltage=220000;66000
2ca2c515-3618-4dcf-a99f-e6f0bf0d9917,substation,osm,way/201289289,overpass-2026-08-05,name_osm_upstream,,inferred,2026-08-05,OSM 上流を直接照会 2026-08-05; name=九州電力 唐津変電所; voltage=220000
4f7ba6da-76cf-4328-ac03-56223dcc7963,substation,osm,way/216949339,overpass-2026-08-05,name_osm_upstream,,inferred,2026-08-05,OSM 上流を直接照会 2026-08-05; name=大分変電所; voltage=220000;110000;66000
c2650c40-a1ee-4870-9546-c483578a0eb2,substation,osm,way/172143432,overpass-2026-08-05,name_osm_upstream,,inferred,2026-08-05,OSM 上流を直接照会 2026-08-05; name=山家変電所; voltage=220000;66000;6000
16c5726b-837a-4050-8281-c68d851b6fe6,substation,osm,way/216605551,overpass-2026-08-05,name_osm_upstream,,inferred,2026-08-05,OSM 上流を直接照会 2026-08-05; name=弓削変電所; voltage=220000;110000;66000
0d569b24-6d54-434a-9d8e-945375c12f09,substation,osm,way/1199776835,overpass-2026-08-05,name_osm_upstream,,inferred,2026-08-05,OSM 上流を直接照会 2026-08-05; name=新大分変電所; voltage=220000;66000
e4e45084-f5d4-4261-ac3f-17c72e2d9b6e,substation,osm,way/373870139,overpass-2026-08-05,name_osm_upstream,,inferred,2026-08-05,OSM 上流を直接照会 2026-08-05; name=新日向変電所; voltage=220000
490c0d23-59cb-483d-af1d-44bd56df626f,substation,osm,way/241875111,overpass-2026-08-05,name_osm_upstream,,inferred,2026-08-05,OSM 上流を直接照会 2026-08-05; name=東佐世保変電所; voltage=220000;66000
65c305a5-6b87-4dab-80f8-09175e7e8794,substation,osm,way/1199776830,overpass-2026-08-05,name_osm_upstream,,inferred,2026-08-05,OSM 上流を直接照会 2026-08-05; name=東大分変電所; voltage=220000;66000
a3e07d35-4967-4215-b1de-467c4edbc1f9,substation,osm,way/184180157,overpass-2026-08-05,name_osm_upstream,,inferred,2026-08-05,OSM 上流を直接照会 2026-08-05; name=東福岡変電所; voltage=220000;66000
a83a4415-58a6-4780-b000-efc7fe6fcf74,substation,osm,way/220707456,overpass-2026-08-05,name_osm_upstream,,inferred,2026-08-05,OSM 上流を直接照会 2026-08-05; name=松島変電所; voltage=220000;66000
8240220d-c12d-4cd9-9f41-73a2d5d2f79b,substation,osm,way/231762847,overpass-2026-08-05,name_osm_upstream,,inferred,2026-08-05,OSM 上流を直接照会 2026-08-05; name=柏田変電所; voltage=220000;66000;6000
e423863c-8726-4ee4-aaea-189cb85e03de,substation,osm,way/220698807,overpass-2026-08-05,name_osm_upstream,,inferred,2026-08-05,OSM 上流を直接照会 2026-08-05; name=武雄変電所; voltage=220000;110000;66000
0b0f2890-9f1a-41ed-9dea-a92442bc65f1,substation,osm,way/742292275,overpass-2026-08-05,name_osm_upstream,,inferred,2026-08-05,OSM 上流を直接照会 2026-08-05; name=海崎変電所; voltage=220000;110000;66000
dcc4763a-092c-4ae1-bf9e-9f18fae18817,substation,osm,way/219569064,overpass-2026-08-05,name_osm_upstream,,inferred,2026-08-05,OSM 上流を直接照会 2026-08-05; name=筑豊変電所; voltage=220000;66000
ec0556b2-4fd9-44e2-b4e4-2355dd77a4a6,substation,osm,way/1511234043,overpass-2026-08-05,name_osm_upstream,,inferred,2026-08-05,OSM 上流を直接照会 2026-08-05; name=苅田変電所; voltage=220000;66000
9ed391bc-89ed-450c-91ce-5b64b04beb3e,substation,osm,way/90806466,overpass-2026-08-05,name_osm_upstream,,inferred,2026-08-05,OSM 上流を直接照会 2026-08-05; name=西大分変電所; voltage=220000;66000
0305b4e0-7f10-42bf-a122-d1dbf6437be2,substation,osm,way/173152424,overpass-2026-08-05,name_osm_upstream,,inferred,2026-08-05,OSM 上流を直接照会 2026-08-05; name=西福岡変電所; voltage=220000;66000
97a08901-b554-4fe2-a068-3b1bad63ef51,substation,osm,way/239024744,overpass-2026-08-05,name_osm_upstream,,inferred,2026-08-05,OSM 上流を直接照会 2026-08-05; name=西谷変電所; voltage=220000;110000;66000
9ae5f65d-8b3c-4e66-a94c-00cf02dbd9c4,substation,osm,way/405827687,overpass-2026-08-05,name_osm_upstream,,inferred,2026-08-05,OSM 上流を直接照会 2026-08-05; name=諫早変電所; voltage=220000;66000
f129dc40-fa78-47a4-a50a-9f48702f1b37,substation,osm,way/195417957,overpass-2026-08-05,name_osm_upstream,,inferred,2026-08-05,OSM 上流を直接照会 2026-08-05; name=赤坂変電所; voltage=220000;66000
40d530e1-4337-4e21-97cb-63bffa798fae,substation,osm,way/373876262,overpass-2026-08-05,name_osm_upstream,,inferred,2026-08-05,OSM 上流を直接照会 2026-08-05; name=都城変電所; voltage=220000;66000
cd1543e6-00d8-4b9b-8424-1abd36df3a31,substation,osm,way/405827725,overpass-2026-08-05,name_osm_upstream,,inferred,2026-08-05,OSM 上流を直接照会 2026-08-05; name=長崎変電所; voltage=220000;66000
d35a3d0c-526e-4e21-a1c5-ce6636df5ab3,substation,osm,way/189776902,overpass-2026-08-05,name_osm_upstream,,inferred,2026-08-05,OSM 上流を直接照会 2026-08-05; name=門司変電所; voltage=220000;66000
e2756390-e12e-4a22-9575-8f6a70245075,substation,osm,way/373883352,overpass-2026-08-05,name_osm_upstream,,inferred,2026-08-05,OSM 上流を直接照会 2026-08-05; name=霧島変電所; voltage=220000;66000
ceb5788e-855b-408d-b1f5-f73dcb02f190,substation,osm,way/218035208,overpass-2026-08-05,name_osm_upstream,,inferred,2026-08-05,OSM 上流を直接照会 2026-08-05; name=高野系統開閉所; voltage=220000
8b645c7c-660b-4fd5-929f-40ccf153c50b,substation,osm,way/173793392,overpass-2026-08-05,name_osm_upstream,,inferred,2026-08-05,OSM 上流を直接照会 2026-08-05; name=鳥栖変電所; voltage=220000;66000
2fe87164-8eda-4b48-b0d9-8bb26fac957b,substation,osm,way/169993955,overpass-2026-08-05,name_osm_upstream,,inferred,2026-08-05,OSM 上流を直接照会 2026-08-05; name=新潟変電所; voltage=275000
f56c0500-757b-456c-b8c0-dfb01cddcbe3,substation,osm,way/783593582,overpass-2026-08-05,name_osm_upstream,,inferred,2026-08-05,OSM 上流を直接照会 2026-08-05; name=置賜変電所; voltage=154000;66000
fdad2382-0049-45c3-ba9b-2e7b11a6ad7a,substation,osm,way/316796028,overpass-2026-08-05,name_osm_upstream,,inferred,2026-08-05,OSM 上流を直接照会 2026-08-05; name=石巻変電所; voltage=275000;154000
e3db8a5f-b7d0-469e-bdc9-0c01918be90c,substation,osm,way/104024082,overpass-2026-08-05,name_osm_upstream,,inferred,2026-08-05,OSM 上流を直接照会 2026-08-05; name=西石巻変電所; voltage=154000;66000;33000;6600
95361b00-b573-49df-a81e-988a7898c2d7,substation,osm,way/317112023,overpass-2026-08-05,name_osm_upstream,,inferred,2026-08-05,OSM 上流を直接照会 2026-08-05; name=南八戸変電所; voltage=154000
2124ef3f-1d9f-4a1c-af31-27feacf2ef75,substation,osm,way/321894844,overpass-2026-08-05,name_osm_upstream,,inferred,2026-08-05,OSM 上流を直接照会 2026-08-05; name=北岩手変電所; voltage=154000;66000
aebde89d-524a-4265-ad59-bf4ceb552d73,substation,osm,way/317112025,overpass-2026-08-05,name_osm_upstream,,inferred,2026-08-05,OSM 上流を直接照会 2026-08-05; name=宮古変電所; voltage=154000;66000
99477e1c-e6df-4f1e-b5a9-82a86ca62176,substation,osm,way/316838101,overpass-2026-08-05,name_osm_upstream,,inferred,2026-08-05,OSM 上流を直接照会 2026-08-05; name=東白石変電所; voltage=154000
dcc4f5d2-61fb-4727-9540-e83003fc567c,substation,osm,way/716660669,overpass-2026-08-05,name_osm_upstream,,inferred,2026-08-05,OSM 上流を直接照会 2026-08-05; name=南津軽変電所; voltage=154000;66000;33000
b4b61766-1d9b-41f1-97a4-3a3771ef67a1,substation,osm,way/317112019,overpass-2026-08-05,name_osm_upstream,,inferred,2026-08-05,OSM 上流を直接照会 2026-08-05; name=五戸変電所; voltage=275000;154000
8a835ad2-d3c8-4e04-9c0b-2bdc2ce5ca74,substation,osm,way/302164679,overpass-2026-08-05,name_osm_upstream,,inferred,2026-08-05,OSM 上流を直接照会 2026-08-05; name=能代変電所; voltage=275000
4ac2e9f7-af61-402a-8b9c-3eaed56d0538,substation,osm,way/316566588,overpass-2026-08-05,name_osm_upstream,,inferred,2026-08-05,OSM 上流を直接照会 2026-08-05; name=水沢変電所; voltage=275000;154000
358c6eb7-969e-4491-a91f-1fa34da71a9c,substation,osm,way/521973703,overpass-2026-08-05,name_osm_upstream,,inferred,2026-08-05,OSM 上流を直接照会 2026-08-05; name=一関変電所; voltage=154000;66000;33000
f56efc39-10e0-4d16-9d8c-a742ba2d0d66,substation,osm,way/316581626,overpass-2026-08-05,name_osm_upstream,,inferred,2026-08-05,OSM 上流を直接照会 2026-08-05; name=気仙沼変電所; voltage=154000;66000
baa5b5bd-bf7f-4a6b-9643-bf4090fd4a14,substation,osm,way/321876513,overpass-2026-08-05,name_osm_upstream,,inferred,2026-08-05,OSM 上流を直接照会 2026-08-05; name=八戸変電所; voltage=154000
129adad5-8392-4665-8fe1-a5af8d3d95a9,substation,osm,way/293714068,overpass-2026-08-05,name_osm_upstream,,inferred,2026-08-05,OSM 上流を直接照会 2026-08-05; name=雫石開閉所; voltage=275000
54e4793c-ec18-4255-810d-4d71c75f1a1a,substation,osm,way/785319805,overpass-2026-08-05,name_osm_upstream,,inferred,2026-08-05,OSM 上流を直接照会 2026-08-05; name=宮城中央変電所; voltage=500000;275000
7b4d7479-b5f9-4213-aefb-5c6b0c94e0da,substation,osm,way/325054646,overpass-2026-08-05,name_osm_upstream,,inferred,2026-08-05,OSM 上流を直接照会 2026-08-05; name=西村山変電所; voltage=154000;66000
dd150df8-c1c2-47ac-8eea-66284d8fe704,substation,osm,way/173145744,overpass-2026-08-05,name_osm_upstream,,inferred,2026-08-05,OSM 上流を直接照会 2026-08-05; name=御所野変電所; voltage=154000;66000
f0489d18-a968-49dd-b082-9dd516b7e70d,substation,osm,way/325033895,overpass-2026-08-05,name_osm_upstream,,inferred,2026-08-05,OSM 上流を直接照会 2026-08-05; name=由利変電所; voltage=154000
95f70c10-137e-4e54-8b9a-c77d0c99b75e,substation,osm,way/326125856,overpass-2026-08-05,name_osm_upstream,,inferred,2026-08-05,OSM 上流を直接照会 2026-08-05; name=庄内変電所; voltage=154000
42fcae4c-8c5e-4c33-951e-1e00a0de46f2,substation,osm,way/319313779,overpass-2026-08-05,name_osm_upstream,,inferred,2026-08-05,OSM 上流を直接照会 2026-08-05; name=坂町変電所; voltage=154000;66000
1d810b42-a6ae-4e7c-8a16-d8fcb39d47c2,substation,osm,way/325304501,overpass-2026-08-05,name_osm_upstream,,inferred,2026-08-05,OSM 上流を直接照会 2026-08-05; name=東山形変電所; voltage=154000;66000
b2fea909-8f67-4d7c-b442-38c5a6f95369,substation,osm,way/291411215,overpass-2026-08-05,name_osm_upstream,,inferred,2026-08-05,OSM 上流を直接照会 2026-08-05; name=西福島変電所; voltage=154000;66000
4d4b5195-5b77-4b31-be32-6a9d05466a75,substation,osm,way/317389572,overpass-2026-08-05,name_osm_upstream,,inferred,2026-08-05,OSM 上流を直接照会 2026-08-05; name=山形変電所; voltage=154000;66000
c19cb168-4a16-4eea-9229-4b765d8bed55,substation,osm,way/317056307,overpass-2026-08-05,name_osm_upstream,,inferred,2026-08-05,OSM 上流を直接照会 2026-08-05; name=大船渡変電所; voltage=154000
3160e5d7-90c6-4fed-8967-33e384e7d53d,substation,osm,way/250430935,overpass-2026-08-05,name_osm_upstream,,inferred,2026-08-05,OSM 上流を直接照会 2026-08-05; name=米沢変電所; voltage=275000;66000
1c1313c6-dbe2-443d-a3bf-2b1c13ef384c,substation,osm,way/323343997,overpass-2026-08-05,name_osm_upstream,,inferred,2026-08-05,OSM 上流を直接照会 2026-08-05; name=大仙変電所; voltage=154000;66000;6600
53627c85-1c88-44d5-ad69-217ce192c8c4,substation,osm,way/317376283,overpass-2026-08-05,name_osm_upstream,,inferred,2026-08-05,OSM 上流を直接照会 2026-08-05; name=大館変電所 (Ōdate Hendensho); voltage=154000
4b240e49-50e8-47f1-829e-f0383be26552,substation,osm,way/316727625,overpass-2026-08-05,name_osm_upstream,,inferred,2026-08-05,OSM 上流を直接照会 2026-08-05; name=羽後変電所; voltage=275000;66000
c36121bf-044e-45db-8869-de1c3561c1cd,substation,osm,way/308348224,overpass-2026-08-05,name_osm_upstream,,inferred,2026-08-05,OSM 上流を直接照会 2026-08-05; name=新庄変電所; voltage=275000
64b5feb5-0c83-428a-8553-a2a272690f4d,substation,osm,way/104978954,overpass-2026-08-05,name_osm_upstream,,inferred,2026-08-05,OSM 上流を直接照会 2026-08-05; name=駒ヶ嶺変電所; voltage=154000;66000;6600
d97a294c-a214-4244-9c7c-e94df08031ca,substation,osm,way/317389571,overpass-2026-08-05,name_osm_upstream,,inferred,2026-08-05,OSM 上流を直接照会 2026-08-05; name=西山形変電所; voltage=275000;154000
9033371b-a953-4609-b620-dffd88a0d9cd,substation,osm,way/318218831,overpass-2026-08-05,name_osm_upstream,,inferred,2026-08-05,OSM 上流を直接照会 2026-08-05; name=越後開閉所; voltage=275000
44618726-8860-423d-8214-f4c2eb353d49,substation,osm,way/106076988,overpass-2026-08-05,name_osm_upstream,,inferred,2026-08-05,OSM 上流を直接照会 2026-08-05; name=宮城変電所; voltage=500000;275000;154000;66000
2df430c6-c40a-48d7-9e5e-7756be6e2d22,substation,osm,way/326125842,overpass-2026-08-05,name_osm_upstream,,inferred,2026-08-05,OSM 上流を直接照会 2026-08-05; name=酒田変電所; voltage=154000;66000
95fbef92-aa0e-4158-80b5-fd3fcf7ee476,substation,osm,way/678959025,overpass-2026-08-05,name_osm_upstream,,inferred,2026-08-05,OSM 上流を直接照会 2026-08-05; name=酒田北港変電所; voltage=154000;66000
5add5c1c-ed64-4b3f-bfc7-db674de4d0db,substation,osm,way/785572550,overpass-2026-08-05,name_osm_upstream,,inferred,2026-08-05,OSM 上流を直接照会 2026-08-05; name=新山変電所; voltage=154000
f1f89bc4-37f2-4d61-b31f-9bedd159fe32,substation,osm,way/323474245,overpass-2026-08-05,name_osm_upstream,,inferred,2026-08-05,OSM 上流を直接照会 2026-08-05; name=北盛岡変電所; voltage=154000;66000;6600
398686db-c336-47f5-8a74-a0b66af8cf2e,substation,osm,way/316844582,overpass-2026-08-05,name_osm_upstream,,inferred,2026-08-05,OSM 上流を直接照会 2026-08-05; name=盛岡変電所; voltage=154000
1874de81-9355-43de-9846-5f65a7f18ba4,substation,osm,way/174636874,overpass-2026-08-05,name_osm_upstream,,inferred,2026-08-05,OSM 上流を直接照会 2026-08-05; name=岩手変電所; voltage=500000;275000;154000
1a765da9-6d3a-4f8d-a885-3239586c4a9b,substation,osm,way/302164677,overpass-2026-08-05,name_osm_upstream,,inferred,2026-08-05,OSM 上流を直接照会 2026-08-05; name=秋田変電所; voltage=275000;154000;66000
8f9f8959-f033-4a36-9cb4-447e74a98cf0,substation,osm,way/170016148,overpass-2026-08-05,name_osm_upstream,,inferred,2026-08-05,OSM 上流を直接照会 2026-08-05; name=北新潟変電所; voltage=275000
aae309d0-d45e-4237-b7a7-e5b2fdd29022,substation,osm,way/1017577797,overpass-2026-08-05,name_osm_upstream,,inferred,2026-08-05,OSM 上流を直接照会 2026-08-05; name=北福島変電所; voltage=154000;66000
b7413163-c359-4887-a876-c45ab56ab58f,substation,osm,way/107262429,overpass-2026-08-05,name_osm_upstream,,inferred,2026-08-05,OSM 上流を直接照会 2026-08-05; name=福島変電所; voltage=275000
f3ab562c-2316-45ad-bc0a-2ddd17f9e2d3,substation,osm,way/745540952,overpass-2026-08-05,name_osm_upstream,,inferred,2026-08-05,OSM 上流を直接照会 2026-08-05; name=名取変電所; voltage=275000;154000
7487d56b-cf27-4568-8347-6e31c804ffd8,substation,osm,way/612088480,overpass-2026-08-05,name_osm_upstream,,inferred,2026-08-05,OSM 上流を直接照会 2026-08-05; name=白糠変電所; voltage=154000;66000;6600
531e0c00-3332-44f9-818d-2391a18726df,substation,osm,way/318193036,overpass-2026-08-05,name_osm_upstream,,inferred,2026-08-05,OSM 上流を直接照会 2026-08-05; name=下北変電所; voltage=154000
f25e122c-9483-47b2-a882-680f43020aac,substation,osm,way/103818820,overpass-2026-08-05,name_osm_upstream,,inferred,2026-08-05,OSM 上流を直接照会 2026-08-05; name=仙台変電所; voltage=275000
ffba5b20-dc9f-4354-a0f2-eec350d74c25,substation,osm,way/715439767,overpass-2026-08-05,name_osm_upstream,,inferred,2026-08-05,OSM 上流を直接照会 2026-08-05; name=浦町変電所; voltage=154000;66000;6600
1b29a990-c2b9-4ceb-a944-9a7d49f864b0,substation,osm,way/321876731,overpass-2026-08-05,name_osm_upstream,,inferred,2026-08-05,OSM 上流を直接照会 2026-08-05; name=六戸変電所; voltage=154000;66000;6600
fc1c628e-23e0-47cd-ace4-23f87318ab0e,substation,osm,way/659138214,overpass-2026-08-05,name_osm_upstream,,inferred,2026-08-05,OSM 上流を直接照会 2026-08-05; name=西仙台変電所; voltage=500000;275000;154000
6a5d1c43-7568-4b49-90f4-2cb6ad0acca2,substation,osm,way/103748362,overpass-2026-08-05,name_osm_upstream,,inferred,2026-08-05,OSM 上流を直接照会 2026-08-05; name=東若林変電所; voltage=154000
c7fecadd-4a47-4a2e-8599-7271a0608e33,substation,osm,way/104055891,overpass-2026-08-05,name_osm_upstream,,inferred,2026-08-05,OSM 上流を直接照会 2026-08-05; name=南仙台変電所; voltage=154000;66000
5ea7ec3f-c588-4d78-9c8e-069246d454fb,substation,osm,way/829088696,overpass-2026-08-05,name_osm_upstream,,inferred,2026-08-05,OSM 上流を直接照会 2026-08-05; name=根白石変電所; voltage=154000
2ce35639-943f-4c6c-a97e-7d6ba5975ab3,substation,osm,way/325304504,overpass-2026-08-05,name_osm_upstream,,inferred,2026-08-05,OSM 上流を直接照会 2026-08-05; name=愛子変電所; voltage=154000;33000;6600
7497e5bb-0dc4-4d11-af30-100212245d2f,substation,osm,way/325304502,overpass-2026-08-05,name_osm_upstream,,inferred,2026-08-05,OSM 上流を直接照会 2026-08-05; name=中山変電所; voltage=154000
b362bf05-e904-4295-ac81-970ec0890ad9,substation,osm,way/308203816,overpass-2026-08-05,name_osm_upstream,,inferred,2026-08-05,OSM 上流を直接照会 2026-08-05; name=明通変電所; voltage=154000
6de868bb-ddbc-4b59-9a67-0dcd1030c6ec,substation,osm,way/829088689,overpass-2026-08-05,name_osm_upstream,,inferred,2026-08-05,OSM 上流を直接照会 2026-08-05; name=高森変電所; voltage=154000
f3a431f9-d9f7-4d9a-ad1c-c8583d423bf7,substation,osm,way/548888573,overpass-2026-08-05,name_osm_upstream,,inferred,2026-08-05,OSM 上流を直接照会 2026-08-05; name=仙台港変電所; voltage=154000;66000
f1d8d6cc-73c0-4c82-b682-f6484916e685,substation,osm,way/125629855,overpass-2026-08-05,name_osm_upstream,,inferred,2026-08-05,OSM 上流を直接照会 2026-08-05; name=新津変電所; voltage=154000
73c76b22-f4fd-40ad-b9a4-3f4df9810569,substation,osm,way/1028585692,overpass-2026-08-05,name_osm_upstream,,inferred,2026-08-05,OSM 上流を直接照会 2026-08-05; name=豊栄変電所; voltage=154000;66000
97bf6602-9068-4d51-8a2d-c62fe04d375d,substation,osm,way/293478778,overpass-2026-08-05,name_osm_upstream,,inferred,2026-08-05,OSM 上流を直接照会 2026-08-05; name=三条変電所; voltage=154000
b663360d-3890-4567-8592-ed51a1ed0e1e,substation,osm,way/170197083,overpass-2026-08-05,name_osm_upstream,,inferred,2026-08-05,OSM 上流を直接照会 2026-08-05; name=中新潟変電所; voltage=154000;66000
b6a79dce-7da0-43e6-9145-06d0ae4ae125,substation,osm,way/1028585619,overpass-2026-08-05,name_osm_upstream,,inferred,2026-08-05,OSM 上流を直接照会 2026-08-05; name=新飯田変電所; voltage=154000
7106b3b6-8579-49a7-b5fa-a31ec07b8e40,substation,osm,way/721952037,overpass-2026-08-05,name_osm_upstream,,inferred,2026-08-05,OSM 上流を直接照会 2026-08-05; name=北上変電所; voltage=154000;66000
ce64ff2e-6bd2-4a07-9275-9f799887816a,substation,osm,way/721786411,overpass-2026-08-05,name_osm_upstream,,inferred,2026-08-05,OSM 上流を直接照会 2026-08-05; name=東花巻変電所; voltage=275000;154000
4d6c4271-06ae-4641-89cc-ad5e73a81f99,substation,osm,way/618344826,overpass-2026-08-05,diagram_verified_osm,,inferred,2026-08-05,"原図照合で確定 2026-08-05; →塩尻送電所 (operator=東京電力パワーグリッド, voltage=154; conf=strong; tepco-keitozu-154kv-fy2024.pdf p6; osm_name=塩尻送電所"
3cb00106-88e0-460c-9ce1-2b60624f7753,substation,osm,way/618344841,overpass-2026-08-05,diagram_verified_osm,,inferred,2026-08-05,原図照合で確定 2026-08-05; →南条変電所(北陸電力送配電 HSS010); conf=medium; rikuden-keitozu-jisseki-kikan275kVijou-unknown.pdf p1; osm_name=
5eee2701-40fe-4abe-849f-86a60b61e7ae,substation,osm,way/116559939,overpass-2026-08-05,diagram_verified_osm,,inferred,2026-08-05,原図照合で確定 2026-08-05; →東栄変電所(中部電力パワーグリッド 站番号7); conf=medium; chuden-keitozu-tougou-unknown.pdf p1; osm_name=
9d1e939c-738b-46ca-aef4-279a6bbe68d0,substation,osm,way/184886009,overpass-2026-08-05,diagram_verified_osm,,inferred,2026-08-05,原図照合で確定 2026-08-05; →川越変電所(中部電力パワーグリッド 站番号3610); conf=medium; chuden-keitozu-tougou-unknown.pdf p1; osm_name=
15bc8926-ce1d-4619-8643-15fca1063117,substation,osm,way/179971423,overpass-2026-08-05,diagram_verified_osm,,inferred,2026-08-05,原図照合で確定 2026-08-05; →南九条変電所; conf=medium; hepco-keitozu-187kv-unknown.pdf p1; osm_name=
