uuid,name_official,operator,region,voltage_kv,from_substation,to_substation,n_circuits,is_underground,via_stations,status,valid_from,valid_to,source_ref,confidence,updated_at,notes,tier,link_class
7a2c0531-c297-4e38-8a31-e385ec8b8b77,,北海道電力ネットワーク,hokkaido,DC,3d4fcf19-4a34-428a-aa0c-acc95a65a437,12d4037d-527e-49c3-a6fa-18e079887a0a,,,,closed,,2026-08-03,hokkaido-keitozu-hokkaido_kikan,extracted,2026-08-03,北本直流連系;ev:凡例最太線（線幅6pt・実線＝直流送電線）が今別変換所の箱記号から北斗変換所の箱記号まで連続。図中に送電線番号の表記なし | 移管: region=inter の新北本行に置換(缝合pass),inter,intra
5524b66f-9d70-4af3-bc69-155005b3e0b1,2,北海道電力ネットワーク,hokkaido,275,8c6b44f2-975d-472e-9c1b-75a38b581450,0ac2023d-193c-434c-ad55-bfb34e1a9166,,,,active,,,hokkaido-keitozu-hokkaido_kikan,extracted,2026-08-03,ev:275kV線幅（4pt）の折線が西野母線から西当別母線まで連続、番号2が線上に付記,tier1,intra
3dc77c5b-ec32-4b39-962f-194ff468ec13,4,北海道電力ネットワーク,hokkaido,275,8c6b44f2-975d-472e-9c1b-75a38b581450,55580219-56bd-449b-9f20-c01ed0e215b0,,,,active,,,hokkaido-keitozu-hokkaido_kikan,extracted,2026-08-03,ev:275kV縦線が西野母線と西双葉母線を直結、番号4が線上,tier1,intra
4db744dd-f732-47e3-a15a-d4a55128d1ca,45,北海道電力ネットワーク,hokkaido,275,55580219-56bd-449b-9f20-c01ed0e215b0,12d4037d-527e-49c3-a6fa-18e079887a0a,,,,active,,,hokkaido-keitozu-hokkaido_kikan,extracted,2026-08-03,ev:275kV線が西双葉から南西へ下り北斗変換所の箱記号を貫通、上半分に番号45,tier1,intra
526d79ec-6d38-4bd2-ad93-cbe5cff918b2,46,北海道電力ネットワーク,hokkaido,275,12d4037d-527e-49c3-a6fa-18e079887a0a,c9fbf84e-d811-43a2-8060-7d87b5b13897,,,,active,,,hokkaido-keitozu-hokkaido_kikan,extracted,2026-08-03,ev:同一275kV線の北斗変換所より下側、大野の275kV母線に着線、番号46,tier1,intra
b1d169c3-ab83-48fc-a63c-82e9d1d04cd2,,北海道電力ネットワーク,hokkaido,275,55580219-56bd-449b-9f20-c01ed0e215b0,ccc2966f-7ca4-4ba5-90ec-632289b32ac8,,,,closed,,2026-08-03,hokkaido-keitozu-hokkaido_kikan,extracted,2026-08-03,番号未特定;uncertain;ev:西双葉母線と双葉母線を結ぶ275kV線幅の短い水平線を確認。近傍に送電線番号の表記を特定できず | closed per hokkaido_verdicts.csv#route:(番号なし) 275 西双葉-双葉,tier1,intra
fbcda876-d39b-4f05-bb5a-a6f6854547a9,9,北海道電力ネットワーク,hokkaido,275,55580219-56bd-449b-9f20-c01ed0e215b0,49261cc8-fb63-4b94-b176-5762189bf154,,,,active,,,hokkaido-keitozu-hokkaido_kikan,extracted,2026-08-03,ev:双葉から南早来まで275kV線幅の長い曲線が連続、番号9が線上,tier1,intra
1f31ba8a-ce2b-493c-96e9-7a77788a4a63,12,北海道電力ネットワーク,hokkaido,275,0ac2023d-193c-434c-ad55-bfb34e1a9166,49261cc8-fb63-4b94-b176-5762189bf154,,,,active,,,hokkaido-keitozu-hokkaido_kikan,extracted,2026-08-03,西当別側に小さな機器記号あり;ev:275kV線幅の長い縦線(x≈561)が西当別から南早来まで連続、番号12が線上。187kVの線61とは交差のみ（線幅が異なり接続点なし）,tier1,intra
0b9c9fa1-8ed0-4a35-9aa1-4e25978c4305,71・72,北海道電力ネットワーク,hokkaido,275,49261cc8-fb63-4b94-b176-5762189bf154,b5e88418-c9c0-42a6-99f9-b6a2444987b7,,,,active,,,hokkaido-keitozu-hokkaido_kikan,extracted,2026-08-03,途中に折点あり;ev:275kV線幅で南早来から北新得へ連続、区間に番号71と72が付記,tier1,intra
2f3c9426-7786-41e2-a090-f7ff92c91055,61,北海道電力ネットワーク,hokkaido,187,0ac2023d-193c-434c-ad55-bfb34e1a9166,8abf72d4-2323-4ab6-b17c-38d4fc254ad0,,,,active,,,hokkaido-keitozu-hokkaido_kikan,extracted,2026-08-03,ev:187kV線幅の水平線が西当別母線から旭川嵐山母線まで連続、番号61,tier2,intra
2b5fefc3-6db1-40c8-8b54-cc479cbcdc6c,63,北海道電力ネットワーク,hokkaido,187,8abf72d4-2323-4ab6-b17c-38d4fc254ad0,bad980e6-e8fc-4637-b7da-7a7b6dafbdf2,,,,active,,,hokkaido-keitozu-hokkaido_kikan,extracted,2026-08-03,ev:旭川嵐山母線から北へ縦線、西名寄の円記号に着線、番号63,tier2,intra
fc88b1df-8dd6-433b-8dbd-3c42b038396d,64,北海道電力ネットワーク,hokkaido,187,705cd53e-9ada-47d3-bbb2-689363e5a7c6,bad980e6-e8fc-4637-b7da-7a7b6dafbdf2,,,,active,,,hokkaido-keitozu-hokkaido_kikan,extracted,2026-08-03,ev:西中川の円記号(228)から西名寄の母線へ水平線、番号64,tier2,intra
60762730-a6af-47aa-8481-88d76cde1a7f,62,北海道電力ネットワーク,hokkaido,187,8abf72d4-2323-4ab6-b17c-38d4fc254ad0,38b37758-1edd-4eba-86ba-46e73a2d7a68,,,,active,,,hokkaido-keitozu-hokkaido_kikan,extracted,2026-08-03,ev:旭川嵐山母線から北東へ、旭川の母線・円記号(203)に着線、番号62,tier2,intra
dbec3f75-be55-4ca4-aaa1-229321cf15c8,66,北海道電力ネットワーク,hokkaido,187,8abf72d4-2323-4ab6-b17c-38d4fc254ad0,2dfe59c5-35e9-4450-bad2-9a999a97f400,,,,active,,,hokkaido-keitozu-hokkaido_kikan,extracted,2026-08-03,ev:旭川嵐山から南下する縦線が西旭川の母線を横切る、上区間に番号66,tier2,intra
4193f49a-f35c-42d2-88c4-4672f7e7b55d,67,北海道電力ネットワーク,hokkaido,187,2dfe59c5-35e9-4450-bad2-9a999a97f400,37a77da3-8f58-45b4-979e-30777082dde6,,,,active,,,hokkaido-keitozu-hokkaido_kikan,extracted,2026-08-03,ev:同縦線の西旭川より下側、西滝川の母線に着線、番号67,tier2,intra
4d35b339-f91d-4063-81ea-b42492307d17,69,北海道電力ネットワーク,hokkaido,187,d57e14b2-41d9-4be2-876a-939acdd6cb6c,24d3b564-135a-46ad-ac93-bcc4e351669c,,,,active,,,hokkaido-keitozu-hokkaido_kikan,extracted,2026-08-03,ev:y≈478の長い水平線の西半分。北江別の引下線と接続、番号69,tier2,intra
606cc07b-6c08-4480-9320-41242ec8a49d,68,北海道電力ネットワーク,hokkaido,187,24d3b564-135a-46ad-ac93-bcc4e351669c,37a77da3-8f58-45b4-979e-30777082dde6,,,,active,,,hokkaido-keitozu-hokkaido_kikan,extracted,2026-08-03,ev:同水平線の東半分、西滝川の母線に着線、番号68,tier2,intra
7a2d53c6-3fea-49d7-8765-4f6805c2985d,42,北海道電力ネットワーク,hokkaido,187,0ac2023d-193c-434c-ad55-bfb34e1a9166,d57e14b2-41d9-4be2-876a-939acdd6cb6c,,,,active,,,hokkaido-keitozu-hokkaido_kikan,extracted,2026-08-03,ev:x≈495の長い縦線。西当別母線から南下し北江別の引出母線と交差接続、番号42,tier2,intra
20e913e1-a31b-49e6-82ba-581d7c274d2c,41,北海道電力ネットワーク,hokkaido,187,d57e14b2-41d9-4be2-876a-939acdd6cb6c,28ec472c-5d5b-4b72-91bb-d9b4a397bb84,,,,active,,,hokkaido-keitozu-hokkaido_kikan,extracted,2026-08-03,ev:同縦線の北江別－南札幌間、番号41,tier2,intra
332c432d-8a1e-444e-bde8-603e7b397334,40,北海道電力ネットワーク,hokkaido,187,28ec472c-5d5b-4b72-91bb-d9b4a397bb84,428a1b46-73e6-4c87-9712-30331229dab8,,,,active,,,hokkaido-keitozu-hokkaido_kikan,extracted,2026-08-03,他社設備;ev:同縦線の南札幌－恵庭間、番号40。この区間は破線＝他社設備,tier2,intra
4149a8a8-b91e-403f-aa8b-ad037c3d002d,39,北海道電力ネットワーク,hokkaido,187,428a1b46-73e6-4c87-9712-30331229dab8,96358fb6-8d7e-45c8-a004-3bbf37eb29d6,,,,active,,,hokkaido-keitozu-hokkaido_kikan,extracted,2026-08-03,他社設備;ev:同縦線の恵庭－追分間、番号39。破線＝他社設備,tier2,intra
7778ca75-649c-4339-9b44-169407642c75,38,北海道電力ネットワーク,hokkaido,187,96358fb6-8d7e-45c8-a004-3bbf37eb29d6,49261cc8-fb63-4b94-b176-5762189bf154,,,,active,,,hokkaido-keitozu-hokkaido_kikan,extracted,2026-08-03,ev:追分母線から南下し南早来の187kV母線に着線、番号38,tier2,intra
2b60f0ee-db5d-4772-8556-ea84a5c56d0d,22,北海道電力ネットワーク,hokkaido,187,0ac2023d-193c-434c-ad55-bfb34e1a9166,8992a0d1-6e95-4287-b023-bde156eb02ef,,,,active,,,hokkaido-keitozu-hokkaido_kikan,extracted,2026-08-03,ev:西当別母線から南西へ斜線、篠路母線に着線、番号22,tier2,intra
10483dae-d8d9-4379-9857-e169cb28d0be,23,北海道電力ネットワーク,hokkaido,187,8992a0d1-6e95-4287-b023-bde156eb02ef,2fd2d155-394f-435b-9dbe-d76ea0be66a0,,,,active,,,hokkaido-keitozu-hokkaido_kikan,extracted,2026-08-03,ev:篠路母線と西札幌母線を結ぶ斜線、番号23,tier2,intra
19ab667d-fd62-49a2-8b66-2f8110eff484,24,北海道電力ネットワーク,hokkaido,187,2fd2d155-394f-435b-9dbe-d76ea0be66a0,8c6b44f2-975d-472e-9c1b-75a38b581450,,,,active,,,hokkaido-keitozu-hokkaido_kikan,extracted,2026-08-03,ev:西札幌母線から南西へ、西野母線に着線、番号24,tier2,intra
c73f45fa-f1ea-48ad-bf8d-2f3f574c973c,21,北海道電力ネットワーク,hokkaido,187,0ac2023d-193c-434c-ad55-bfb34e1a9166,2c23146d-0895-4c02-98be-efe9bac0b496,,,,active,,,hokkaido-keitozu-hokkaido_kikan,extracted,2026-08-03,ev:西当別母線から南西へ斜線、苗穂の引上線に接続、番号21,tier2,intra
dc4ecadf-7d58-41ca-98ef-cb5317c05004,28,北海道電力ネットワーク,hokkaido,187,8c6b44f2-975d-472e-9c1b-75a38b581450,15bc8926-ce1d-4619-8643-15fca1063117,,,,active,,,hokkaido-keitozu-hokkaido_kikan,extracted,2026-08-03,ev:西野母線から南東へ斜線、南九条の引上線に接続、番号28,tier2,intra
83ac53d5-1826-45ad-8425-25fa0ccec1a0,29,北海道電力ネットワーク,hokkaido,187,a806ef56-6d79-4dc6-bf4b-bb85986c1136,8c6b44f2-975d-472e-9c1b-75a38b581450,,,,active,,,hokkaido-keitozu-hokkaido_kikan,extracted,2026-08-03,ev:西小樽の母線から南東へ斜線、西野母線に着線、番号29。途中275kV線とは交差のみ,tier2,intra
99b0f40c-6fed-407f-8517-66ee9eb798a7,25,北海道電力ネットワーク,hokkaido,187,8c6b44f2-975d-472e-9c1b-75a38b581450,ccc2966f-7ca4-4ba5-90ec-632289b32ac8,,,,active,,,hokkaido-keitozu-hokkaido_kikan,extracted,2026-08-03,ev:x≈250の縦線が西野母線と双葉母線を直結、番号25,tier2,intra
2eada0d6-4a0e-409d-9d9c-33cbf803f36f,30,北海道電力ネットワーク,hokkaido,187,ccc2966f-7ca4-4ba5-90ec-632289b32ac8,3d54a2e0-84e6-409f-addc-a254bd6b6aac,,,,active,,,hokkaido-keitozu-hokkaido_kikan,extracted,2026-08-03,ev:双葉から南東へ長い斜線、苫小牧の母線に着線、番号30,tier2,intra
8fc17d89-2792-4891-b124-29e596c3fa70,26,北海道電力ネットワーク,hokkaido,187,ccc2966f-7ca4-4ba5-90ec-632289b32ac8,71a288fa-5de4-40a0-8fb5-413dac861c8a,,,,active,,,hokkaido-keitozu-hokkaido_kikan,extracted,2026-08-03,ev:x≈300の縦線が双葉母線から西室蘭母線まで連続、番号26,tier2,intra
dccb2f44-4bb9-4cb5-9b05-b6b376ef7e84,53・54・55,北海道電力ネットワーク,hokkaido,187,ccc2966f-7ca4-4ba5-90ec-632289b32ac8,0f2648c6-35c0-46ed-9d4f-3fe792ea8b59,,,,active,,,hokkaido-keitozu-hokkaido_kikan,extracted,2026-08-03,途中に発電所番号(06401)(01004)の発電所が分岐;ev:双葉から南西へ長い直線が北七飯の187kV母線に着線。区間ごとに53(上)/54(中)/55(下),tier2,intra
502b318f-c7cb-4aa2-a0cf-90c1e3a5012b,27,北海道電力ネットワーク,hokkaido,187,71a288fa-5de4-40a0-8fb5-413dac861c8a,ecda9e4a-ff3b-4e1e-be02-fd6834c65f65,,,,active,,,hokkaido-keitozu-hokkaido_kikan,extracted,2026-08-03,ev:y≈125の水平線が西室蘭母線と室蘭母線を結ぶ、番号27,tier2,intra
4ba4d80e-0fc2-48e1-9071-b31d395a7fff,31,北海道電力ネットワーク,hokkaido,187,71a288fa-5de4-40a0-8fb5-413dac861c8a,959fa47c-def3-4b8c-9f9b-d9b38e18ded1,,,,active,,,hokkaido-keitozu-hokkaido_kikan,extracted,2026-08-03,ev:x≈292の縦線が西室蘭母線から西伊達の母線へ、番号31,tier2,intra
6dae0b42-609b-4c10-90f6-3eed825982ad,33,北海道電力ネットワーク,hokkaido,187,3d54a2e0-84e6-409f-addc-a254bd6b6aac,ecda9e4a-ff3b-4e1e-be02-fd6834c65f65,,,,active,,,hokkaido-keitozu-hokkaido_kikan,extracted,2026-08-03,ev:x≈392の縦線が苫小牧母線と室蘭母線を結ぶ、番号33,tier2,intra
7563dfea-e5f4-4654-8f17-ad6cfa28a6eb,34,北海道電力ネットワーク,hokkaido,187,3d54a2e0-84e6-409f-addc-a254bd6b6aac,05dfb24f-e8f8-4b96-b193-c390567c63ec,,,,active,,,hokkaido-keitozu-hokkaido_kikan,extracted,2026-08-03,ev:苫小牧母線から南東へ斜線、東苫小牧の母線に着線、番号34,tier2,intra
c04d03fa-1637-45f1-aaf7-e2311386c2f1,36・35,北海道電力ネットワーク,hokkaido,187,49261cc8-fb63-4b94-b176-5762189bf154,05dfb24f-e8f8-4b96-b193-c390567c63ec,,,,active,,,hokkaido-keitozu-hokkaido_kikan,extracted,2026-08-03,途中に発電所番号(06501)が分岐;ev:x≈502の縦線が南早来母線から東苫小牧の円記号(224)まで連続、上区間36・下区間35,tier2,intra
80e89e95-31eb-4c5f-a442-e27e300d5fc5,89,北海道電力ネットワーク,hokkaido,187,49261cc8-fb63-4b94-b176-5762189bf154,cd3eb2da-4914-4f4b-ba89-d1f25d3c1d78,,,,active,,,hokkaido-keitozu-hokkaido_kikan,extracted,2026-08-03,uncertain;ev:南早来母線から東へ斜線、岩清水付近の母線に着線、番号89。着点が岩清水か春別かは断定できず,tier2,intra
5e149888-f2b4-4ffb-8adf-155ce265a19b,48,北海道電力ネットワーク,hokkaido,187,c9fbf84e-d811-43a2-8060-7d87b5b13897,22cd6d50-1406-4e9f-b425-850879b840cc,,,,active,,,hokkaido-keitozu-hokkaido_kikan,extracted,2026-08-03,ev:x≈149の縦線が大野の187kV母線から知内の母線まで連続、番号48,tier2,intra
6c8c3f06-af5b-4339-ad5f-fe4e3fccc5cf,52,北海道電力ネットワーク,hokkaido,187,c9fbf84e-d811-43a2-8060-7d87b5b13897,0f2648c6-35c0-46ed-9d4f-3fe792ea8b59,,,,active,,,hokkaido-keitozu-hokkaido_kikan,extracted,2026-08-03,ev:y≈144の短い水平線が大野母線(x111-166)と北七飯母線(x179-230)を結ぶ、番号52,tier2,intra
b6dfc7ca-1930-4aeb-b664-f3dcc44445c4,58,北海道電力ネットワーク,hokkaido,187,26e55d0d-f1fa-45d8-b329-43e18f37a45c,0f2648c6-35c0-46ed-9d4f-3fe792ea8b59,,,,active,,,hokkaido-keitozu-hokkaido_kikan,extracted,2026-08-03,他社設備（破線）。大野に着線と読み違えやすいので要再確認;uncertain;ev:x≈196の破線縦線が函館変換所の箱記号から上へ延び、y≈150.5の母線に着線。その母線はx179-230の区間＝北七飯側であり大野側(x111-166)ではない,tier2,intra
8bfd54a2-9ca3-45f3-964f-9fe80fe1023a,101,北海道電力ネットワーク,hokkaido,187,b5e88418-c9c0-42a6-99f9-b6a2444987b7,af2ade3f-d46b-4dde-843d-a17739570842,,,,active,,,hokkaido-keitozu-hokkaido_kikan,extracted,2026-08-03,ev:北新得母線から北東へ斜線、北芽室の円記号(218)の引下線に接続、番号101,tier2,intra
707bd4d1-ec72-412f-a27d-e1500e850e62,102,北海道電力ネットワーク,hokkaido,187,b5e88418-c9c0-42a6-99f9-b6a2444987b7,fd34ecc0-612c-444e-ad74-c8242408a75d,,,,active,,,hokkaido-keitozu-hokkaido_kikan,extracted,2026-08-03,ev:北新得母線から北東へ斜線、西音更の円記号(219)の引下線に接続、番号102,tier2,intra
b6ab4cbb-e3fb-406a-ab9c-5f72e376fb69,74・75,北海道電力ネットワーク,hokkaido,187,b5e88418-c9c0-42a6-99f9-b6a2444987b7,7c2df56e-761b-4b9c-9017-27cef35d693d,,,,active,,,hokkaido-keitozu-hokkaido_kikan,extracted,2026-08-03,74/75が2回線を指すのか区間分けなのか判別できず;uncertain;ev:北新得母線から南西へ斜線、新冠ラベル付近の結節点に至る。同一線上に74と75の二つの番号が付く,tier2,intra
649b0729-1728-4e2a-9050-4518589da7a9,79・80,北海道電力ネットワーク,hokkaido,187,7c2df56e-761b-4b9c-9017-27cef35d693d,cd3eb2da-4914-4f4b-ba89-d1f25d3c1d78,,,,active,,,hokkaido-keitozu-hokkaido_kikan,extracted,2026-08-03,着点が岩清水か春別か、および79/80の意味が未確定;uncertain;ev:新冠付近の結節点から南西へ斜線、岩清水/春別付近の母線に至る。同一線上に79と80,tier2,intra
faa8d741-3f1e-4c82-959f-034433ee88ab,75,北海道電力ネットワーク,hokkaido,187,b5e88418-c9c0-42a6-99f9-b6a2444987b7,c57f39cd-90f2-4128-b539-665119a434ce,,,,closed,,2026-08-03,hokkaido-keitozu-hokkaido_kikan,extracted,2026-08-03,上の74・75/79・80と重複の可能性あり。区間の切り方が確定できていない;uncertain;ev:北新得から南西へ下る187kV系統が春別/岩清水の母線群に達する | closed per hokkaido_verdicts.csv#route:75 187 北新得-春別,tier2,intra
5c05e801-8378-4ac2-92f0-a4f13956a27a,83,北海道電力ネットワーク,hokkaido,187,cd3eb2da-4914-4f4b-ba89-d1f25d3c1d78,c740e2af-85d1-4568-9697-438a0d10d637,,,分岐A(645.9;630.1)|分岐B(706.0;664.0),active,,,hokkaido-keitozu-hokkaido_kikan,extracted,2026-08-03,起点が春別か岩清水か断定できず;uncertain;ev:春別/岩清水付近の母線から東へ斜線、高見の母線に至る、番号83 | 岩清水-高見 187kV 走廊。原図では分岐A/分岐B により 82/83/84 の3区間。85 は分岐A から春別への別線,tier2,intra
3f740a4f-1c24-47e8-8dd6-686c83f84f17,86,北海道電力ネットワーク,hokkaido,187,c57f39cd-90f2-4128-b539-665119a434ce,4c2e7960-525c-459f-872b-e5edace17b3f,,,,active,,,hokkaido-keitozu-hokkaido_kikan,extracted,2026-08-03,uncertain;ev:春別付近の母線から南東へ、北静内の円記号(225)側へ至る、番号86,tier2,intra
4bc55095-9a08-41bf-99dc-e9f2cd29ecca,103,北海道電力ネットワーク,hokkaido,187,b5e88418-c9c0-42a6-99f9-b6a2444987b7,79098c9a-10e2-4a7b-8dc8-7aa9a439be72,,,,active,,,hokkaido-keitozu-hokkaido_kikan,extracted,2026-08-03,宇円別の円記号への着線点はやや離れており要確認;uncertain;ev:北新得母線から東へ長い折線、宇円別付近の結節点に至る、番号103,tier2,intra
32a568a3-16ae-4472-9f0c-1ea9cf6743b3,104,北海道電力ネットワーク,hokkaido,187,79098c9a-10e2-4a7b-8dc8-7aa9a439be72,598e6cef-7b50-4e03-9859-f4ff72216cb6,,,,active,,,hokkaido-keitozu-hokkaido_kikan,extracted,2026-08-03,ev:x≈859の縦線が宇円別付近の結節点から東釧路の円記号(216)まで連続、番号104,tier2,intra
37cb328e-f43e-42ee-970a-12c067b1831e,105,北海道電力ネットワーク,hokkaido,187,598e6cef-7b50-4e03-9859-f4ff72216cb6,b3535be4-91e3-4237-a29e-a21cba9c75f8,,,,active,,,hokkaido-keitozu-hokkaido_kikan,extracted,2026-08-03,ev:東釧路の母線から北東へ斜線、西春別の円記号(217)に着線、番号105,tier2,intra
b4282371-21ce-405f-905d-22c52c76649c,いわき幹線,東京電力パワーグリッド,tokyo,275,c671fc95-e3e9-4c9c-a03c-363b5a1b7c4d,8580f6bc-4ff5-44b3-b55e-1a71c524faef,,,,active,,,tokyo-keitozu-tokyo_kikan154,extracted,2026-08-03,同上節点;uncertain;ev:同一線名ラベル「いわき幹線」が 変電所（東北電力）#5[r1c7] と 新福島 の2ノードにのみ出現（両端一致）,tier2,intra
1a1c1f0d-e40f-40bc-bc34-866395268f4a,上野水道橋線,東京電力パワーグリッド,tokyo,275,59625a08-492c-4cd4-bbcd-88fb89043604,64afdd3f-36a8-439d-8bb4-05cdf7c297ac,,,,active,,,tokyo-keitozu-tokyo_kikan154,extracted,2026-08-03,↓594; ↑606;ev:同一線名ラベル「上野水道橋線」が 上野 と 水道橋 の2ノードにのみ出現（両端一致）,tier2,intra
54dcaf8d-9eb0-469f-b307-f2024bd028d3,上野線,東京電力パワーグリッド,tokyo,275,59625a08-492c-4cd4-bbcd-88fb89043604,cbcbf289-0fbf-459a-9e09-15308bae5b69,,,,active,,,tokyo-keitozu-tokyo_kikan154,extracted,2026-08-03,↓1007; ↑990; 両端は異なるPDF: 154kv+kikan;ev:同一線名ラベル「上野線」が 上野 と 北葛飾 の2ノードにのみ出現（両端一致）,tier2,intra
0afb43f0-3e83-4af1-b3f2-11cfbaf7a663,下滝線,東京電力パワーグリッド,tokyo,154,dd47bff0-b21b-41f8-9967-5050302a1216,7184944f-ed0e-4d2f-8954-7419a0f90cd9,,,,active,,,tokyo-keitozu-tokyo_kikan154,extracted,2026-08-03,ev:同一線名ラベル「下滝線」が 下滝 と 鬼怒川 の2ノードにのみ出現（両端一致）,tier3,intra
c3c31cf5-44f9-4ab3-ad8f-1ff39b607011,下総線,東京電力パワーグリッド,tokyo,154,09f71510-b869-4765-95e0-56a93959a35e,97aab4aa-562b-48bf-bd0f-ce91f69599f8,,,,active,,,tokyo-keitozu-tokyo_kikan154,extracted,2026-08-03,"↓209。同上; 両端は異なるページ: 2,3;uncertain;ev:同一線名ラベル「下総線」が 下総 と 新京葉 の2ノードにのみ出現（両端一致）",tier3,intra
f7432d91-2153-433d-984a-5f49d6641638,下郷線,東京電力パワーグリッド,tokyo,500,96c35141-c97e-4a59-8b81-c3cf6a8c3601,d334f89e-c54f-41bf-b69a-6864c626ff7a,,,,active,,,tokyo-keitozu-tokyo_kikan154,extracted,2026-08-03,ev:同一線名ラベル「下郷線」が 新今市 と 発電所1001001 の2ノードにのみ出現（両端一致）,tier1,intra
7af5a91c-d43a-466a-b064-f0e43cb196dd,世田谷線,東京電力パワーグリッド,tokyo,275,a184f8dd-4533-435a-a691-cf5dad185281,87c744d6-de73-4200-83fe-b552c4689224,,,,active,,,tokyo-keitozu-tokyo_kikan154,extracted,2026-08-03,↓330; ↑330;ev:同一線名ラベル「世田谷線」が 世田谷 と 荏田 の2ノードにのみ出現（両端一致）,tier2,intra
8230005e-5fd2-4a70-a736-1786f7055c3a,中の沢線,東京電力パワーグリッド,tokyo,,9ea9fa66-8178-4da4-9118-7b85964a265e,d057a38f-afac-4853-8dce-806597bf628d,,,,active,,,tokyo-keitozu-tokyo_kikan154,extracted,2026-08-03,ev:同一線名ラベル「中の沢線」が 発電所1123014 と 発電所1123015 の2ノードにのみ出現（両端一致）,,intra
fb1de0f9-8552-46c3-9cb1-440f22357600,中曽根線,東京電力パワーグリッド,tokyo,154,6c9f002a-e2f7-4fe8-8a45-5410f68e204a,cbcbf289-0fbf-459a-9e09-15308bae5b69,,,,active,,,tokyo-keitozu-tokyo_kikan154,extracted,2026-08-03,"中曽根線ラベルは北葛飾側の引出に付いており、中曽根クラスタへは縦線で下降しているように見えるが同一ブロック内で完全追跡できず; ↓33; 両端は異なるページ: 2,3;uncertain;ev:同一線名ラベル「中曽根線」が 中曽根 と 北葛飾 の2ノードにのみ出現（両端一致）",tier3,intra
532158ff-2e52-4c38-bcc7-8fc97668fdba,中栃木線,東京電力パワーグリッド,tokyo,500,96c35141-c97e-4a59-8b81-c3cf6a8c3601,496fb187-359d-4ea3-9a0b-3d494cd69d11,,,,active,,,tokyo-keitozu-tokyo_kikan154,extracted,2026-08-03,両端は異なるPDF: 154kv+kikan;ev:同一線名ラベル「中栃木線」が 新今市 と 新栃木 の2ノードにのみ出現（両端一致）,tier1,intra
6ad03874-4ade-470d-bdba-43eee68851f4,中沢線,東京電力パワーグリッド,tokyo,275,8f0bc8dc-ad93-440c-9117-204d311bb3fe,f6ad8cff-9b74-45b5-a79c-d69a7ffd666a,2,,,active,,,tokyo-keitozu-tokyo_kikan154,extracted,2026-08-03,両端は異なるPDF: 154kv+kikan;ev:同一線名ラベル「中沢線」が 中東京 と 新所沢 の2ノードにのみ出現（両端一致）,tier2,intra
522afdf2-ef57-4a24-96a0-2dc0cfae2cb5,亀戸線,東京電力パワーグリッド,tokyo,154,232a9642-b02e-4507-b7ae-2779c34720f3,cbcbf289-0fbf-459a-9e09-15308bae5b69,,,,active,,,tokyo-keitozu-tokyo_kikan154,extracted,2026-08-03,"↓260; 両端は異なるページ: 2,3;ev:同一線名ラベル「亀戸線」が 亀戸 と 北葛飾 の2ノードにのみ出現（両端一致）",tier3,intra
738eae25-415e-438a-b121-bc3318ea010d,京北線,東京電力パワーグリッド,tokyo,154,3e2d6a42-21c3-4ea7-b1bf-d45301b1d606,f6bf38a0-8e4e-4e58-b6af-9b027a3f5833,,,,active,,,tokyo-keitozu-tokyo_kikan154,extracted,2026-08-03,潮流 0; ↑0;ev:同一線名ラベル「京北線」が 京北 と 南川越 の2ノードにのみ出現（両端一致）,tier3,intra
2dcec8ad-1500-4fe7-9b4d-684df01647f2,佐久間東幹線（中）,東京電力パワーグリッド,tokyo,275,43a7a281-381a-4c76-a8e3-ff17f7f7681c,ed852fbc-02e8-497e-8882-e83128f20795,,,,active,,,tokyo-keitozu-tokyo_kikan154,verified,2026-08-03,クラスタ左端。↓470。落ちる母線が275kVか154kVか判別困難; ↓460; 両端は異なるPDF: 154kv+kikan;uncertain;ev:同一線名ラベル「佐久間東幹線（中）」が 北相模 と 新富士 の2ノードにのみ出現（両端一致）,tier2,intra
c77b0222-d52b-41c6-b9db-104472ba271a,佐久間東幹線（山）,東京電力パワーグリッド,tokyo,154,ed852fbc-02e8-497e-8882-e83128f20795,2b6e2cd6-0aa1-4b26-b966-099ed14368f6,,,,active,,,tokyo-keitozu-tokyo_kikan154,extracted,2026-08-03,↓340; 両端は異なるPDF: 154kv+kikan;ev:同一線名ラベル「佐久間東幹線（山）」が 新富士 と 発電所1002029/1002030/1002031/1002032/1002033 の2ノードにのみ出現（両端一致）,tier3,intra
e3127a70-63c1-4f7e-80fa-7611d4204c1f,佐久間東幹線（里）,東京電力パワーグリッド,tokyo,275,43a7a281-381a-4c76-a8e3-ff17f7f7681c,39a63c7d-a826-465a-9959-645c8e275379,,,,active,,,tokyo-keitozu-tokyo_kikan154,extracted,2026-08-03,↓0; 両端は異なるPDF: 154kv+kikan;uncertain;ev:同一線名ラベル「佐久間東幹線（里）」が 北相模 と 西東京 の2ノードにのみ出現（両端一致）,tier2,intra
caaa99a0-ad78-4c06-8e18-92adde9df0bf,佐波線,東京電力パワーグリッド,tokyo,154,7eebb612-4fc5-4099-950f-3fae4e31ce97,7cdfbd99-a29b-42a2-822b-cbee06d82644,,,,active,,,tokyo-keitozu-tokyo_kikan154,extracted,2026-08-03,"両端は異なるページ: 2,7;ev:同一線名ラベル「佐波線」が 佐波 と 新岡部 の2ノードにのみ出現（両端一致）",tier3,intra
cd585370-10d9-4916-a427-aa744b6a2139,佐野線,東京電力パワーグリッド,tokyo,154,f4c5a497-c6c2-4778-b435-97c8d602444b,0650d830-44e3-4d55-9174-bdb1fa458e8f,,,,active,,,tokyo-keitozu-tokyo_kikan154,extracted,2026-08-03,"両端は異なるページ: 2,7;ev:同一線名ラベル「佐野線」が 佐野 と 野木 の2ノードにのみ出現（両端一致）",tier3,intra
13bcd2f2-a753-4c10-b799-64482c2f61ca,信濃川連絡線,東京電力パワーグリッド,tokyo,154,9d1f29e7-ee3c-4210-9d11-ed146a339bd1,81a9b4ac-6f3b-4a6f-80a5-1b01f7734f5c,,,,active,,,tokyo-keitozu-tokyo_kikan154,extracted,2026-08-03,"信濃川連絡線下の 2 ノードのいずれか／両方。個別対応は不明; 両端は異なるページ: 2,7;uncertain;ev:同一線名ラベル「信濃川連絡線」が 信濃川 と 変電所（東北電力）#1[p7_r1c1] の2ノードにのみ出現（両端一致）",tier3,intra
812ea2f9-3465-4931-9928-e0ffb0d26433,児玉線,東京電力パワーグリッド,tokyo,275,7cdfbd99-a29b-42a2-822b-cbee06d82644,8652a992-9288-4fa5-bece-f604ad9f84f1,,,,active,,,tokyo-keitozu-tokyo_kikan154,extracted,2026-08-03,両端は異なるPDF: 154kv+kikan;ev:同一線名ラベル「児玉線」が 新岡部 と 西毛 の2ノードにのみ出現（両端一致）,tier2,intra
b92ac6b7-9325-4c63-80f2-91208efb036f,八重洲線,東京電力パワーグリッド,tokyo,154,b9ca67b9-faaf-443e-88ce-8206470225c9,57bc3ade-12b5-4852-831e-a716e06adbe4,,,,active,,,tokyo-keitozu-tokyo_kikan154,extracted,2026-08-03,"↓249; 両端は異なるページ: 2,4;ev:同一線名ラベル「八重洲線」が 八重洲 と 江東 の2ノードにのみ出現（両端一致）",tier3,intra
7874f4b6-eb3f-4356-94f8-0181e9054877,切明線,東京電力パワーグリッド,tokyo,154,d1581953-6309-4090-9670-ee64c0a65e5a,45ec0225-f80b-4aaf-a104-3e648916a0dd,,,,active,,,tokyo-keitozu-tokyo_kikan154,extracted,2026-08-03,切明線が中津川第一側へ降りているように見えるが接続点は要確認;uncertain;ev:同一線名ラベル「切明線」が 中津川第一 と 切明 の2ノードにのみ出現（両端一致）,tier3,intra
f0cf038e-893d-400b-8e7d-b44b30992ff2,北与野線,東京電力パワーグリッド,tokyo,275,4ffb73ca-5938-41d3-a4f7-620c3217eb0a,803c9702-ca61-4aa1-b506-0ede56506940,,,,active,,,tokyo-keitozu-tokyo_kikan154,verified,2026-08-03,上层母线电压标签未露出;uncertain;ev:同一線名ラベル「北与野線」が 上尾 と 北与野 の2ノードにのみ出現（両端一致）,tier2,intra
68d99fae-3745-484b-9c53-bc06167344ad,北千代田線,東京電力パワーグリッド,tokyo,154,2cbe3824-0aec-4df3-bfce-0074c1dc082d,63fa0537-64ae-47fd-a8a0-657008a7d706,,,,active,,,tokyo-keitozu-tokyo_kikan154,verified,2026-08-03,p2_r2c3 右端の同一クラスタ下部に「北千代田線 田端線」が並記、鳩ヶ谷／田端どちらの引出か端で切れており不確実;uncertain;ev:同一線名ラベル「北千代田線」が 田端 と 鳩ヶ谷 の2ノードにのみ出現（両端一致）,tier3,intra
651a7ebf-c9ce-47c1-a810-dd844dc9e5d3,北千葉線,東京電力パワーグリッド,tokyo,275,4729dba8-54ae-4a0f-83c2-7bf2f78b6382,97aab4aa-562b-48bf-bd0f-ce91f69599f8,,,,active,,,tokyo-keitozu-tokyo_kikan154,extracted,2026-08-03,↓2610。同上; ↓1040;uncertain;ev:同一線名ラベル「北千葉線」が 房総 と 新京葉 の2ノードにのみ出現（両端一致）,tier2,intra
a071a497-5a99-445f-8977-58694968b90c,北埼玉線,東京電力パワーグリッド,tokyo,154,17c870f0-d9c9-41f9-ab62-7be36b8499b1,7cdfbd99-a29b-42a2-822b-cbee06d82644,,,,active,,,tokyo-keitozu-tokyo_kikan154,extracted,2026-08-03,母線下側へ引出;ev:同一線名ラベル「北埼玉線」が 埼玉 と 新岡部 の2ノードにのみ出現（両端一致）,tier3,intra
6004e406-f4b2-4a95-9af6-78c7b6414d51,北堀線,東京電力パワーグリッド,tokyo,154,db0fa004-7406-430e-8398-8dff3cfc209a,90a1e248-4e5a-4553-9341-85ed03658910,,,,active,,,tokyo-keitozu-tokyo_kikan154,extracted,2026-08-03,ev:同一線名ラベル「北堀線」が 千歳 と 和田堀 の2ノードにのみ出現（両端一致）,tier3,intra
3e443ef1-9a07-4a17-9e78-96421bb649d4,北多摩線,東京電力パワーグリッド,tokyo,154,db0fa004-7406-430e-8398-8dff3cfc209a,64fb3fe6-e618-400e-88c4-41889c195a28,,,,active,,,tokyo-keitozu-tokyo_kikan154,extracted,2026-08-03,ev:同一線名ラベル「北多摩線」が 千歳 と 武蔵野 の2ノードにのみ出現（両端一致）,tier3,intra
d86296d6-a02a-4532-9615-b53abc5dd2a8,北島線,東京電力パワーグリッド,tokyo,154,406bb506-948c-4368-8c7f-a08f4ef79331,2634b1be-c3ad-470e-a1c5-e3f02e93c78c,,,,active,,,tokyo-keitozu-tokyo_kikan154,verified,2026-08-03,"「大倉山線」「北島線」の合計表記; ↑386。「大倉山線」「北島線」の合計表記。線名2本分の可能性; 両端は異なるページ: 2,5;uncertain;ev:同一線名ラベル「北島線」が 港北 と 綱島 の2ノードにのみ出現（両端一致） | 図上は『大倉山、北島線合計↑386』の合算表記のみで個別潮流不明。北島線・大倉山線は2本の別線だが図面が合計値でしか示さない。端点対(港北-綱島)は両端表記で確定",tier3,intra
e77d254b-ecb8-4556-b5ff-f12f52b678c6,北常盤橋線,東京電力パワーグリッド,tokyo,154,b9ca67b9-faaf-443e-88ce-8206470225c9,438db1d7-ee3b-4d67-a500-a681690a72ec,,,,active,,,tokyo-keitozu-tokyo_kikan154,verified,2026-08-03,22kV 5-7B群の上に付くラベル。八重洲に帰属させたが確証なし;uncertain;ev:同一線名ラベル「北常盤橋線」が 八重洲 と 常盤橋 の2ノードにのみ出現（両端一致）,tier3,intra
dde488d9-aacd-4602-a585-fdd824e5fb36,北旭線,東京電力パワーグリッド,tokyo,154,c52eb17e-9e5a-4b2e-8d29-dee79fa98b74,406bb506-948c-4368-8c7f-a08f4ef79331,,,,active,,,tokyo-keitozu-tokyo_kikan154,extracted,2026-08-03,"↓0; 両端は異なるページ: 2,5;ev:同一線名ラベル「北旭線」が 旭 と 港北 の2ノードにのみ出現（両端一致）",tier3,intra
90ecbfdf-4a82-4ad2-a6e9-02de6ad539e5,北武蔵野線,東京電力パワーグリッド,tokyo,275,d669de8a-30b0-4b1f-a626-4cf4a9410bd2,b7c9bbfe-12df-43b5-a347-b88d48a12546,,,,active,,,tokyo-keitozu-tokyo_kikan154,extracted,2026-08-03,↓480; ↑540; 両端は異なるPDF: 154kv+kikan;ev:同一線名ラベル「北武蔵野線」が 新座 と 練馬 の2ノードにのみ出現（両端一致）,tier2,intra
084736c5-7f1e-4b0b-8dee-d42e2370cfc0,北渋谷線,東京電力パワーグリッド,tokyo,154,917b0593-c3bd-4d3f-bd85-7a6658d344cb,8ad34627-fc9b-4b44-8da9-ed2256c1559e,,,,active,,,tokyo-keitozu-tokyo_kikan154,extracted,2026-08-03,"↓331; 両端は異なるページ: 2,4;ev:同一線名ラベル「北渋谷線」が 北渋谷 と 城南 の2ノードにのみ出現（両端一致）",tier3,intra
1964afb1-f9e2-4984-99e8-8f5990ea21ae,北熊谷線,東京電力パワーグリッド,tokyo,275,ace4d751-028f-425a-9355-988ed16f6f81,7cdfbd99-a29b-42a2-822b-cbee06d82644,,,,active,,,tokyo-keitozu-tokyo_kikan154,extracted,2026-08-03,両端は異なるPDF: 154kv+kikan;ev:同一線名ラベル「北熊谷線」が 北熊谷 と 新岡部 の2ノードにのみ出現（両端一致）,tier2,intra
d6dd0470-589b-4ccd-aa22-43e1e50e1499,北葛飾線,東京電力パワーグリッド,tokyo,275,cbcbf289-0fbf-459a-9e09-15308bae5b69,2d34b9f6-f8a0-4d18-9a01-2d815c46325b,,,,active,,,tokyo-keitozu-tokyo_kikan154,extracted,2026-08-03,↓2220;ev:同一線名ラベル「北葛飾線」が 北葛飾 と 新野田 の2ノードにのみ出現（両端一致）,tier2,intra
4bfaaca9-7850-4626-8c29-52584b08f0e3,北関内線,東京電力パワーグリッド,tokyo,154,6280927b-8ec1-4c4a-98d9-cff0b53664f6,b0d071aa-630d-4da3-a9b6-6a8a540ba2d9,1,,,active,,,tokyo-keitozu-tokyo_kikan154,extracted,2026-08-03,左端に「内線1L」と切れて表示、r2c1との継ぎで北関内線1Lと判断;ev:同一線名ラベル「北関内線」が 横浜 と 関内 の2ノードにのみ出現（両端一致）,tier3,intra
5cd25211-b2c4-437b-ad1b-336bbdbbefc6,北駿線,東京電力パワーグリッド,tokyo,154,37ff2f2e-c335-426c-b209-9774ef52661b,ed852fbc-02e8-497e-8882-e83128f20795,,,,active,,,tokyo-keitozu-tokyo_kikan154,extracted,2026-08-03,"↓340; 両端は異なるページ: 2,6;ev:同一線名ラベル「北駿線」が 北駿 と 新富士 の2ノードにのみ出現（両端一致）",tier3,intra
139af7f2-a963-4605-a4d7-c9f7ab7fe2ec,千葉ニュータウン線,東京電力パワーグリッド,tokyo,154,18caf0e6-c93b-4174-87a4-7fcca78889a7,97aab4aa-562b-48bf-bd0f-ce91f69599f8,,,,active,,,tokyo-keitozu-tokyo_kikan154,verified,2026-08-03,"↓156。同上; 両端は異なるページ: 2,3;uncertain;ev:同一線名ラベル「千葉ニュータウン線」が 千葉ニュータウン と 新京葉 の2ノードにのみ出現（両端一致）",tier3,intra
3ef35a32-aea6-427f-bcab-a955d6d0c693,千葉印西線,東京電力パワーグリッド,tokyo,275,ff029ee7-3931-4b82-acaf-11e1f9dd5fe6,97aab4aa-562b-48bf-bd0f-ce91f69599f8,,,,active,,,tokyo-keitozu-tokyo_kikan154,verified,2026-08-03,↑40。右側の275kV母線区間に落ちる。同一母線＝新京葉と判断したが別站の可能性は残る; ↓39; 両端は異なるPDF: 154kv+kikan;uncertain;ev:同一線名ラベル「千葉印西線」が 千葉印西 と 新京葉 の2ノードにのみ出現（両端一致）,tier2,intra
4a518c64-96e9-48c8-8faf-e948a86d6b37,千葉葛南線,東京電力パワーグリッド,tokyo,275,8649d541-99fc-4040-9201-fc1d86f54c4c,3495cd61-8a86-4f20-86cc-a26c07364562,,,,active,,,tokyo-keitozu-tokyo_kikan154,extracted,2026-08-03,↓820; ↑830;ev:同一線名ラベル「千葉葛南線」が 千葉中央 と 葛南 の2ノードにのみ出現（両端一致）,tier2,intra
60f07e13-a324-475d-81c4-24bfba7cb579,南いわき幹線,東京電力パワーグリッド,tokyo,500,ac39fb2f-1984-4214-99cd-49041584ed2e,d21144b7-70ba-4187-8dbc-5a62d1867138,,,,active,,,tokyo-keitozu-tokyo_kikan154,extracted,2026-08-03,ev:同一線名ラベル「南いわき幹線」が 南いわき と 東群馬 の2ノードにのみ出現（両端一致）,tier1,intra
e6dff5d4-a416-469c-b04c-1a69fcdaad2e,南千代田線,東京電力パワーグリッド,tokyo,154,2cbe3824-0aec-4df3-bfce-0074c1dc082d,6070dcdf-ec57-44af-8fc6-e6e99afae0cf,,,,active,,,tokyo-keitozu-tokyo_kikan154,extracted,2026-08-03,ev:同一線名ラベル「南千代田線」が 田端 と 真砂町 の2ノードにのみ出現（両端一致）,tier3,intra
f0de798a-2741-4381-8bdd-df326cf6a9f2,南多摩線,東京電力パワーグリッド,tokyo,154,e4ae640d-8e01-4ec7-b3df-5568b089e1f0,39a63c7d-a826-465a-9959-645c8e275379,,,,active,,,tokyo-keitozu-tokyo_kikan154,extracted,2026-08-03,"↑92; 両端は異なるページ: 2,5;ev:同一線名ラベル「南多摩線」が 橋本 と 西東京 の2ノードにのみ出現（両端一致）",tier3,intra
5e196af9-a03a-4df1-a29a-b3d06ab7c998,南小松川線,東京電力パワーグリッド,tokyo,154,3e31e1c5-3935-4421-882a-ebb7835cdec8,57bc3ade-12b5-4852-831e-a716e06adbe4,,,,active,,,tokyo-keitozu-tokyo_kikan154,extracted,2026-08-03,↓314;ev:同一線名ラベル「南小松川線」が 小松川 と 江東 の2ノードにのみ出現（両端一致）,tier3,intra
1062d601-fac2-4748-a766-f1ed0dd64c48,南川崎南大田線,東京電力パワーグリッド,tokyo,154,8e26718f-cd3d-4615-a90a-16fb1cd5786f,e37ae671-1fa4-42d8-b747-ee38bb69f328,,,,active,,,tokyo-keitozu-tokyo_kikan154,extracted,2026-08-03,"↓410; 両端は異なるページ: 2,4;ev:同一線名ラベル「南川崎南大田線」が 南大田 と 南川崎 の2ノードにのみ出現（両端一致）",tier3,intra
111c2eba-6db5-44de-98f7-3925dd828ea2,南川崎線,東京電力パワーグリッド,tokyo,275,80012152-88d3-4dd4-9ca1-21cd2c1a4819,e37ae671-1fa4-42d8-b747-ee38bb69f328,,,,active,,,tokyo-keitozu-tokyo_kikan154,extracted,2026-08-03,↑600;ev:同一線名ラベル「南川崎線」が 京浜 と 南川崎 の2ノードにのみ出現（両端一致）,tier2,intra
f5c5be82-5848-4e85-9eb7-824fa931247a,南武線,東京電力パワーグリッド,tokyo,154,32d13d32-f4e1-4182-9b47-23d2c2c34920,3ccfd08b-3658-4033-9039-eec98bc458fc,,,,active,,,tokyo-keitozu-tokyo_kikan154,extracted,2026-08-03,ev:同一線名ラベル「南武線」が 南武 と 川崎 の2ノードにのみ出現（両端一致）,tier3,intra
d2ade53a-7e80-415c-aa77-87908ce1ceaf,南池上線,東京電力パワーグリッド,tokyo,275,e37ae671-1fa4-42d8-b747-ee38bb69f328,e28ef737-1333-4b90-aa0d-03ec685fbd63,,,,active,,,tokyo-keitozu-tokyo_kikan154,extracted,2026-08-03,↓478; ↑480; 両端は異なるPDF: 154kv+kikan;ev:同一線名ラベル「南池上線」が 南川崎 と 池上 の2ノードにのみ出現（両端一致）,tier2,intra
4c7907a0-1857-48a8-b5c7-c792569e818f,南狭山線,東京電力パワーグリッド,tokyo,275,63ff9e5b-4a85-4dc6-9545-d4021017f82b,f6ad8cff-9b74-45b5-a79c-d69a7ffd666a,,,,active,,,tokyo-keitozu-tokyo_kikan154,extracted,2026-08-03,ev:同一線名ラベル「南狭山線」が 南狭山 と 新所沢 の2ノードにのみ出現（両端一致）,tier2,intra
10b7bf6c-18fb-40a3-ae0e-e0c210a6cdcb,南葛線,東京電力パワーグリッド,tokyo,154,3e2d6a42-21c3-4ea7-b1bf-d45301b1d606,66fba741-8f85-43d5-b1cf-c5ce38bc8d8d,,,,active,,,tokyo-keitozu-tokyo_kikan154,verified,2026-08-03,7-8B 側(66kV 表記の近く)に引出、電圧の帰属は不確実; ↑349;uncertain;ev:同一線名ラベル「南葛線」が 京北 と 笹目 の2ノードにのみ出現（両端一致）,tier3,intra
aff335a9-27a4-4ab9-900b-04cdaf2c97ab,南関内線,東京電力パワーグリッド,tokyo,154,9956dabf-4d53-4497-9015-32925f839480,b0d071aa-630d-4da3-a9b6-6a8a540ba2d9,3,,,active,,,tokyo-keitozu-tokyo_kikan154,extracted,2026-08-03,ev:同一線名ラベル「南関内線」が 南横浜 と 関内 の2ノードにのみ出現（両端一致）,tier3,intra
d315d548-ba4c-4368-a454-126fe40f5129,印旛線,東京電力パワーグリッド,tokyo,500,97aab4aa-562b-48bf-bd0f-ce91f69599f8,33c8800b-2ce7-4ca7-b552-fbce758c89af,,,,active,,,tokyo-keitozu-tokyo_kikan154,extracted,2026-08-03,↓3100; 両端は異なるPDF: 154kv+kikan;ev:同一線名ラベル「印旛線」が 新京葉 と 新佐原 の2ノードにのみ出現（両端一致）,tier1,intra
9a4ef8d3-cee8-43db-9705-6defdb5d76e3,君津線,東京電力パワーグリッド,tokyo,275,4729dba8-54ae-4a0f-83c2-7bf2f78b6382,739f1467-87ce-4459-989a-6bf594caf702,,,,active,,,tokyo-keitozu-tokyo_kikan154,extracted,2026-08-03,↓1960;ev:同一線名ラベル「君津線」が 房総 と 新木更津 の2ノードにのみ出現（両端一致）,tier2,intra
3504fba6-aafe-4fc3-aee1-1c50424e5b13,和田堀線,東京電力パワーグリッド,tokyo,154,db0fa004-7406-430e-8398-8dff3cfc209a,90a1e248-4e5a-4553-9341-85ed03658910,,,,active,,,tokyo-keitozu-tokyo_kikan154,extracted,2026-08-03,ev:同一線名ラベル「和田堀線」が 千歳 と 和田堀 の2ノードにのみ出現（両端一致）,tier3,intra
c7e16b63-eb55-46f4-b2fe-fdfa3d0cdb80,和田堀角筈線,東京電力パワーグリッド,tokyo,154,90a1e248-4e5a-4553-9341-85ed03658910,14f029e6-5578-4a53-9d21-8f975627293c,,,,active,,,tokyo-keitozu-tokyo_kikan154,extracted,2026-08-03,ev:同一線名ラベル「和田堀角筈線」が 和田堀 と 角筈 の2ノードにのみ出現（両端一致）,tier3,intra
644a146c-2252-4c50-bbde-21c60bbc3732,坂戸川越線,東京電力パワーグリッド,tokyo,275,f6bf38a0-8e4e-4e58-b6af-9b027a3f5833,830f6c03-2327-4ac9-b3ae-abd6ef1727d8,,,,active,,,tokyo-keitozu-tokyo_kikan154,extracted,2026-08-03,両端は異なるPDF: 154kv+kikan;ev:同一線名ラベル「坂戸川越線」が 南川越 と 新坂戸 の2ノードにのみ出現（両端一致）,tier2,intra
0a5e225b-3886-4185-a538-791f05f787cf,坪井線,東京電力パワーグリッド,tokyo,154,b92d213f-74f1-48c4-a403-9ddd7d261566,2b78ab1b-ed1b-498b-b174-ee48417a2274,,,,closed,,2026-08-04,tokyo-keitozu-tokyo_kikan154,extracted,2026-08-04,"坪井線は横断ラベル、坪井クラスタはその直下に分岐; 同じ横断母線から分岐しているように見えるが確証なし;uncertain;ev:同一線名ラベル「坪井線」が 坪井 と 長沼 の2ノードにのみ出現（両端一致） | closed: 坪井も長沼も線名bayを持たない tap（bank MWh のみ）。原図では両站とも「北船橋線」幹線上の分岐で、幹線の東端は東千葉「北船橋線↓0」、西端は新京葉↓489→下総↓266。tap どうしを端点にした偽の辺（verdict_tokyo2 2026-08-04, p3 abs(3175-3760,1015/1029)）",tier3,intra
f61050b5-ad76-4aa1-8a3f-2215a20bb80f,城南線,東京電力パワーグリッド,tokyo,275,8ad34627-fc9b-4b44-8da9-ed2256c1559e,57bc3ade-12b5-4852-831e-a716e06adbe4,,,,active,,,tokyo-keitozu-tokyo_kikan154,extracted,2026-08-03,↓408; ↑360;ev:同一線名ラベル「城南線」が 城南 と 江東 の2ノードにのみ出現（両端一致）,tier2,intra
4d06ce8e-7ea0-4be1-bcc5-399732b3949a,城南角筈線,東京電力パワーグリッド,tokyo,154,8ad34627-fc9b-4b44-8da9-ed2256c1559e,14f029e6-5578-4a53-9d21-8f975627293c,,,,active,,,tokyo-keitozu-tokyo_kikan154,extracted,2026-08-03,↓102;ev:同一線名ラベル「城南角筈線」が 城南 と 角筈 の2ノードにのみ出現（両端一致）,tier3,intra
f29d9e76-d380-4ed0-b083-28f7f5ee4f46,基幹_送電線No.10,東京電力パワーグリッド,tokyo,154,2a37b228-4706-4553-be64-cbfbf98245b2,39a63c7d-a826-465a-9959-645c8e275379,,,,active,,,tokyo-keitozu-tokyo_kikan154,extracted,2026-08-03,柿生線の下に併記される経路名。柿生線の別名の可能性あり; 東川崎への帰属は下段クラスタとの同一站判断に依存; ↓104; ↑127;uncertain;ev:同一線名ラベル「基幹_送電線No.10」が 東川崎 と 西東京 の2ノードにのみ出現（両端一致）,tier3,intra
bcc0b478-927c-4a64-8a3c-d54d1a1aad87,基幹_送電線No.4,東京電力パワーグリッド,tokyo,154,b4ba9423-9b7e-439e-a614-84559a459635,a61241e5-7aa6-4e9f-9bb6-551ff6e52d4f,,,,active,,,tokyo-keitozu-tokyo_kikan154,extracted,2026-08-03,"両端は異なるページ: 2,4;ev:同一線名ラベル「基幹_送電線No.4」が 大井ふ頭 と 天王洲 の2ノードにのみ出現（両端一致）",tier3,intra
948cd099-f53c-411a-853c-ceeb078a592f,基幹_送電線No.5,東京電力パワーグリッド,tokyo,154,27f5b3f4-2482-45e9-aac1-270ed7f9c066,b4ba9423-9b7e-439e-a614-84559a459635,,,,active,,,tokyo-keitozu-tokyo_kikan154,extracted,2026-08-03,"66kV 1-3B群への引込みラベル。南新橋への帰属は推定; 両端は異なるページ: 2,4;uncertain;ev:同一線名ラベル「基幹_送電線No.5」が 南新橋 と 大井ふ頭 の2ノードにのみ出現（両端一致）",tier3,intra
5d20c437-cede-4ae4-b7ed-1bcf4eeeb72f,基幹_送電線No.6,東京電力パワーグリッド,tokyo,154,4dff8936-2193-43bc-baa0-391fbf7bebb5,27f5b3f4-2482-45e9-aac1-270ed7f9c066,,,,active,,,tokyo-keitozu-tokyo_kikan154,extracted,2026-08-03,22kV 5-7B群への引込みラベル。北新橋への帰属は推定;uncertain;ev:同一線名ラベル「基幹_送電線No.6」が 北新橋 と 南新橋 の2ノードにのみ出現（両端一致）,tier3,intra
a2072573-024c-46cb-876f-d27541d4fe03,基幹_送電線No.7,東京電力パワーグリッド,tokyo,154,4dff8936-2193-43bc-baa0-391fbf7bebb5,8c71b736-2f41-4b75-af31-d7b23e4710af,,,,active,,,tokyo-keitozu-tokyo_kikan154,extracted,2026-08-03,"潮流 0、匿名化された幹線名; ↓0; 両端は異なるページ: 2,4;ev:同一線名ラベル「基幹_送電線No.7」が 北新橋 と 豊島 の2ノードにのみ出現（両端一致）",tier3,intra
a42c8ea4-4da5-445e-a7f9-33be5f3f2089,基幹_送電線No.8,東京電力パワーグリッド,tokyo,154,8ad34627-fc9b-4b44-8da9-ed2256c1559e,b4ba9423-9b7e-439e-a614-84559a459635,,,,active,,,tokyo-keitozu-tokyo_kikan154,extracted,2026-08-03,↑154;ev:同一線名ラベル「基幹_送電線No.8」が 城南 と 大井ふ頭 の2ノードにのみ出現（両端一致）,tier3,intra
e67f62ba-6cac-4a4d-9e9b-55f1ff72fbd7,基幹_送電線No.9,東京電力パワーグリッド,tokyo,154,8ad34627-fc9b-4b44-8da9-ed2256c1559e,b4ba9423-9b7e-439e-a614-84559a459635,,,,active,,,tokyo-keitozu-tokyo_kikan154,extracted,2026-08-03,↑158;ev:同一線名ラベル「基幹_送電線No.9」が 城南 と 大井ふ頭 の2ノードにのみ出現（両端一致）,tier3,intra
2ef79ac2-057b-4cef-bf13-84aff8d081ab,塩原線,東京電力パワーグリッド,tokyo,500,96c35141-c97e-4a59-8b81-c3cf6a8c3601,ec29a3e0-3a16-48b7-b14a-b84fd5120347,,,,active,,,tokyo-keitozu-tokyo_kikan154,extracted,2026-08-03,ev:同一線名ラベル「塩原線」が 新今市 と 発電所1001003 の2ノードにのみ出現（両端一致）,tier1,intra
4008fa3b-04f7-4b52-9ed3-e63eecb35653,塩浜線,東京電力パワーグリッド,tokyo,154,1a2c70b6-123b-4318-93fa-e89cb3c46594,2a37b228-4706-4553-be64-cbfbf98245b2,,,,active,,,tokyo-keitozu-tokyo_kikan154,verified,2026-08-03,"2組(2B/6B, 1B/5B)に各1本ずつ表記; ↑137; 両端は異なるページ: 2,5;uncertain;ev:同一線名ラベル「塩浜線」が 塩浜 と 東川崎 の2ノードにのみ出現（両端一致）",tier3,intra
20ed44e7-30ca-4040-a999-e2a53b0bc262,大倉山線,東京電力パワーグリッド,tokyo,154,406bb506-948c-4368-8c7f-a08f4ef79331,2634b1be-c3ad-470e-a1c5-e3f02e93c78c,,,,active,,,tokyo-keitozu-tokyo_kikan154,verified,2026-08-03,"「大倉山線」「北島線」の合計表記; ↑386。「大倉山線」「北島線」の合計表記。線名2本分の可能性; 両端は異なるページ: 2,5;uncertain;ev:同一線名ラベル「大倉山線」が 港北 と 綱島 の2ノードにのみ出現（両端一致） | 図上は『大倉山、北島線合計↑386』の合算表記のみで個別潮流不明（R11 と同一根拠）",tier3,intra
dd22a519-9ba1-461d-994d-92599553af63,大町線,東京電力パワーグリッド,tokyo,154,4d6c4271-06ae-4641-89cc-ad5e73a81f99,4f79e0fc-28d3-4aa4-8c44-5ef8a048f83e,,,,active,,,tokyo-keitozu-tokyo_kikan154,extracted,2026-08-03,経由開放点（緑丸×）の表示あり; 経由開放点あり（遮断器開放だが物理経路は存在）;ev:同一線名ラベル「大町線」が 塩尻 と 松川 の2ノードにのみ出現（両端一致）,tier3,intra
cd09884f-f9bd-4df5-ad4a-c0901f61d75d,天竜南線,東京電力パワーグリッド,tokyo,154,ed852fbc-02e8-497e-8882-e83128f20795,63ed8947-6595-4bbf-b930-ab96beeec860,,,,active,,,tokyo-keitozu-tokyo_kikan154,extracted,2026-08-03,"↓6; 両端は異なるページ: 2,6;ev:同一線名ラベル「天竜南線」が 新富士 と 釜無白根 の2ノードにのみ出現（両端一致）",tier3,intra
26b4f861-adad-400d-a155-d7a915231137,天竜東幹線,東京電力パワーグリッド,tokyo,154,7721ebd5-d32b-4b80-9998-1b526f16ef57,63ed8947-6595-4bbf-b930-ab96beeec860,,,,active,,,tokyo-keitozu-tokyo_kikan154,extracted,2026-08-03,p6_r1c1 中段の中部電力ノード;uncertain;ev:同一線名ラベル「天竜東幹線」が 変電所（中部電力）#1[p6_r1c1] と 釜無白根 の2ノードにのみ出現（両端一致） | 他社(中部電力)設備の50Hz乗入、区域連系線ではない(缝合轮2判定),tier3,intra
36294863-7730-4f2b-8be5-2bb5a0094f8b,奥只見線,東京電力パワーグリッド,tokyo,275,d21144b7-70ba-4187-8dbc-5a62d1867138,499bbd98-16f4-4d81-8f89-fae4b6ff4e17,,,,active,,,tokyo-keitozu-tokyo_kikan154,extracted,2026-08-03,接 5B; 奥只見線 标签位于 発電所1002041 上方区域，未逐段追踪白线;uncertain;ev:同一線名ラベル「奥只見線」が 東群馬 と 発電所1002041 の2ノードにのみ出現（両端一致）,tier2,intra
45a3320d-fc45-4369-a65e-c92270f0f6fc,奥秩父線,東京電力パワーグリッド,tokyo,154,8f0bc8dc-ad93-440c-9117-204d311bb3fe,319c4970-420b-484e-a186-d65bc309eeb6,,,,active,,,tokyo-keitozu-tokyo_kikan154,extracted,2026-08-03,ev:同一線名ラベル「奥秩父線」が 中東京 と 奥秩父 の2ノードにのみ出現（両端一致）,tier3,intra
57fea13e-c56b-4f3a-b26f-4e8dd79c7691,姉崎線,東京電力パワーグリッド,tokyo,275,2fb34589-bb10-4086-9b92-41f444b98a0c,4729dba8-54ae-4a0f-83c2-7bf2f78b6382,2,,,active,,,tokyo-keitozu-tokyo_kikan154,extracted,2026-08-03,↓100; ↑1760; 発電所1002015 経由で4B/3B へ; ↑1700。発電所1002015 経由で2B/1B へ; 両端は異なるPDF: 154kv+kikan;ev:同一線名ラベル「姉崎線」が 姉崎中央 と 房総 の2ノードにのみ出現（両端一致）,tier2,intra
a2e14e46-d6a1-49f8-826c-6781e8305963,安曇幹線,東京電力パワーグリッド,tokyo,500,f7697baf-9fac-49ea-9079-1f07d33bbbe7,8192bf78-81f9-4035-b2d8-7fba9dbeba44,,,,active,,,tokyo-keitozu-tokyo_kikan154,extracted,2026-08-03,ev:同一線名ラベル「安曇幹線」が 新信濃 と 新秩父 の2ノードにのみ出現（両端一致）,tier1,intra
634e7b9f-887a-47ad-b92a-72173ee03e00,富士川線,東京電力パワーグリッド,tokyo,154,1a0c237d-7bf7-4044-9080-216ea10859eb,b17ed605-bd7c-4c43-b6cf-517b6a13ff19,,,,active,,,tokyo-keitozu-tokyo_kikan154,extracted,2026-08-03,クラスタ上部ラベル。別途左下にも富士川線ラベルあり; 両端は異なるPDF: 154kv+kikan;ev:同一線名ラベル「富士川線」が 変電所（中部電力）#3[r3c1] と 駿河 の2ノードにのみ出現（両端一致） | 他社(中部電力)設備の50Hz乗入、区域連系線ではない(缝合轮2判定),tier3,intra
5349eaf1-91df-4442-88f4-7eb73953e619,小北線,東京電力パワーグリッド,tokyo,154,76cd5518-fd7e-46d1-81cd-720ccb76e85c,0650d830-44e3-4d55-9174-bdb1fa458e8f,,,,active,,,tokyo-keitozu-tokyo_kikan154,extracted,2026-08-03,ev:同一線名ラベル「小北線」が 小山 と 野木 の2ノードにのみ出現（両端一致）,tier3,intra
962d738d-e7b1-4fe3-b276-d0ce1e51f459,岳南線,東京電力パワーグリッド,tokyo,154,04aa8529-9f52-4b7b-9b3e-88774423976a,b17ed605-bd7c-4c43-b6cf-517b6a13ff19,,,,active,,,tokyo-keitozu-tokyo_kikan154,verified,2026-08-03,"母線下側から引出; ↑163; 両端は異なるページ: 2,6;uncertain;ev:同一線名ラベル「岳南線」が 岳南 と 駿河 の2ノードにのみ出現（両端一致）",tier3,intra
3cc85d16-f913-437d-8c17-6ee707011a01,島崎線,東京電力パワーグリッド,tokyo,154,3ccfd08b-3658-4033-9039-eec98bc458fc,2634b1be-c3ad-470e-a1c5-e3f02e93c78c,2,,,active,,,tokyo-keitozu-tokyo_kikan154,extracted,2026-08-03,"両端は異なるページ: 2,5;ev:同一線名ラベル「島崎線」が 川崎 と 綱島 の2ノードにのみ出現（両端一致）",tier3,intra
a5426ba5-302e-41c2-ac36-a2dacf3ea608,川世線,東京電力パワーグリッド,tokyo,154,db0fa004-7406-430e-8398-8dff3cfc209a,32d13d32-f4e1-4182-9b47-23d2c2c34920,,,,active,,,tokyo-keitozu-tokyo_kikan154,extracted,2026-08-03,ev:同一線名ラベル「川世線」が 千歳 と 南武 の2ノードにのみ出現（両端一致）,tier3,intra
86a64bcf-83e0-4972-ab18-f195e08c48d3,川内線,東京電力パワーグリッド,tokyo,500,ac39fb2f-1984-4214-99cd-49041584ed2e,23b45592-7716-4263-bcf3-99c13d9290d2,,,,active,,,tokyo-keitozu-tokyo_kikan154,extracted,2026-08-03,ev:同一線名ラベル「川内線」が 南いわき と 新いわき の2ノードにのみ出現（両端一致）,tier1,intra
bb19ea2e-4140-4bdf-817a-579edf63418e,川崎高輪線,東京電力パワーグリッド,tokyo,275,2a37b228-4706-4553-be64-cbfbf98245b2,038a47ad-21c0-4ef2-8840-a9c2417ea497,,,,active,,,tokyo-keitozu-tokyo_kikan154,verified,2026-08-03,↑1170; ↓1170; 両端は異なるPDF: 154kv+kikan;uncertain;ev:同一線名ラベル「川崎高輪線」が 東川崎 と 高輪 の2ノードにのみ出現（両端一致）,tier2,intra
f42afe39-e479-4890-b520-02ac07f35524,常盤台線,東京電力パワーグリッド,tokyo,154,3ecda95f-56fa-45c9-a5b1-401d2e3c249b,b99b702b-d700-4c79-91f4-db44f8ec7f5e,,,,active,,,tokyo-keitozu-tokyo_kikan154,extracted,2026-08-03,潮流 0;ev:同一線名ラベル「常盤台線」が 常盤台 と 戸田 の2ノードにのみ出現（両端一致）,tier3,intra
28900c84-99b7-4821-b234-e9d89b193890,常盤橋線,東京電力パワーグリッド,tokyo,154,8ad34627-fc9b-4b44-8da9-ed2256c1559e,438db1d7-ee3b-4d67-a500-a681690a72ec,,,,active,,,tokyo-keitozu-tokyo_kikan154,extracted,2026-08-03,"↓276; 両端は異なるページ: 2,4;ev:同一線名ラベル「常盤橋線」が 城南 と 常盤橋 の2ノードにのみ出現（両端一致）",tier3,intra
60208424-e069-4cbe-8bc8-1542c4da2747,御坂線,東京電力パワーグリッド,tokyo,154,d3a05dc3-ab5f-4d7f-9cc5-619863f6224f,22577b3d-dcc5-4f27-8674-3e9d582e8d9c,,,,active,,,tokyo-keitozu-tokyo_kikan154,extracted,2026-08-03,"両端は異なるページ: 2,6;ev:同一線名ラベル「御坂線」が 山梨 と 東山梨 の2ノードにのみ出現（両端一致）",tier3,intra
402773c1-6174-4dd0-9433-d302a383d5a2,志木線,東京電力パワーグリッド,tokyo,154,f6bf38a0-8e4e-4e58-b6af-9b027a3f5833,b99b702b-d700-4c79-91f4-db44f8ec7f5e,,,,active,,,tokyo-keitozu-tokyo_kikan154,extracted,2026-08-03,ev:同一線名ラベル「志木線」が 南川越 と 戸田 の2ノードにのみ出現（両端一致）,tier3,intra
44f2bfe1-60e8-4055-bf0f-4296e4472a70,愛鷹線,東京電力パワーグリッド,tokyo,154,e273cf62-c52b-41ae-8ba8-753d3d4e13a0,b17ed605-bd7c-4c43-b6cf-517b6a13ff19,,,,active,,,tokyo-keitozu-tokyo_kikan154,extracted,2026-08-03,"両端は異なるページ: 2,6;ev:同一線名ラベル「愛鷹線」が 駿東 と 駿河 の2ノードにのみ出現（両端一致）",tier3,intra
11f2f9fe-613d-4aa0-b091-40bcf8b36f6a,戸塚線,東京電力パワーグリッド,tokyo,154,80012152-88d3-4dd4-9ca1-21cd2c1a4819,f86398eb-477a-49e4-b74b-ede805ba4614,,,,active,,,tokyo-keitozu-tokyo_kikan154,extracted,2026-08-03,"↓98; 両端は異なるページ: 2,5;ev:同一線名ラベル「戸塚線」が 京浜 と 戸塚 の2ノードにのみ出現（両端一致）",tier3,intra
ced2db08-2af3-4045-85ff-cf784d8caad9,戸崎線,東京電力パワーグリッド,tokyo,154,c4fa51b8-fbdb-4b06-8964-032267af7ab4,6442e05d-05d3-497e-8471-6fc8f17c5261,,,,active,,,tokyo-keitozu-tokyo_kikan154,extracted,2026-08-03,"両端は異なるページ: 2,7;ev:同一線名ラベル「戸崎線」が 茨城 と 那珂 の2ノードにのみ出現（両端一致）",tier3,intra
1ad01d64-9ac6-4f2a-9707-18a134292b90,戸越線,東京電力パワーグリッド,tokyo,154,32d13d32-f4e1-4182-9b47-23d2c2c34920,a8a3e72b-a7cb-4c8f-a927-8a3228851f84,,,,active,,,tokyo-keitozu-tokyo_kikan154,extracted,2026-08-03,"両端は異なるページ: 2,4;ev:同一線名ラベル「戸越線」が 南武 と 戸越 の2ノードにのみ出現（両端一致）",tier3,intra
01813d28-c66a-4425-a6c1-fd159353d2ef,房総線,東京電力パワーグリッド,tokyo,500,4729dba8-54ae-4a0f-83c2-7bf2f78b6382,97aab4aa-562b-48bf-bd0f-ce91f69599f8,,,,active,,,tokyo-keitozu-tokyo_kikan154,extracted,2026-08-03,↓2390; ↑2390;ev:同一線名ラベル「房総線」が 房総 と 新京葉 の2ノードにのみ出現（両端一致）,tier1,intra
a2b09c23-94a1-4794-b3c5-b51f608fb7cf,新いわき線,東京電力パワーグリッド,tokyo,500,23b45592-7716-4263-bcf3-99c13d9290d2,96c35141-c97e-4a59-8b81-c3cf6a8c3601,,,,active,,,tokyo-keitozu-tokyo_kikan154,extracted,2026-08-03,ev:同一線名ラベル「新いわき線」が 新いわき と 新今市 の2ノードにのみ出現（両端一致）,tier1,intra
ecbb88fe-5c52-4a72-95e8-a5731d319448,新佐原線,東京電力パワーグリッド,tokyo,500,33c8800b-2ce7-4ca7-b552-fbce758c89af,27f314e0-a83f-4666-bcfe-2abb18f7c9cc,,,,active,,,tokyo-keitozu-tokyo_kikan154,extracted,2026-08-03,両端は異なるPDF: 154kv+kikan;ev:同一線名ラベル「新佐原線」が 新佐原 と 新筑波 の2ノードにのみ出現（両端一致）,tier1,intra
80d76b8b-52f5-4f67-b004-650f4b98c56f,新吾妻線,東京電力パワーグリッド,tokyo,500,a89a2121-e53c-4beb-83a2-6b6a894618e1,83d6b45c-ed18-406c-83a1-81b1b2f88274,,,,active,,,tokyo-keitozu-tokyo_kikan154,extracted,2026-08-03,ev:同一線名ラベル「新吾妻線」が 新榛名 と 西群馬 の2ノードにのみ出現（両端一致）,tier1,intra
76116701-2a48-431c-9cef-6c7e556a3b93,新坂戸線,東京電力パワーグリッド,tokyo,500,830f6c03-2327-4ac9-b3ae-abd6ef1727d8,f897a9d7-f661-4d8e-8629-6023bbcf29e7,,,,active,,,tokyo-keitozu-tokyo_kikan154,extracted,2026-08-03,ev:同一線名ラベル「新坂戸線」が 新坂戸 と 新新田 の2ノードにのみ出現（両端一致）,tier1,intra
a1da7886-4552-4890-af89-7cc2cb1236f0,新多摩線,東京電力パワーグリッド,tokyo,500,218a454d-1981-4dcd-8ef6-747dfa34e395,60852c42-dae4-4561-afc0-64865347bb3c,,,,active,,,tokyo-keitozu-tokyo_kikan154,extracted,2026-08-03,両端は異なるPDF: 154kv+kikan;ev:同一線名ラベル「新多摩線」が 新多摩 と 新秦野 の2ノードにのみ出現（両端一致）,tier1,intra
52a64f9f-718c-45cc-8d26-99a0013ab1b9,新宿城南線,東京電力パワーグリッド,tokyo,275,8ad34627-fc9b-4b44-8da9-ed2256c1559e,ca25eddd-a6fa-4122-8438-e9cb3de7fc85,,,,active,,,tokyo-keitozu-tokyo_kikan154,extracted,2026-08-03,↑364; ↓367; 両端は異なるPDF: 154kv+kikan;ev:同一線名ラベル「新宿城南線」が 城南 と 新宿 の2ノードにのみ出現（両端一致）,tier2,intra
76b06af5-1b5e-4598-95e6-0192cc37506d,新宿線,東京電力パワーグリッド,tokyo,275,0eb051cb-1239-42c9-b614-94c8760f55de,ca25eddd-a6fa-4122-8438-e9cb3de7fc85,,,,active,,,tokyo-keitozu-tokyo_kikan154,extracted,2026-08-03,↑770; ↓793;ev:同一線名ラベル「新宿線」が 北多摩 と 新宿 の2ノードにのみ出現（両端一致）,tier2,intra
736ae55f-2b91-4e89-9183-56e935bee00d,新岡部線,東京電力パワーグリッド,tokyo,500,7cdfbd99-a29b-42a2-822b-cbee06d82644,8192bf78-81f9-4035-b2d8-7fba9dbeba44,,,,active,,,tokyo-keitozu-tokyo_kikan154,extracted,2026-08-03,両端は異なるPDF: 154kv+kikan;ev:同一線名ラベル「新岡部線」が 新岡部 と 新秩父 の2ノードにのみ出現（両端一致）,tier1,intra
c922cd39-699b-4a7e-bfa0-a5ae6c4813e6,新座線,東京電力パワーグリッド,tokyo,275,63ff9e5b-4a85-4dc6-9545-d4021017f82b,d669de8a-30b0-4b1f-a626-4cf4a9410bd2,,,,active,,,tokyo-keitozu-tokyo_kikan154,extracted,2026-08-03,↓1850; 両端は異なるPDF: 154kv+kikan;ev:同一線名ラベル「新座線」が 南狭山 と 新座 の2ノードにのみ出現（両端一致）,tier2,intra
6a936f9b-faeb-4982-ba60-14c6377f5389,新所沢線,東京電力パワーグリッド,tokyo,500,218a454d-1981-4dcd-8ef6-747dfa34e395,f6ad8cff-9b74-45b5-a79c-d69a7ffd666a,,,,active,,,tokyo-keitozu-tokyo_kikan154,extracted,2026-08-03,ev:同一線名ラベル「新所沢線」が 新多摩 と 新所沢 の2ノードにのみ出現（両端一致）,tier1,intra
1fecc48e-5436-4e6a-bf6b-2f051708ca98,新新田線,東京電力パワーグリッド,tokyo,500,7cdfbd99-a29b-42a2-822b-cbee06d82644,f897a9d7-f661-4d8e-8629-6023bbcf29e7,,,,active,,,tokyo-keitozu-tokyo_kikan154,extracted,2026-08-03,両端は異なるPDF: 154kv+kikan;ev:同一線名ラベル「新新田線」が 新岡部 と 新新田 の2ノードにのみ出現（両端一致）,tier1,intra
cf9f214b-da8f-4d35-969f-67381d8e7514,新栃木線,東京電力パワーグリッド,tokyo,500,f897a9d7-f661-4d8e-8629-6023bbcf29e7,496fb187-359d-4ea3-9a0b-3d494cd69d11,,,,active,,,tokyo-keitozu-tokyo_kikan154,extracted,2026-08-03,両端は異なるPDF: 154kv+kikan;ev:同一線名ラベル「新栃木線」が 新新田 と 新栃木 の2ノードにのみ出現（両端一致）,tier1,intra
58903112-8efc-493e-b971-cb64ea8be793,新榛名線,東京電力パワーグリッド,tokyo,500,a89a2121-e53c-4beb-83a2-6b6a894618e1,8192bf78-81f9-4035-b2d8-7fba9dbeba44,,,,active,,,tokyo-keitozu-tokyo_kikan154,extracted,2026-08-03,ev:同一線名ラベル「新榛名線」が 新榛名 と 新秩父 の2ノードにのみ出現（両端一致）,tier1,intra
8396fa31-fa62-44dc-b8aa-290891f93108,新秦野線,東京電力パワーグリッド,tokyo,500,ed852fbc-02e8-497e-8882-e83128f20795,60852c42-dae4-4561-afc0-64865347bb3c,,,,active,,,tokyo-keitozu-tokyo_kikan154,extracted,2026-08-03,↓530;ev:同一線名ラベル「新秦野線」が 新富士 と 新秦野 の2ノードにのみ出現（両端一致）,tier1,intra
f7f27a8f-5bc6-47e5-b303-ef1b0ffb6983,新秩父線,東京電力パワーグリッド,tokyo,500,218a454d-1981-4dcd-8ef6-747dfa34e395,8192bf78-81f9-4035-b2d8-7fba9dbeba44,,,,active,,,tokyo-keitozu-tokyo_kikan154,extracted,2026-08-03,ev:同一線名ラベル「新秩父線」が 新多摩 と 新秩父 の2ノードにのみ出現（両端一致）,tier1,intra
7f8c3657-ca2c-41aa-bc8a-9128dcfd84eb,新筑波線,東京電力パワーグリッド,tokyo,500,d486d5fd-4cad-4ec8-a574-cce5f3244dd5,27f314e0-a83f-4666-bcfe-2abb18f7c9cc,,,,active,,,tokyo-keitozu-tokyo_kikan154,extracted,2026-08-03,両端は異なるPDF: 154kv+kikan;ev:同一線名ラベル「新筑波線」が 新古河 と 新筑波 の2ノードにのみ出現（両端一致）,tier1,intra
52df863f-65dd-4fe2-a9cc-6099386fbc69,新茂木線,東京電力パワーグリッド,tokyo,500,496fb187-359d-4ea3-9a0b-3d494cd69d11,a0c97fd7-22f7-40d0-9113-e1c8b78c16bc,,,,active,,,tokyo-keitozu-tokyo_kikan154,extracted,2026-08-03,両端は異なるPDF: 154kv+kikan;ev:同一線名ラベル「新茂木線」が 新栃木 と 新茂木 の2ノードにのみ出現（両端一致）,tier1,intra
502cbd30-1e9c-48a1-85a4-cc43ed1578c2,新豊根佐久間線,東京電力パワーグリッド,tokyo,,4f71095d-b7fa-4215-ba05-3c1f9abcc2fb,ae074850-b425-4121-8b6f-19fefeee25ef,,,,active,,,tokyo-keitozu-tokyo_kikan154,extracted,2026-08-03,ラベルは発電所1002028母線と佐久間FCの間に配置;uncertain;ev:同一線名ラベル「新豊根佐久間線」が 佐久間FC と 発電所1002028 の2ノードにのみ出現（両端一致）,,intra
2a03edeb-ecb1-49a2-be81-1469e28216f2,新豊洲線,東京電力パワーグリッド,tokyo,500,97aab4aa-562b-48bf-bd0f-ce91f69599f8,d85dc6de-57e3-4412-91dd-a2b70d0801e1,,,,active,,,tokyo-keitozu-tokyo_kikan154,extracted,2026-08-03,↓240; ↑200; 両端は異なるPDF: 154kv+kikan;ev:同一線名ラベル「新豊洲線」が 新京葉 と 新豊洲 の2ノードにのみ出現（両端一致）,tier1,intra
b17a1412-9a38-4d8e-a423-ac11d1200c10,新赤城線,東京電力パワーグリッド,tokyo,500,f897a9d7-f661-4d8e-8629-6023bbcf29e7,d21144b7-70ba-4187-8dbc-5a62d1867138,,,,active,,,tokyo-keitozu-tokyo_kikan154,extracted,2026-08-03,ev:同一線名ラベル「新赤城線」が 新新田 と 東群馬 の2ノードにのみ出現（両端一致）,tier1,intra
96ffb154-cc8d-4615-817e-452f34d6fc98,旭ヶ丘線,東京電力パワーグリッド,tokyo,154,8f0bc8dc-ad93-440c-9117-204d311bb3fe,8e8aa032-bee5-423e-8109-ff051a1a3919,,,,active,,,tokyo-keitozu-tokyo_kikan154,extracted,2026-08-03,ev:同一線名ラベル「旭ヶ丘線」が 中東京 と 武蔵赤坂 の2ノードにのみ出現（両端一致）,tier3,intra
5687b5ed-1116-4ba0-b0b6-f78bba1b4844,明神線,東京電力パワーグリッド,tokyo,154,ed852fbc-02e8-497e-8882-e83128f20795,94005787-d907-46f0-a36c-0a96952bb572,,,,active,,,tokyo-keitozu-tokyo_kikan154,extracted,2026-08-03,"↓227; 両端は異なるページ: 2,6;ev:同一線名ラベル「明神線」が 新富士 と 西相模 の2ノードにのみ出現（両端一致）",tier3,intra
717f2dbc-b49c-49aa-b37f-8afe164dfef1,春日部線,東京電力パワーグリッド,tokyo,275,3e2d6a42-21c3-4ea7-b1bf-d45301b1d606,80d54fb6-2d71-4f5a-b4f1-f8a1a732c7b0,,,,active,,,tokyo-keitozu-tokyo_kikan154,extracted,2026-08-03,↓1210;ev:同一線名ラベル「春日部線」が 京北 と 北東京 の2ノードにのみ出現（両端一致）,tier2,intra
12cbf012-a8b3-4359-b2f1-bfae76d38406,木下線,東京電力パワーグリッド,tokyo,154,18caf0e6-c93b-4174-87a4-7fcca78889a7,97aab4aa-562b-48bf-bd0f-ce91f69599f8,,,,active,,,tokyo-keitozu-tokyo_kikan154,verified,2026-08-03,"潮流 0; ↓27。同上; 両端は異なるページ: 2,3;uncertain;ev:同一線名ラベル「木下線」が 千葉ニュータウン と 新京葉 の2ノードにのみ出現（両端一致）",tier3,intra
75c9cfae-642d-49e2-be62-ab135dc11d45,東京北線,東京電力パワーグリッド,tokyo,275,80d54fb6-2d71-4f5a-b4f1-f8a1a732c7b0,2d34b9f6-f8a0-4d18-9a01-2d815c46325b,,,,active,,,tokyo-keitozu-tokyo_kikan154,extracted,2026-08-03,ev:同一線名ラベル「東京北線」が 北東京 と 新野田 の2ノードにのみ出現（両端一致）,tier2,intra
bd1dde78-cbaf-4c4a-91bc-ff124c70d492,東内幸町線,東京電力パワーグリッド,tokyo,275,ea555041-72d7-46f4-b801-1467c4d5219b,8c71b736-2f41-4b75-af31-d7b23e4710af,,,,active,,,tokyo-keitozu-tokyo_kikan154,extracted,2026-08-03,↓630; ↑620; 両端は異なるPDF: 154kv+kikan;ev:同一線名ラベル「東内幸町線」が 東内幸町 と 豊島 の2ノードにのみ出現（両端一致）,tier2,intra
76edbca4-32e1-4e6f-a269-50d082c010b7,東千葉外房線,東京電力パワーグリッド,tokyo,154,05593fa2-e546-450e-9f5c-b591511198f2,a3026d39-bbd7-40c9-b6ea-ecaed80d1a23,,,,active,,,tokyo-keitozu-tokyo_kikan154,extracted,2026-08-03,ev:同一線名ラベル「東千葉外房線」が 外房 と 東千葉 の2ノードにのみ出現（両端一致）,tier3,intra
846bb515-8d91-44bc-9c80-b846ddaec985,東千葉房総線,東京電力パワーグリッド,tokyo,154,4729dba8-54ae-4a0f-83c2-7bf2f78b6382,a3026d39-bbd7-40c9-b6ea-ecaed80d1a23,,,,active,,,tokyo-keitozu-tokyo_kikan154,extracted,2026-08-03,"↓83; 両端は異なるページ: 2,3;ev:同一線名ラベル「東千葉房総線」が 房総 と 東千葉 の2ノードにのみ出現（両端一致）",tier3,intra
a82adeb2-f259-4fce-a7bf-34334a44e3dd,東埼玉線,東京電力パワーグリッド,tokyo,154,17c870f0-d9c9-41f9-ab62-7be36b8499b1,150fe35a-6c35-4fbb-96f0-7bad74e6467d,,,,active,,,tokyo-keitozu-tokyo_kikan154,extracted,2026-08-03,潮流 0;ev:同一線名ラベル「東埼玉線」が 埼玉 と 岩槻 の2ノードにのみ出現（両端一致）,tier3,intra
0adb1266-a643-40f1-9bfe-afb4a10a1a82,東太田線,東京電力パワーグリッド,tokyo,154,f897a9d7-f661-4d8e-8629-6023bbcf29e7,ae50aa9f-4a2b-4b8e-9512-f6086f41f330,,,,active,,,tokyo-keitozu-tokyo_kikan154,extracted,2026-08-03,ev:同一線名ラベル「東太田線」が 新新田 と 東太田 の2ノードにのみ出現（両端一致）,tier3,intra
92153b50-f044-4e02-aa1d-b9c118ae25b0,東富士線,東京電力パワーグリッド,tokyo,154,ed852fbc-02e8-497e-8882-e83128f20795,e273cf62-c52b-41ae-8ba8-753d3d4e13a0,,,,active,,,tokyo-keitozu-tokyo_kikan154,extracted,2026-08-03,"上方から降りてくる東富士線; ↓428; 両端は異なるページ: 2,6;ev:同一線名ラベル「東富士線」が 新富士 と 駿東 の2ノードにのみ出現（両端一致）",tier3,intra
1481d28d-5dd2-4092-ba00-ebd7178aa0e1,東扇島線,東京電力パワーグリッド,tokyo,154,2a37b228-4706-4553-be64-cbfbf98245b2,3b254dba-d5e3-49fd-abc9-2f8009f44eae,,,,active,,,tokyo-keitozu-tokyo_kikan154,verified,2026-08-03,"東扇島クラスタの直上に線名ラベルはなく、上方の東扇島線引出しからの接続と判断; ↓53; 両端は異なるページ: 2,5;uncertain;ev:同一線名ラベル「東扇島線」が 東川崎 と 東扇島 の2ノードにのみ出現（両端一致）",tier3,intra
9dfe9ded-930f-486a-88eb-d49b819b943f,東新宿水道橋線,東京電力パワーグリッド,tokyo,275,e7821f5b-a35d-4340-b630-9435cf704df7,64afdd3f-36a8-439d-8bb4-05cdf7c297ac,,,,active,,,tokyo-keitozu-tokyo_kikan154,extracted,2026-08-03,↓0;ev:同一線名ラベル「東新宿水道橋線」が 東新宿 と 水道橋 の2ノードにのみ出現（両端一致）,tier2,intra
05560a53-4e39-4b6d-a0a7-505d0c0ee4e5,東新宿線,東京電力パワーグリッド,tokyo,275,0eb051cb-1239-42c9-b614-94c8760f55de,e7821f5b-a35d-4340-b630-9435cf704df7,,,,active,,,tokyo-keitozu-tokyo_kikan154,extracted,2026-08-03,↑320; ↓320;ev:同一線名ラベル「東新宿線」が 北多摩 と 東新宿 の2ノードにのみ出現（両端一致）,tier2,intra
169fed2c-1ac6-4c4d-8fcd-2e9ef9e1c367,東毛線,東京電力パワーグリッド,tokyo,275,f897a9d7-f661-4d8e-8629-6023bbcf29e7,4cdb66a8-dcec-4f8e-b4cb-6fd0ecda6283,,,,active,,,tokyo-keitozu-tokyo_kikan154,extracted,2026-08-05,接 7B 侧;ev:同一線名ラベル「東毛線」が 新新田 と 東毛 の2ノードにのみ出現（両端一致）；電圧を 154→275kV に訂正。OCCTO 実績が『東毛線』を 275kV として公表しているため（一次資料を優先）。PROVENANCE S29,tier3,intra
95634de3-6d24-42ff-9965-c25820e621dc,東秦野線,東京電力パワーグリッド,tokyo,154,60852c42-dae4-4561-afc0-64865347bb3c,7e475ff1-4b5b-45d2-8957-b1a3a0e96ec4,,,,active,,,tokyo-keitozu-tokyo_kikan154,extracted,2026-08-03,"両端は異なるページ: 2,6;ev:同一線名ラベル「東秦野線」が 新秦野 と 湘南 の2ノードにのみ出現（両端一致）",tier3,intra
642edccd-bf29-4c35-90c3-c10b1222dfb2,東群馬幹線,東京電力パワーグリッド,tokyo,500,d21144b7-70ba-4187-8dbc-5a62d1867138,83d6b45c-ed18-406c-83a1-81b1b2f88274,,,,active,,,tokyo-keitozu-tokyo_kikan154,extracted,2026-08-03,ev:同一線名ラベル「東群馬幹線」が 東群馬 と 西群馬 の2ノードにのみ出現（両端一致）,tier1,intra
4a867b8f-c0a6-4118-81b6-e8247cf94c70,東葛線,東京電力パワーグリッド,tokyo,154,2d34b9f6-f8a0-4d18-9a01-2d815c46325b,5cc62dbc-6135-4691-ad53-1f2b2c45ad8d,2,,,active,,,tokyo-keitozu-tokyo_kikan154,verified,2026-08-03,"同上; 両端は異なるページ: 2,3;uncertain;ev:同一線名ラベル「東葛線」が 新野田 と 東葛 の2ノードにのみ出現（両端一致） | 2回線群(東葛線3,4L と 1,2L)を1レコードに集約。新野田側 3,4L↓264 / 1,2L↓267、東葛側 1,2L↓229・バンク合計↓493。264+267=531 に対し 493+損失で整合",tier3,intra
052aee7e-680b-4f91-b656-63fb7034cae3,栃山線,東京電力パワーグリッド,tokyo,154,76cd5518-fd7e-46d1-81cd-720ccb76e85c,496fb187-359d-4ea3-9a0b-3d494cd69d11,,,,active,,,tokyo-keitozu-tokyo_kikan154,extracted,2026-08-03,ev:同一線名ラベル「栃山線」が 小山 と 新栃木 の2ノードにのみ出現（両端一致）,tier3,intra
b3acf0ec-0974-4b7e-9325-04c63b85fb88,桜ヶ丘線,東京電力パワーグリッド,tokyo,154,f95a1aea-3f78-4e91-a83b-41a614e144ff,da60f3c8-00f8-4ac1-b3d8-e7afe6b88d0c,,,,active,,,tokyo-keitozu-tokyo_kikan154,extracted,2026-08-03,"p4では「桜ケ丘線」表記; 両端は異なるページ: 2,4;ev:同一線名ラベル「桜ヶ丘線」が 昭島 と 聖蹟桜ヶ丘 の2ノードにのみ出現（両端一致）",tier3,intra
82ed7886-846a-47af-bfcf-f8138e33b5d0,梓川線,東京電力パワーグリッド,tokyo,275,f7697baf-9fac-49ea-9079-1f07d33bbbe7,f8b466df-abbe-481d-907e-bd1209afecd1,,,,active,,,tokyo-keitozu-tokyo_kikan154,extracted,2026-08-03,另一端为 発電所1002026;ev:同一線名ラベル「梓川線」が 新信濃 と 発電所1002026 の2ノードにのみ出現（両端一致）,tier2,intra
0bcfc256-f874-496b-a0c8-e35f72cf6147,橋本線,東京電力パワーグリッド,tokyo,154,e4ae640d-8e01-4ec7-b3df-5568b089e1f0,406bb506-948c-4368-8c7f-a08f4ef79331,2,,,active,,,tokyo-keitozu-tokyo_kikan154,extracted,2026-08-03,"↓260; ↓379; 両端は異なるページ: 2,5;ev:同一線名ラベル「橋本線」が 橋本 と 港北 の2ノードにのみ出現（両端一致）",tier3,intra
43c79935-4e62-46d5-abe7-0e3e2306bce8,橋本西線,東京電力パワーグリッド,tokyo,154,263fc187-c584-47b0-8cf1-aac09270d46f,e4ae640d-8e01-4ec7-b3df-5568b089e1f0,,,,active,,,tokyo-keitozu-tokyo_kikan154,extracted,2026-08-03,ev:同一線名ラベル「橋本西線」が 小倉 と 橋本 の2ノードにのみ出現（両端一致）,tier3,intra
52adb01e-93fb-4374-a3e4-93cdb872d785,武蔵赤坂線,東京電力パワーグリッド,tokyo,154,8f0bc8dc-ad93-440c-9117-204d311bb3fe,8e8aa032-bee5-423e-8109-ff051a1a3919,,,,active,,,tokyo-keitozu-tokyo_kikan154,extracted,2026-08-03,ev:同一線名ラベル「武蔵赤坂線」が 中東京 と 武蔵赤坂 の2ノードにのみ出現（両端一致）,tier3,intra
87e519d3-3b4e-46e2-bd4b-f3b6c15f44b2,水上線（小松〜水上）,東京電力パワーグリッド,tokyo,154,0fcd3144-351d-47f1-b6fe-3909ab4c3d98,16ce65f1-4731-46c4-8c8c-ad5cb5bc97c1,,,,active,,,tokyo-keitozu-tokyo_kikan154,extracted,2026-08-03,区間名付きラベル;ev:同一線名ラベル「水上線（小松〜水上）」が 小松 と 水上 の2ノードにのみ出現（両端一致）,tier3,intra
75ad7783-08fe-45a0-a9b1-c492c4d1749d,水殿線,東京電力パワーグリッド,tokyo,275,f7697baf-9fac-49ea-9079-1f07d33bbbe7,90e91b71-60fb-45a3-a9dd-cacf4b053597,,,,active,,,tokyo-keitozu-tokyo_kikan154,extracted,2026-08-03,另一端为 発電所1002025;ev:同一線名ラベル「水殿線」が 新信濃 と 発電所1002025 の2ノードにのみ出現（両端一致）,tier2,intra
b85a2929-a570-4b66-b296-3d3a8995b2d3,水道橋線,東京電力パワーグリッド,tokyo,275,64afdd3f-36a8-439d-8bb4-05cdf7c297ac,b7c9bbfe-12df-43b5-a347-b88d48a12546,,,,active,,,tokyo-keitozu-tokyo_kikan154,extracted,2026-08-03,↓0;ev:同一線名ラベル「水道橋線」が 水道橋 と 練馬 の2ノードにのみ出現（両端一致）,tier2,intra
9ba7b985-dcae-4b53-af29-93b9dd8a01ec,河北線,東京電力パワーグリッド,tokyo,275,80d54fb6-2d71-4f5a-b4f1-f8a1a732c7b0,d486d5fd-4cad-4ec8-a574-cce5f3244dd5,2,,,active,,,tokyo-keitozu-tokyo_kikan154,extracted,2026-08-03,両端は異なるPDF: 154kv+kikan;ev:同一線名ラベル「河北線」が 北東京 と 新古河 の2ノードにのみ出現（両端一致）,tier2,intra
d07965d3-a6b9-411d-896c-3543f7551d2b,沼原線,東京電力パワーグリッド,tokyo,275,496fb187-359d-4ea3-9a0b-3d494cd69d11,8cbd1ac0-5d5a-4fc3-833b-c5c0fdc9b66d,,,,active,,,tokyo-keitozu-tokyo_kikan154,extracted,2026-08-03,接 7B/8B 侧 275kV; 両端は異なるPDF: 154kv+kikan;ev:同一線名ラベル「沼原線」が 新栃木 と 発電所1002046 の2ノードにのみ出現（両端一致）,tier2,intra
5ab0f622-a7a8-4a5b-9493-44028d42bef8,浜岡線,東京電力パワーグリッド,tokyo,154,80012152-88d3-4dd4-9ca1-21cd2c1a4819,c52eb17e-9e5a-4b2e-8d29-dee79fa98b74,,,,active,,,tokyo-keitozu-tokyo_kikan154,extracted,2026-08-03,"↓179; 両端は異なるページ: 2,5;ev:同一線名ラベル「浜岡線」が 京浜 と 旭 の2ノードにのみ出現（両端一致）",tier3,intra
19bda0d0-091b-4e35-9665-0e6db2adc904,浜川崎線,東京電力パワーグリッド,tokyo,154,e37ae671-1fa4-42d8-b747-ee38bb69f328,1a2c70b6-123b-4318-93fa-e89cb3c46594,1,,,active,,,tokyo-keitozu-tokyo_kikan154,extracted,2026-08-03,"p5では回線番号なしの「浜川崎線」表記; 2組に各1本ずつ表記; 両端は異なるページ: 2,5;ev:同一線名ラベル「浜川崎線」が 南川崎 と 塩浜 の2ノードにのみ出現（両端一致）",tier3,intra
c0e4e6b4-1335-46b4-83e8-afb839c1df8e,清津川線,東京電力パワーグリッド,tokyo,154,9d1f29e7-ee3c-4210-9d11-ed146a339bd1,6dd2a3d2-02f4-4ff8-b051-a7be40447bd7,,,,active,,,tokyo-keitozu-tokyo_kikan154,extracted,2026-08-03,"両端は異なるページ: 2,7;ev:同一線名ラベル「清津川線」が 信濃川 と 清津川 の2ノードにのみ出現（両端一致）",tier3,intra
34ec6ded-1927-469d-bea1-fa5edf375201,湖西線,東京電力パワーグリッド,tokyo,154,2d34b9f6-f8a0-4d18-9a01-2d815c46325b,c5b7f28c-f53a-442e-b727-d7a5625a121c,,,,active,,,tokyo-keitozu-tokyo_kikan154,extracted,2026-08-03,"両端は異なるページ: 2,7;ev:同一線名ラベル「湖西線」が 新野田 と 霞ケ浦 の2ノードにのみ出現（両端一致）",tier3,intra
09e61aa1-2e97-44bc-9f36-ded559374b07,湘南線,東京電力パワーグリッド,tokyo,154,60852c42-dae4-4561-afc0-64865347bb3c,7e475ff1-4b5b-45d2-8957-b1a3a0e96ec4,,,,active,,,tokyo-keitozu-tokyo_kikan154,extracted,2026-08-03,"両端は異なるページ: 2,6;ev:同一線名ラベル「湘南線」が 新秦野 と 湘南 の2ノードにのみ出現（両端一致）",tier3,intra
83d5e9de-3fbc-4923-ac72-64411b481454,湯宿線,東京電力パワーグリッド,tokyo,154,aa3bb853-54de-4aa5-893b-2aea4dbce532,35d16083-7c1b-4469-b135-d4c0248cbb98,,,,active,,,tokyo-keitozu-tokyo_kikan154,extracted,2026-08-03,湯宿線上側の東北電力ノード;uncertain;ev:同一線名ラベル「湯宿線」が 変電所（東北電力）#1[p7_r1c1] と 湯宿 の2ノードにのみ出現（両端一致）,tier3,intra
0b528a57-32aa-4f63-8a01-6c3e743711ae,湯船線,東京電力パワーグリッド,tokyo,154,ed852fbc-02e8-497e-8882-e83128f20795,8fc49525-e8ff-45f1-9e91-18104b89125a,,,,active,,,tokyo-keitozu-tokyo_kikan154,verified,2026-08-03,"↓80; 両端は異なるページ: 2,6;uncertain;ev:同一線名ラベル「湯船線」が 新富士 と 湯船 の2ノードにのみ出現（両端一致）",tier3,intra
b5d10643-f4b5-4a03-95e6-5107d50675a5,潮止線,東京電力パワーグリッド,tokyo,154,cbcbf289-0fbf-459a-9e09-15308bae5b69,f13b5986-d49f-4bde-97d4-76bb32ec475f,2,,,active,,,tokyo-keitozu-tokyo_kikan154,extracted,2026-08-03,"↓240; ↓241; 両端は異なるページ: 2,3;ev:同一線名ラベル「潮止線」が 北葛飾 と 花畑 の2ノードにのみ出現（両端一致）",tier3,intra
e7f8386d-5f28-4a2d-adac-227afc3dc4d1,片山線,東京電力パワーグリッド,tokyo,154,d669de8a-30b0-4b1f-a626-4cf4a9410bd2,64fb3fe6-e618-400e-88c4-41889c195a28,,,,active,,,tokyo-keitozu-tokyo_kikan154,extracted,2026-08-03,↓1320、クラスタ下方に引出し;ev:同一線名ラベル「片山線」が 新座 と 武蔵野 の2ノードにのみ出現（両端一致）,tier3,intra
7b3987d0-79c7-4d25-8a56-776220728a85,犀川線,東京電力パワーグリッド,tokyo,154,596a9e19-4b21-4b8a-9d08-54726e220a45,4f79e0fc-28d3-4aa4-8c44-5ef8a048f83e,,,,active,,,tokyo-keitozu-tokyo_kikan154,extracted,2026-08-03,"両端は異なるページ: 2,6;ev:同一線名ラベル「犀川線」が 新町 と 松川 の2ノードにのみ出現（両端一致）",tier3,intra
729f0dc0-3e6c-4b6a-bd1a-5a89f12d0d64,狭山線,東京電力パワーグリッド,tokyo,154,f6bf38a0-8e4e-4e58-b6af-9b027a3f5833,a82f9389-32ae-47a2-8af3-c11b8d070499,,,,active,,,tokyo-keitozu-tokyo_kikan154,extracted,2026-08-03,潮流 0;ev:同一線名ラベル「狭山線」が 南川越 と 豊岡 の2ノードにのみ出現（両端一致）,tier3,intra
17337e30-3853-48f9-aaa8-82ed6c1bfc8f,猪苗代新幹線（中）,東京電力パワーグリッド,tokyo,154,a36be9d9-da35-445a-8195-9bb73f948ca3,c08693f2-1c58-42cc-ab19-de9162886793,,,,active,,,tokyo-keitozu-tokyo_kikan154,extracted,2026-08-03,母線下側へ引出;ev:同一線名ラベル「猪苗代新幹線（中）」が 河内 と 膳棚 の2ノードにのみ出現（両端一致）,tier3,intra
78ff99a4-3f31-45e2-be5f-bdad141a1302,猪苗代新幹線（里）,東京電力パワーグリッド,tokyo,154,76cd5518-fd7e-46d1-81cd-720ccb76e85c,a36be9d9-da35-445a-8195-9bb73f948ca3,,,,active,,,tokyo-keitozu-tokyo_kikan154,extracted,2026-08-03,"両端は異なるページ: 2,7;ev:同一線名ラベル「猪苗代新幹線（里）」が 小山 と 河内 の2ノードにのみ出現（両端一致）",tier3,intra
6365e5c8-cb16-48a1-a38b-683a0fd491a8,猪苗代旧幹線（里）,東京電力パワーグリッド,tokyo,154,c08693f2-1c58-42cc-ab19-de9162886793,79dce0fb-62e9-406a-a573-282b205f8326,,,,active,,,tokyo-keitozu-tokyo_kikan154,extracted,2026-08-03,母線下側へ引出;ev:同一線名ラベル「猪苗代旧幹線（里）」が 膳棚 と 那須野 の2ノードにのみ出現（両端一致）,tier3,intra
d1c113bf-a5e9-4909-9fe1-7753f404344b,生実線,東京電力パワーグリッド,tokyo,154,4729dba8-54ae-4a0f-83c2-7bf2f78b6382,a3026d39-bbd7-40c9-b6ea-ecaed80d1a23,,,,active,,,tokyo-keitozu-tokyo_kikan154,extracted,2026-08-03,"↓109; 両端は異なるページ: 2,3;ev:同一線名ラベル「生実線」が 房総 と 東千葉 の2ノードにのみ出現（両端一致）",tier3,intra
1c4cde5a-4043-4b4e-8295-fdfa59680e11,田代幹線（中）,東京電力パワーグリッド,tokyo,154,ed852fbc-02e8-497e-8882-e83128f20795,b17ed605-bd7c-4c43-b6cf-517b6a13ff19,,,,active,,,tokyo-keitozu-tokyo_kikan154,extracted,2026-08-03,↓466; ↓453;ev:同一線名ラベル「田代幹線（中）」が 新富士 と 駿河 の2ノードにのみ出現（両端一致）,tier3,intra
53899a2b-df5c-48fa-98de-7f3218c2ac61,田代幹線（里）,東京電力パワーグリッド,tokyo,154,ed852fbc-02e8-497e-8882-e83128f20795,60852c42-dae4-4561-afc0-64865347bb3c,,,,active,,,tokyo-keitozu-tokyo_kikan154,extracted,2026-08-03,↓235;ev:同一線名ラベル「田代幹線（里）」が 新富士 と 新秦野 の2ノードにのみ出現（両端一致）,tier3,intra
ffb9c94d-48ba-4293-8438-6c1a2edc5431,田方線,東京電力パワーグリッド,tokyo,154,fad9df24-8836-4644-9c36-fe0dd0d0f578,e273cf62-c52b-41ae-8ba8-753d3d4e13a0,,,,active,,,tokyo-keitozu-tokyo_kikan154,extracted,2026-08-03,ev:同一線名ラベル「田方線」が 田方 と 駿東 の2ノードにのみ出現（両端一致）,tier3,intra
e185beec-9cf2-4d7b-8c13-0c5acac88119,田端線,東京電力パワーグリッド,tokyo,154,2cbe3824-0aec-4df3-bfce-0074c1dc082d,63fa0537-64ae-47fd-a8a0-657008a7d706,,,,active,,,tokyo-keitozu-tokyo_kikan154,extracted,2026-08-03,ev:同一線名ラベル「田端線」が 田端 と 鳩ヶ谷 の2ノードにのみ出現（両端一致）,tier3,intra
fa9f8041-b2cb-40a7-a707-c60ceff03bc8,甲信幹線（中）,東京電力パワーグリッド,tokyo,154,4d6c4271-06ae-4641-89cc-ad5e73a81f99,d3a05dc3-ab5f-4d7f-9cc5-619863f6224f,,,,active,,,tokyo-keitozu-tokyo_kikan154,extracted,2026-08-03,母線下側から引出;ev:同一線名ラベル「甲信幹線（中）」が 塩尻 と 山梨 の2ノードにのみ出現（両端一致）,tier3,intra
2aa52f86-54dd-424c-940c-a7770802da85,甲信幹線（山）,東京電力パワーグリッド,tokyo,154,4d6c4271-06ae-4641-89cc-ad5e73a81f99,bf619bca-6c23-449b-869f-e902824a4e5e,,,,active,,,tokyo-keitozu-tokyo_kikan154,extracted,2026-08-03,p6_r1c1 上部の中部電力ノード;uncertain;ev:同一線名ラベル「甲信幹線（山）」が 塩尻 と 変電所（中部電力）#1[p6_r1c1] の2ノードにのみ出現（両端一致） | 他社(中部電力)設備の50Hz乗入、区域連系線ではない(缝合轮2判定),tier3,intra
4f04a924-47bd-4352-bb47-b0675c2c6e8b,白岡線,東京電力パワーグリッド,tokyo,154,80d54fb6-2d71-4f5a-b4f1-f8a1a732c7b0,150fe35a-6c35-4fbb-96f0-7bad74e6467d,,,,active,,,tokyo-keitozu-tokyo_kikan154,extracted,2026-08-03,ev:同一線名ラベル「白岡線」が 北東京 と 岩槻 の2ノードにのみ出現（両端一致）,tier3,intra
eb4c8b95-f5f0-4aee-832c-e750a71eab88,白沢線,東京電力パワーグリッド,tokyo,154,496fb187-359d-4ea3-9a0b-3d494cd69d11,a36be9d9-da35-445a-8195-9bb73f948ca3,2,,,active,,,tokyo-keitozu-tokyo_kikan154,extracted,2026-08-03,"両端は異なるページ: 2,7;ev:同一線名ラベル「白沢線」が 新栃木 と 河内 の2ノードにのみ出現（両端一致）",tier3,intra
03d12bbc-b7bc-423a-99bf-c5e5a3364ca7,白石線,東京電力パワーグリッド,tokyo,154,e37ae671-1fa4-42d8-b747-ee38bb69f328,3ccfd08b-3658-4033-9039-eec98bc458fc,2,,,active,,,tokyo-keitozu-tokyo_kikan154,extracted,2026-08-03,↑2;ev:同一線名ラベル「白石線」が 南川崎 と 川崎 の2ノードにのみ出現（両端一致）,tier3,intra
c52db7f6-62b9-4c61-b18f-bcec533b6c46,相馬双葉幹線,東京電力パワーグリッド,tokyo,500,ac39fb2f-1984-4214-99cd-49041584ed2e,c671fc95-e3e9-4c9c-a03c-363b5a1b7c4d,,,,active,,,tokyo-keitozu-tokyo_kikan154,verified,2026-08-03,r1c7/r1c8 的 東北電力 500/275 節点;uncertain;ev:同一線名ラベル「相馬双葉幹線」が 南いわき と 変電所（東北電力）#5[r1c7] の2ノードにのみ出現（両端一致）,tier1,intra
e3e8d1cd-1309-4e58-8df3-a8fe25a7efbe,矢切線,東京電力パワーグリッド,tokyo,154,249acbfe-b23b-4d4e-8a1d-a1076756c23d,11f2cf54-c52f-466a-aac4-5d6c85b9152f,,,,closed,,2026-08-04,tokyo-keitozu-tokyo_kikan154,extracted,2026-08-04,"矢切線は横断ラベル、柏井はその直下に分岐; 線名から推定される端点だが矢切クラスタ側にラベルは付いていない; 両端は異なるページ: 2,3;uncertain;ev:同一線名ラベル「矢切線」が 柏井 と 矢切 の2ノードにのみ出現（両端一致） | closed: 矢切・柏井とも線名bay無し（矢切 6/13 MWh）で同一幹線上の tap。同幹線の tap は西から 寄巻・矢切・東松戸・柏井・鎌ヶ谷。真の両端は p3 からは特定不能。tap どうしを端点にした偽の辺（verdict_tokyo2 2026-08-04, p3 abs(223-3000,1305/1318)）",tier3,intra
1ae7a62d-1243-495b-88ac-d51e0fabb962,石岡線,東京電力パワーグリッド,tokyo,154,b301607b-79ae-4723-9f59-04ada33f10ac,ed7194aa-26c8-4455-8440-10e2ccf32225,,,,active,,,tokyo-keitozu-tokyo_kikan154,extracted,2026-08-03,ev:同一線名ラベル「石岡線」が 石岡 と 西水戸 の2ノードにのみ出現（両端一致）,tier3,intra
c3eca0d1-e529-4379-a829-a83ea5e84795,福島幹線(中),東京電力パワーグリッド,tokyo,500,23b45592-7716-4263-bcf3-99c13d9290d2,a0c97fd7-22f7-40d0-9113-e1c8b78c16bc,,,,active,,,tokyo-keitozu-tokyo_kikan154,extracted,2026-08-03,ev:同一線名ラベル「福島幹線(中)」が 新いわき と 新茂木 の2ノードにのみ出現（両端一致）,tier1,intra
4f6e64a0-9a81-4239-9075-597ef935084f,福島幹線(山),東京電力パワーグリッド,tokyo,500,23b45592-7716-4263-bcf3-99c13d9290d2,8580f6bc-4ff5-44b3-b55e-1a71c524faef,,,,active,,,tokyo-keitozu-tokyo_kikan154,extracted,2026-08-03,ev:同一線名ラベル「福島幹線(山)」が 新いわき と 新福島 の2ノードにのみ出現（両端一致）,tier1,intra
7ae01bd7-9f43-4ee5-b7b2-a6b6ee6d12e7,福島幹線(里),東京電力パワーグリッド,tokyo,500,d486d5fd-4cad-4ec8-a574-cce5f3244dd5,a0c97fd7-22f7-40d0-9113-e1c8b78c16bc,,,,active,,,tokyo-keitozu-tokyo_kikan154,extracted,2026-08-03,ev:同一線名ラベル「福島幹線(里)」が 新古河 と 新茂木 の2ノードにのみ出現（両端一致）,tier1,intra
7d65190d-d489-4b04-b785-78facd2c60c5,福島東幹線(山),東京電力パワーグリッド,tokyo,500,23b45592-7716-4263-bcf3-99c13d9290d2,8580f6bc-4ff5-44b3-b55e-1a71c524faef,,,,active,,,tokyo-keitozu-tokyo_kikan154,extracted,2026-08-03,ev:同一線名ラベル「福島東幹線(山)」が 新いわき と 新福島 の2ノードにのみ出現（両端一致）,tier1,intra
1ba064ea-abac-47a0-b1ff-72f9c48aea0e,福島東幹線(里),東京電力パワーグリッド,tokyo,500,23b45592-7716-4263-bcf3-99c13d9290d2,27f314e0-a83f-4666-bcfe-2abb18f7c9cc,,,,active,,,tokyo-keitozu-tokyo_kikan154,extracted,2026-08-03,両端は異なるPDF: 154kv+kikan;ev:同一線名ラベル「福島東幹線(里)」が 新いわき と 新筑波 の2ノードにのみ出現（両端一致）,tier1,intra
feb16868-18b3-4855-842b-3e5825f81dfe,笹目線,東京電力パワーグリッド,tokyo,154,64fb3fe6-e618-400e-88c4-41889c195a28,66fba741-8f85-43d5-b1cf-c5ce38bc8d8d,,,,active,,,tokyo-keitozu-tokyo_kikan154,extracted,2026-08-03,潮流 0;ev:同一線名ラベル「笹目線」が 武蔵野 と 笹目 の2ノードにのみ出現（両端一致）,tier3,intra
fe837586-75c4-4178-a423-6d2214aa1d76,筑南線,東京電力パワーグリッド,tokyo,154,27f314e0-a83f-4666-bcfe-2abb18f7c9cc,c5b7f28c-f53a-442e-b727-d7a5625a121c,,,,active,,,tokyo-keitozu-tokyo_kikan154,extracted,2026-08-03,"p7_r2c2 右上端の同クラスタ部分に筑南線ラベル; 両端は異なるページ: 2,7;ev:同一線名ラベル「筑南線」が 新筑波 と 霞ケ浦 の2ノードにのみ出現（両端一致）",tier3,intra
b6d41f4d-e0cd-401c-9aed-6ba0dedc0281,美園線,東京電力パワーグリッド,tokyo,154,150fe35a-6c35-4fbb-96f0-7bad74e6467d,63fa0537-64ae-47fd-a8a0-657008a7d706,,,,active,,,tokyo-keitozu-tokyo_kikan154,extracted,2026-08-03,潮流 0;ev:同一線名ラベル「美園線」が 岩槻 と 鳩ヶ谷 の2ノードにのみ出現（両端一致）,tier3,intra
b407f29d-a842-42bc-8b68-cd42eeabc0cf,群馬幹線(里),東京電力パワーグリッド,tokyo,154,f6bf38a0-8e4e-4e58-b6af-9b027a3f5833,2f3b0624-126c-49db-b67c-b86301805fab,,,,active,,,tokyo-keitozu-tokyo_kikan154,extracted,2026-08-03,ev:同一線名ラベル「群馬幹線(里)」が 南川越 と 群馬 の2ノードにのみ出現（両端一致）,tier3,intra
ab7b152d-aba8-482c-9a78-8f2cf2e0a74a,群馬幹線（山）,東京電力パワーグリッド,tokyo,154,2f3b0624-126c-49db-b67c-b86301805fab,94f5d56b-c90f-4dc3-a37e-d0654e5014f7,,,,active,,,tokyo-keitozu-tokyo_kikan154,extracted,2026-08-03,"母線下側から引出; 両端は異なるページ: 2,7;ev:同一線名ラベル「群馬幹線（山）」が 群馬 と 金井 の2ノードにのみ出現（両端一致）",tier3,intra
5ef7c870-f9fa-4fc0-9997-88ac74e0d38a,花畑江戸川線,東京電力パワーグリッド,tokyo,154,eaa8e229-08f2-43bc-a451-c06435d70efb,f13b5986-d49f-4bde-97d4-76bb32ec475f,,,,active,,,tokyo-keitozu-tokyo_kikan154,verified,2026-08-03,uncertain;ev:同一線名ラベル「花畑江戸川線」が 江戸川 と 花畑 の2ノードにのみ出現（両端一致）,tier3,intra
af7109a8-2e63-4ec3-9da8-e93c3c05c228,葛南世田谷線,東京電力パワーグリッド,tokyo,275,a184f8dd-4533-435a-a691-cf5dad185281,3495cd61-8a86-4f20-86cc-a26c07364562,,,,active,,,tokyo-keitozu-tokyo_kikan154,extracted,2026-08-03,↓970; ↑940;ev:同一線名ラベル「葛南世田谷線」が 世田谷 と 葛南 の2ノードにのみ出現（両端一致）,tier2,intra
05bb9b36-8d1a-4250-b2e2-6b99733b214a,西上武幹線,東京電力パワーグリッド,tokyo,500,f6ad8cff-9b74-45b5-a79c-d69a7ffd666a,83d6b45c-ed18-406c-83a1-81b1b2f88274,,,,active,,,tokyo-keitozu-tokyo_kikan154,extracted,2026-08-03,ev:同一線名ラベル「西上武幹線」が 新所沢 と 西群馬 の2ノードにのみ出現（両端一致）,tier1,intra
84dd3078-6d3e-4257-9568-cb96e62b47dd,西北線,東京電力パワーグリッド,tokyo,275,0eb051cb-1239-42c9-b614-94c8760f55de,39a63c7d-a826-465a-9959-645c8e275379,,,,active,,,tokyo-keitozu-tokyo_kikan154,extracted,2026-08-03,↑1610; ↓810; 両端は異なるPDF: 154kv+kikan;ev:同一線名ラベル「西北線」が 北多摩 と 西東京 の2ノードにのみ出現（両端一致）,tier2,intra
9a3ed7f9-d6b1-405e-87a2-a3c16746e063,西南多摩線,東京電力パワーグリッド,tokyo,275,46cdfbaa-7479-486f-992e-a1b3db15c012,39a63c7d-a826-465a-9959-645c8e275379,,,,active,,,tokyo-keitozu-tokyo_kikan154,extracted,2026-08-03,↓0; ↓780; 両端は異なるPDF: 154kv+kikan;ev:同一線名ラベル「西南多摩線」が 多摩 と 西東京 の2ノードにのみ出現（両端一致）,tier2,intra
7d03cc87-6b9e-4459-bf98-b5bf1ee5d2d9,西宇都宮線,東京電力パワーグリッド,tokyo,154,496fb187-359d-4ea3-9a0b-3d494cd69d11,6f6c513a-c4d7-4410-9e2b-a68532e24f03,,,,active,,,tokyo-keitozu-tokyo_kikan154,extracted,2026-08-03,"両端は異なるページ: 2,7;ev:同一線名ラベル「西宇都宮線」が 新栃木 と 西宇都宮 の2ノードにのみ出現（両端一致）",tier3,intra
5b0c2fb3-ba0e-4659-a26d-c6a5fd1593c4,西水戸線,東京電力パワーグリッド,tokyo,154,ed7194aa-26c8-4455-8440-10e2ccf32225,6442e05d-05d3-497e-8471-6fc8f17c5261,,,,active,,,tokyo-keitozu-tokyo_kikan154,extracted,2026-08-03,"両端は異なるページ: 2,7;ev:同一線名ラベル「西水戸線」が 西水戸 と 那珂 の2ノードにのみ出現（両端一致）",tier3,intra
1fa76c0f-2f05-4ad4-a8e1-2489e4dba20d,西茨線,東京電力パワーグリッド,tokyo,154,c4fa51b8-fbdb-4b06-8964-032267af7ab4,6442e05d-05d3-497e-8471-6fc8f17c5261,,,,active,,,tokyo-keitozu-tokyo_kikan154,extracted,2026-08-03,"両端は異なるページ: 2,7;ev:同一線名ラベル「西茨線」が 茨城 と 那珂 の2ノードにのみ出現（両端一致）",tier3,intra
661d76d9-6c6e-4a96-ae9e-f357bf3a86fe,西越谷線,東京電力パワーグリッド,tokyo,275,80d54fb6-2d71-4f5a-b4f1-f8a1a732c7b0,aa43a9a8-2afc-49f1-ae95-cdc2c45d36ee,,,,active,,,tokyo-keitozu-tokyo_kikan154,extracted,2026-08-03,両端は異なるPDF: 154kv+kikan;ev:同一線名ラベル「西越谷線」が 北東京 と 西越谷 の2ノードにのみ出現（両端一致）,tier2,intra
a346b64c-72f5-471f-bfb4-25b58cde76cb,豊島線,東京電力パワーグリッド,tokyo,275,3e2d6a42-21c3-4ea7-b1bf-d45301b1d606,8c71b736-2f41-4b75-af31-d7b23e4710af,,,,active,,,tokyo-keitozu-tokyo_kikan154,extracted,2026-08-03,↑200; ↓210;ev:同一線名ラベル「豊島線」が 京北 と 豊島 の2ノードにのみ出現（両端一致）,tier2,intra
ee0d8f52-49a7-4c74-a658-d0db117ffb33,豊常線,東京電力パワーグリッド,tokyo,154,3ecda95f-56fa-45c9-a5b1-401d2e3c249b,8c71b736-2f41-4b75-af31-d7b23e4710af,,,,active,,,tokyo-keitozu-tokyo_kikan154,extracted,2026-08-03,↓434;ev:同一線名ラベル「豊常線」が 常盤台 と 豊島 の2ノードにのみ出現（両端一致）,tier3,intra
8a1f3a81-2ad6-4ba5-9fa3-c7068dd707fc,豊昭線,東京電力パワーグリッド,tokyo,154,f95a1aea-3f78-4e91-a83b-41a614e144ff,a82f9389-32ae-47a2-8af3-c11b8d070499,,,,active,,,tokyo-keitozu-tokyo_kikan154,extracted,2026-08-03,ev:同一線名ラベル「豊昭線」が 昭島 と 豊岡 の2ノードにのみ出現（両端一致）,tier3,intra
889964f0-c1f5-4299-85e8-bd062f15d2d3,豊洲内幸町線,東京電力パワーグリッド,tokyo,275,d85dc6de-57e3-4412-91dd-a2b70d0801e1,ea555041-72d7-46f4-b801-1467c4d5219b,,,,active,,,tokyo-keitozu-tokyo_kikan154,extracted,2026-08-03,↓510;ev:同一線名ラベル「豊洲内幸町線」が 新豊洲 と 東内幸町 の2ノードにのみ出現（両端一致）,tier2,intra
7883ea85-1ab3-4657-889a-30111d04adf1,豊洲永代橋線,東京電力パワーグリッド,tokyo,275,d85dc6de-57e3-4412-91dd-a2b70d0801e1,3ede803f-5746-4f89-98d6-a9bb3a4b0e6c,,,,active,,,tokyo-keitozu-tokyo_kikan154,extracted,2026-08-03,↓540;ev:同一線名ラベル「豊洲永代橋線」が 新豊洲 と 永代橋 の2ノードにのみ出現（両端一致）,tier2,intra
024a891e-fc67-4bc9-a872-0d06cc30dd2b,那珂線,東京電力パワーグリッド,tokyo,275,a0c97fd7-22f7-40d0-9113-e1c8b78c16bc,6442e05d-05d3-497e-8471-6fc8f17c5261,,,,active,,,tokyo-keitozu-tokyo_kikan154,extracted,2026-08-03,両端は異なるPDF: 154kv+kikan;ev:同一線名ラベル「那珂線」が 新茂木 と 那珂 の2ノードにのみ出現（両端一致）,tier2,intra
2f060628-c6f3-41cc-bb24-a8a6ad36fb7f,都留線,東京電力パワーグリッド,tokyo,154,263fc187-c584-47b0-8cf1-aac09270d46f,22577b3d-dcc5-4f27-8674-3e9d582e8d9c,,,,active,,,tokyo-keitozu-tokyo_kikan154,extracted,2026-08-03,"「至新町」注記と並記; 両端は異なるページ: 2,5;ev:同一線名ラベル「都留線」が 小倉 と 東山梨 の2ノードにのみ出現（両端一致）",tier3,intra
ed58520c-581c-4448-a22c-7215fe647179,野川線,東京電力パワーグリッド,tokyo,154,32d13d32-f4e1-4182-9b47-23d2c2c34920,406bb506-948c-4368-8c7f-a08f4ef79331,,,,active,,,tokyo-keitozu-tokyo_kikan154,extracted,2026-08-03,↓448;ev:同一線名ラベル「野川線」が 南武 と 港北 の2ノードにのみ出現（両端一致）,tier3,intra
f90bfb7a-d48f-4c1d-ac9a-2f328adcfc7b,野木線,東京電力パワーグリッド,tokyo,154,27f314e0-a83f-4666-bcfe-2abb18f7c9cc,0650d830-44e3-4d55-9174-bdb1fa458e8f,,,,active,,,tokyo-keitozu-tokyo_kikan154,extracted,2026-08-03,母線下側へ引出;ev:同一線名ラベル「野木線」が 新筑波 と 野木 の2ノードにのみ出現（両端一致）,tier3,intra
3368d9f0-2c9c-48ae-940e-d006409238fc,野田線,東京電力パワーグリッド,tokyo,154,cbcbf289-0fbf-459a-9e09-15308bae5b69,2d34b9f6-f8a0-4d18-9a01-2d815c46325b,,,,active,,,tokyo-keitozu-tokyo_kikan154,verified,2026-08-03,"クラスタ下側の 3 ラベル（野田線/東葛線3,4L/東葛線1,2L）は新野田の引出と読めるが、母線との接続点は重なりで判別しにくい; ↓500;uncertain;ev:同一線名ラベル「野田線」が 北葛飾 と 新野田 の2ノードにのみ出現（両端一致）",tier3,intra
8523c2dd-d1b1-4784-8cbd-e8f2fd9927fa,阿武隈線,東京電力パワーグリッド,tokyo,275,3b2f7ed5-68df-45a2-baed-8b32eef67cb2,6442e05d-05d3-497e-8471-6fc8f17c5261,,,,active,,,tokyo-keitozu-tokyo_kikan154,extracted,2026-08-03,両端は異なるPDF: 154kv+kikan;ev:同一線名ラベル「阿武隈線」が 発電所1002016 と 那珂 の2ノードにのみ出現（両端一致）,tier2,intra
cda4952c-452d-4ee0-b9eb-65354fa008e7,霞沢線,東京電力パワーグリッド,tokyo,154,bf619bca-6c23-449b-869f-e902824a4e5e,bb47e3aa-c6df-4a4c-b84b-41ad095ea69e,,,,active,,,tokyo-keitozu-tokyo_kikan154,extracted,2026-08-03,母線左右に霞沢線ラベルが2箇所; p6_r1c1 上部の中部電力ノード;uncertain;ev:同一線名ラベル「霞沢線」が 変電所（中部電力）#1[p6_r1c1] と 霞沢 の2ノードにのみ出現（両端一致） | 他社(中部電力)設備の50Hz乗入、区域連系線ではない(缝合轮2判定),tier3,intra
8429f9e3-d2c0-470c-b0f2-2420b7fc1317,青梅線,東京電力パワーグリッド,tokyo,275,465b98e6-1d1d-491a-948e-77d30f5dc51e,cdc51193-b36c-497f-b189-9f30a04ae043,,,,active,,,tokyo-keitozu-tokyo_kikan154,extracted,2026-08-03,ev:同一線名ラベル「青梅線」が 新飯能 と 青梅 の2ノードにのみ出現（両端一致）,tier2,intra
daf3dcf8-f3ff-445e-ae33-b74d6d1942f7,須田貝線,東京電力パワーグリッド,tokyo,154,16ce65f1-4731-46c4-8c8c-ad5cb5bc97c1,5f352f52-3e43-42aa-8f89-f48e6a0b47c5,,,,active,,,tokyo-keitozu-tokyo_kikan154,extracted,2026-08-03,須田貝線ラベルが上下2箇所;ev:同一線名ラベル「須田貝線」が 水上 と 須田貝 の2ノードにのみ出現（両端一致）,tier3,intra
7ef919b2-73f2-4252-85ff-aeb1e5502ef6,飛騨信濃直流幹線,東京電力パワーグリッド,tokyo,,adf40388-bbbc-4fa5-96cf-f82c3acbf66d,f7697baf-9fac-49ea-9079-1f07d33bbbe7,,,,active,,,tokyo-keitozu-tokyo_kikan154,extracted,2026-08-03,直流；1極/2極，1-2極合計704; 直流联络;ev:同一線名ラベル「飛騨信濃直流幹線」が 変換所（中部電力） と 新信濃 の2ノードにのみ出現（両端一致）,,intra
ba3bbc84-6d9a-495b-8a5d-cd3b2a10b343,香取線,東京電力パワーグリッド,tokyo,275,33c8800b-2ce7-4ca7-b552-fbce758c89af,019f125d-ef81-49ff-a590-4286f8494932,,,,active,,,tokyo-keitozu-tokyo_kikan154,extracted,2026-08-03,潮流 -359;ev:同一線名ラベル「香取線」が 新佐原 と 鹿島 の2ノードにのみ出現（両端一致）,tier2,intra
4146c83f-722a-4b38-ab84-2cd1c58364e3,高瀬川線,東京電力パワーグリッド,tokyo,275,f7697baf-9fac-49ea-9079-1f07d33bbbe7,d3d272ac-fdac-4e21-ba4b-8d75091d84a7,,,,active,,,tokyo-keitozu-tokyo_kikan154,extracted,2026-08-03,另一端为 発電所1002022;ev:同一線名ラベル「高瀬川線」が 新信濃 と 発電所1002022 の2ノードにのみ出現（両端一致）,tier2,intra
112df9ad-46ac-4617-88b9-3f71157f17f4,高輪線,東京電力パワーグリッド,tokyo,275,ea555041-72d7-46f4-b801-1467c4d5219b,038a47ad-21c0-4ef2-8840-a9c2417ea497,,,,active,,,tokyo-keitozu-tokyo_kikan154,extracted,2026-08-03,↑630; ↓630;ev:同一線名ラベル「高輪線」が 東内幸町 と 高輪 の2ノードにのみ出現（両端一致）,tier2,intra
1a19f7b7-f8ca-4184-9048-01b7191f4e1c,鹿島海浜線,東京電力パワーグリッド,tokyo,275,19c61a64-2ea1-4d21-8608-945433640096,2cfc3a73-0a5b-49a3-a8a2-721195da7d20,,,,active,,,tokyo-keitozu-tokyo_kikan154,verified,2026-08-03,"鹿島海浜線 标签在 東鹿島 右侧，与 需要家/発電所1002009 相连；与 東鹿島 母线的直连未逐段确认;uncertain;ev:同一線名ラベル「鹿島海浜線」が 東鹿島 と 発電所1002009 の2ノードにのみ出現（両端一致） | 需要家分岐あり。東鹿島275kV母線から2条が上昇→右折→下降し『鹿島海浜線』ラベル(x≈355,y≈995)を経て分岐、一方が需要家(x≈355,y≈1140)、他方が発電所1002009(x≈505,y≈1140)に至る",tier2,intra
f7a6fc9f-70a9-4282-9637-bec64cd2899e,長瀬川線,東京電力パワーグリッド,tokyo,154,c08693f2-1c58-42cc-ab19-de9162886793,bce3eb8f-f728-4c50-9906-b51da81d35fc,,,,active,,,tokyo-keitozu-tokyo_kikan154,extracted,2026-08-03,同一タイル内だが線が長く交差多数のため uncertain;uncertain;ev:p7_r1c3 内で膳棚母線の長瀬川線引出が上方の発電所1113018 へ白線でつながって見える,tier3,intra
1a4cd465-4975-4c9f-b87a-f77562a0f084,栃那線,東京電力パワーグリッド,tokyo,154,dd47bff0-b21b-41f8-9967-5050302a1216,496fb187-359d-4ea3-9a0b-3d494cd69d11,,,,active,,,tokyo-keitozu-tokyo_kikan154,extracted,2026-08-03,経路が長く途中で他線と重なるため uncertain;uncertain;ev:下滝クラスタ下から栃那線ラベル付きの白線が出て、新栃木側の栃那線引出と同一タイル内でつながる,tier3,intra
7390b514-d7c4-46a6-80c9-7099e3185cd6,佐久間FC,東京電力パワーグリッド,tokyo,,ae074850-b425-4121-8b6f-19fefeee25ef,2b6e2cd6-0aa1-4b26-b966-099ed14368f6,,,,active,,,tokyo-keitozu-tokyo_kikan154,verified,2026-08-03,「新豊根佐久間線」「佐久間FC →1」のラベルが介在。FC記号の解釈に依存;uncertain;ev:同一ブロック内で上下2母線がFC(周波数変換)記号を挟んで白線で直結,,intra
b0f6de0b-51d8-4539-a6d9-b8e1b10e6115,連絡Tr,東京電力パワーグリッド,tokyo,66,1b53d2f3-c0c6-44c1-a08e-56a73461baf7,243b1c75-7edf-465e-a263-481cbca949f8,,,,active,,,tokyo-keitozu-tokyo_kikan154,extracted,2026-08-03,ev:同一ブロック内で発電所1001010母線から下方へ白線が伸び、連絡Tr(↓38)を経て新袖ケ浦66kV母線に接続,tier4_stub,intra
2a865455-71e7-49f1-9ceb-26d18a12261f,,東京電力パワーグリッド,tokyo,275,a987cdcb-600a-46e3-b04c-d5701d35b736,2a37b228-4706-4553-be64-cbfbf98245b2,,,,active,,,tokyo-keitozu-tokyo_kikan154,extracted,2026-08-03,ev:同一ブロック内で東川崎275kV母線から下方へ白線が伸び発電所1002045ラベルに至る,tier2,intra
78fadc77-c178-49c8-8d04-8e61b60c98b2,,東京電力パワーグリッド,tokyo,275,0cbd6900-db30-425f-9cd1-ca99f2042293,f5c28218-2f14-444b-a711-ac584e1e6fe0,,,,active,,,tokyo-keitozu-tokyo_kikan154,extracted,2026-08-03,ev:同一ブロック内で横浜大里275kV母線右端に接続する引出しが発電所1002044ラベルに至る,tier2,intra
4a1fff5b-037b-46ff-a0ea-71fd39ee6955,,東京電力パワーグリッド,tokyo,154,74a7f39b-dc2b-42e1-9ce4-ced768da36f0,f5c28218-2f14-444b-a711-ac584e1e6fe0,,,,active,,,tokyo-keitozu-tokyo_kikan154,extracted,2026-08-03,ev:同一ブロック内で横浜大里154kV母線から下方へ白線が伸び発電所1083044ラベルに至る,tier3,intra
54748064-ff5a-4c66-92c8-e6709e83c816,,東京電力パワーグリッド,tokyo,275,119543cb-e1ac-4289-8f11-40abe7c7e1e4,8649d541-99fc-4040-9201-fc1d86f54c4c,,,,active,,,tokyo-keitozu-tokyo_kikan154,extracted,2026-08-03,ev:同一ブロック内で千葉中央の左右両母線区間からそれぞれ下方へ白線が伸び発電所1002014ラベルに至る（同一IDが2箇所）,tier2,intra
4d012e34-a5b4-43c5-ab62-15bb6f1765e2,"姉崎線1,2L /",東京電力パワーグリッド,tokyo,,a98bfada-ebf7-44a6-9b1d-8733c7786e75,2fb34589-bb10-4086-9b92-41f444b98a0c,2,,,active,,,tokyo-keitozu-tokyo_kikan154,extracted,2026-08-03,ev:同一ブロック内で発電所1002015の各母線から下方へ白線が伸び姉崎中央66kV母線の4B/3B/2B/1Bに至る,,intra
56fab436-b2c0-409d-b729-fe8e910050b8,安曇幹線,東京電力パワーグリッド,tokyo,500,f7697baf-9fac-49ea-9079-1f07d33bbbe7,22577b3d-dcc5-4f27-8674-3e9d582e8d9c,,,,closed,,2026-08-03,tokyo-keitozu-tokyo_kikan154,extracted,2026-08-03,未验证——建议由父级用线名两端配对判定，勿直接采信;uncertain;ev:仅见 安曇幹線 自 新信濃 500kV 母线下引，未见其在本块内接入 東山梨 | closed per tokyo_verdicts.csv#R42 route:安曇幹線,tier1,intra
c8d527c5-28d7-44e5-8643-110e1f271484,基幹_送電線No.1,東京電力パワーグリッド,tokyo,275,834c8e31-51f1-4143-9c53-bfb7cf5f8d2b,54bdb188-15b6-48d7-8e14-17aa0242d1f2,,,,active,,,tokyo-keitozu-tokyo_kikan154,extracted,2026-08-03,ev:同一块内白线自 発電所1002006 上引至标注 基幹_送電線No.1 / 電圧階級275kV 的母线,tier2,intra
e458a238-2a4b-44f9-8509-052fc58caa8b,基幹_送電線No.1,東京電力パワーグリッド,tokyo,275,197176f0-a712-4a18-a1fb-3a64029fba78,54bdb188-15b6-48d7-8e14-17aa0242d1f2,,,,active,,,tokyo-keitozu-tokyo_kikan154,extracted,2026-08-03,ev:同一块内白线自 発電所1002007 上引至同一 275kV 母线,tier2,intra
9500b8c1-260e-4d28-9c47-dc2815102406,中富線,東京電力パワーグリッド,tokyo,154,8e8aa032-bee5-423e-8109-ff051a1a3919,db0fa004-7406-430e-8398-8dff3cfc209a,,,,active,,,tokyo-keitozu-tokyo_kikan154,verified,2026-08-03,同一線名が3ノード以上に出現した多端線。定向復核パスで隣接を確定。原confidence=likely。復核メモ: 前沢が『武蔵赤坂—千歳』の途中の直列通過站なのか、分岐点にぶら下がるT分岐なのかは図から区別できない。前沢側にも千歳側にも側記号なし、前沢・武蔵赤坂には潮流数値の表示もない（千歳の↓150のみ）;uncertain;ev:k154_p2_r1c1 下部の武蔵赤坂154kV母線の下側に『中富線』の引出口があり、2条の白線が x≈370/390 でタイル下端へ抜ける。上下に隣接する k154_p2_r2c1 の同じ x≈370/390 に『中富線』ラベル付きの2条が入ってきて、y≈150/161 で右へ折れ、x≈840/848 まで水平に走ってから下降し、そのまま千歳154kV の『中富線 ↓150』ベイに入る（k154_p2_r2c1 内で連続追跡可能、途中に他の変電所ベイなし）,tier3,intra
4f3f5a88-b639-4e08-b7bc-f6164e5375ba,中富線,東京電力パワーグリッド,tokyo,154,8e8aa032-bee5-423e-8109-ff051a1a3919,474626ea-4038-435b-80d7-4970fe065f92,,,,active,,,tokyo-keitozu-tokyo_kikan154,extracted,2026-08-03,同一線名が3ノード以上に出現した多端線。定向復核パスで隣接を確定。原confidence=likely。復核メモ: 前沢が『武蔵赤坂—千歳』の途中の直列通過站なのか、分岐点にぶら下がるT分岐なのかは図から区別できない。前沢側にも千歳側にも側記号なし、前沢・武蔵赤坂には潮流数値の表示もない（千歳の↓150のみ）;uncertain;ev:同じ2条の導体が千歳向けに右折する分岐点（y≈150/161）のすぐ下、y≈178 で前沢154kV のベイに落ちている。つまり前沢は武蔵赤坂から下ってきた同一導体に直付け,tier3,intra
4cb655f5-5caf-4029-a2f8-95faf7e6dcf5,京浜線3;4L,東京電力パワーグリッド,tokyo,275,39a63c7d-a826-465a-9959-645c8e275379,e95d991f-5448-4e8d-ba93-36595f05289b,2,,,active,,,tokyo-keitozu-tokyo_kikan154,verified,2026-08-03,"同一線名が3ノード以上に出現した多端線。定向復核パスで隣接を確定。原confidence=likely。復核メモ: 京浜の帰属が不明。k154_p5_r1c1 の京浜275kV母線には『京浜線3,4L ↓0』と『京浜線1,2L ↑790』の2群があるが、西東京・西横浜のどちらにも『京浜線1,2L』の対応ベイが存在せず（両者とも3,4Lのみ）、790MW の相手先を特定できない。3,4L の京浜側は 0MW のため潮流照合も不可。側記号なし;uncertain;ev:kikan_p2_r3c2：西東京275kV母線の上側に『京浜線3,4L ↑432』（母線より上＝流出）、同タイル下方の西横浜275kV母線の上側に『京浜線3,4L ↓439』（＝流入）。西横浜はバンク合計↓435 の純負荷站で京浜線3,4L 以外の上位回線を持たない（＝終端站）。432→439 と値が一致",tier2,intra
49aa705d-1325-4c6d-beea-ac3767e1b599,北船橋線,東京電力パワーグリッド,tokyo,154,97aab4aa-562b-48bf-bd0f-ce91f69599f8,09f71510-b869-4765-95e0-56a93959a35e,,,,active,,,tokyo-keitozu-tokyo_kikan154,extracted,2026-08-03,同一線名が3ノード以上に出現した多端線。定向復核パスで隣接を確定。原confidence=clear。復核メモ: 東千葉の位置が未定。k154_p3_r1c4 の東千葉154kVにも『北船橋線 ↓0』があるが 0MW で潮流照合できず、導体もタイル外へ抜けるため追跡不能。なお新京葉↓489 と下総↓266 は一致しないので、図に描かれていない中間分岐（北船橋変電所等）が存在する可能性がある;ev:k154_p3_r1c3 の新京葉154kV『北船橋線 ↓489』ベイの2条が x≈560/575 から下降し、y≈540/558 で左へ折れて x≈528/543 に移り、そのままタイル下端まで直進。真下の k154_p3_r2c3 の上端に同じ x≈528/543 の2条が入ってきて下総154kV の『北船橋線 ↓266』ベイに接続。重なり領域の折れ角パターンも一致し、途中に他站のベイなし,tier3,intra
f4b062c9-4d72-4cd8-97bf-12f9e38be413,北鳩線,東京電力パワーグリッド,tokyo,154,80d54fb6-2d71-4f5a-b4f1-f8a1a732c7b0,63fa0537-64ae-47fd-a8a0-657008a7d706,2,,,active,,,tokyo-keitozu-tokyo_kikan154,extracted,2026-08-03,"同一線名が3ノード以上に出現した多端線。定向復核パスで隣接を確定。原confidence=clear。復核メモ: 「鳩ケ谷」(k154_p7_r2c2/r2c3) と「鳩ヶ谷」(k154_p2_r2c4) は、母線電圧(154kV)・北鳩線3,4L=404・北鳩線1,2L=420・北千代田線/田端線を持つ点まで完全に同一で、同一変電所がページ2とページ7に重複描画されたもの（ケ/ヶ の表記ゆれ）とみられる。指示に従い勝手に統合せず、両表記それぞれの辺として出力した。実体は北東京—鳩ケ谷(=鳩ヶ谷) の1本と考えられる;ev:k154_p7_r2c2 の同一タイル内に両站がある。北東京154kV母線の上側に『北鳩線3,4L ↑489』『北鳩線1,2L ↑424』（母線上向き＝流出）、右下の鳩ケ谷154kV母線の上側に『北鳩線3,4L ↓404』『北鳩線1,2L ↓420』（＝流入）。回線群ごとに1対1で対応し、1,2L は 424→420 とほぼ一致",tier3,intra
f9276f4d-0445-4a75-81dd-52fb102df2e9,北鳩線,東京電力パワーグリッド,tokyo,154,80d54fb6-2d71-4f5a-b4f1-f8a1a732c7b0,63fa0537-64ae-47fd-a8a0-657008a7d706,2,,,closed,,2026-08-03,tokyo-keitozu-tokyo_kikan154,extracted,2026-08-03,"同一線名が3ノード以上に出現した多端線。定向復核パスで隣接を確定。原confidence=clear。復核メモ: 「鳩ケ谷」(k154_p7_r2c2/r2c3) と「鳩ヶ谷」(k154_p2_r2c4) は、母線電圧(154kV)・北鳩線3,4L=404・北鳩線1,2L=420・北千代田線/田端線を持つ点まで完全に同一で、同一変電所がページ2とページ7に重複描画されたもの（ケ/ヶ の表記ゆれ）とみられる。指示に従い勝手に統合せず、両表記それぞれの辺として出力した。実体は北東京—鳩ケ谷(=鳩ヶ谷) の1本と考えられる;ev:k154_p2_r2c4 の鳩ヶ谷154kV母線に『北鳩線3,4L ↓404』『北鳩線1,2L ↓420』があり、kikan_p2_r2c5 の北東京154kVの『北鳩線3,4L ↓489』『北鳩線1,2L ↓424』（こちらは母線下側描画で↓＝流出）と対応 | closed per tokyo_verdicts.csv#鳩ケ谷/鳩ヶ谷",tier3,intra
31226df7-3396-40d5-9864-fa7d1bb68ca1,基幹_送電線No.1,東京電力パワーグリッド,tokyo,275,019f125d-ef81-49ff-a590-4286f8494932,54bdb188-15b6-48d7-8e14-17aa0242d1f2,,,,active,,,tokyo-keitozu-tokyo_kikan154,verified,2026-08-03,同一線名が3ノード以上に出現した多端線。定向復核パスで隣接を確定。原confidence=likely。;uncertain;ev:同275kV母線から2条が上方へ抜け、y≈555/575 で左へ折れてタイル左端（=kikan_p2_r2c7 側）へ出る。kikan_p2_r2c7 の鹿島275kV母線には『基幹_送電線No.1 ↓720』（母線上側＝流入）があり、発電所1002006/1002007 から鹿島へ送る向きと整合。ただしタイル境界を跨ぐため白線の完全連続確認はできていない,tier2,intra
b079a8db-980c-4834-9745-abeb592bb331,墨東線,東京電力パワーグリッド,tokyo,275,cbcbf289-0fbf-459a-9e09-15308bae5b69,9049efef-9431-4f94-958a-0b52f96d4872,,,,active,,,tokyo-keitozu-tokyo_kikan154,extracted,2026-08-03,同一線名が3ノード以上に出現した多端線。定向復核パスで隣接を確定。原confidence=clear。;ev:kikan_p2_r3c6：墨東275kV母線の引込口に『墨東線 ↓452』があり、その左右に側記号『（北葛飾側）』『（永代橋側）』が明記されている。北葛飾275kV側にも『墨東線 ↑440』（流出）があり値も整合,tier2,intra
3b03ca57-e756-4b88-8a2a-29b8a817c44c,墨東線,東京電力パワーグリッド,tokyo,275,9049efef-9431-4f94-958a-0b52f96d4872,3ede803f-5746-4f89-98d6-a9bb3a4b0e6c,,,,active,,,tokyo-keitozu-tokyo_kikan154,extracted,2026-08-03,同一線名が3ノード以上に出現した多端線。定向復核パスで隣接を確定。原confidence=clear。;ev:同上の側記号『（永代橋側）』。同タイル下部の永代橋275kV母線に『墨東線 ↓0』がある。墨東は流入452に対しバンク合計455とほぼ全量を消費しており、永代橋側が0なのと整合,tier2,intra
95e682d9-4201-4349-85dc-d49c5490867f,小松川線,東京電力パワーグリッド,tokyo,154,cbcbf289-0fbf-459a-9e09-15308bae5b69,978f10b4-d4a3-4a23-a906-cc3042c4fde6,,,,active,,,tokyo-keitozu-tokyo_kikan154,extracted,2026-08-03,同一線名が3ノード以上に出現した多端線。定向復核パスで隣接を確定。原confidence=clear。復核メモ: 京北と小松川が未定。京北275kV/154kV（k154_p3_r1c1）の『小松川線 ↓0』、小松川154kV（k154_p2_r2c4）の『小松川線 ↓0』はいずれも 0MW で潮流照合できず、導体もタイル外へ抜けるため追跡不能。また北葛飾↓490 と東八潮↓310 は一致せず、差分180MWぶんの中間分岐が図に現れていない;ev:k154_p2_r2c4 の同一タイル内で全区間追跡できた。東八潮154kV『小松川線 ↓310』ベイの2条が x≈883/897 から上昇し、y≈223/207 で左折して x≈668/679 へ移り、そのまま縦に下降。y≈930/945 で右折して北葛飾154kV母線下側の『小松川線 ↓490』ベイに入る。途中に他站のベイなし,tier3,intra
d6d3a7d4-ab85-47e5-a59a-6ce041c4042b,川崎豊洲線,東京電力パワーグリッド,tokyo,275,2a37b228-4706-4553-be64-cbfbf98245b2,b4ba9423-9b7e-439e-a614-84559a459635,,,,active,,,tokyo-keitozu-tokyo_kikan154,verified,2026-08-03,同一線名が3ノード以上に出現した多端線。定向復核パスで隣接を確定。原confidence=likely。復核メモ: T分岐の分岐点が図上に描かれていないため、大井ふ頭が東川崎—新豊洲の途中に串刺しになっている可能性は完全には排除できない（ただし大井ふ頭には川崎豊洲線のベイが1つしかなく、通過站なら2つ必要なので直列の線は薄い）;uncertain;ev:kikan_p2_r4c3 の東川崎275kV母線上側『川崎豊洲線 ↑1640』（流出）、kikan_p2_r4c5 の大井ふ頭275kV母線上側『川崎豊洲線 ↓470』（流入、バンク合計↓470 の純負荷站＝終端）。1640 = 470 + 1170 が厳密に成立,tier2,intra
2ac8adcd-d81c-4c19-a800-3ea39f0b2a9b,川崎豊洲線,東京電力パワーグリッド,tokyo,275,2a37b228-4706-4553-be64-cbfbf98245b2,d85dc6de-57e3-4412-91dd-a2b70d0801e1,,,,active,,,tokyo-keitozu-tokyo_kikan154,verified,2026-08-03,同一線名が3ノード以上に出現した多端線。定向復核パスで隣接を確定。原confidence=likely。復核メモ: T分岐の分岐点が図上に描かれていないため、大井ふ頭が東川崎—新豊洲の途中に串刺しになっている可能性は完全には排除できない（ただし大井ふ頭には川崎豊洲線のベイが1つしかなく、通過站なら2つ必要なので直列の線は薄い）;uncertain;ev:kikan_p2_r3c6 の新豊洲275kV母線下側『川崎豊洲線 ↑1170』（母線へ向かう＝流入）。東川崎の流出1640から大井ふ頭の470を引いた残り1170と厳密一致。3站とも『川崎豊洲線』の記載は1回ずつ＝全て終端側であり、東川崎を共通端とするT分岐と判断,tier2,intra
07e2fcc8-4d55-4503-83d6-95c48e383dad,新京葉線,東京電力パワーグリッド,tokyo,500,97aab4aa-562b-48bf-bd0f-ce91f69599f8,d486d5fd-4cad-4ec8-a574-cce5f3244dd5,,,,active,,,tokyo-keitozu-tokyo_kikan154,verified,2026-08-03,同一線名が3ノード以上に出現した多端線。定向復核パスで隣接を確定。原confidence=likely。復核メモ: 分岐点の位置は図に描かれていない。新京葉—新野田—新古河 の直列ではないことは、新野田・新古河のいずれも『新京葉線』ベイが1つしかない（通過站なら2つ必要）ことから言える;uncertain;ev:kikan_p2_r3c7 の新京葉500kV母線上側『新京葉線 ↑3760』（流出）、kikan_p2_r2c5 の新古河500kV母線上側『新京葉線 ↓1530』（流入）。新古河は 新古河線↑5060 流出 vs 福島幹線(里)↓2100+新筑波線↓4360+新京葉線↓1530 流入 とバンク↓2910 で収支が成立し、方向読みが裏付けられる,tier1,intra
084a9c19-7ef1-47ad-99bd-3742b899a14e,新京葉線,東京電力パワーグリッド,tokyo,500,97aab4aa-562b-48bf-bd0f-ce91f69599f8,2d34b9f6-f8a0-4d18-9a01-2d815c46325b,,,,active,,,tokyo-keitozu-tokyo_kikan154,verified,2026-08-03,同一線名が3ノード以上に出現した多端線。定向復核パスで隣接を確定。原confidence=likely。復核メモ: 分岐点の位置は図に描かれていない。新京葉—新野田—新古河 の直列ではないことは、新野田・新古河のいずれも『新京葉線』ベイが1つしかない（通過站なら2つ必要）ことから言える;uncertain;ev:kikan_p2_r2c6 の新野田500kV母線上側『新京葉線 ↓2210』（流入）。1530 + 2210 = 3740 で新京葉の流出3760とほぼ一致（0.5%）。3站とも記載は1回ずつ＝全て終端で、新京葉のみが流出側なのでここを共通端とするT分岐と判断,tier1,intra
a6e97389-4699-4ae4-871d-e3da785153d2,新古河線,東京電力パワーグリッド,tokyo,500,d486d5fd-4cad-4ec8-a574-cce5f3244dd5,f6ad8cff-9b74-45b5-a79c-d69a7ffd666a,,,,active,,,tokyo-keitozu-tokyo_kikan154,verified,2026-08-03,同一線名が3ノード以上に出現した多端線。定向復核パスで隣接を確定。原confidence=likely。復核メモ: T分岐点の位置は不明。新所沢・新坂戸のいずれも『新古河線』ベイは1つずつで通過站ではないため、新古河を共通端とする分岐と判断した。側記号なし;uncertain;ev:kikan_p2_r2c5 の新古河500kV母線上側『新古河線 ↑5060』（流出、上記の母線収支で方向確認済み）、kikan_p2_r2c3 の新所沢500kV母線上側『新古河線 ↓4700』（流入）,tier1,intra
aea8c857-5249-4bcf-a92e-e8cf18a7db36,新古河線,東京電力パワーグリッド,tokyo,500,d486d5fd-4cad-4ec8-a574-cce5f3244dd5,830f6c03-2327-4ac9-b3ae-abd6ef1727d8,,,,active,,,tokyo-keitozu-tokyo_kikan154,verified,2026-08-03,同一線名が3ノード以上に出現した多端線。定向復核パスで隣接を確定。原confidence=likely。復核メモ: T分岐点の位置は不明。新所沢・新坂戸のいずれも『新古河線』ベイは1つずつで通過站ではないため、新古河を共通端とする分岐と判断した。側記号なし;uncertain;ev:kikan_p2_r2c4 の新坂戸500kV母線上側『新古河線 ↓290』（流入）。新坂戸は 新坂戸線↓1940 + 新古河線↓290 = 2230 に対し 1-3B合計↓2240 と収支が完全に閉じており終端站。4700 + 290 = 4990 が新古河の流出5060 とほぼ一致（1.4%）,tier1,intra
46564c03-38fb-4119-b62b-c6e5fa9f6247,東京南線,東京電力パワーグリッド,tokyo,275,281e6b4e-6313-4f13-a490-89e186290efe,80012152-88d3-4dd4-9ca1-21cd2c1a4819,2,,,active,,,tokyo-keitozu-tokyo_kikan154,verified,2026-08-03,"同一線名が3ノード以上に出現した多端線。定向復核パスで隣接を確定。原confidence=likely。復核メモ: 分岐点の位置は図に描かれていない（逗子が京浜—南横須賀の途中に串刺しの可能性は、逗子の東京南線ベイが1つのみなので低いと判断）。1,2L は全端 0MW のため照合不可;uncertain;ev:kikan_p2_r4c1 の南横須賀275kV母線上側『東京南線3,4L ↑860』『東京南線1,2L ↑0』（流出、station は発電所1084038 から給電）。k154_p5_r1c1 の京浜275kV母線上側『東京南線3,4L ↓790』『東京南線1,2L ↓0』（流入）",tier2,intra
d5e7594a-f2e7-4ddf-b136-19d8ba243390,東京南線,東京電力パワーグリッド,tokyo,275,281e6b4e-6313-4f13-a490-89e186290efe,de1f836f-adf3-4cbb-8ba5-44e19bf149bf,2,,,active,,,tokyo-keitozu-tokyo_kikan154,verified,2026-08-03,"同一線名が3ノード以上に出現した多端線。定向復核パスで隣接を確定。原confidence=likely。復核メモ: 分岐点の位置は図に描かれていない（逗子が京浜—南横須賀の途中に串刺しの可能性は、逗子の東京南線ベイが1つのみなので低いと判断）。1,2L は全端 0MW のため照合不可;uncertain;ev:kikan_p2_r4c1 の逗子275kV母線上側『東京南線3,4L ↓80』（流入、バンク合計↓86 の純負荷站）。790 + 80 = 870 が南横須賀の流出860 とほぼ一致し、3,4L が南横須賀から京浜と逗子へ分かれることを裏付ける",tier2,intra
03e2b746-8463-43e3-b7e7-498fc57c300a,東京東線,東京電力パワーグリッド,tokyo,275,97aab4aa-562b-48bf-bd0f-ce91f69599f8,2d34b9f6-f8a0-4d18-9a01-2d815c46325b,,,,active,,,tokyo-keitozu-tokyo_kikan154,verified,2026-08-03,同一線名が3ノード以上に出現した多端線。定向復核パスで隣接を確定。原confidence=likely。復核メモ: 江東の位置が未定。工単では江東が k154_p3_r1c2 にあるとされているが、当該タイルで見つかるのは新京葉275kV母線から出る『江東線 ↓1860』だけで、江東変電所自体の母線（およびそこに『東京東線』ベイがあるか）は今回参照したタイル群に現れなかった。側記号なし;uncertain;ev:k154_p3_r1c2 を4倍拡大して矢印を確認：新京葉275kV母線の上側に『東京東線 ↑620』（流出）、同タイル左端の新野田275kV母線の上側に『東京東線 ↓600』（流入）。620→600 と値が一致,tier2,intra
95fffff4-955e-4e51-8912-349bf721d3f8,東京西線,東京電力パワーグリッド,tokyo,275,218a454d-1981-4dcd-8ef6-747dfa34e395,662a3fb8-5a61-4daa-9c6f-80f7436ab433,,,,active,,,tokyo-keitozu-tokyo_kikan154,extracted,2026-08-03,同一線名が3ノード以上に出現した多端線。定向復核パスで隣接を確定。原confidence=clear。復核メモ: 3端子のT分岐線。3本の脚は1点で合流するため、南多摩–西東京 も同じ分岐点経由で直結している。潮流合計から幹（stem）側が新多摩と判断して上記2組を記載した;ev:kikan_p2_r2c1: 新多摩275kV母線の「東京西線 ↓1060」から2条の白線が南下し、ページ座標 y≈1060 でT字に分岐。左へ伸びた水平線が 南多摩「東京西線 ↓680」のベイへ降りるのを連結成分追跡で確認（成分 bbox x[759..2472] y[921..1561] に新多摩ベイと南多摩ベイの両方が含まれる）,tier2,intra
d0f02c95-3d59-4521-98c7-e6676aea2c00,東京西線,東京電力パワーグリッド,tokyo,275,218a454d-1981-4dcd-8ef6-747dfa34e395,39a63c7d-a826-465a-9959-645c8e275379,,,,active,,,tokyo-keitozu-tokyo_kikan154,extracted,2026-08-03,同一線名が3ノード以上に出現した多端線。定向復核パスで隣接を確定。原confidence=clear。復核メモ: 3端子のT分岐線。3本の脚は1点で合流するため、南多摩–西東京 も同じ分岐点経由で直結している。潮流合計から幹（stem）側が新多摩と判断して上記2組を記載した;ev:同じT字点から幹線側の縦線がそのまま南下し、r3c2の西東京「東京西線 ↓370」ベイへ入る（縦線は水平線との交差ごとにギャップが入るが同一列 x=2472 で連続）。潮流も 1060 = 680+370 で整合,tier2,intra
eaf3dd8a-52d5-4682-9be7-37472470c94d,栃那線,東京電力パワーグリッド,tokyo,154,dd47bff0-b21b-41f8-9967-5050302a1216,79dce0fb-62e9-406a-a573-282b205f8326,,,,active,,,tokyo-keitozu-tokyo_kikan154,extracted,2026-08-03,同一線名が3ノード以上に出現した多端線。定向復核パスで隣接を確定。原confidence=clear。復核メモ: 下滝は幹線中間のT分岐（幹線は下滝の分岐点を貫通している）。したがって 新栃木–那須野 も分岐点経由で直結している;ev:同じ水平幹線が下滝分岐点を通過してさらに東へ伸び、右端で下降して那須野「栃那線 ↑169」のベイに入る（那須野側の縦線 x=1655 y[625..744] が幹線末端 x=1672 の直下で連続）,tier3,intra
a7ac762e-f402-4ad8-967b-a908a57f291b,横浜港北線,東京電力パワーグリッド,tokyo,275,406bb506-948c-4368-8c7f-a08f4ef79331,f5c28218-2f14-444b-a711-ac584e1e6fe0,,,,active,,,tokyo-keitozu-tokyo_kikan154,extracted,2026-08-03,同一線名が3ノード以上に出現した多端線。定向復核パスで隣接を確定。原confidence=clear。復核メモ: 横浜大黒については判定できず。指定タイル k154_p5_r2c2 を全面確認したが、そこにある「横浜港北線 ↑2530」のベイは 横浜大里（275kV）のものであり、横浜大黒 という駅名およびその横浜港北線ベイは当該タイル内に存在しなかった（工単の駅名対応が誤っている可能性）;ev:kikan_p2 r4c2+r4c3 接合で追跡。港北「横浜港北線 ↓2510」の2条が上昇→東へ→下降し、横浜大里「横浜港北線 ↑2530」のベイへ同一列（ページ x≈2695-2712）で連続。潮流 2510≒2530 も一致,tier2,intra
b1317f30-cac6-43ed-9c99-f02995851b0d,江東線,東京電力パワーグリッド,tokyo,275,97aab4aa-562b-48bf-bd0f-ce91f69599f8,57bc3ade-12b5-4852-831e-a716e06adbe4,,,,active,,,tokyo-keitozu-tokyo_kikan154,extracted,2026-08-03,同一線名が3ノード以上に出現した多端線。定向復核パスで隣接を確定。原confidence=clear。復核メモ: 3端子T分岐。3脚は1点で合流するため 江東–葛南 も同一分岐点経由で接続。潮流合計から幹側を新京葉と判断した;ev:kikan_p2 r3c6+r4c6 接合で追跡。新京葉側の「江東線 ↓1860」から南下した線が y≈2908 で水平幹線になり、その左端が下降して江東「江東線 ↓1290」ベイへ入る（葛南seedと江東seedが同一連結成分 x[0..1408] y[2908..3634]）,tier2,intra
1219a302-e5c8-4e18-80f2-e91ea4419d37,江東線,東京電力パワーグリッド,tokyo,275,97aab4aa-562b-48bf-bd0f-ce91f69599f8,3495cd61-8a86-4f20-86cc-a26c07364562,,,,active,,,tokyo-keitozu-tokyo_kikan154,extracted,2026-08-03,同一線名が3ノード以上に出現した多端線。定向復核パスで隣接を確定。原confidence=clear。復核メモ: 3端子T分岐。3脚は1点で合流するため 江東–葛南 も同一分岐点経由で接続。潮流合計から幹側を新京葉と判断した;ev:同じ水平幹線の中間に下向きスタブがあり、葛南「江東線 ↓510」ベイへ降りる（オーバーレイ画像で確認）。潮流 1860 ≒ 1290+510 で整合,tier2,intra
702e6730-dd5a-49f7-82f3-ca810c5dfc18,港北線,東京電力パワーグリッド,tokyo,275,406bb506-948c-4368-8c7f-a08f4ef79331,39a63c7d-a826-465a-9959-645c8e275379,,,,active,,,tokyo-keitozu-tokyo_kikan154,extracted,2026-08-03,"同一線名が3ノード以上に出現した多端線。定向復核パスで隣接を確定。原confidence=clear。復核メモ: 3端子T分岐（分岐点はページ座標 約(2663,2265)）。荏田脚は潮流0。西東京–荏田 も同一分岐点経由で接続している;ev:kikan_p2 r2-4/c1-3 接合で追跡。西東京「港北線 ↓1770」の縦線 x=2247 が北へ出て東へ折れ x=2664 で南下、ページ y≈2265 の水平線で西へ折れて x=2167 の縦線となり港北「港北線 ↑1790」母線まで連続。潮流 1770≒1790",tier2,intra
c7458d8c-2eec-4a11-a6e9-940b6716d904,港北線,東京電力パワーグリッド,tokyo,275,406bb506-948c-4368-8c7f-a08f4ef79331,87c744d6-de73-4200-83fe-b552c4689224,,,,active,,,tokyo-keitozu-tokyo_kikan154,extracted,2026-08-03,"同一線名が3ノード以上に出現した多端線。定向復核パスで隣接を確定。原confidence=clear。復核メモ: 3端子T分岐（分岐点はページ座標 約(2663,2265)）。荏田脚は潮流0。西東京–荏田 も同一分岐点経由で接続している;ev:同じ y≈2265 水平線の東端 x≈2653-2664 の縦線がそのまま南下して荏田「港北線 ↓0」ベイに入る（オーバーレイでT字を確認）",tier2,intra
3ee4448f-41a3-47ce-b7df-fc20256f4707,田代幹線（山）,東京電力パワーグリッド,tokyo,154,dfea73fc-7b68-4ff3-a22a-fbe65b09ab72,1b888a41-535b-43aa-b714-827045f799be,,,,active,,,tokyo-keitozu-tokyo_kikan154,extracted,2026-08-03,同一線名が3ノード以上に出現した多端線。定向復核パスで隣接を確定。原confidence=clear。復核メモ: 早川第一は幹線中間のT分岐であり、幹線自体は 早川第三–駿河 を貫通している;ev:k154_p6 r1-2/c2-3 接合で追跡。早川第三の右側ベイから立ち上がった線が水平幹線となり、その途中に早川第一のベイへ降りるスタブがある（連結成分 bbox x[951..1639] y[1251..1339] に早川第三ベイ・早川第一スタブ・駿河下降部が全て含まれる）,tier3,intra
6e8ca164-d136-4bf3-a756-e53bb75d38b0,田代幹線（山）,東京電力パワーグリッド,tokyo,154,1b888a41-535b-43aa-b714-827045f799be,b17ed605-bd7c-4c43-b6cf-517b6a13ff19,,,,active,,,tokyo-keitozu-tokyo_kikan154,extracted,2026-08-03,同一線名が3ノード以上に出現した多端線。定向復核パスで隣接を確定。原confidence=clear。復核メモ: 早川第一は幹線中間のT分岐であり、幹線自体は 早川第三–駿河 を貫通している;ev:同じ水平幹線が早川第一の分岐点を越えて東へ伸び、右端 x=1639 で下降して駿河「田代幹線（山） ↓74」ベイに入る,tier3,intra
a9368ead-77b8-4940-b1ca-c4fa513d43e3,田子倉本名線,東京電力パワーグリッド,tokyo,275,a0e7baaa-12bf-4b68-a4ab-4a327bb3070c,1d63c8c4-f545-442c-9da8-104655e6b21c,,,,active,,,tokyo-keitozu-tokyo_kikan154,extracted,2026-08-03,同一線名が3ノード以上に出現した多端線。定向復核パスで隣接を確定。原confidence=clear。;ev:kikan_p2_r1c4：発電所1002038 の母線上に「（発電所1002036側）」「（変電所（東北電力）側）」の側記号が並び、その下に線名「田子倉本名線」が書かれている。1002038が中間通過点と確定,tier2,intra
06d2c5fd-058c-4379-acf8-9dadaeb4ff49,田子倉本名線,東京電力パワーグリッド,tokyo,275,1d63c8c4-f545-442c-9da8-104655e6b21c,579bc6db-631b-4cf5-8041-4c01f858d910,,,,active,,,tokyo-keitozu-tokyo_kikan154,extracted,2026-08-03,同一線名が3ノード以上に出現した多端線。定向復核パスで隣接を確定。原confidence=clear。;ev:同上の側記号。加えて 変電所（東北電力）275kV 側は「田子倉本名線」が1回のみ（終端）、kikan_p2_r1c3 の 発電所1002036 側も1回のみ（終端）で整合,tier2,intra
448d0782-5e1e-440f-a571-aa01b990e353,田子倉線,東京電力パワーグリッド,tokyo,,fd423420-6eae-418e-803d-97f4c51e7d37,d7ab0087-3414-4f51-9261-f81956de9ac8,,,,active,,,tokyo-keitozu-tokyo_kikan154,extracted,2026-08-03,同一線名が3ノード以上に出現した多端線。定向復核パスで隣接を確定。原confidence=clear。;ev:kikan_p2_r1c3：発電所1002040 の母線上に「（発電所1002039側）」「（発電所1002036側）」の側記号があり、その下に線名「田子倉線」。1002040が中間通過点と確定,,intra
509f9b84-4691-4930-bd2d-577491489ed7,田子倉線,東京電力パワーグリッド,tokyo,,d7ab0087-3414-4f51-9261-f81956de9ac8,a0e7baaa-12bf-4b68-a4ab-4a327bb3070c,,,,active,,,tokyo-keitozu-tokyo_kikan154,extracted,2026-08-03,同一線名が3ノード以上に出現した多端線。定向復核パスで隣接を確定。原confidence=clear。;ev:同上の側記号。発電所1002039 は「田子倉線 ↓181」が1回のみ（終端）、発電所1002036 も1回のみ（終端）で整合,,intra
b1214d2f-e749-427d-9f22-0936b462048c,秦浜線,東京電力パワーグリッド,tokyo,275,03347097-999a-4800-a97d-b14b94833d6b,60852c42-dae4-4561-afc0-64865347bb3c,,,,active,,,tokyo-keitozu-tokyo_kikan154,extracted,2026-08-03,同一線名が3ノード以上に出現した多端線。定向復核パスで隣接を確定。原confidence=clear。復核メモ: 中相模は幹線中間のT分岐であり、線自体は 新秦野–京浜 を貫通している;ev:kikan_p2 r2-4/c1-3 接合で追跡。新秦野「秦浜線 ↓490」から南下した2条（列 x=1303/1304 と x=1319/1320）が、中相模の北で水平にT分岐して中相模「秦浜線 ↓580」ベイへ入る。画素列プロファイルで x=1319 の縦線が y=1889 の水平線と接続していることを確認,tier2,intra
0f149afc-6167-41dc-93e5-f5766e1d862a,秦浜線,東京電力パワーグリッド,tokyo,275,03347097-999a-4800-a97d-b14b94833d6b,80012152-88d3-4dd4-9ca1-21cd2c1a4819,,,,active,,,tokyo-keitozu-tokyo_kikan154,extracted,2026-08-03,同一線名が3ノード以上に出現した多端線。定向復核パスで隣接を確定。原confidence=clear。復核メモ: 中相模は幹線中間のT分岐であり、線自体は 新秦野–京浜 を貫通している;ev:同じ2条の縦線は中相模の分岐点を貫通してさらに南下し、y≈2731〜2790 で京浜母線域（成分 x[711..1736] y[2781..2890]）へ達する。列 x=1303/1304 の成分 bbox は x[1303..1472] y[1658..2731] で中相模ベイ(x=1472)と京浜方向の両方を含む。潮流も 490+110 ≒ 580 で整合,tier2,intra
2f2da371-68ee-4fc6-86c0-0e666a726825,西南川越線,東京電力パワーグリッド,tokyo,275,f6bf38a0-8e4e-4e58-b6af-9b027a3f5833,46cdfbaa-7479-486f-992e-a1b3db15c012,,,,active,,,tokyo-keitozu-tokyo_kikan154,extracted,2026-08-03,同一線名が3ノード以上に出現した多端線。定向復核パスで隣接を確定。原confidence=clear。復核メモ: 3端子T分岐。3脚（南狭山・南川越・多摩）は同一分岐点で合流するので 南狭山–多摩 も直結。実潮流が乗っているのは 南川越–多摩 の100MWのみ;ev:kikan_p2 r2-4/c1-3 接合で追跡。南川越「西南川越線 ↓100」から立ち上がった線が水平幹線（ページ y≈1023）となり、その中間 x≈3287 から南下して多摩「西南川越線 ↑100」に達する（オーバーレイでT字確認、潮流も 100 対 100 で一致）,tier2,intra
73f78602-98e4-43e7-9d41-71769746de18,西南川越線,東京電力パワーグリッド,tokyo,275,63ff9e5b-4a85-4dc6-9545-d4021017f82b,f6bf38a0-8e4e-4e58-b6af-9b027a3f5833,,,,active,,,tokyo-keitozu-tokyo_kikan154,extracted,2026-08-03,同一線名が3ノード以上に出現した多端線。定向復核パスで隣接を確定。原confidence=clear。復核メモ: 3端子T分岐。3脚（南狭山・南川越・多摩）は同一分岐点で合流するので 南狭山–多摩 も直結。実潮流が乗っているのは 南川越–多摩 の100MWのみ;ev:同じ水平幹線の西端 x≈2911 が下降して南狭山「西南川越線 ↓0」ベイへ入る（連結成分 x[2895..3400] y[1023..1433] に南狭山ベイ・南川越ベイ・多摩方向の下降部が全て含まれる）。ただし南狭山脚の潮流は0,tier2,intra
2065b721-fa1f-4aec-a8a7-d52cb0cc65a5,西群馬幹線,東京電力パワーグリッド,tokyo,500,83d6b45c-ed18-406c-83a1-81b1b2f88274,22577b3d-dcc5-4f27-8674-3e9d582e8d9c,,,,active,,,tokyo-keitozu-tokyo_kikan154,extracted,2026-08-03,同一線名が3ノード以上に出現した多端線。定向復核パスで隣接を確定。原confidence=clear。;ev:kikan_p2_r1c1（k154_p5_r2c2にも同一表示）：東山梨500kV母線上に「（西群馬側）」「（新富士側）」の側記号が並び、その下に線名「西群馬幹線」（↓730 / ↓40 / ↑390）。東山梨が中間通過站と確定,tier1,intra
23438601-10c4-4e2b-94d5-7445e4e6b1b0,西群馬幹線,東京電力パワーグリッド,tokyo,500,22577b3d-dcc5-4f27-8674-3e9d582e8d9c,ed852fbc-02e8-497e-8882-e83128f20795,,,,active,,,tokyo-keitozu-tokyo_kikan154,extracted,2026-08-03,同一線名が3ノード以上に出現した多端線。定向復核パスで隣接を確定。原confidence=clear。;ev:同上の側記号。新富士側（k154_p6_r1c3）は「西群馬幹線 ↓1370」が1回のみ、西群馬側も1回のみで終端として整合,tier1,intra
247a7ef2-f7da-4cb8-a490-54532b99c7c9,長瀬川線,東京電力パワーグリッド,tokyo,154,bce3eb8f-f728-4c50-9906-b51da81d35fc,14a8fabf-11cd-4454-813b-c8d39f2e0ea1,,,,active,,,tokyo-keitozu-tokyo_kikan154,extracted,2026-08-03,同一線名が3ノード以上に出現した多端線。定向復核パスで隣接を確定。原confidence=clear。復核メモ: 全発電所が同一の2回線幹線にタップされた多分岐線。膳棚と1113018の間には無名の「需要家」タップが1つ挟まる;ev:同じ2条水平線上のタップ順序（1113018 の縦線 x≈2452、1113017 の縦線 x≈2623）,tier3,intra
ee57e857-dbe5-45e6-804a-5239c21aee1c,長瀬川線,東京電力パワーグリッド,tokyo,154,14a8fabf-11cd-4454-813b-c8d39f2e0ea1,0a2923ef-544f-4b69-9f36-66cab3cd0e78,,,,active,,,tokyo-keitozu-tokyo_kikan154,extracted,2026-08-03,同一線名が3ノード以上に出現した多端線。定向復核パスで隣接を確定。原confidence=clear。復核メモ: 全発電所が同一の2回線幹線にタップされた多分岐線。膳棚と1113018の間には無名の「需要家」タップが1つ挟まる;ev:同じ2条水平線の東端タップが 発電所1113019（縦線 x≈2803）で、そこで線が終端している,tier3,intra
0af207e2-09e8-4b5c-9472-6339a6125599,鹿島線,東京電力パワーグリッド,tokyo,275,2d34b9f6-f8a0-4d18-9a01-2d815c46325b,e05933d6-b581-46d2-8439-07fc0dc8a4d6,,,,active,,,tokyo-keitozu-tokyo_kikan154,extracted,2026-08-03,同一線名が3ノード以上に出現した多端線。定向復核パスで隣接を確定。原confidence=clear。復核メモ: 2回線構成で回線ごとに経路が異なる：1回線は 新野田–常総–（筑波南タップ）–鹿島、もう1回線は 常総を通らず 新野田–（筑波南タップ）–鹿島。筑波南はいずれもT分岐タップ;ev:kikan_p2_r2c6：常総275kV母線上に「（新野田側）」「（鹿島側）」の側記号があり、その下に線名「鹿島線 ↓620」。さらに常総の新野田側ベイ（列 x=911）から上へ出た水平線が y≈643 を西へ走り x=591 で新野田の鹿島線縦線に接続することを連結成分（x[591..912] y[639..647]）で確認,tier2,intra
9166bc04-19bb-4a8c-b312-d7e8a0b5b0a4,鹿島線,東京電力パワーグリッド,tokyo,275,e05933d6-b581-46d2-8439-07fc0dc8a4d6,92d697e1-a80a-4e19-93de-dda64c15bc56,,,,active,,,tokyo-keitozu-tokyo_kikan154,extracted,2026-08-03,同一線名が3ノード以上に出現した多端線。定向復核パスで隣接を確定。原confidence=clear。復核メモ: 2回線構成で回線ごとに経路が異なる：1回線は 新野田–常総–（筑波南タップ）–鹿島、もう1回線は 常総を通らず 新野田–（筑波南タップ）–鹿島。筑波南はいずれもT分岐タップ;ev:常総の鹿島側ベイ（列 x=927）から上へ出た水平線（y≈643、成分 x[927..1968]）が東へ走り、途中 x≈1552 で筑波南「鹿島線 ↓270」ベイへ下向きスタブを出す,tier2,intra
1a042d73-8c96-4b8c-990c-593974c52d79,鹿島線,東京電力パワーグリッド,tokyo,275,92d697e1-a80a-4e19-93de-dda64c15bc56,019f125d-ef81-49ff-a590-4286f8494932,,,,active,,,tokyo-keitozu-tokyo_kikan154,extracted,2026-08-03,同一線名が3ノード以上に出現した多端線。定向復核パスで隣接を確定。原confidence=clear。復核メモ: 2回線構成で回線ごとに経路が異なる：1回線は 新野田–常総–（筑波南タップ）–鹿島、もう1回線は 常総を通らず 新野田–（筑波南タップ）–鹿島。筑波南はいずれもT分岐タップ;ev:同じ水平線が筑波南タップを越えて東端 x≈1968 で下降し、鹿島「鹿島線 ↑2050」ベイへ入る,tier2,intra
1b0657e3-2f14-4739-9cd1-7c4ffe6b67c7,鹿島線,東京電力パワーグリッド,tokyo,275,2d34b9f6-f8a0-4d18-9a01-2d815c46325b,92d697e1-a80a-4e19-93de-dda64c15bc56,,,,active,,,tokyo-keitozu-tokyo_kikan154,extracted,2026-08-03,同一線名が3ノード以上に出現した多端線。定向復核パスで隣接を確定。原confidence=clear。復核メモ: 2回線構成で回線ごとに経路が異なる：1回線は 新野田–常総–（筑波南タップ）–鹿島、もう1回線は 常総を通らず 新野田–（筑波南タップ）–鹿島。筑波南はいずれもT分岐タップ;ev:もう1回線（成分 x[575..1952] y[655..855]）は常総を経由せず、新野田（x≈576）から水平に東進して筑波南（x≈1532）へスタブを出し、そのまま鹿島（x≈1952）へ達する,tier2,intra
7b823243-52c6-46c6-9664-6b2188805ec1,黒部幹線,東京電力パワーグリッド,tokyo,154,596a9e19-4b21-4b8a-9d08-54726e220a45,c62244cc-7b37-4972-b6f3-1098cf9a20fd,,,,active,,,tokyo-keitozu-tokyo_kikan154,extracted,2026-08-03,同一線名が3ノード以上に出現した多端線。定向復核パスで隣接を確定。原confidence=clear。復核メモ: 幹線は 新町–奥秩父 を貫通しており、島川原はその中間T分岐。工単に無い 上野村・両神 も島川原と奥秩父の間で同じ幹線にT分岐している;ev:k154_p2_r1c1 内で完結。新町154kV母線の「黒部幹線 ↓31」から降りた線を連結成分追跡すると、右折・下降して島川原「黒部幹線 ↑97」の引込みに至る（オーバーレイ画像 t1z で確認）,tier3,intra
b670aab5-9dd7-40de-a7d7-f4f8a5874fa5,黒部幹線,東京電力パワーグリッド,tokyo,154,c62244cc-7b37-4972-b6f3-1098cf9a20fd,319c4970-420b-484e-a186-d65bc309eeb6,,,,active,,,tokyo-keitozu-tokyo_kikan154,extracted,2026-08-03,同一線名が3ノード以上に出現した多端線。定向復核パスで隣接を確定。原confidence=clear。復核メモ: 幹線は 新町–奥秩父 を貫通しており、島川原はその中間T分岐。工単に無い 上野村・両神 も島川原と奥秩父の間で同じ幹線にT分岐している;ev:同一タイル内で 新町→奥秩父 を貫通する2条の縦線（x≈885/904）が y=321〜1103 に連続し、その途中で島川原・上野村・両神へT分岐している。下端は奥秩父「黒部幹線 ↓109」ベイ（オーバーレイ t2z で確認）,tier3,intra
fb7b9855-eff4-43fb-bae4-690834461d8e,H104,北陸電力送配電,hokuriku,275,b2f8bc47-32a8-4543-b037-2d5e0a452d54,0437cdc6-3edc-469d-a466-f605baa402c4,,,,active,,,hokuriku-keitozu-hokuriku_kikan154,extracted,2026-08-03,ev:275kV線幅(1.32)の縦線が新富山の丸記号下端から城端の三角記号まで、交差跳ね上げで2分割されて描かれる,tier2,intra
e10ff43c-5782-47a3-aa70-a5545bdbc05a,H105,北陸電力送配電,hokuriku,275,0437cdc6-3edc-469d-a466-f605baa402c4,33126264-2be7-4495-a3a1-393a47c17f50,,,,active,,,hokuriku-keitozu-hokuriku_kikan154,extracted,2026-08-03,加賀側の接続先記号は500kV側(HSS004)として描かれている;ev:城端三角記号から加賀の記号上端頂点まで275kV線幅の縦線,tier2,intra
5e0d31ee-a278-449d-8dfd-84d0639c1f59,H106,北陸電力送配電,hokuriku,275,33126264-2be7-4495-a3a1-393a47c17f50,7b7b4536-757f-4a99-9af3-8d4670459412,,,,active,,,hokuriku-keitozu-hokuriku_kikan154,extracted,2026-08-03,加賀側の接続先記号は500kV側(HSS004);ev:加賀記号下端頂点から東金津まで275kV線幅,tier2,intra
d60ed29b-62be-4593-bd62-0868706212ec,H107,北陸電力送配電,hokuriku,275,7b7b4536-757f-4a99-9af3-8d4670459412,38f37ea2-f6fa-4359-aa65-25ca5faa51db,,,,active,,,hokuriku-keitozu-hokuriku_kikan154,extracted,2026-08-03,ev:東金津下端頂点と新福井上端頂点を結ぶ275kV線幅の縦線,tier2,intra
ac2d49b3-91c7-4da2-93a2-dcf43b4ba3d8,H108,北陸電力送配電,hokuriku,275,38f37ea2-f6fa-4359-aa65-25ca5faa51db,6a8fc1e7-79ab-4ad4-af30-626f11d25b83,,,,active,,,hokuriku-keitozu-hokuriku_kikan154,extracted,2026-08-03,越前側の接続先記号は500kV側(HSS008);ev:新福井から越前まで275kV線幅の横線。クロップ画像で目視確認,tier2,intra
8509b398-281e-4c35-8554-115846c3108d,H109,北陸電力送配電,hokuriku,275,6a8fc1e7-79ab-4ad4-af30-626f11d25b83,3cb00106-88e0-460c-9ce1-2b60624f7753,,,,active,,,hokuriku-keitozu-hokuriku_kikan154,extracted,2026-08-03,越前側の接続先記号は500kV側(HSS008);ev:越前と南条の中心を結ぶ方向に一致する275kV線幅の斜線（両端の垂線距離2.0）。クロップ画像で目視確認,tier2,intra
ddfd63d8-8566-483a-aa06-0c6841fb28a4,H110,北陸電力送配電,hokuriku,275,3cb00106-88e0-460c-9ce1-2b60624f7753,13e23403-51c7-49a9-a21c-e3775d366e5f,,,,active,,,hokuriku-keitozu-hokuriku_kikan154,extracted,2026-08-03,ev:南条右端頂点と敦賀火力左端頂点を結ぶ275kV線幅の横線,tier2,intra
4e39b8d6-ce66-4e77-8d47-785503cbab83,H202,北陸電力送配電,hokuriku,500,9c177e4e-843c-40d0-9b98-0b6980851889,33126264-2be7-4495-a3a1-393a47c17f50,,,,active,,,hokuriku-keitozu-hokuriku_kikan154,extracted,2026-08-03,両端とも500kV記号（中能登HSS001／加賀HSS004）;ev:500kV線幅(1.97)の斜線、両端の中心線垂線距離2.0,tier1,intra
82fb4905-b847-4aba-8e01-741cbc2cf016,H203,北陸電力送配電,hokuriku,500,0c2d856b-8359-412c-bbab-a0cdf49a3d5b,9c177e4e-843c-40d0-9b98-0b6980851889,,,,active,,,hokuriku-keitozu-hokuriku_kikan154,extracted,2026-08-03,ev:南福光左端頂点から中能登(HSS001)へ500kV線幅の斜線,tier1,intra
f08d0f6a-90d9-4592-9acc-d27c8e06bf54,H204,北陸電力送配電,hokuriku,500,0c2d856b-8359-412c-bbab-a0cdf49a3d5b,33126264-2be7-4495-a3a1-393a47c17f50,,,,active,,,hokuriku-keitozu-hokuriku_kikan154,extracted,2026-08-03,ev:南福光下端頂点から加賀(HSS004)へ500kV線幅の斜線,tier1,intra
8091f69f-acb4-4561-b66e-a826a41526d5,H205,北陸電力送配電,hokuriku,500,33126264-2be7-4495-a3a1-393a47c17f50,6a8fc1e7-79ab-4ad4-af30-626f11d25b83,,,,active,,,hokuriku-keitozu-hokuriku_kikan154,extracted,2026-08-03,ev:加賀(HSS004)から越前(HSS008)上端頂点へ500kV線幅の斜線,tier1,intra
5344a13d-4cb7-469b-a9f4-c29b7be680b6,H003,北陸電力送配電,hokuriku,154,dcb30c30-35c3-4be6-869c-4bea33b24e93,d3b6455c-fc95-4d81-8e5b-141b2a46cd07,,,,active,,,hokuriku-keitozu-hokuriku_kikan154,extracted,2026-08-03,ev:両丸記号の端点間を結ぶ線、ラベル垂線距離8.0,tier3,intra
56f6569f-feec-4312-9fa6-d25e8ac54ee2,H005,北陸電力送配電,hokuriku,154,0d1797dc-5bad-4fa1-986f-dcc37bd0a4b8,dcb30c30-35c3-4be6-869c-4bea33b24e93,,,,active,,,hokuriku-keitozu-hokuriku_kikan154,extracted,2026-08-03,相手端は分岐点であり江口と直結ではない;uncertain;ev:東魚津から西へ伸びる線が江口–舟橋線(H006)上にT分岐。分岐点は江口寄り（江口まで35、舟橋まで46）,tier3,intra
a9070cdd-5df8-42e2-8526-c06d2e58ad69,H006,北陸電力送配電,hokuriku,154,dcb30c30-35c3-4be6-869c-4bea33b24e93,fe890b84-04a4-4734-b10c-7bf8a27e8e83,,,,active,,,hokuriku-keitozu-hokuriku_kikan154,extracted,2026-08-03,途中に東魚津(H005)と無名発電所のT分岐あり;ev:江口–舟橋を結ぶ縦線、ラベル垂線距離6.8,tier3,intra
f1be1f1c-afed-491e-9825-9a67507d6d03,H008,北陸電力送配電,hokuriku,154,ef3b6ae0-8788-4b44-a53f-9266203e710c,27388758-762f-452f-9600-ceb97bbeb266,,,,active,,,hokuriku-keitozu-hokuriku_kikan154,extracted,2026-08-03,ev:両記号端点間の縦線、ラベル垂線距離6.2。クロップ画像で目視確認,tier3,intra
7ce7c346-b991-480e-a256-44bb3f2519d4,H009,北陸電力送配電,hokuriku,154,728b052d-9007-417b-bfae-4c18756c75e3,ef3b6ae0-8788-4b44-a53f-9266203e710c,,,,active,,,hokuriku-keitozu-hokuriku_kikan154,extracted,2026-08-03,ev:三角記号(和田川第二)と丸記号(和田川第一)を結ぶ横線、ラベル垂線距離12.8,tier3,intra
9276c1ac-85da-4b31-a2ef-4c392b21b7fb,H010,北陸電力送配電,hokuriku,154,0b31cfa0-aba8-4ec1-9387-726d65c6e3e4,728b052d-9007-417b-bfae-4c18756c75e3,,,,active,,,hokuriku-keitozu-hokuriku_kikan154,extracted,2026-08-03,ev:両記号端点間の横線、ラベル垂線距離11.2,tier3,intra
486c6550-63cb-4a88-b99d-5c08d29829c8,H011,北陸電力送配電,hokuriku,154,fe890b84-04a4-4734-b10c-7bf8a27e8e83,0b31cfa0-aba8-4ec1-9387-726d65c6e3e4,,,,active,,,hokuriku-keitozu-hokuriku_kikan154,extracted,2026-08-03,ev:両記号端点間の横線、ラベル垂線距離9.7,tier3,intra
7ae1cf09-65ce-42f7-b54a-26e34650c2b8,H012,北陸電力送配電,hokuriku,154,fe890b84-04a4-4734-b10c-7bf8a27e8e83,77a85ca3-c2f8-4567-8dd8-d04c3c11e09d,,,,active,,,hokuriku-keitozu-hokuriku_kikan154,extracted,2026-08-03,ev:両記号端点間の縦線、ラベル垂線距離6.2,tier3,intra
5b4e93e7-eec8-466b-8c56-c45ac89ff4e1,H013,北陸電力送配電,hokuriku,154,1a01bec0-2b99-4170-9730-410a605578a7,901237c2-8c01-46c2-aea4-b4e3932726d2,,,,active,,,hokuriku-keitozu-hokuriku_kikan154,extracted,2026-08-03,ev:葛山三角記号から栃尾丸記号までの縦線、ラベル垂線距離7.1,tier3,intra
4e35be85-fa01-4c43-8c34-425d07a429bd,H014,北陸電力送配電,hokuriku,154,d06ea9a3-9a23-4ccb-a2d1-9513af124f2d,1a01bec0-2b99-4170-9730-410a605578a7,,,,active,,,hokuriku-keitozu-hokuriku_kikan154,extracted,2026-08-03,ev:見座と葛山の三角記号間の縦線、ラベル垂線距離7.1。クロップ画像で目視確認,tier3,intra
0a88b93b-bc85-4fd9-94dd-34ef79255855,H016,北陸電力送配電,hokuriku,154,bf3981f0-67ba-4010-a407-d43b87c26518,8289bb57-37ba-4fda-8437-32e1d9c5cb30,,,,active,,,hokuriku-keitozu-hokuriku_kikan154,extracted,2026-08-03,分岐点は牧まで41.0、見座まで40.2でほぼ等距離。どちら側の系統に属するか図から確定できない;uncertain;ev:東町から伸びる線が牧–見座線(H017)上にT分岐,tier3,intra
da353013-a98f-4ce2-890d-ac4c5c89c08d,H017,北陸電力送配電,hokuriku,154,8289bb57-37ba-4fda-8437-32e1d9c5cb30,d06ea9a3-9a23-4ccb-a2d1-9513af124f2d,,,,active,,,hokuriku-keitozu-hokuriku_kikan154,extracted,2026-08-03,途中に東町(H016)のT分岐あり;ev:牧の丸記号上端から見座の三角記号までの縦線。クロップ画像で目視確認,tier3,intra
a8858972-076f-435b-895f-e5af424e187a,H018,北陸電力送配電,hokuriku,154,479faf21-6f8a-4a3b-9126-ac0b2bdaee24,8289bb57-37ba-4fda-8437-32e1d9c5cb30,,,,active,,,hokuriku-keitozu-hokuriku_kikan154,extracted,2026-08-03,線幅は0.66で他の154kV線(1.32)より細いが凡例上の区別はない;ev:両丸記号間の斜線、ラベル垂線距離9.8。クロップ画像で目視確認,tier3,intra
05f893dc-e380-49d6-aca0-43df13854ea8,H020,北陸電力送配電,hokuriku,154,479faf21-6f8a-4a3b-9126-ac0b2bdaee24,1cd6591e-12cf-4a8f-adc2-a6471ee046ff,,,,active,,,hokuriku-keitozu-hokuriku_kikan154,extracted,2026-08-03,ev:北笹津から神通川第一の三角記号への斜線。クロップ画像で目視確認,tier3,intra
9cebc2f6-7b4e-4f41-99e3-f81f24a2ea78,H023,北陸電力送配電,hokuriku,154,23c0b48a-b06f-436b-9803-239e475ab124,479faf21-6f8a-4a3b-9126-ac0b2bdaee24,,,,active,,,hokuriku-keitozu-hokuriku_kikan154,extracted,2026-08-03,ev:両丸記号端点を結ぶ斜線、ラベル垂線距離8.8,tier3,intra
a48264f1-3c58-4274-9df7-dea3ce6f1378,H024,北陸電力送配電,hokuriku,154,77a85ca3-c2f8-4567-8dd8-d04c3c11e09d,23c0b48a-b06f-436b-9803-239e475ab124,,,,active,,,hokuriku-keitozu-hokuriku_kikan154,extracted,2026-08-03,×平常時開放点が線上にある;ev:両丸記号間の横線、ラベル垂線距離10.1,tier3,intra
3ce5d69f-8cbb-44db-ad3e-ab74e85c5639,H025,北陸電力送配電,hokuriku,154,b2f8bc47-32a8-4543-b037-2d5e0a452d54,479faf21-6f8a-4a3b-9126-ac0b2bdaee24,,,,active,,,hokuriku-keitozu-hokuriku_kikan154,extracted,2026-08-03,ev:新富山(二重丸)から北笹津への斜線、ラベル垂線距離6.9。クロップ画像で目視確認,tier3,intra
49c90ef0-7aa5-4da3-9057-939257ad6fd1,H026,北陸電力送配電,hokuriku,154,77a85ca3-c2f8-4567-8dd8-d04c3c11e09d,b2f8bc47-32a8-4543-b037-2d5e0a452d54,,,,active,,,hokuriku-keitozu-hokuriku_kikan154,extracted,2026-08-03,ev:長い斜線、ラベル垂線距離8.7,tier3,intra
de1bc3d1-993c-4b02-a08b-19313cc5a984,H027,北陸電力送配電,hokuriku,154,a9ee6d12-e1cd-4779-939d-c584b8786925,77a85ca3-c2f8-4567-8dd8-d04c3c11e09d,,,,active,,,hokuriku-keitozu-hokuriku_kikan154,extracted,2026-08-03,ev:富山火力三角記号から富山への斜線、ラベル垂線距離6.4,tier3,intra
123ea826-e367-461d-b277-a00e42607f68,H029,北陸電力送配電,hokuriku,154,a9ee6d12-e1cd-4779-939d-c584b8786925,05ba6b8c-5787-45aa-8258-daa86c23d9c9,,,,active,,,hokuriku-keitozu-hokuriku_kikan154,extracted,2026-08-03,途中に無名需要家のT分岐あり;ev:両三角記号間の縦線、ラベル垂線距離5.8,tier3,intra
3e96a2ac-d75b-4c69-8620-6a3d7616a3fe,H030,北陸電力送配電,hokuriku,154,a9ee6d12-e1cd-4779-939d-c584b8786925,27a183ff-563d-48cb-a153-a66600708e75,,,,active,,,hokuriku-keitozu-hokuriku_kikan154,extracted,2026-08-03,×平常時開放点が富山火力寄りにある;ev:斜線、ラベル垂線距離6.9,tier3,intra
dd5091dd-725f-4648-b393-89767a005101,H031,北陸電力送配電,hokuriku,154,05ba6b8c-5787-45aa-8258-daa86c23d9c9,27a183ff-563d-48cb-a153-a66600708e75,,,,active,,,hokuriku-keitozu-hokuriku_kikan154,extracted,2026-08-03,途中に無名需要家のT分岐あり;ev:斜線、ラベル垂線距離9.3,tier3,intra
a0d3fd5f-d8a5-48eb-b7d7-95c60c8630e5,H032,北陸電力送配電,hokuriku,154,27a183ff-563d-48cb-a153-a66600708e75,b2f8bc47-32a8-4543-b037-2d5e0a452d54,,,,active,,,hokuriku-keitozu-hokuriku_kikan154,extracted,2026-08-03,ev:長い斜線、ラベル垂線距離9.3,tier3,intra
c4beeac4-60f5-40dd-baf1-b8dc20432f01,H034,北陸電力送配電,hokuriku,154,2cb9aff2-fc57-4a43-8c0b-0b9f297800ce,27a183ff-563d-48cb-a153-a66600708e75,,,,active,,,hokuriku-keitozu-hokuriku_kikan154,extracted,2026-08-03,×平常時開放点が線上にある;ev:両丸記号間の横線、ラベル垂線距離。クロップ画像で目視確認,tier3,intra
3f64f8b0-27f3-4569-b78a-afe0128e7994,H038,北陸電力送配電,hokuriku,154,3f18d8a6-5813-4911-a312-32340554c337,2cb9aff2-fc57-4a43-8c0b-0b9f297800ce,,,,active,,,hokuriku-keitozu-hokuriku_kikan154,extracted,2026-08-03,途中に無名需要家(H037)と塚原方向のT分岐あり;ev:両丸記号端点間の縦線。クロップ画像で目視確認,tier3,intra
26bb7bd9-22cf-401c-abd6-46bcb7e2f847,,北陸電力送配電,hokuriku,154,27a183ff-563d-48cb-a153-a66600708e75,2cb9aff2-fc57-4a43-8c0b-0b9f297800ce,,,,active,,,hokuriku-keitozu-hokuriku_kikan154,extracted,2026-08-03,線番号ラベルなし。塚原寄りに×平常時開放点あり;uncertain;ev:塚原から北西へ伸びる線が新能登–伏木線(H038)上にT分岐。分岐点は伏木寄り（伏木まで49、新能登まで66）。クロップ画像で目視確認,tier3,intra
5345ff2d-3224-4cf3-8443-3e9c3de1324d,H039,北陸電力送配電,hokuriku,154,3f18d8a6-5813-4911-a312-32340554c337,9c177e4e-843c-40d0-9b98-0b6980851889,,,,active,,,hokuriku-keitozu-hokuriku_kikan154,extracted,2026-08-03,ev:新能登から中能登(二重丸)への斜線。クロップ画像で目視確認,tier3,intra
4e7f1b10-17a0-4766-b97c-2ad63fe1e69a,H040,北陸電力送配電,hokuriku,154,416c6728-8ae7-472d-8d94-3545fe81d939,9c177e4e-843c-40d0-9b98-0b6980851889,,,,active,,,hokuriku-keitozu-hokuriku_kikan154,extracted,2026-08-03,ev:両記号端点間の直線。クロップ画像で目視確認,tier3,intra
7c636de7-5b3c-43e2-a360-abe0f8ce123c,H041,北陸電力送配電,hokuriku,154,8a0e9ecd-c737-4508-a9a4-d4c9627d8583,b2f8bc47-32a8-4543-b037-2d5e0a452d54,,,,active,,,hokuriku-keitozu-hokuriku_kikan154,extracted,2026-08-03,ev:両記号端点間の直線、ラベル垂線距離10.7。クロップ画像で目視確認,tier3,intra
946866cc-bffc-46b0-8de5-fa6b79bd3a41,H043,北陸電力送配電,hokuriku,154,b2f8bc47-32a8-4543-b037-2d5e0a452d54,46ed81a3-adcb-42ea-be90-2a64df00f949,,,,active,,,hokuriku-keitozu-hokuriku_kikan154,extracted,2026-08-03,途中に無名発電所・南福岡・御所(H063)の3つのT分岐、北金沢寄りに×平常時開放点あり;ev:新富山から北金沢右端まで達する長い斜線。ラベルH043の位置をクロップ画像で目視確認,tier3,intra
1be6d21c-dfa9-411b-9580-7a95535a63e0,H044,北陸電力送配電,hokuriku,154,91f84a5b-36f8-46d9-8146-29b30ddc8209,33126264-2be7-4495-a3a1-393a47c17f50,,,,active,,,hokuriku-keitozu-hokuriku_kikan154,extracted,2026-08-03,加賀は154kV図では275kV変電所記号(HSS005);ev:御所右端から東へ進み直角に折れて加賀(二重丸)上端に入るL字線、ラベル垂線距離9.4,tier3,intra
b1acb3d5-4bdb-42df-88eb-b86ed2fec217,H045,北陸電力送配電,hokuriku,154,e4825924-e8ca-41ed-82cb-0a7004130867,33126264-2be7-4495-a3a1-393a47c17f50,,,,active,,,hokuriku-keitozu-hokuriku_kikan154,extracted,2026-08-03,加賀は154kV図では275kV変電所記号(HSS005);ev:南金沢右端から東へ進み直角に折れて加賀下端に入るL字線、ラベル垂線距離10.6,tier3,intra
b8e2affd-7664-4375-bf71-a7322dc215c2,H046,北陸電力送配電,hokuriku,154,e4825924-e8ca-41ed-82cb-0a7004130867,438d527d-b332-430a-bb05-68c26682cdb9,,,,active,,,hokuriku-keitozu-hokuriku_kikan154,extracted,2026-08-03,ラベルH046は線から垂線距離約30と離れており、他に候補線がないため割り当てた。相手端は分岐点であり新小松と直結ではない;uncertain;ev:南金沢から西へ伸びる線が北金沢–新小松の縦線上にT分岐。分岐点は新小松寄り。クロップ画像で目視確認,tier3,intra
d4e22d7b-8d91-4d9b-8649-c5c11735d254,H047,北陸電力送配電,hokuriku,154,46ed81a3-adcb-42ea-be90-2a64df00f949,438d527d-b332-430a-bb05-68c26682cdb9,,,,active,,,hokuriku-keitozu-hokuriku_kikan154,extracted,2026-08-03,同一縦線の南側区間には別番号H049が付されている。途中に無名需要家2軒(H048/H047)と南金沢分岐(H046)がT接続。H047ラベルは需要家引込にも重複して現れる;uncertain;ev:北金沢–新小松を結ぶ縦線の北側区間にH047ラベル。クロップ画像で目視確認,tier3,intra
d0d64441-ab11-4e0b-aadc-18de5cb11ef4,H049,北陸電力送配電,hokuriku,154,438d527d-b332-430a-bb05-68c26682cdb9,46ed81a3-adcb-42ea-be90-2a64df00f949,,,,active,,,hokuriku-keitozu-hokuriku_kikan154,extracted,2026-08-03,H047と物理的には同一経路の別区間。ローダー側で重複辺として扱う可能性あり;uncertain;ev:同じ北金沢–新小松縦線の南側（新小松側）区間にH049ラベル。クロップ画像で目視確認,tier3,intra
41c9bef9-25e4-438e-a054-14e8ca19dfe3,H050,北陸電力送配電,hokuriku,154,e4825924-e8ca-41ed-82cb-0a7004130867,be8f01f6-904c-4777-b11f-4468f982d2c2,,,,active,,,hokuriku-keitozu-hokuriku_kikan154,extracted,2026-08-03,H050が第二側・第三側どちらの回線番号かは図から確定できない;uncertain;ev:南金沢から2本の線が出て手取川第二・手取川第三をそれぞれ経由し無名発電所でループを構成。H050ラベルは南金沢直下に1つだけ,tier3,intra
4ff3a05f-3592-45f9-b6ab-d060fa204446,,北陸電力送配電,hokuriku,154,e4825924-e8ca-41ed-82cb-0a7004130867,c7e2cf98-f1d3-4fef-9dc0-203e9c1de080,,,,active,,,hokuriku-keitozu-hokuriku_kikan154,extracted,2026-08-03,線番号ラベルなし（H050が共用の可能性）;uncertain;ev:南金沢から手取川第三の三角記号を経由し無名発電所へ至るループの一方。クロップ画像で目視確認,tier3,intra
32de6d01-b235-4843-826a-92cb52303ab9,H051,北陸電力送配電,hokuriku,154,438d527d-b332-430a-bb05-68c26682cdb9,79a1a062-3da3-42eb-8da6-f10a590f2870,,,,active,,,hokuriku-keitozu-hokuriku_kikan154,extracted,2026-08-03,新小松寄りに×平常時開放点あり;ev:新小松から西へ進み直角に折れて南下し福井火力三角記号に入るL字線、ラベル垂線距離10.3,tier3,intra
a94b7bdb-be84-4c23-b722-7789972ca7d1,H052,北陸電力送配電,hokuriku,154,79a1a062-3da3-42eb-8da6-f10a590f2870,021ad720-a3c3-4fbb-a917-549ad338a245,,,,active,,,hokuriku-keitozu-hokuriku_kikan154,extracted,2026-08-03,ev:三角記号と丸記号を結ぶ直線、ラベル垂線距離8.8。クロップ画像で目視確認,tier3,intra
3aedd08c-10a7-4bdf-a75c-59e707925e13,H053,北陸電力送配電,hokuriku,154,38f37ea2-f6fa-4359-aa65-25ca5faa51db,021ad720-a3c3-4fbb-a917-549ad338a245,,,,active,,,hokuriku-keitozu-hokuriku_kikan154,extracted,2026-08-03,屈曲点から無名需要家への短い引込あり;ev:新福井(二重丸)から伸びる線と北庄から伸びる線がL字に接続。クロップ画像で目視確認,tier3,intra
d03515f9-0dc7-40cd-919d-7cb373e07c0e,H054,北陸電力送配電,hokuriku,154,38f37ea2-f6fa-4359-aa65-25ca5faa51db,5c95f460-876d-4526-88a1-056215893070,,,,active,,,hokuriku-keitozu-hokuriku_kikan154,extracted,2026-08-03,ev:両記号端点間の直線、ラベル垂線距離8.0。クロップ画像で目視確認,tier3,intra
2bfab69c-7973-420e-aaf2-b6d5c82f809d,H055,北陸電力送配電,hokuriku,154,5c95f460-876d-4526-88a1-056215893070,be68a932-08f6-4a42-b50d-c1411dc75c7f,,,,active,,,hokuriku-keitozu-hokuriku_kikan154,extracted,2026-08-03,ラベル帰属は幾何だけでは確定できず、H054(新福井–松岡)・H056(⻄勝原第三–和泉)との番号連続性から本線に割り当てた;uncertain;ev:松岡の丸記号から⻄勝原第三の三角記号までの直線。ラベルH055はこの線と、松岡から無名発電所へ向かう斜線のほぼ中間（各8.5）に位置,tier3,intra
7aeac737-1116-41cd-a218-9c18704aee71,H056,北陸電力送配電,hokuriku,154,be68a932-08f6-4a42-b50d-c1411dc75c7f,42f68413-5464-4bcd-815a-7465d4c31839,,,,active,,,hokuriku-keitozu-hokuriku_kikan154,extracted,2026-08-03,縦線の南端は無名発電所記号。和泉はもう1本、松岡–無名発電所の斜線へ向かう線(×開放点付き)も持つ;uncertain;ev:⻄勝原第三から南へ伸びる縦線にH056ラベル、和泉がT分岐で接続。クロップ画像で目視確認,tier3,intra
021e92e4-78be-4b8d-aa85-d10bde8c7d6f,H058,北陸電力送配電,hokuriku,154,adc6d09d-04fd-4a5e-975b-82eff45aa07c,021ad720-a3c3-4fbb-a917-549ad338a245,,,,active,,,hokuriku-keitozu-hokuriku_kikan154,extracted,2026-08-03,同一図内で新武生–松岡の線にも同じH058が印字されている（原図の重複。文字コード確認済みで抽出誤りではない）。北庄寄りに×平常時開放点あり;ev:両丸記号端点間の直線、ラベル垂線距離6.5。クロップ画像でラベル文字列を目視確認,tier3,intra
1c300feb-c1e9-49ef-ac00-74ab80d6fbc1,H058,北陸電力送配電,hokuriku,154,60e56e54-a366-496e-b297-ec57ce443050,5c95f460-876d-4526-88a1-056215893070,,,,active,,,hokuriku-keitozu-hokuriku_kikan154,extracted,2026-08-03,丹生–北庄線と同じH058。新武生寄りに×平常時開放点あり;ev:両丸記号端点間の直線、ラベル垂線距離6.0。クロップ画像でラベル文字列を目視確認,tier3,intra
4ac9e102-122f-46ea-95f3-6c2757e4bc0e,H059,北陸電力送配電,hokuriku,154,adc6d09d-04fd-4a5e-975b-82eff45aa07c,60e56e54-a366-496e-b297-ec57ce443050,,,,active,,,hokuriku-keitozu-hokuriku_kikan154,extracted,2026-08-03,ev:両丸記号端点間の直線、ラベル垂線距離11.6,tier3,intra
42235a78-d30a-4f35-a4d3-a020a234b434,H060,北陸電力送配電,hokuriku,154,60e56e54-a366-496e-b297-ec57ce443050,3cb00106-88e0-460c-9ce1-2b60624f7753,,,,active,,,hokuriku-keitozu-hokuriku_kikan154,extracted,2026-08-03,ev:新武生から南条(二重丸)への直線、ラベル垂線距離12.1,tier3,intra
c2c34aa3-aa7d-4fc2-b263-042e4584b2fe,H061,北陸電力送配電,hokuriku,154,3cb00106-88e0-460c-9ce1-2b60624f7753,de9c8d8e-25ec-4774-83af-970880fc19cc,,,,active,,,hokuriku-keitozu-hokuriku_kikan154,extracted,2026-08-03,新敦賀寄りに×平常時開放点あり。途中に無名需要家のT分岐あり;ev:南条から新敦賀への直線、ラベル垂線距離11.5,tier3,intra
906b2285-5189-4da6-88bc-584199338ba8,H063,北陸電力送配電,hokuriku,154,91f84a5b-36f8-46d9-8146-29b30ddc8209,46ed81a3-adcb-42ea-be90-2a64df00f949,,,,active,,,hokuriku-keitozu-hokuriku_kikan154,extracted,2026-08-03,相手端は分岐点であり北金沢と直結ではない。御所寄りに×平常時開放点あり;uncertain;ev:御所から伸びる線がH043(新富山–北金沢)線上にT分岐。分岐点は北金沢寄り。クロップ画像で目視確認,tier3,intra
87e84fa8-3b87-4b2a-9a29-5a7cb6c354ea,10,中部電力パワーグリッド,chubu,500,cfc5e79f-59e4-48bb-820d-f283ca70058f,37971305-7548-456d-a595-010a454f6e3d,,,,active,,,chubu-keitozu-chubu_kikan154,extracted,2026-08-03,ev:p1「500kV・275kV系統構成図」の太線(500kV)をベクトル追跡し、高倍率切出図で母線・開閉所記号を目視確認,tier1,intra
5e2b8868-96d0-4c30-98b6-36fe93ea6e3a,11,中部電力パワーグリッド,chubu,500,cfc5e79f-59e4-48bb-820d-f283ca70058f,06ed3dc2-4e0e-454c-8e9d-fc281aa3f653,,,,active,,,chubu-keitozu-chubu_kikan154,extracted,2026-08-03,ev:p1「500kV・275kV系統構成図」の太線(500kV)をベクトル追跡し、高倍率切出図で母線・開閉所記号を目視確認,tier1,intra
1e2fee79-95f9-4192-9a6c-b7d716dc8a24,20,中部電力パワーグリッド,chubu,500,37971305-7548-456d-a595-010a454f6e3d,8e8a726e-5935-4f68-abac-86a00772b37f,,,,active,,,chubu-keitozu-chubu_kikan154,extracted,2026-08-03,ev:p1「500kV・275kV系統構成図」の太線(500kV)をベクトル追跡し、高倍率切出図で母線・開閉所記号を目視確認,tier1,intra
22c4e1ba-2050-465e-a251-0c7a4ebfafd0,30,中部電力パワーグリッド,chubu,500,8e8a726e-5935-4f68-abac-86a00772b37f,d9bcb28c-b971-45dc-b137-178ef8277d33,,,,active,,,chubu-keitozu-chubu_kikan154,extracted,2026-08-03,ev:p1「500kV・275kV系統構成図」の太線(500kV)をベクトル追跡し、高倍率切出図で母線・開閉所記号を目視確認,tier1,intra
ce585c19-0bfb-4a85-bfdd-88905827193a,31,中部電力パワーグリッド,chubu,500,d9bcb28c-b971-45dc-b137-178ef8277d33,ce1eaf48-186e-433e-9db4-4c7f60f7a358,,,,active,,,chubu-keitozu-chubu_kikan154,extracted,2026-08-03,ev:p1「500kV・275kV系統構成図」の太線(500kV)をベクトル追跡し、高倍率切出図で母線・開閉所記号を目視確認,tier1,intra
4fb56ccf-58bc-49b9-aa66-1bb013189343,40,中部電力パワーグリッド,chubu,500,06ed3dc2-4e0e-454c-8e9d-fc281aa3f653,17816a6b-8ddc-42b7-a1ee-8706d8172260,,,,active,,,chubu-keitozu-chubu_kikan154,extracted,2026-08-03,恵那変電所は分岐（引込線番号42）;ev:p1「500kV・275kV系統構成図」の太線(500kV)をベクトル追跡し、高倍率切出図で母線・開閉所記号を目視確認,tier1,intra
d1d8361d-a2f3-47b6-a819-8ab46391f7e2,41,中部電力パワーグリッド,chubu,500,17816a6b-8ddc-42b7-a1ee-8706d8172260,1a188738-db36-43b8-8b5b-1440a9218007,,,,active,,,chubu-keitozu-chubu_kikan154,extracted,2026-08-03,恵那変電所分岐点から愛知変電所まで;ev:p1「500kV・275kV系統構成図」の太線(500kV)をベクトル追跡し、高倍率切出図で母線・開閉所記号を目視確認,tier1,intra
9b9062c6-af7e-4e51-b0cd-5b696f1f94d3,50,中部電力パワーグリッド,chubu,500,ce1eaf48-186e-433e-9db4-4c7f60f7a358,9cd6af60-d69b-4993-941b-43f63d5ca333,,,,active,,,chubu-keitozu-chubu_kikan154,extracted,2026-08-03,ev:p1「500kV・275kV系統構成図」の太線(500kV)をベクトル追跡し、高倍率切出図で母線・開閉所記号を目視確認,tier1,intra
bb663d4d-88b3-472c-96bd-04fe839cc3cf,60,中部電力パワーグリッド,chubu,500,06ed3dc2-4e0e-454c-8e9d-fc281aa3f653,ce1eaf48-186e-433e-9db4-4c7f60f7a358,,,,active,,,chubu-keitozu-chubu_kikan154,extracted,2026-08-03,ev:p1「500kV・275kV系統構成図」の太線(500kV)をベクトル追跡し、高倍率切出図で母線・開閉所記号を目視確認,tier1,intra
067a90e7-18a4-44c5-954b-0813f0a00fa4,70,中部電力パワーグリッド,chubu,500,953a55b6-5cb0-4c94-ba8c-515e13c20d22,06ed3dc2-4e0e-454c-8e9d-fc281aa3f653,,,,active,,,chubu-keitozu-chubu_kikan154,extracted,2026-08-03,ev:p1「500kV・275kV系統構成図」の太線(500kV)をベクトル追跡し、高倍率切出図で母線・開閉所記号を目視確認,tier1,intra
d7251f77-497d-40fa-acc2-b2803cfec829,71,中部電力パワーグリッド,chubu,500,e427bdb0-11c7-467a-a59a-0c79ce210191,953a55b6-5cb0-4c94-ba8c-515e13c20d22,,,,active,,,chubu-keitozu-chubu_kikan154,extracted,2026-08-03,ev:p1「500kV・275kV系統構成図」の太線(500kV)をベクトル追跡し、高倍率切出図で母線・開閉所記号を目視確認,tier1,intra
a465858b-5ad7-4caa-9e32-7eaba70dad9f,80,中部電力パワーグリッド,chubu,500,1a188738-db36-43b8-8b5b-1440a9218007,a81cd9fe-287a-4c1c-99c1-134db27ecad7,,,,active,,,chubu-keitozu-chubu_kikan154,extracted,2026-08-03,ev:p1「500kV・275kV系統構成図」の太線(500kV)をベクトル追跡し、高倍率切出図で母線・開閉所記号を目視確認,tier1,intra
62d9d3cf-2104-44cd-acf3-a239e0e310d3,90,中部電力パワーグリッド,chubu,500,9cd6af60-d69b-4993-941b-43f63d5ca333,5eee2701-40fe-4abe-849f-86a60b61e7ae,,,,active,,,chubu-keitozu-chubu_kikan154,extracted,2026-08-03,ev:p1「500kV・275kV系統構成図」の太線(500kV)をベクトル追跡し、高倍率切出図で母線・開閉所記号を目視確認,tier1,intra
6f2dca59-ebe3-441a-a7fa-990bd6f94e10,100,中部電力パワーグリッド,chubu,500,9cd6af60-d69b-4993-941b-43f63d5ca333,e64c2e77-a6ae-4013-a1df-81e0e2d91cd4,,,,active,,,chubu-keitozu-chubu_kikan154,extracted,2026-08-03,ev:p1「500kV・275kV系統構成図」の太線(500kV)をベクトル追跡し、高倍率切出図で母線・開閉所記号を目視確認,tier1,intra
dd038909-d96f-46db-b229-997f5b7ab012,110,中部電力パワーグリッド,chubu,500,a81cd9fe-287a-4c1c-99c1-134db27ecad7,5eee2701-40fe-4abe-849f-86a60b61e7ae,,,,active,,,chubu-keitozu-chubu_kikan154,extracted,2026-08-03,ev:p1「500kV・275kV系統構成図」の太線(500kV)をベクトル追跡し、高倍率切出図で母線・開閉所記号を目視確認,tier1,intra
70cb98ef-e96f-4bdc-97c8-28fc82011f2b,120,中部電力パワーグリッド,chubu,500,97f2ba84-fd25-4bd5-aa59-fb08b2637e85,a81cd9fe-287a-4c1c-99c1-134db27ecad7,,,,active,,,chubu-keitozu-chubu_kikan154,extracted,2026-08-03,下伊那分岐〜豊根開閉所の区間（122も同区間の番号）;uncertain;ev:p1「500kV・275kV系統構成図」の太線(500kV)をベクトル追跡し、高倍率切出図で母線・開閉所記号を目視確認,tier1,intra
211b9146-a904-4297-93e5-896bee575de2,121,中部電力パワーグリッド,chubu,500,1bc6eac9-9147-4231-b687-9e09fe514e88,97f2ba84-fd25-4bd5-aa59-fb08b2637e85,,,,active,,,chubu-keitozu-chubu_kikan154,extracted,2026-08-03,南信分岐〜下伊那分岐の区間;uncertain;ev:p1「500kV・275kV系統構成図」の太線(500kV)をベクトル追跡し、高倍率切出図で母線・開閉所記号を目視確認,tier1,intra
31812d00-3d80-4cd2-a03e-ee729a0c5c46,130,中部電力パワーグリッド,chubu,500,e5e932e9-a8fa-4f94-8a51-ccdadb0034b4,1bc6eac9-9147-4231-b687-9e09fe514e88,,,,active,,,chubu-keitozu-chubu_kikan154,extracted,2026-08-03,信濃変電所〜南信分岐の区間;ev:p1「500kV・275kV系統構成図」の太線(500kV)をベクトル追跡し、高倍率切出図で母線・開閉所記号を目視確認,tier1,intra
05f4a41b-1343-4d27-adae-f5dc185837f1,140,中部電力パワーグリッド,chubu,500,5eee2701-40fe-4abe-849f-86a60b61e7ae,a178f70b-a7a2-4a6c-8919-a6a2176395e8,,,,active,,,chubu-keitozu-chubu_kikan154,extracted,2026-08-03,ev:p1「500kV・275kV系統構成図」の太線(500kV)をベクトル追跡し、高倍率切出図で母線・開閉所記号を目視確認,tier1,intra
c4450a64-271e-4970-bbba-5498ce1084e0,150,中部電力パワーグリッド,chubu,500,a81cd9fe-287a-4c1c-99c1-134db27ecad7,ddc4608e-8b38-481b-ae39-1dd112dc51e9,,,,active,,,chubu-keitozu-chubu_kikan154,extracted,2026-08-03,ev:p1「500kV・275kV系統構成図」の太線(500kV)をベクトル追跡し、高倍率切出図で母線・開閉所記号を目視確認,tier1,intra
36363dae-6013-48d9-bb93-cbd9d64d9bcd,160,中部電力パワーグリッド,chubu,500,a178f70b-a7a2-4a6c-8919-a6a2176395e8,ddc4608e-8b38-481b-ae39-1dd112dc51e9,,,,active,,,chubu-keitozu-chubu_kikan154,extracted,2026-08-03,ev:p1「500kV・275kV系統構成図」の太線(500kV)をベクトル追跡し、高倍率切出図で母線・開閉所記号を目視確認,tier1,intra
7c6a3ed7-51d7-4cc1-9bf0-882c8f14b8c9,170,中部電力パワーグリッド,chubu,275,35d3bd47-2a3e-4032-b6ef-e0c72c4d3279,2cae2d77-39ae-4238-885a-700a9e2b9f5e,,,,active,,,chubu-keitozu-chubu_kikan154,extracted,2026-08-03,ev:ベクトル解析：赤字送電線番号170が付いた線分から両方向に追跡し、最初に到達した母線／変電所記号,tier2,intra
db6a24cb-ff31-40a8-9210-a60f299da85c,180,中部電力パワーグリッド,chubu,275,96ac1f48-e14a-4664-8bea-db26f687b9e5,35d3bd47-2a3e-4032-b6ef-e0c72c4d3279,,,,active,,,chubu-keitozu-chubu_kikan154,extracted,2026-08-03,kikan/local版と一致;ev:ベクトル解析：赤字送電線番号180が付いた線分から両方向に追跡し、最初に到達した母線／変電所記号,tier2,intra
acdb1184-87bc-445c-95cd-d919e94d45be,190,中部電力パワーグリッド,chubu,275,b2904dbc-2c7d-4f47-86a3-10f5d05e1281,96ac1f48-e14a-4664-8bea-db26f687b9e5,,,,active,,,chubu-keitozu-chubu_kikan154,extracted,2026-08-03,kikan/local版と一致;ev:ベクトル解析：赤字送電線番号190が付いた線分から両方向に追跡し、最初に到達した母線／変電所記号,tier2,intra
72098197-a324-4a41-865e-f1a6cd2ce9d8,200,中部電力パワーグリッド,chubu,275,b0417001-393e-40e6-81af-08a94c862db3,96ac1f48-e14a-4664-8bea-db26f687b9e5,,,,active,,,chubu-keitozu-chubu_kikan154,extracted,2026-08-03,kikan/local版と一致;ev:ベクトル解析：赤字送電線番号200が付いた線分から両方向に追跡し、最初に到達した母線／変電所記号,tier2,intra
41b091a5-6ed8-4037-a92c-a62f3d3cc7f5,210,中部電力パワーグリッド,chubu,275,c4093fc8-931a-4ede-a7ab-85f8649488c2,96ac1f48-e14a-4664-8bea-db26f687b9e5,,,,active,,,chubu-keitozu-chubu_kikan154,extracted,2026-08-03,交差検証版では <EXT>=伊勢開閉所（不一致）;uncertain;ev:ベクトル解析：赤字送電線番号210が付いた線分から両方向に追跡し、最初に到達した母線／変電所記号,tier2,intra
c55fb9cb-191b-49d7-8c9c-4c6558dd9b29,230,中部電力パワーグリッド,chubu,275,6759b8f3-6998-4cf0-90cc-c2ab7d8caaf3,aef894ef-d15a-441d-aa8b-4f667606c7ae,,,,active,,,chubu-keitozu-chubu_kikan154,extracted,2026-08-03,kikan/local版と一致;uncertain;ev:ベクトル解析：赤字送電線番号230が付いた線分から両方向に追跡し、最初に到達した母線／変電所記号,tier2,intra
e2ddb71a-d38c-46bf-9052-be3551a64574,240,中部電力パワーグリッド,chubu,275,57076582-4d32-4ffd-9555-02599469ae24,6759b8f3-6998-4cf0-90cc-c2ab7d8caaf3,,,,active,,,chubu-keitozu-chubu_kikan154,extracted,2026-08-03,kikan/local版と一致;ev:ベクトル解析：赤字送電線番号240が付いた線分から両方向に追跡し、最初に到達した母線／変電所記号,tier2,intra
50f5893a-0474-485f-af2d-a6118db296be,241,中部電力パワーグリッド,chubu,275,b0417001-393e-40e6-81af-08a94c862db3,57076582-4d32-4ffd-9555-02599469ae24,,,,active,,,chubu-keitozu-chubu_kikan154,extracted,2026-08-03,kikan/local版と一致;ev:ベクトル解析：赤字送電線番号241が付いた線分から両方向に追跡し、最初に到達した母線／変電所記号,tier2,intra
47290d8f-ef5a-419c-b112-f45659ed1a86,242,中部電力パワーグリッド,chubu,275,57076582-4d32-4ffd-9555-02599469ae24,b0417001-393e-40e6-81af-08a94c862db3,,,,active,,,chubu-keitozu-chubu_kikan154,extracted,2026-08-03,kikan/local版と一致;uncertain;ev:ベクトル解析：赤字送電線番号242が付いた線分から両方向に追跡し、最初に到達した母線／変電所記号,tier2,intra
79a8090c-cbd9-4d47-854e-72402f3301e2,250,中部電力パワーグリッド,chubu,275,1a279b61-30e6-4734-86c0-1784269b8dfc,2cae2d77-39ae-4238-885a-700a9e2b9f5e,,,,active,,,chubu-keitozu-chubu_kikan154,extracted,2026-08-03,kikan(2025年度基本系統)版のみに記載;uncertain;ev:交差検証源（kikan）のベクトル解析,tier2,intra
47d3767f-c953-498c-9c82-f15fec370575,260,中部電力パワーグリッド,chubu,275,daea7fa1-5276-43e3-a407-bd7511674716,aef894ef-d15a-441d-aa8b-4f667606c7ae,,,,active,,,chubu-keitozu-chubu_kikan154,extracted,2026-08-03,kikan(2025年度基本系統)版のみに記載;uncertain;ev:交差検証源（kikan）のベクトル解析,tier2,intra
645f7caa-17b3-4163-85ae-bd945ed502d9,270,中部電力パワーグリッド,chubu,275,daea7fa1-5276-43e3-a407-bd7511674716,aef894ef-d15a-441d-aa8b-4f667606c7ae,,,,active,,,chubu-keitozu-chubu_kikan154,extracted,2026-08-03,交差検証版では 川越変電所=西名古屋変電所（不一致）;uncertain;ev:ベクトル解析：赤字送電線番号270が付いた線分から両方向に追跡し、最初に到達した母線／変電所記号,tier2,intra
81c5cdeb-f6f4-4df0-9891-b2534cd940fd,271,中部電力パワーグリッド,chubu,275,9d1e939c-738b-46ca-aef4-279a6bbe68d0,aef894ef-d15a-441d-aa8b-4f667606c7ae,,,,active,,,chubu-keitozu-chubu_kikan154,extracted,2026-08-03,uncertain;ev:ベクトル解析：赤字送電線番号271が付いた線分から両方向に追跡し、最初に到達した母線／変電所記号,tier2,intra
0d3a3aec-2a5e-48aa-92b9-a0dd42a6743e,280,中部電力パワーグリッド,chubu,275,daea7fa1-5276-43e3-a407-bd7511674716,aef894ef-d15a-441d-aa8b-4f667606c7ae,,,,active,,,chubu-keitozu-chubu_kikan154,extracted,2026-08-03,kikan/local版と一致;ev:ベクトル解析：赤字送電線番号280が付いた線分から両方向に追跡し、最初に到達した母線／変電所記号,tier2,intra
826e06b9-bcbb-4519-ac54-8108ef6b5830,290,中部電力パワーグリッド,chubu,275,843a9240-5d8b-4400-8198-7812aaa67cca,daea7fa1-5276-43e3-a407-bd7511674716,,,,active,,,chubu-keitozu-chubu_kikan154,extracted,2026-08-03,ev:ベクトル解析：赤字送電線番号290が付いた線分から両方向に追跡し、最初に到達した母線／変電所記号,tier2,intra
042d4aa9-8d0b-4312-b229-7c21d0a18919,300,中部電力パワーグリッド,chubu,275,1024b0a4-305e-467f-a3ea-6d5b0102f61e,63232ac5-c621-4585-a70d-7ee37d8954ab,,,,active,,,chubu-keitozu-chubu_kikan154,extracted,2026-08-03,kikan/local版と一致;ev:ベクトル解析：赤字送電線番号300が付いた線分から両方向に追跡し、最初に到達した母線／変電所記号,tier2,intra
907234f7-f712-4abd-a378-3616cd426d1f,310,中部電力パワーグリッド,chubu,275,2cae2d77-39ae-4238-885a-700a9e2b9f5e,8e8a726e-5935-4f68-abac-86a00772b37f,,,,active,,,chubu-keitozu-chubu_kikan154,extracted,2026-08-03,kikan/local版と一致;ev:ベクトル解析：赤字送電線番号310が付いた線分から両方向に追跡し、最初に到達した母線／変電所記号,tier2,intra
ead7e220-684d-4891-a410-7f2d0c64167a,330,中部電力パワーグリッド,chubu,275,de290d2a-fb1e-41e5-b06c-3170d9455f14,ce1eaf48-186e-433e-9db4-4c7f60f7a358,,,,active,,,chubu-keitozu-chubu_kikan154,extracted,2026-08-03,kikan/local版と一致;ev:ベクトル解析：赤字送電線番号330が付いた線分から両方向に追跡し、最初に到達した母線／変電所記号,tier2,intra
26130c21-3316-4ccd-88bc-11b69cd72ced,340,中部電力パワーグリッド,chubu,275,de290d2a-fb1e-41e5-b06c-3170d9455f14,ce1eaf48-186e-433e-9db4-4c7f60f7a358,,,,closed,,2026-08-04,chubu-keitozu-chubu_kikan154,extracted,2026-08-04,kikan/local版と一致;ev:ベクトル解析：赤字送電線番号340が付いた線分から両方向に追跡し、最初に到達した母線／変電所記号 | closed: 原図では 340 の縦線は北部275kV母線に達していない。正しくは関開閉所から来る導体（verdict_chubu 2026-08-04）,tier2,intra
a53d4ee5-9ffa-43bf-acea-ae46ed5a1114,380,中部電力パワーグリッド,chubu,275,6dd76182-8e55-4ee1-bde1-392e42436eb8,e5e932e9-a8fa-4f94-8a51-ccdadb0034b4,,,,active,,,chubu-keitozu-chubu_kikan154,extracted,2026-08-03,kikan/local版と一致;ev:ベクトル解析：赤字送電線番号380が付いた線分から両方向に追跡し、最初に到達した母線／変電所記号,tier2,intra
7119960c-8b93-49f2-a660-757d7c57dc1e,390,中部電力パワーグリッド,chubu,275,09b00f7f-e115-4033-86f2-4fb2f13c5655,e5e932e9-a8fa-4f94-8a51-ccdadb0034b4,,,,active,,,chubu-keitozu-chubu_kikan154,extracted,2026-08-03,kikan/local版と一致;uncertain;ev:ベクトル解析：赤字送電線番号390が付いた線分から両方向に追跡し、最初に到達した母線／変電所記号,tier2,intra
15d63da1-eef9-4ede-91da-f9c6abcd7b89,391,中部電力パワーグリッド,chubu,275,09b00f7f-e115-4033-86f2-4fb2f13c5655,e5e932e9-a8fa-4f94-8a51-ccdadb0034b4,,,,active,,,chubu-keitozu-chubu_kikan154,extracted,2026-08-03,kikan(2025年度基本系統)版のみに記載;uncertain;ev:交差検証源（kikan）のベクトル解析,tier2,intra
a6fa101e-c996-4a79-b660-621081f8cc62,392,中部電力パワーグリッド,chubu,275,09b00f7f-e115-4033-86f2-4fb2f13c5655,e5e932e9-a8fa-4f94-8a51-ccdadb0034b4,,,,active,,,chubu-keitozu-chubu_kikan154,extracted,2026-08-03,uncertain;ev:ベクトル解析：赤字送電線番号392が付いた線分から両方向に追跡し、最初に到達した母線／変電所記号,tier2,intra
f49ea65d-1a2f-44e2-8168-e9b87f32dde8,400,中部電力パワーグリッド,chubu,275,556b91ea-2763-4e6b-b8dd-94660c2c3309,68e37a7e-1978-436c-950b-6d0a4f0df47b,,,,active,,,chubu-keitozu-chubu_kikan154,extracted,2026-08-03,kikan/local版と一致;uncertain;ev:ベクトル解析：赤字送電線番号400が付いた線分から両方向に追跡し、最初に到達した母線／変電所記号,tier2,intra
9f7f53f8-ca43-4918-90f5-caa8c17a3de7,410,中部電力パワーグリッド,chubu,275,1e00913c-2516-4d0e-a144-7b9f3291aa6d,e5e932e9-a8fa-4f94-8a51-ccdadb0034b4,,,,active,,,chubu-keitozu-chubu_kikan154,extracted,2026-08-03,ev:ベクトル解析：赤字送電線番号410が付いた線分から両方向に追跡し、最初に到達した母線／変電所記号,tier2,intra
a1ead9d8-ff09-4533-86ba-659b3acd18fe,421,中部電力パワーグリッド,chubu,275,3b0fbecb-9712-467d-acd9-87c1e6f373e1,1a188738-db36-43b8-8b5b-1440a9218007,,,,active,,,chubu-keitozu-chubu_kikan154,extracted,2026-08-03,kikan(2025年度基本系統)版のみに記載;uncertain;ev:交差検証源（kikan）のベクトル解析,tier2,intra
be00b0eb-dcaf-4fdb-9ec5-6112cb920d56,440,中部電力パワーグリッド,chubu,275,413d74af-14eb-4907-aceb-035a9a73e599,ebc8cc8c-6529-4b61-8c30-cb6b3553af5e,,,,active,,,chubu-keitozu-chubu_kikan154,extracted,2026-08-03,kikan/local版と一致;uncertain;ev:ベクトル解析：赤字送電線番号440が付いた線分から両方向に追跡し、最初に到達した母線／変電所記号,tier2,intra
97821f76-d0c7-4799-8923-23f852460c42,450,中部電力パワーグリッド,chubu,275,3b0fbecb-9712-467d-acd9-87c1e6f373e1,ebc8cc8c-6529-4b61-8c30-cb6b3553af5e,,,,active,,,chubu-keitozu-chubu_kikan154,extracted,2026-08-03,kikan/local版と一致;ev:ベクトル解析：赤字送電線番号450が付いた線分から両方向に追跡し、最初に到達した母線／変電所記号,tier2,intra
c9bc18f8-be92-46f8-97c0-21e885179b6a,460,中部電力パワーグリッド,chubu,275,3b0fbecb-9712-467d-acd9-87c1e6f373e1,1a188738-db36-43b8-8b5b-1440a9218007,,,,active,,,chubu-keitozu-chubu_kikan154,extracted,2026-08-03,kikan/local版と一致;ev:ベクトル解析：赤字送電線番号460が付いた線分から両方向に追跡し、最初に到達した母線／変電所記号,tier2,intra
d9335249-4cdc-4c05-97ce-84e9cc25ea06,470,中部電力パワーグリッド,chubu,275,7e58d0d7-a2b0-46b7-9779-b67f9bd386f4,3b0fbecb-9712-467d-acd9-87c1e6f373e1,,,,active,,,chubu-keitozu-chubu_kikan154,extracted,2026-08-03,kikan(2025年度基本系統)版のみに記載;uncertain;ev:交差検証源（kikan）のベクトル解析,tier2,intra
c8782b52-85ca-4368-b0bd-69cc25feea98,480,中部電力パワーグリッド,chubu,275,d61ac779-2e0b-45f7-9ed9-1636fb1d9566,7e58d0d7-a2b0-46b7-9779-b67f9bd386f4,,,,active,,,chubu-keitozu-chubu_kikan154,extracted,2026-08-03,kikan/local版と一致;ev:ベクトル解析：赤字送電線番号480が付いた線分から両方向に追跡し、最初に到達した母線／変電所記号,tier2,intra
63db7054-fc2e-40fe-b9dd-e5aa9d91a6bc,490,中部電力パワーグリッド,chubu,275,9cd6af60-d69b-4993-941b-43f63d5ca333,f39958db-536b-4795-87cc-58608e9f5a11,,,,active,,,chubu-keitozu-chubu_kikan154,extracted,2026-08-03,交差検証版では 北豊田変電所=東浦開閉所（不一致）;uncertain;ev:ベクトル解析：赤字送電線番号490が付いた線分から両方向に追跡し、最初に到達した母線／変電所記号,tier2,intra
9e577520-0264-4ea6-b717-38b900b0c129,500,中部電力パワーグリッド,chubu,275,d61ac779-2e0b-45f7-9ed9-1636fb1d9566,98d127c9-fc99-455f-ac41-3225d57d6349,,,,active,,,chubu-keitozu-chubu_kikan154,extracted,2026-08-03,kikan(2025年度基本系統)版のみに記載;uncertain;ev:交差検証源（kikan）のベクトル解析,tier2,intra
0d402144-48a9-4a60-82e8-96c92cd3cd09,510,中部電力パワーグリッド,chubu,275,9cd6af60-d69b-4993-941b-43f63d5ca333,f39958db-536b-4795-87cc-58608e9f5a11,,,,active,,,chubu-keitozu-chubu_kikan154,extracted,2026-08-03,ev:ベクトル解析：赤字送電線番号510が付いた線分から両方向に追跡し、最初に到達した母線／変電所記号,tier2,intra
620febb1-69c8-479e-8565-8f660ab1d1d2,520,中部電力パワーグリッド,chubu,275,6022bb69-bebe-4f58-bcd5-b3d032614a1e,9cd6af60-d69b-4993-941b-43f63d5ca333,,,,active,,,chubu-keitozu-chubu_kikan154,extracted,2026-08-03,ev:ベクトル解析：赤字送電線番号520が付いた線分から両方向に追跡し、最初に到達した母線／変電所記号,tier2,intra
169b3f98-c869-4f9f-9bde-ff2dd43ae6d6,530,中部電力パワーグリッド,chubu,275,1c2377c2-c3e3-40c0-910b-e94f6b4d89b1,6022bb69-bebe-4f58-bcd5-b3d032614a1e,,,,active,,,chubu-keitozu-chubu_kikan154,extracted,2026-08-03,kikan/local版と一致;ev:ベクトル解析：赤字送電線番号530が付いた線分から両方向に追跡し、最初に到達した母線／変電所記号,tier2,intra
ae552d22-34fd-4451-a075-a2acb1ac24db,540,中部電力パワーグリッド,chubu,275,1c2377c2-c3e3-40c0-910b-e94f6b4d89b1,63232ac5-c621-4585-a70d-7ee37d8954ab,,,,active,,,chubu-keitozu-chubu_kikan154,extracted,2026-08-03,kikan/local版と一致;ev:ベクトル解析：赤字送電線番号540が付いた線分から両方向に追跡し、最初に到達した母線／変電所記号,tier2,intra
b9f0afc7-90b9-4a55-a8f7-183675e409dc,550,中部電力パワーグリッド,chubu,275,becbdf6d-3957-4f8c-8050-911e1ecdb2b9,63232ac5-c621-4585-a70d-7ee37d8954ab,,,,active,,,chubu-keitozu-chubu_kikan154,extracted,2026-08-03,kikan/local版と一致;ev:ベクトル解析：赤字送電線番号550が付いた線分から両方向に追跡し、最初に到達した母線／変電所記号,tier2,intra
cb762e26-4cb8-420c-a227-ad8c2a3e6cff,560,中部電力パワーグリッド,chubu,275,ae56f2e4-70b5-4403-85f1-fa064bd9627e,becbdf6d-3957-4f8c-8050-911e1ecdb2b9,,,,active,,,chubu-keitozu-chubu_kikan154,extracted,2026-08-03,kikan/local版と一致;ev:ベクトル解析：赤字送電線番号560が付いた線分から両方向に追跡し、最初に到達した母線／変電所記号,tier2,intra
0abd2b7e-70ce-47bb-bc1f-5e04b3743458,570,中部電力パワーグリッド,chubu,275,4d18a6e5-dab3-4407-ae78-674b792add0e,ae56f2e4-70b5-4403-85f1-fa064bd9627e,,,,active,,,chubu-keitozu-chubu_kikan154,extracted,2026-08-03,kikan/local版と一致;ev:ベクトル解析：赤字送電線番号570が付いた線分から両方向に追跡し、最初に到達した母線／変電所記号,tier2,intra
ac2aa9d8-eec7-4fea-9e29-39dcbce15914,570,中部電力パワーグリッド,chubu,275,4d18a6e5-dab3-4407-ae78-674b792add0e,63232ac5-c621-4585-a70d-7ee37d8954ab,,,,active,,,chubu-keitozu-chubu_kikan154,extracted,2026-08-03,kikan/local版と一致;ev:ベクトル解析：赤字送電線番号570が付いた線分から両方向に追跡し、最初に到達した母線／変電所記号,tier2,intra
a64c1c46-1e4b-4e89-b23d-daf39cdea4c5,610,中部電力パワーグリッド,chubu,275,9cd6af60-d69b-4993-941b-43f63d5ca333,6bed299d-9989-4626-909c-c6a08fedcc12,,,,active,,,chubu-keitozu-chubu_kikan154,extracted,2026-08-03,ev:ベクトル解析：赤字送電線番号610が付いた線分から両方向に追跡し、最初に到達した母線／変電所記号,tier2,intra
0c8132b6-42a4-4346-a6d8-74b8695dba6c,611,中部電力パワーグリッド,chubu,275,f39958db-536b-4795-87cc-58608e9f5a11,6bed299d-9989-4626-909c-c6a08fedcc12,,,,active,,,chubu-keitozu-chubu_kikan154,extracted,2026-08-03,交差検証版では 三好変電所=東名古屋変電所（不一致）;uncertain;ev:ベクトル解析：赤字送電線番号611が付いた線分から両方向に追跡し、最初に到達した母線／変電所記号,tier2,intra
a72ee538-f2ed-4392-b95b-e8dbc9db1095,612,中部電力パワーグリッド,chubu,275,6bed299d-9989-4626-909c-c6a08fedcc12,f39958db-536b-4795-87cc-58608e9f5a11,,,,active,,,chubu-keitozu-chubu_kikan154,extracted,2026-08-03,kikan(2025年度基本系統)版のみに記載;uncertain;ev:交差検証源（kikan）のベクトル解析,tier2,intra
7860a055-5104-43c4-912f-af4964ad0adb,630,中部電力パワーグリッド,chubu,275,79820f1e-29c9-4cc6-b913-333d9954bc61,e64c2e77-a6ae-4013-a1df-81e0e2d91cd4,,,,active,,,chubu-keitozu-chubu_kikan154,extracted,2026-08-03,kikan/local版と一致;uncertain;ev:ベクトル解析：赤字送電線番号630が付いた線分から両方向に追跡し、最初に到達した母線／変電所記号,tier2,intra
f554e2b4-7039-4eb2-a564-be7e9ca59fde,640,中部電力パワーグリッド,chubu,275,79820f1e-29c9-4cc6-b913-333d9954bc61,dfe13858-9d86-42cf-b56f-8b4d509ca735,,,,active,,,chubu-keitozu-chubu_kikan154,extracted,2026-08-03,kikan/local版と一致;ev:ベクトル解析：赤字送電線番号640が付いた線分から両方向に追跡し、最初に到達した母線／変電所記号,tier2,intra
7eb0331e-c3c3-4dc6-ae2b-d61d3fe81396,651,中部電力パワーグリッド,chubu,275,dfe13858-9d86-42cf-b56f-8b4d509ca735,9cd6af60-d69b-4993-941b-43f63d5ca333,,,,active,,,chubu-keitozu-chubu_kikan154,extracted,2026-08-03,ev:ベクトル解析：赤字送電線番号651が付いた線分から両方向に追跡し、最初に到達した母線／変電所記号,tier2,intra
f52a889a-de66-4edd-955d-0dd9eb3c541a,652,中部電力パワーグリッド,chubu,275,9cd6af60-d69b-4993-941b-43f63d5ca333,d26ec0a6-6918-43ab-86af-d36232688cf1,,,,active,,,chubu-keitozu-chubu_kikan154,extracted,2026-08-03,交差検証版では 東豊田変電所=額田開閉所（不一致）;uncertain;ev:ベクトル解析：赤字送電線番号652が付いた線分から両方向に追跡し、最初に到達した母線／変電所記号,tier2,intra
f5b091c8-2122-4f14-ba90-3d58eb04aa5b,660,中部電力パワーグリッド,chubu,275,dfe13858-9d86-42cf-b56f-8b4d509ca735,b6cfe4ad-06f5-49ad-bf00-d5f6b3947302,,,,active,,,chubu-keitozu-chubu_kikan154,extracted,2026-08-03,kikan/local版と一致;uncertain;ev:ベクトル解析：赤字送電線番号660が付いた線分から両方向に追跡し、最初に到達した母線／変電所記号,tier2,intra
ec0072d6-f45b-42d8-954f-3da5874f64db,680,中部電力パワーグリッド,chubu,275,923e38c9-635c-4b6f-9dc3-aafda6e95b09,b6cfe4ad-06f5-49ad-bf00-d5f6b3947302,,,,active,,,chubu-keitozu-chubu_kikan154,extracted,2026-08-03,kikan/local版と一致;uncertain;ev:ベクトル解析：赤字送電線番号680が付いた線分から両方向に追跡し、最初に到達した母線／変電所記号,tier2,intra
fb910ff7-fcee-4745-beff-096e872c6f64,690,中部電力パワーグリッド,chubu,275,1635ec54-b8fd-4e7a-b86e-d32bf75ef461,79820f1e-29c9-4cc6-b913-333d9954bc61,,,,active,,,chubu-keitozu-chubu_kikan154,extracted,2026-08-03,交差検証版では 三河変電所=湖西変電所（不一致）;uncertain;ev:ベクトル解析：赤字送電線番号690が付いた線分から両方向に追跡し、最初に到達した母線／変電所記号,tier2,intra
6c4968c2-1e22-49b5-a971-8878939beadd,700,中部電力パワーグリッド,chubu,275,1635ec54-b8fd-4e7a-b86e-d32bf75ef461,1eda7e34-dbbc-43a8-8f1d-28de57b6247b,,,,active,,,chubu-keitozu-chubu_kikan154,extracted,2026-08-03,kikan/local版と一致;ev:ベクトル解析：赤字送電線番号700が付いた線分から両方向に追跡し、最初に到達した母線／変電所記号,tier2,intra
42bab439-68bc-42df-afea-d00347dadbc4,710,中部電力パワーグリッド,chubu,275,b99eecb9-6097-4d3b-bf60-b0ce72009124,79820f1e-29c9-4cc6-b913-333d9954bc61,,,,active,,,chubu-keitozu-chubu_kikan154,extracted,2026-08-03,kikan/local版と一致;uncertain;ev:ベクトル解析：赤字送電線番号710が付いた線分から両方向に追跡し、最初に到達した母線／変電所記号,tier2,intra
a349245f-4d27-4cdc-a8ec-13a59962ccb2,720,中部電力パワーグリッド,chubu,275,a178f70b-a7a2-4a6c-8919-a6a2176395e8,b99eecb9-6097-4d3b-bf60-b0ce72009124,,,,active,,,chubu-keitozu-chubu_kikan154,extracted,2026-08-03,kikan/local版と一致;uncertain;ev:ベクトル解析：赤字送電線番号720が付いた線分から両方向に追跡し、最初に到達した母線／変電所記号,tier2,intra
be65eea4-3346-49ca-8792-8a25eef2903b,721,中部電力パワーグリッド,chubu,275,b99eecb9-6097-4d3b-bf60-b0ce72009124,a178f70b-a7a2-4a6c-8919-a6a2176395e8,,,,active,,,chubu-keitozu-chubu_kikan154,extracted,2026-08-03,kikan/local版と一致;uncertain;ev:ベクトル解析：赤字送電線番号721が付いた線分から両方向に追跡し、最初に到達した母線／変電所記号,tier2,intra
772c18f1-61ed-4c8d-99cc-cc8551d2bd36,770,中部電力パワーグリッド,chubu,275,1024b0a4-305e-467f-a3ea-6d5b0102f61e,843a9240-5d8b-4400-8198-7812aaa67cca,,,,active,,,chubu-keitozu-chubu_kikan154,extracted,2026-08-03,交差検証版では 名城変電所=牛島町変電所（不一致）;uncertain;ev:ベクトル解析：赤字送電線番号770が付いた線分から両方向に追跡し、最初に到達した母線／変電所記号,tier2,intra
b6f897f8-a7be-44ce-b830-fdae1fa8d53e,790,中部電力パワーグリッド,chubu,275,ddc4608e-8b38-481b-ae39-1dd112dc51e9,a178f70b-a7a2-4a6c-8919-a6a2176395e8,,,,active,,,chubu-keitozu-chubu_kikan154,extracted,2026-08-03,交差検証版では 遠江変電所=静岡変電所（不一致）;uncertain;ev:ベクトル解析：赤字送電線番号790が付いた線分から両方向に追跡し、最初に到達した母線／変電所記号,tier2,intra
4c7cb2a8-1965-421f-8f39-4b41ff782576,10011,中部電力パワーグリッド,chubu,154,e31d857c-17b9-4122-97d7-70a22d04f11d,1024b0a4-305e-467f-a3ea-6d5b0102f61e,,,,active,,,chubu-keitozu-chubu_kikan154,extracted,2026-08-03,local(2025年度基本系統)版のみに記載;uncertain;ev:交差検証源（local p1）のベクトル解析,tier3,intra
3383db7c-2f88-4873-a25c-b4cf8eaa6082,10021,中部電力パワーグリッド,chubu,154,1024b0a4-305e-467f-a3ea-6d5b0102f61e,52142173-95c1-4413-9694-3ec24e9b645b,,,,active,,,chubu-keitozu-chubu_kikan154,extracted,2026-08-03,local(2025年度基本系統)版のみに記載;uncertain;ev:交差検証源（local p1）のベクトル解析,tier3,intra
98ffe7a2-074a-4180-ae00-e49cf112ee49,10031,中部電力パワーグリッド,chubu,154,08d6c3fc-605b-48fa-be63-8e8b64a2a40f,98d127c9-fc99-455f-ac41-3225d57d6349,,,,active,,,chubu-keitozu-chubu_kikan154,extracted,2026-08-03,kikan/local版と一致;ev:ベクトル解析：赤字送電線番号10031が付いた線分から両方向に追跡し、最初に到達した母線／変電所記号,tier3,intra
f340697c-9c96-499f-867a-49fe247d2a8c,10042,中部電力パワーグリッド,chubu,154,80e66b42-9606-4b4d-bdea-86d736387d72,92758d35-3fd7-47f2-8dbb-3b6c4b440913,,,,active,,,chubu-keitozu-chubu_kikan154,extracted,2026-08-03,kikan/local版と一致;ev:ベクトル解析：赤字送電線番号10042が付いた線分から両方向に追跡し、最初に到達した母線／変電所記号,tier3,intra
71012523-a83e-4acf-a5a4-a4e3eb96e091,10061,中部電力パワーグリッド,chubu,154,670de171-a1a8-499f-86b2-79864ae174a1,413d74af-14eb-4907-aceb-035a9a73e599,,,,active,,,chubu-keitozu-chubu_kikan154,extracted,2026-08-03,kikan/local版と一致;ev:ベクトル解析：赤字送電線番号10061が付いた線分から両方向に追跡し、最初に到達した母線／変電所記号,tier3,intra
151a1f2a-7072-4842-9bdd-9c1bed964b9c,10062,中部電力パワーグリッド,chubu,154,670de171-a1a8-499f-86b2-79864ae174a1,413d74af-14eb-4907-aceb-035a9a73e599,,,,active,,,chubu-keitozu-chubu_kikan154,extracted,2026-08-03,local(2025年度基本系統)版のみに記載;uncertain;ev:交差検証源（local p1）のベクトル解析,tier3,intra
848dec0b-d398-48f8-b5e6-34dce348cf8d,10071,中部電力パワーグリッド,chubu,154,1a279b61-30e6-4734-86c0-1784269b8dfc,e31d857c-17b9-4122-97d7-70a22d04f11d,,,,active,,,chubu-keitozu-chubu_kikan154,extracted,2026-08-03,kikan/local版と一致;ev:ベクトル解析：赤字送電線番号10071が付いた線分から両方向に追跡し、最初に到達した母線／変電所記号,tier3,intra
b13438b0-4bfd-422e-b34e-7e9a4b2db36c,10081,中部電力パワーグリッド,chubu,154,d9f3991a-13d0-47b3-9b20-f2e6a3a22198,f39958db-536b-4795-87cc-58608e9f5a11,,,,active,,,chubu-keitozu-chubu_kikan154,extracted,2026-08-03,交差検証版では 大高変電所=日進変電所（不一致）;uncertain;ev:ベクトル解析：赤字送電線番号10081が付いた線分から両方向に追跡し、最初に到達した母線／変電所記号,tier3,intra
9edc068f-ecce-445b-899b-13abe99e491d,10111,中部電力パワーグリッド,chubu,154,601debc7-f9fb-4d13-aa00-d895ac2be49a,7e58d0d7-a2b0-46b7-9779-b67f9bd386f4,,,,active,,,chubu-keitozu-chubu_kikan154,extracted,2026-08-03,kikan/local版と一致;uncertain;ev:ベクトル解析：赤字送電線番号10111が付いた線分から両方向に追跡し、最初に到達した母線／変電所記号,tier3,intra
0dcebafa-8c3b-4a3b-8af3-93f054db1e5b,10112,中部電力パワーグリッド,chubu,154,601debc7-f9fb-4d13-aa00-d895ac2be49a,7e58d0d7-a2b0-46b7-9779-b67f9bd386f4,,,,active,,,chubu-keitozu-chubu_kikan154,extracted,2026-08-03,uncertain;ev:ベクトル解析：赤字送電線番号10112が付いた線分から両方向に追跡し、最初に到達した母線／変電所記号,tier3,intra
f0401748-ebcc-4f0a-9f94-961fa5de75fa,10113,中部電力パワーグリッド,chubu,154,7e58d0d7-a2b0-46b7-9779-b67f9bd386f4,601debc7-f9fb-4d13-aa00-d895ac2be49a,,,,active,,,chubu-keitozu-chubu_kikan154,extracted,2026-08-03,uncertain;ev:ベクトル解析：赤字送電線番号10113が付いた線分から両方向に追跡し、最初に到達した母線／変電所記号,tier3,intra
917481b4-efcf-404b-b288-0d336ee4a678,10114,中部電力パワーグリッド,chubu,154,7e58d0d7-a2b0-46b7-9779-b67f9bd386f4,601debc7-f9fb-4d13-aa00-d895ac2be49a,,,,active,,,chubu-keitozu-chubu_kikan154,extracted,2026-08-03,uncertain;ev:ベクトル解析：赤字送電線番号10114が付いた線分から両方向に追跡し、最初に到達した母線／変電所記号,tier3,intra
f836b31a-539d-4a06-bd48-901dd6bb7695,10115,中部電力パワーグリッド,chubu,154,601debc7-f9fb-4d13-aa00-d895ac2be49a,1024b0a4-305e-467f-a3ea-6d5b0102f61e,,,,active,,,chubu-keitozu-chubu_kikan154,extracted,2026-08-03,ev:ベクトル解析：赤字送電線番号10115が付いた線分から両方向に追跡し、最初に到達した母線／変電所記号,tier3,intra
f6c16d1b-c83c-414d-b7cc-6616669bd308,10151,中部電力パワーグリッド,chubu,154,80e66b42-9606-4b4d-bdea-86d736387d72,7e58d0d7-a2b0-46b7-9779-b67f9bd386f4,,,,active,,,chubu-keitozu-chubu_kikan154,extracted,2026-08-03,交差検証版では 北豊田変電所=日進変電所（不一致）;uncertain;ev:ベクトル解析：赤字送電線番号10151が付いた線分から両方向に追跡し、最初に到達した母線／変電所記号,tier3,intra
c115ff15-d32f-4cf8-8495-9db16fb1a4e8,10191,中部電力パワーグリッド,chubu,154,057d43bf-bf5d-49e4-8ffa-48f567899ff0,dc33e8c5-29d1-4d44-8b1b-9ac34bbfa6ff,,,,active,,,chubu-keitozu-chubu_kikan154,extracted,2026-08-03,ev:ベクトル解析：赤字送電線番号10191が付いた線分から両方向に追跡し、最初に到達した母線／変電所記号,tier3,intra
08ca277a-a1d9-446b-adac-96fd93e67503,10201,中部電力パワーグリッド,chubu,154,1a279b61-30e6-4734-86c0-1784269b8dfc,88ad5d90-db7b-46bc-82ae-18e6d899f85c,,,,active,,,chubu-keitozu-chubu_kikan154,extracted,2026-08-03,交差検証版では 七宝変電所=北勢変電所（不一致）;uncertain;ev:ベクトル解析：赤字送電線番号10201が付いた線分から両方向に追跡し、最初に到達した母線／変電所記号,tier3,intra
5627a1c4-d7fb-420c-a68b-10f30a8369fe,10222,中部電力パワーグリッド,chubu,154,5199e2e9-784e-4fca-ae59-e057de399297,d9f3991a-13d0-47b3-9b20-f2e6a3a22198,,,,active,,,chubu-keitozu-chubu_kikan154,extracted,2026-08-03,kikan/local版と一致;uncertain;ev:ベクトル解析：赤字送電線番号10222が付いた線分から両方向に追跡し、最初に到達した母線／変電所記号,tier3,intra
692e6286-8b78-4603-a116-b6a5a364728d,10241,中部電力パワーグリッド,chubu,275,1a279b61-30e6-4734-86c0-1784269b8dfc,aef894ef-d15a-441d-aa8b-4f667606c7ae,,,,active,,,chubu-keitozu-chubu_kikan154,extracted,2026-08-05,ev:ベクトル解析：赤字送電線番号10241が付いた線分から両方向に追跡し、最初に到達した母線／変電所記号；電圧を 154→275kV に訂正。OCCTO 実績が『西名古屋西尾張線』を 275kV として公表しているため（一次資料を優先）。PROVENANCE S29,tier3,intra
7617efaa-32bb-412d-a03a-19d12782365b,10251,中部電力パワーグリッド,chubu,154,92758d35-3fd7-47f2-8dbb-3b6c4b440913,80e66b42-9606-4b4d-bdea-86d736387d72,,,,active,,,chubu-keitozu-chubu_kikan154,extracted,2026-08-03,kikan/local版と一致;ev:ベクトル解析：赤字送電線番号10251が付いた線分から両方向に追跡し、最初に到達した母線／変電所記号,tier3,intra
e20a3bcb-840f-4a54-bedf-0198d8a8bee6,10261,中部電力パワーグリッド,chubu,154,92758d35-3fd7-47f2-8dbb-3b6c4b440913,f39958db-536b-4795-87cc-58608e9f5a11,,,,active,,,chubu-keitozu-chubu_kikan154,extracted,2026-08-03,交差検証版では 日進変電所=瑞穂変電所（不一致）;uncertain;ev:ベクトル解析：赤字送電線番号10261が付いた線分から両方向に追跡し、最初に到達した母線／変電所記号,tier3,intra
70e2bd2b-a205-4c2e-b3aa-429e9a4a58f3,10271,中部電力パワーグリッド,chubu,154,08d6c3fc-605b-48fa-be63-8e8b64a2a40f,6f1fa6c2-1145-46ef-b011-a03e5e4fef4b,,,,active,,,chubu-keitozu-chubu_kikan154,extracted,2026-08-03,kikan/local版と一致;uncertain;ev:ベクトル解析：赤字送電線番号10271が付いた線分から両方向に追跡し、最初に到達した母線／変電所記号,tier3,intra
cc1e077a-fb52-4d14-9888-a2c142069304,10292,中部電力パワーグリッド,chubu,154,057d43bf-bf5d-49e4-8ffa-48f567899ff0,dc33e8c5-29d1-4d44-8b1b-9ac34bbfa6ff,,,,active,,,chubu-keitozu-chubu_kikan154,extracted,2026-08-03,ev:ベクトル解析：赤字送電線番号10292が付いた線分から両方向に追跡し、最初に到達した母線／変電所記号,tier3,intra
9ef8392f-7757-47fc-9a37-66c1106e5133,10321,中部電力パワーグリッド,chubu,154,413d74af-14eb-4907-aceb-035a9a73e599,1024b0a4-305e-467f-a3ea-6d5b0102f61e,,,,active,,,chubu-keitozu-chubu_kikan154,extracted,2026-08-03,local(2025年度基本系統)版のみに記載;uncertain;ev:交差検証源（local p1）のベクトル解析,tier3,intra
bd3be11c-14de-4c52-9dac-5313d77584af,10331,中部電力パワーグリッド,chubu,154,4d18a6e5-dab3-4407-ae78-674b792add0e,f3b5ae5c-8141-406a-9b13-fc476ce18145,,,,active,,,chubu-keitozu-chubu_kikan154,extracted,2026-08-03,kikan/local版と一致;ev:ベクトル解析：赤字送電線番号10331が付いた線分から両方向に追跡し、最初に到達した母線／変電所記号,tier3,intra
2769be79-3b1c-41cc-97ff-846ee8cadbec,10351,中部電力パワーグリッド,chubu,154,5199e2e9-784e-4fca-ae59-e057de399297,4d18a6e5-dab3-4407-ae78-674b792add0e,,,,active,,,chubu-keitozu-chubu_kikan154,extracted,2026-08-03,kikan/local版と一致;ev:ベクトル解析：赤字送電線番号10351が付いた線分から両方向に追跡し、最初に到達した母線／変電所記号,tier3,intra
5138b82b-f736-47ba-a0c9-3798a163a044,10361,中部電力パワーグリッド,chubu,154,601debc7-f9fb-4d13-aa00-d895ac2be49a,1024b0a4-305e-467f-a3ea-6d5b0102f61e,,,,active,,,chubu-keitozu-chubu_kikan154,extracted,2026-08-03,ev:ベクトル解析：赤字送電線番号10361が付いた線分から両方向に追跡し、最初に到達した母線／変電所記号,tier3,intra
271657d7-c10c-41af-8f1a-ea29ae12a818,10362,中部電力パワーグリッド,chubu,154,601debc7-f9fb-4d13-aa00-d895ac2be49a,cfabd746-86fd-43ca-b48f-8031ac12e16f,,,,active,,,chubu-keitozu-chubu_kikan154,extracted,2026-08-03,local(2025年度基本系統)版のみに記載;uncertain;ev:交差検証源（local p1）のベクトル解析,tier3,intra
110cc106-d150-4937-93a1-4c55d1601858,10371,中部電力パワーグリッド,chubu,154,f5e61421-3e1f-45db-82c0-27b48aff21ea,1024b0a4-305e-467f-a3ea-6d5b0102f61e,,,,active,,,chubu-keitozu-chubu_kikan154,extracted,2026-08-03,交差検証版では 岩塚変電所=水主町変電所（不一致）;uncertain;ev:ベクトル解析：赤字送電線番号10371が付いた線分から両方向に追跡し、最初に到達した母線／変電所記号,tier3,intra
66320570-a18f-4506-bfc4-bacb6e28c99d,10381,中部電力パワーグリッド,chubu,154,63232ac5-c621-4585-a70d-7ee37d8954ab,057d43bf-bf5d-49e4-8ffa-48f567899ff0,,,,active,,,chubu-keitozu-chubu_kikan154,extracted,2026-08-03,交差検証版では 岩塚変電所=松ヶ枝変電所（不一致）;uncertain;ev:ベクトル解析：赤字送電線番号10381が付いた線分から両方向に追跡し、最初に到達した母線／変電所記号,tier3,intra
6d5eb35f-988c-4cf7-a5cb-7622b3a6bc50,10391,中部電力パワーグリッド,chubu,154,fa838941-5268-47ed-b970-f44dbd916759,63232ac5-c621-4585-a70d-7ee37d8954ab,,,,active,,,chubu-keitozu-chubu_kikan154,extracted,2026-08-03,uncertain;ev:ベクトル解析：赤字送電線番号10391が付いた線分から両方向に追跡し、最初に到達した母線／変電所記号,tier3,intra
785d5c0f-ee70-4a80-9d6f-2295ec82565c,10401,中部電力パワーグリッド,chubu,154,63232ac5-c621-4585-a70d-7ee37d8954ab,f5e61421-3e1f-45db-82c0-27b48aff21ea,,,,active,,,chubu-keitozu-chubu_kikan154,extracted,2026-08-03,kikan/local版と一致;ev:ベクトル解析：赤字送電線番号10401が付いた線分から両方向に追跡し、最初に到達した母線／変電所記号,tier3,intra
aac6d04f-ab14-4119-bc7f-e23701f8c10a,10411,中部電力パワーグリッド,chubu,154,5199e2e9-784e-4fca-ae59-e057de399297,f3b5ae5c-8141-406a-9b13-fc476ce18145,,,,active,,,chubu-keitozu-chubu_kikan154,extracted,2026-08-03,kikan/local版と一致;ev:ベクトル解析：赤字送電線番号10411が付いた線分から両方向に追跡し、最初に到達した母線／変電所記号,tier3,intra
90a69b31-bf4d-475e-aab2-f554dddc162b,17500,中部電力パワーグリッド,chubu,154,63232ac5-c621-4585-a70d-7ee37d8954ab,1024b0a4-305e-467f-a3ea-6d5b0102f61e,,,,active,,,chubu-keitozu-chubu_kikan154,extracted,2026-08-03,ev:ベクトル解析：赤字送電線番号17500が付いた線分から両方向に追跡し、最初に到達した母線／変電所記号,tier3,intra
14a226a2-940b-435c-b42e-06941795f434,20010,中部電力パワーグリッド,chubu,154,1c96b886-5b5a-4e6e-9b52-a2760832012c,d82f215b-e61e-4ec2-9939-b98735b34818,,,,active,,,chubu-keitozu-chubu_kikan154,extracted,2026-08-03,kikan/local版と一致;ev:ベクトル解析：赤字送電線番号20010が付いた線分から両方向に追跡し、最初に到達した母線／変電所記号,tier3,intra
953126dd-d387-4724-bedc-352a4b6f9991,20011,中部電力パワーグリッド,chubu,154,d82f215b-e61e-4ec2-9939-b98735b34818,1c96b886-5b5a-4e6e-9b52-a2760832012c,,,,active,,,chubu-keitozu-chubu_kikan154,extracted,2026-08-03,kikan/local版と一致;ev:ベクトル解析：赤字送電線番号20011が付いた線分から両方向に追跡し、最初に到達した母線／変電所記号,tier3,intra
11eabaf1-e8ee-44f1-a884-8f4bd639f292,20020,中部電力パワーグリッド,chubu,154,2d8accb2-cd91-4bdd-a0fe-80782fc66ecf,1c96b886-5b5a-4e6e-9b52-a2760832012c,,,,active,,,chubu-keitozu-chubu_kikan154,extracted,2026-08-03,kikan/local版と一致;ev:ベクトル解析：赤字送電線番号20020が付いた線分から両方向に追跡し、最初に到達した母線／変電所記号,tier3,intra
025178e8-840f-45f7-b742-1396ce204de0,20030,中部電力パワーグリッド,chubu,154,2d8accb2-cd91-4bdd-a0fe-80782fc66ecf,1c96b886-5b5a-4e6e-9b52-a2760832012c,,,,active,,,chubu-keitozu-chubu_kikan154,extracted,2026-08-03,local(2025年度基本系統)版のみに記載;uncertain;ev:交差検証源（local p1）のベクトル解析,tier3,intra
eb04a74e-afda-46a1-87cd-8bb2bfea1cbe,20040,中部電力パワーグリッド,chubu,154,2d8accb2-cd91-4bdd-a0fe-80782fc66ecf,1c96b886-5b5a-4e6e-9b52-a2760832012c,,,,active,,,chubu-keitozu-chubu_kikan154,extracted,2026-08-03,ev:ベクトル解析：赤字送電線番号20040が付いた線分から両方向に追跡し、最初に到達した母線／変電所記号,tier3,intra
25d8cd4d-80cd-4800-83fb-2dade2bb6746,20053,中部電力パワーグリッド,chubu,154,472b01d9-4189-4cc3-90fb-d52b0758c3e4,02183f10-b0fc-4f5a-9e78-ccc993049bb8,,,,active,,,chubu-keitozu-chubu_kikan154,extracted,2026-08-03,kikan/local版と一致;uncertain;ev:ベクトル解析：赤字送電線番号20053が付いた線分から両方向に追跡し、最初に到達した母線／変電所記号,tier3,intra
80a32f92-9782-480e-94f4-fb6ccd35c34f,20060,中部電力パワーグリッド,chubu,154,f56abe93-1439-48c1-8fae-d891422139ea,442abf0f-1bff-4d2f-98ce-a6d11654817d,,,,active,,,chubu-keitozu-chubu_kikan154,extracted,2026-08-03,kikan/local版と一致;uncertain;ev:ベクトル解析：赤字送電線番号20060が付いた線分から両方向に追跡し、最初に到達した母線／変電所記号,tier3,intra
4510b93b-6b23-4777-9b96-1d6ff3fcee3d,20070,中部電力パワーグリッド,chubu,154,02183f10-b0fc-4f5a-9e78-ccc993049bb8,f56abe93-1439-48c1-8fae-d891422139ea,,,,active,,,chubu-keitozu-chubu_kikan154,extracted,2026-08-03,kikan/local版と一致;uncertain;ev:ベクトル解析：赤字送電線番号20070が付いた線分から両方向に追跡し、最初に到達した母線／変電所記号,tier3,intra
e92e6be0-f924-4dce-9873-f7f7f83e229c,20100,中部電力パワーグリッド,chubu,154,d82f215b-e61e-4ec2-9939-b98735b34818,f9d97bea-a3b0-476a-927a-535dfc4f69e9,,,,active,,,chubu-keitozu-chubu_kikan154,extracted,2026-08-03,ev:ベクトル解析：赤字送電線番号20100が付いた線分から両方向に追跡し、最初に到達した母線／変電所記号,tier3,intra
df981d72-672d-45bb-887f-2afb91e3a865,20101,中部電力パワーグリッド,chubu,154,d82f215b-e61e-4ec2-9939-b98735b34818,f9d97bea-a3b0-476a-927a-535dfc4f69e9,,,,active,,,chubu-keitozu-chubu_kikan154,extracted,2026-08-03,ev:ベクトル解析：赤字送電線番号20101が付いた線分から両方向に追跡し、最初に到達した母線／変電所記号,tier3,intra
80f6f562-037c-408e-8266-7bc325c7b117,20120,中部電力パワーグリッド,chubu,154,b99eecb9-6097-4d3b-bf60-b0ce72009124,93e874cd-937e-4ed4-8253-a4a65333c326,,,,active,,,chubu-keitozu-chubu_kikan154,extracted,2026-08-03,kikan/local版と一致;ev:ベクトル解析：赤字送電線番号20120が付いた線分から両方向に追跡し、最初に到達した母線／変電所記号,tier3,intra
c24a279c-7bb4-4183-915d-fad83f0b0d37,20130,中部電力パワーグリッド,chubu,154,93e874cd-937e-4ed4-8253-a4a65333c326,79286ab8-a72f-49b0-97da-c2a337087c0e,,,,active,,,chubu-keitozu-chubu_kikan154,extracted,2026-08-03,kikan/local版と一致;uncertain;ev:ベクトル解析：赤字送電線番号20130が付いた線分から両方向に追跡し、最初に到達した母線／変電所記号,tier3,intra
ff80ef25-9ab1-42af-bd0d-d8c08cfabd29,20131,中部電力パワーグリッド,chubu,154,a178f70b-a7a2-4a6c-8919-a6a2176395e8,93e874cd-937e-4ed4-8253-a4a65333c326,,,,active,,,chubu-keitozu-chubu_kikan154,extracted,2026-08-03,uncertain;ev:ベクトル解析：赤字送電線番号20131が付いた線分から両方向に追跡し、最初に到達した母線／変電所記号,tier3,intra
c7e6ef46-7ff2-479c-b5fe-ad68faed3508,20201,中部電力パワーグリッド,chubu,154,a178f70b-a7a2-4a6c-8919-a6a2176395e8,4991b6bf-b93c-4e68-8fb7-3ef7e69d022c,,,,active,,,chubu-keitozu-chubu_kikan154,extracted,2026-08-03,kikan/local版と一致;ev:ベクトル解析：赤字送電線番号20201が付いた線分から両方向に追跡し、最初に到達した母線／変電所記号,tier3,intra
49f8cb5d-d26a-48c9-9efd-e9fd64a40517,20202,中部電力パワーグリッド,chubu,154,93e874cd-937e-4ed4-8253-a4a65333c326,4991b6bf-b93c-4e68-8fb7-3ef7e69d022c,,,,active,,,chubu-keitozu-chubu_kikan154,extracted,2026-08-03,uncertain;ev:ベクトル解析：赤字送電線番号20202が付いた線分から両方向に追跡し、最初に到達した母線／変電所記号,tier3,intra
879d5d52-0c42-42a9-ae3a-674d8c961568,20210,中部電力パワーグリッド,chubu,154,a178f70b-a7a2-4a6c-8919-a6a2176395e8,f818cfb6-3531-41a2-8439-a41e21b90125,,,,active,,,chubu-keitozu-chubu_kikan154,extracted,2026-08-03,kikan/local版と一致;ev:ベクトル解析：赤字送電線番号20210が付いた線分から両方向に追跡し、最初に到達した母線／変電所記号,tier3,intra
ec260c5d-a1d6-406c-a96f-3ba7b4e2d143,20300,中部電力パワーグリッド,chubu,154,309d185e-e879-46e5-8696-318e60ef7565,472b01d9-4189-4cc3-90fb-d52b0758c3e4,,,,active,,,chubu-keitozu-chubu_kikan154,extracted,2026-08-03,uncertain;ev:ベクトル解析：赤字送電線番号20300が付いた線分から両方向に追跡し、最初に到達した母線／変電所記号,tier3,intra
8de9eaa1-22b3-4269-b4ce-9f19829d74d1,20301,中部電力パワーグリッド,chubu,154,309d185e-e879-46e5-8696-318e60ef7565,472b01d9-4189-4cc3-90fb-d52b0758c3e4,,,,active,,,chubu-keitozu-chubu_kikan154,extracted,2026-08-03,uncertain;ev:ベクトル解析：赤字送電線番号20301が付いた線分から両方向に追跡し、最初に到達した母線／変電所記号,tier3,intra
0da5725b-7d92-4734-9e99-d1e3187c2ade,20302,中部電力パワーグリッド,chubu,154,ba06b60d-8692-4be6-b93f-e62e574d70cf,472b01d9-4189-4cc3-90fb-d52b0758c3e4,,,,active,,,chubu-keitozu-chubu_kikan154,extracted,2026-08-03,uncertain;ev:ベクトル解析：赤字送電線番号20302が付いた線分から両方向に追跡し、最初に到達した母線／変電所記号,tier3,intra
175f4daa-5d8a-4c8b-b0d6-fa6435b56b21,20310,中部電力パワーグリッド,chubu,154,309d185e-e879-46e5-8696-318e60ef7565,472b01d9-4189-4cc3-90fb-d52b0758c3e4,,,,active,,,chubu-keitozu-chubu_kikan154,extracted,2026-08-03,uncertain;ev:ベクトル解析：赤字送電線番号20310が付いた線分から両方向に追跡し、最初に到達した母線／変電所記号,tier3,intra
89c753a3-a8f8-458a-90cc-d46cef4875e7,20311,中部電力パワーグリッド,chubu,154,2f9fb644-da7f-4443-bde9-5223de1664f3,472b01d9-4189-4cc3-90fb-d52b0758c3e4,,,,active,,,chubu-keitozu-chubu_kikan154,extracted,2026-08-03,local(2025年度基本系統)版のみに記載;uncertain;ev:交差検証源（local p1）のベクトル解析,tier3,intra
5a5596af-0e59-4157-9ad1-c19c589c7462,20320,中部電力パワーグリッド,chubu,154,472b01d9-4189-4cc3-90fb-d52b0758c3e4,309d185e-e879-46e5-8696-318e60ef7565,,,,active,,,chubu-keitozu-chubu_kikan154,extracted,2026-08-03,kikan/local版と一致;uncertain;ev:ベクトル解析：赤字送電線番号20320が付いた線分から両方向に追跡し、最初に到達した母線／変電所記号,tier3,intra
5c787e10-9bb8-47ad-9ba3-f017179f023a,20350,中部電力パワーグリッド,chubu,154,1c96b886-5b5a-4e6e-9b52-a2760832012c,ba06b60d-8692-4be6-b93f-e62e574d70cf,,,,active,,,chubu-keitozu-chubu_kikan154,extracted,2026-08-03,kikan/local版と一致;ev:ベクトル解析：赤字送電線番号20350が付いた線分から両方向に追跡し、最初に到達した母線／変電所記号,tier3,intra
010151f0-60c7-40b5-96e0-64d98bfcf538,20360,中部電力パワーグリッド,chubu,154,ba06b60d-8692-4be6-b93f-e62e574d70cf,472b01d9-4189-4cc3-90fb-d52b0758c3e4,,,,active,,,chubu-keitozu-chubu_kikan154,extracted,2026-08-03,local(2025年度基本系統)版のみに記載;uncertain;ev:交差検証源（local p1）のベクトル解析,tier3,intra
9f86c402-e558-4964-b92e-653d39e3d79d,20380,中部電力パワーグリッド,chubu,154,472b01d9-4189-4cc3-90fb-d52b0758c3e4,2f9fb644-da7f-4443-bde9-5223de1664f3,,,,active,,,chubu-keitozu-chubu_kikan154,extracted,2026-08-03,kikan/local版と一致;uncertain;ev:ベクトル解析：赤字送電線番号20380が付いた線分から両方向に追跡し、最初に到達した母線／変電所記号,tier3,intra
b124d0bb-aaf2-4f6f-90e8-bfdb4c0d00b7,20390,中部電力パワーグリッド,chubu,154,79820f1e-29c9-4cc6-b913-333d9954bc61,d82f215b-e61e-4ec2-9939-b98735b34818,,,,active,,,chubu-keitozu-chubu_kikan154,extracted,2026-08-03,交差検証版では <EXT>=三河変電所（不一致）;uncertain;ev:ベクトル解析：赤字送電線番号20390が付いた線分から両方向に追跡し、最初に到達した母線／変電所記号,tier3,intra
01a0340e-5650-4731-a9e3-aaa799d9e52a,30011,中部電力パワーグリッド,chubu,154,aef894ef-d15a-441d-aa8b-4f667606c7ae,47bf65ea-de73-44a5-91a5-2de2914b8a96,,,,active,,,chubu-keitozu-chubu_kikan154,extracted,2026-08-03,local(2025年度基本系統)版のみに記載;uncertain;ev:交差検証源（local p1）のベクトル解析,tier3,intra
c8be8358-8120-4fbd-bbdf-1ccfee319d35,30020,中部電力パワーグリッド,chubu,154,fc5cc419-96ce-4ea9-9d59-0529ab4822bf,aef894ef-d15a-441d-aa8b-4f667606c7ae,,,,active,,,chubu-keitozu-chubu_kikan154,extracted,2026-08-03,ev:ベクトル解析：赤字送電線番号30020が付いた線分から両方向に追跡し、最初に到達した母線／変電所記号,tier3,intra
64fe8912-a625-4798-b0fb-229164910e25,30034,中部電力パワーグリッド,chubu,154,fc5cc419-96ce-4ea9-9d59-0529ab4822bf,93eeb3d4-91ad-4a34-91a5-ef73778e0893,,,,active,,,chubu-keitozu-chubu_kikan154,extracted,2026-08-03,local(2025年度基本系統)版のみに記載;uncertain;ev:交差検証源（local p1）のベクトル解析,tier3,intra
b83b06a9-203e-4739-937f-5aa39b01e13b,30042,中部電力パワーグリッド,chubu,154,c48c7d2d-18b6-4ccb-aa78-470d86904f2a,afd9f7b8-881b-4ee4-88d5-f9e99b7d958b,,,,active,,,chubu-keitozu-chubu_kikan154,extracted,2026-08-03,uncertain;ev:ベクトル解析：赤字送電線番号30042が付いた線分から両方向に追跡し、最初に到達した母線／変電所記号,tier3,intra
6e46a1c0-db06-4ce5-b6bb-d562d9b788a0,30043,中部電力パワーグリッド,chubu,154,bbe1a1cd-a1fc-42b1-807d-6e7b5c757cc8,afd9f7b8-881b-4ee4-88d5-f9e99b7d958b,,,,active,,,chubu-keitozu-chubu_kikan154,extracted,2026-08-03,交差検証版では 栃原変電所=紀勢変電所（不一致）;uncertain;ev:ベクトル解析：赤字送電線番号30043が付いた線分から両方向に追跡し、最初に到達した母線／変電所記号,tier3,intra
c483471c-ccdb-4c29-bb98-ed09c4964d4f,30045,中部電力パワーグリッド,chubu,154,961b41a0-d7cb-445a-8007-8e13f01c346b,c48c7d2d-18b6-4ccb-aa78-470d86904f2a,,,,active,,,chubu-keitozu-chubu_kikan154,extracted,2026-08-03,uncertain;ev:ベクトル解析：赤字送電線番号30045が付いた線分から両方向に追跡し、最初に到達した母線／変電所記号,tier3,intra
f04ba837-d8d2-4d6e-8e89-ab4b33423c24,30050,中部電力パワーグリッド,chubu,154,961b41a0-d7cb-445a-8007-8e13f01c346b,c48c7d2d-18b6-4ccb-aa78-470d86904f2a,,,,active,,,chubu-keitozu-chubu_kikan154,extracted,2026-08-03,kikan/local版と一致;uncertain;ev:ベクトル解析：赤字送電線番号30050が付いた線分から両方向に追跡し、最初に到達した母線／変電所記号,tier3,intra
ab36fc6e-44ec-4401-a2bc-532ba317aed7,30081,中部電力パワーグリッド,chubu,154,736b08fb-c068-4ff0-a81f-a67da8593b58,aef894ef-d15a-441d-aa8b-4f667606c7ae,,,,active,,,chubu-keitozu-chubu_kikan154,extracted,2026-08-03,uncertain;ev:ベクトル解析：赤字送電線番号30081が付いた線分から両方向に追跡し、最初に到達した母線／変電所記号,tier3,intra
274dc671-4310-4a70-8f87-f30544e0a45e,30090,中部電力パワーグリッド,chubu,154,0c29f2cb-cfcc-435f-b711-fdbde972048f,c48c7d2d-18b6-4ccb-aa78-470d86904f2a,,,,active,,,chubu-keitozu-chubu_kikan154,extracted,2026-08-03,kikan/local版と一致;uncertain;ev:ベクトル解析：赤字送電線番号30090が付いた線分から両方向に追跡し、最初に到達した母線／変電所記号,tier3,intra
bc9145a4-d95f-4231-b32f-333a687c6ac1,30100,中部電力パワーグリッド,chubu,154,aef894ef-d15a-441d-aa8b-4f667606c7ae,736b08fb-c068-4ff0-a81f-a67da8593b58,,,,active,,,chubu-keitozu-chubu_kikan154,extracted,2026-08-03,ev:ベクトル解析：赤字送電線番号30100が付いた線分から両方向に追跡し、最初に到達した母線／変電所記号,tier3,intra
8e38521d-e49a-4ca2-b212-a826667d4dde,30101,中部電力パワーグリッド,chubu,154,fc5cc419-96ce-4ea9-9d59-0529ab4822bf,aef894ef-d15a-441d-aa8b-4f667606c7ae,,,,active,,,chubu-keitozu-chubu_kikan154,extracted,2026-08-03,kikan/local版と一致;uncertain;ev:ベクトル解析：赤字送電線番号30101が付いた線分から両方向に追跡し、最初に到達した母線／変電所記号,tier3,intra
19d12261-e38a-4d75-b9d8-b291a1823b9b,30130,中部電力パワーグリッド,chubu,154,c48c7d2d-18b6-4ccb-aa78-470d86904f2a,0c29f2cb-cfcc-435f-b711-fdbde972048f,,,,active,,,chubu-keitozu-chubu_kikan154,extracted,2026-08-03,kikan/local版と一致;uncertain;ev:ベクトル解析：赤字送電線番号30130が付いた線分から両方向に追跡し、最初に到達した母線／変電所記号,tier3,intra
64d0bd16-4424-4795-bcc6-22bbc4c4b3b7,40010,中部電力パワーグリッド,chubu,154,82cc356e-344b-4a2a-af4e-1b281231fa07,2cae2d77-39ae-4238-885a-700a9e2b9f5e,,,,closed,,2026-08-04,chubu-keitozu-chubu_kikan154,extracted,2026-08-04,kikan/local版と一致;ev:ベクトル解析：赤字送電線番号40010が付いた線分から両方向に追跡し、最初に到達した母線／変電所記号 | closed: 原図では加納変電所--西濃変電所。梅原のラベルはこの縦線から遠い（verdict_chubu 2026-08-04）,tier3,intra
cb654a3b-bd3d-4414-8408-dc9189d1e64d,40020,中部電力パワーグリッド,chubu,154,2cae2d77-39ae-4238-885a-700a9e2b9f5e,9c53fc49-0a4c-4182-935c-97b1f47bd7a2,,,,active,,,chubu-keitozu-chubu_kikan154,extracted,2026-08-03,kikan/local版と一致;ev:ベクトル解析：赤字送電線番号40020が付いた線分から両方向に追跡し、最初に到達した母線／変電所記号,tier3,intra
da055502-f0af-432e-9d69-46310b4e47bf,40030,中部電力パワーグリッド,chubu,154,b4434fc3-fff7-4feb-8239-fc8bb2cd1199,82cc356e-344b-4a2a-af4e-1b281231fa07,,,,active,,,chubu-keitozu-chubu_kikan154,extracted,2026-08-03,kikan/local版と一致;ev:ベクトル解析：赤字送電線番号40030が付いた線分から両方向に追跡し、最初に到達した母線／変電所記号,tier3,intra
202487f9-2cae-4392-83a4-46091bb69c3d,40031,中部電力パワーグリッド,chubu,154,82cc356e-344b-4a2a-af4e-1b281231fa07,2cae2d77-39ae-4238-885a-700a9e2b9f5e,,,,active,,,chubu-keitozu-chubu_kikan154,extracted,2026-08-03,kikan/local版と一致;ev:ベクトル解析：赤字送電線番号40031が付いた線分から両方向に追跡し、最初に到達した母線／変電所記号,tier3,intra
b0c6d394-a218-44cc-9386-7ab6a42f831e,40040,中部電力パワーグリッド,chubu,154,82cc356e-344b-4a2a-af4e-1b281231fa07,2cae2d77-39ae-4238-885a-700a9e2b9f5e,,,,active,,,chubu-keitozu-chubu_kikan154,extracted,2026-08-03,kikan/local版と一致;ev:ベクトル解析：赤字送電線番号40040が付いた線分から両方向に追跡し、最初に到達した母線／変電所記号,tier3,intra
c2d79dda-1007-45ef-b91a-45029f74dba8,40060,中部電力パワーグリッド,chubu,154,47bf65ea-de73-44a5-91a5-2de2914b8a96,9c53fc49-0a4c-4182-935c-97b1f47bd7a2,,,,active,,,chubu-keitozu-chubu_kikan154,extracted,2026-08-03,kikan/local版と一致;ev:ベクトル解析：赤字送電線番号40060が付いた線分から両方向に追跡し、最初に到達した母線／変電所記号,tier3,intra
62c10061-fd73-4b82-ad4e-29f8f45075b5,40072,中部電力パワーグリッド,chubu,154,670de171-a1a8-499f-86b2-79864ae174a1,413d74af-14eb-4907-aceb-035a9a73e599,,,,active,,,chubu-keitozu-chubu_kikan154,extracted,2026-08-03,local(2025年度基本系統)版のみに記載;uncertain;ev:交差検証源（local p1）のベクトル解析,tier3,intra
9dc26f39-a14e-4b32-9cc1-33c49b1a76c5,40090,中部電力パワーグリッド,chubu,154,413d74af-14eb-4907-aceb-035a9a73e599,f6e6e52a-586c-42b1-9284-024b36854134,,,,active,,,chubu-keitozu-chubu_kikan154,extracted,2026-08-03,ev:ベクトル解析：赤字送電線番号40090が付いた線分から両方向に追跡し、最初に到達した母線／変電所記号,tier3,intra
342333aa-e55d-4efd-81ec-780870f017dd,40110,中部電力パワーグリッド,chubu,154,56d6290e-06a3-406b-bce5-d1b07dac8a43,b4434fc3-fff7-4feb-8239-fc8bb2cd1199,,,,active,,,chubu-keitozu-chubu_kikan154,extracted,2026-08-03,local(2025年度基本系統)版のみに記載;uncertain;ev:交差検証源（local p1）のベクトル解析,tier3,intra
57d3d22d-8f31-4782-946d-a9a10e17a72a,40121,中部電力パワーグリッド,chubu,154,56d6290e-06a3-406b-bce5-d1b07dac8a43,b4434fc3-fff7-4feb-8239-fc8bb2cd1199,,,,active,,,chubu-keitozu-chubu_kikan154,extracted,2026-08-03,uncertain;ev:ベクトル解析：赤字送電線番号40121が付いた線分から両方向に追跡し、最初に到達した母線／変電所記号,tier3,intra
b5363692-9d7e-498f-9585-9c1fa538984f,40130,中部電力パワーグリッド,chubu,154,56d6290e-06a3-406b-bce5-d1b07dac8a43,4e387117-3444-46bf-b135-63d383677998,,,,active,,,chubu-keitozu-chubu_kikan154,extracted,2026-08-03,ev:ベクトル解析：赤字送電線番号40130が付いた線分から両方向に追跡し、最初に到達した母線／変電所記号,tier3,intra
c9730f48-c092-4b29-83b9-55cd02b2c726,40131,中部電力パワーグリッド,chubu,154,56d6290e-06a3-406b-bce5-d1b07dac8a43,b4434fc3-fff7-4feb-8239-fc8bb2cd1199,,,,active,,,chubu-keitozu-chubu_kikan154,extracted,2026-08-03,kikan/local版と一致;uncertain;ev:ベクトル解析：赤字送電線番号40131が付いた線分から両方向に追跡し、最初に到達した母線／変電所記号,tier3,intra
f4d98aa1-62f8-43b1-873d-0e212e8f9340,40140,中部電力パワーグリッド,chubu,154,56d6290e-06a3-406b-bce5-d1b07dac8a43,4e387117-3444-46bf-b135-63d383677998,,,,active,,,chubu-keitozu-chubu_kikan154,extracted,2026-08-03,交差検証版では 久々野水力変電所=瀬戸水力変電所（不一致）;uncertain;ev:ベクトル解析：赤字送電線番号40140が付いた線分から両方向に追跡し、最初に到達した母線／変電所記号,tier3,intra
0c12c43a-e73a-4a2b-8c2b-49ec2ee058dd,40150,中部電力パワーグリッド,chubu,154,96f851b7-6753-4ff6-b1bd-89638c6b1dc5,56d6290e-06a3-406b-bce5-d1b07dac8a43,,,,active,,,chubu-keitozu-chubu_kikan154,extracted,2026-08-03,uncertain;ev:ベクトル解析：赤字送電線番号40150が付いた線分から両方向に追跡し、最初に到達した母線／変電所記号,tier3,intra
e27cee66-0de1-4f6a-a39d-3e3af57f8221,40160,中部電力パワーグリッド,chubu,154,5bf54101-99d3-4c25-9bff-0d318e6d991b,96f851b7-6753-4ff6-b1bd-89638c6b1dc5,,,,active,,,chubu-keitozu-chubu_kikan154,extracted,2026-08-03,kikan/local版と一致;ev:ベクトル解析：赤字送電線番号40160が付いた線分から両方向に追跡し、最初に到達した母線／変電所記号,tier3,intra
7bec7e41-2ac8-40b7-be4f-f2d0798e409e,40180,中部電力パワーグリッド,chubu,154,e6546cc0-65a4-45b1-a121-9a29dc4c7977,96f851b7-6753-4ff6-b1bd-89638c6b1dc5,,,,active,,,chubu-keitozu-chubu_kikan154,extracted,2026-08-03,kikan/local版と一致;ev:ベクトル解析：赤字送電線番号40180が付いた線分から両方向に追跡し、最初に到達した母線／変電所記号,tier3,intra
ec0ead79-739d-454b-811f-1e8721d2a817,50010,中部電力パワーグリッド,chubu,154,6dd76182-8e55-4ee1-bde1-392e42436eb8,9d4b124c-3886-4855-ac12-1b61c79e8453,,,,active,,,chubu-keitozu-chubu_kikan154,extracted,2026-08-03,kikan/local版と一致;ev:ベクトル解析：赤字送電線番号50010が付いた線分から両方向に追跡し、最初に到達した母線／変電所記号,tier3,intra
c08f6705-122c-4036-963b-fdfbfbf656d4,50011,中部電力パワーグリッド,chubu,154,91bde58b-169e-4efb-a6cb-78972d830d98,6dd76182-8e55-4ee1-bde1-392e42436eb8,,,,active,,,chubu-keitozu-chubu_kikan154,extracted,2026-08-03,kikan/local版と一致;ev:ベクトル解析：赤字送電線番号50011が付いた線分から両方向に追跡し、最初に到達した母線／変電所記号,tier3,intra
5bfc7a31-7993-4aa9-b05e-fe523ea8afac,50020,中部電力パワーグリッド,chubu,154,6dd76182-8e55-4ee1-bde1-392e42436eb8,91bde58b-169e-4efb-a6cb-78972d830d98,,,,active,,,chubu-keitozu-chubu_kikan154,extracted,2026-08-03,kikan/local版と一致;ev:ベクトル解析：赤字送電線番号50020が付いた線分から両方向に追跡し、最初に到達した母線／変電所記号,tier3,intra
06bfd082-7c4f-4318-af95-1d4b16d3ba7b,50041,中部電力パワーグリッド,chubu,154,6dd76182-8e55-4ee1-bde1-392e42436eb8,e17c1679-7005-4e5b-8051-f9fb5b9ceaba,,,,active,,,chubu-keitozu-chubu_kikan154,extracted,2026-08-03,kikan/local版と一致;uncertain;ev:ベクトル解析：赤字送電線番号50041が付いた線分から両方向に追跡し、最初に到達した母線／変電所記号,tier3,intra
6cd800e2-858a-468c-b7cd-1f5d0aa4fc75,50052,中部電力パワーグリッド,chubu,154,606a2ad9-3204-4300-b58a-3b99228744e4,1bc6eac9-9147-4231-b687-9e09fe514e88,,,,active,,,chubu-keitozu-chubu_kikan154,extracted,2026-08-03,kikan/local版と一致;ev:ベクトル解析：赤字送電線番号50052が付いた線分から両方向に追跡し、最初に到達した母線／変電所記号,tier3,intra
e799c4fe-7e76-4ab4-8cb5-153744bfd967,50071,中部電力パワーグリッド,chubu,154,919c9056-c817-41fe-8cb8-8549a0409e42,1c26908f-cda1-47d4-b9e9-022c4e2f6512,,,,active,,,chubu-keitozu-chubu_kikan154,extracted,2026-08-03,kikan/local版と一致;uncertain;ev:ベクトル解析：赤字送電線番号50071が付いた線分から両方向に追跡し、最初に到達した母線／変電所記号,tier3,intra
c9df1ddf-bfdc-46d6-b8e6-c17505b1b111,50120,中部電力パワーグリッド,chubu,154,07dd996e-a626-4d3f-820d-8bc52336a67e,1bc6eac9-9147-4231-b687-9e09fe514e88,,,,active,,,chubu-keitozu-chubu_kikan154,extracted,2026-08-03,ev:ベクトル解析：赤字送電線番号50120が付いた線分から両方向に追跡し、最初に到達した母線／変電所記号,tier3,intra
ef277772-3466-4a49-a277-418cb88edb3b,50130,中部電力パワーグリッド,chubu,154,4d0f2279-8cf1-489e-ab2c-8f03071440cf,b6498c73-2d3f-4a15-92a4-54eb0dbf1603,,,,active,,,chubu-keitozu-chubu_kikan154,extracted,2026-08-03,local(2025年度基本系統)版のみに記載;uncertain;ev:交差検証源（local p1）のベクトル解析,tier3,intra
0307aff2-1653-4a89-846b-5553af852fc7,50134,中部電力パワーグリッド,chubu,154,af957bdb-5c43-44b0-8a8e-b3637e4a3152,f4d82001-e37d-4611-ad0a-3376636823b9,,,,active,,,chubu-keitozu-chubu_kikan154,extracted,2026-08-03,uncertain;ev:ベクトル解析：赤字送電線番号50134が付いた線分から両方向に追跡し、最初に到達した母線／変電所記号,tier3,intra
9c71a00d-f2f5-4dc8-814b-b63ca4738f43,50136,中部電力パワーグリッド,chubu,154,f4d82001-e37d-4611-ad0a-3376636823b9,e17c1679-7005-4e5b-8051-f9fb5b9ceaba,,,,active,,,chubu-keitozu-chubu_kikan154,extracted,2026-08-03,交差検証版では 北原変電所=松島変電所（不一致）;uncertain;ev:ベクトル解析：赤字送電線番号50136が付いた線分から両方向に追跡し、最初に到達した母線／変電所記号,tier3,intra
a8724a6b-d173-4382-8e2b-fb404a4db3ec,50180,中部電力パワーグリッド,chubu,154,d704e4e6-a0d0-4f40-9a48-93db04c37681,b6498c73-2d3f-4a15-92a4-54eb0dbf1603,,,,active,,,chubu-keitozu-chubu_kikan154,extracted,2026-08-03,local(2025年度基本系統)版のみに記載;uncertain;ev:交差検証源（local p1）のベクトル解析,tier3,intra
702d679f-31dc-4090-bba3-cde338f59c50,50190,中部電力パワーグリッド,chubu,154,f99a2c7f-2208-4a0b-a100-68579d8b76b9,6dd76182-8e55-4ee1-bde1-392e42436eb8,,,,active,,,chubu-keitozu-chubu_kikan154,extracted,2026-08-03,kikan/local版と一致;ev:ベクトル解析：赤字送電線番号50190が付いた線分から両方向に追跡し、最初に到達した母線／変電所記号,tier3,intra
63e405c2-39a1-4219-b881-107f7542d2eb,60010,中部電力パワーグリッド,chubu,154,99320cc9-7315-4b4b-9971-bca5adb207e6,f39958db-536b-4795-87cc-58608e9f5a11,,,,active,,,chubu-keitozu-chubu_kikan154,extracted,2026-08-03,交差検証版では 北刈谷変電所=日進変電所（不一致）;uncertain;ev:ベクトル解析：赤字送電線番号60010が付いた線分から両方向に追跡し、最初に到達した母線／変電所記号,tier3,intra
f9df1efb-f268-4f07-aa37-b6f5770f8f7d,60030,中部電力パワーグリッド,chubu,154,80e66b42-9606-4b4d-bdea-86d736387d72,6f730674-030d-4854-9a09-f5b2c8fc3e0d,,,,active,,,chubu-keitozu-chubu_kikan154,extracted,2026-08-03,local(2025年度基本系統)版のみに記載;uncertain;ev:交差検証源（local p1）のベクトル解析,tier3,intra
e8e20fbf-c595-4293-b1fa-e2068bea5cb3,60031,中部電力パワーグリッド,chubu,154,f39958db-536b-4795-87cc-58608e9f5a11,6f730674-030d-4854-9a09-f5b2c8fc3e0d,,,,active,,,chubu-keitozu-chubu_kikan154,extracted,2026-08-03,uncertain;ev:ベクトル解析：赤字送電線番号60031が付いた線分から両方向に追跡し、最初に到達した母線／変電所記号,tier3,intra
7b10951c-6ba3-4a12-9126-60ebf19c62f0,60050,中部電力パワーグリッド,chubu,154,e2844e33-10d3-4243-b971-4d905277e0f3,79820f1e-29c9-4cc6-b913-333d9954bc61,,,,active,,,chubu-keitozu-chubu_kikan154,extracted,2026-08-03,kikan/local版と一致;ev:ベクトル解析：赤字送電線番号60050が付いた線分から両方向に追跡し、最初に到達した母線／変電所記号,tier3,intra
7cd2eab2-a9ee-4683-88d4-c64b35a10665,60051,中部電力パワーグリッド,chubu,154,2d52544f-39d9-4458-93e3-43d6a714cfbf,e2844e33-10d3-4243-b971-4d905277e0f3,,,,active,,,chubu-keitozu-chubu_kikan154,extracted,2026-08-03,local(2025年度基本系統)版のみに記載;uncertain;ev:交差検証源（local p1）のベクトル解析,tier3,intra
7c73d887-0a9c-4716-adce-ebc85c268eda,60060,中部電力パワーグリッド,chubu,154,e2844e33-10d3-4243-b971-4d905277e0f3,79820f1e-29c9-4cc6-b913-333d9954bc61,,,,active,,,chubu-keitozu-chubu_kikan154,extracted,2026-08-03,local(2025年度基本系統)版のみに記載;uncertain;ev:交差検証源（local p1）のベクトル解析,tier3,intra
e9ccf909-9e42-4fae-a66c-09406eca0da4,60070,中部電力パワーグリッド,chubu,154,4585ccaa-8692-4677-9a37-deb961372666,79820f1e-29c9-4cc6-b913-333d9954bc61,,,,active,,,chubu-keitozu-chubu_kikan154,extracted,2026-08-03,交差検証版では 三河変電所=植田変電所（不一致）;uncertain;ev:ベクトル解析：赤字送電線番号60070が付いた線分から両方向に追跡し、最初に到達した母線／変電所記号,tier3,intra
c0faf449-6e4b-479a-a4e7-4932802deff6,60080,中部電力パワーグリッド,chubu,154,c1865ea3-7ecf-4331-85da-3393a1cf5dd3,79820f1e-29c9-4cc6-b913-333d9954bc61,,,,active,,,chubu-keitozu-chubu_kikan154,extracted,2026-08-03,ev:ベクトル解析：赤字送電線番号60080が付いた線分から両方向に追跡し、最初に到達した母線／変電所記号,tier3,intra
c4ec6565-3bf6-4f50-a3d7-6abe56adef3c,60090,中部電力パワーグリッド,chubu,154,99320cc9-7315-4b4b-9971-bca5adb207e6,11c4e95b-fcb6-4033-b0bd-d926addb50a3,,,,active,,,chubu-keitozu-chubu_kikan154,extracted,2026-08-03,kikan/local版と一致;ev:ベクトル解析：赤字送電線番号60090が付いた線分から両方向に追跡し、最初に到達した母線／変電所記号,tier3,intra
ee41de5d-093a-462a-b9ff-aa37e9bbe4c7,60100,中部電力パワーグリッド,chubu,154,11c4e95b-fcb6-4033-b0bd-d926addb50a3,923e38c9-635c-4b6f-9dc3-aafda6e95b09,,,,active,,,chubu-keitozu-chubu_kikan154,extracted,2026-08-03,kikan/local版と一致;ev:ベクトル解析：赤字送電線番号60100が付いた線分から両方向に追跡し、最初に到達した母線／変電所記号,tier3,intra
82802054-9a43-4ceb-87db-8cffaf9d658b,60110,中部電力パワーグリッド,chubu,154,923e38c9-635c-4b6f-9dc3-aafda6e95b09,2d52544f-39d9-4458-93e3-43d6a714cfbf,,,,active,,,chubu-keitozu-chubu_kikan154,extracted,2026-08-03,交差検証版では 南豊田変電所=碧南変電所（不一致）;uncertain;ev:ベクトル解析：赤字送電線番号60110が付いた線分から両方向に追跡し、最初に到達した母線／変電所記号,tier3,intra
74f2942e-a2c9-40bb-9ed6-e8ff9f362189,四国中央西幹線（送電線No.1）,四国電力送配電,shikoku,500,71426a9c-9f11-42e8-9ac7-f59ab3c340ab,9e2a03af-4926-43e6-bab5-e4bc7c0b2737,2,,,active,,,shikoku-keitozu-shikoku_kikan,verified,2026-08-03,p3表は潮流方向「―」、設備容量・運用容量も「－」（備考◇＝第三者情報のため非公開）。端点は図面からの読み取り;uncertain;ev:p1図：〈1〉発電所の箱記号から◯2（川内変電所）へ500kV線幅の太線、線上に□1,tier1,intra
0ea741f5-e466-4eb8-a776-47c1c00ed819,四国中央中幹線（送電線No.2）,四国電力送配電,shikoku,500,9e2a03af-4926-43e6-bab5-e4bc7c0b2737,aaf95c05-3483-4eb0-b037-004a0e4ca01a,2,,,active,,,shikoku-keitozu-shikoku_kikan,extracted,2026-08-03,"運用容量制約要因＝安定度限界、6,580MW/2,060MW;ev:p3表 潮流方向「変2→変3」／p1図 □2が◯2-◯3間の500kV太線上",tier1,intra
438462e5-abf1-4fce-a0f7-1da92c254807,四国中央東幹線（送電線No.3）,四国電力送配電,shikoku,500,aaf95c05-3483-4eb0-b037-004a0e4ca01a,bbcd2d96-3b26-4980-9158-3ab3e48bf160,2,,,active,,,shikoku-keitozu-shikoku_kikan,extracted,2026-08-03,"安定度限界、6,580MW/2,060MW;ev:p3表 潮流方向「変3→変4」／p1図 □3",tier1,intra
f5e8d5c4-d9ad-4b3a-9c2d-b5f996c29193,阿波幹線（送電線No.4）,四国電力送配電,shikoku,500,dba87702-f006-45aa-9ac0-1231a7a0f85d,bbcd2d96-3b26-4980-9158-3ab3e48bf160,2,,,active,,,shikoku-keitozu-shikoku_kikan,extracted,2026-08-03,"安定度限界、6,580MW/2,530MW;ev:p3表 潮流方向「変5→変4」／p1図 □4",tier1,intra
dcf6dfbb-c443-4516-b51f-a3d116963413,南阿波幹線（送電線No.5）,四国電力送配電,shikoku,500,407d3f9d-9a70-4e5d-9920-243bf3956c81,dba87702-f006-45aa-9ac0-1231a7a0f85d,2,,,active,,,shikoku-keitozu-shikoku_kikan,extracted,2026-08-03,"安定度限界、6,580MW/2,530MW;ev:p3表 潮流方向「阿南変換所→変5」／p1図 □5",tier1,intra
474a5e11-716f-4a6f-9f33-d6662f78cb95,橘湾火力線（送電線No.6）,四国電力送配電,shikoku,500,c8ae6dd4-73cb-44e7-8e2d-464fb7f92595,407d3f9d-9a70-4e5d-9920-243bf3956c81,2,,,active,,,shikoku-keitozu-shikoku_kikan,extracted,2026-08-03,"熱容量、5,732MW/3,290MW;ev:p3表 潮流方向「<7>発電所→阿南変換所」／p1図 □6",tier1,intra
df26f45d-4f73-4cc5-8b0f-596329dfab07,伊方北幹線（送電線No.7）,四国電力送配電,shikoku,187,71426a9c-9f11-42e8-9ac7-f59ab3c340ab,9ebfe3cd-a644-4d62-823d-2a0883d38c94,2,,,active,,,shikoku-keitozu-shikoku_kikan,verified,2026-08-03,p3表は潮流方向「―」、容量欄すべて「－」（備考◇＝第三者情報のため非公開）。端点は図面からの読み取り;uncertain;ev:p1図：〈1〉発電所の箱記号から◯21（大洲変電所）へ2本の187kV線、線上に□7・□8,tier2,intra
4fb07910-f367-4e5d-8e1b-d05e18f49cab,伊方南幹線（送電線No.8）,四国電力送配電,shikoku,187,71426a9c-9f11-42e8-9ac7-f59ab3c340ab,9ebfe3cd-a644-4d62-823d-2a0883d38c94,2,,,active,,,shikoku-keitozu-shikoku_kikan,verified,2026-08-03,p3表は潮流方向「―」、容量欄すべて「－」（備考◇＝第三者情報のため非公開）。端点は図面からの読み取り;uncertain;ev:p1図：〈1〉発電所の箱記号から◯21（大洲変電所）へ2本の187kV線、線上に□7・□8,tier2,intra
dab1ad65-edb4-41a7-aaa9-ed13ed7db783,広見線（送電線No.9）,四国電力送配電,shikoku,187,22f2e320-18e6-447e-9423-f9047c95ff44,9ebfe3cd-a644-4d62-823d-2a0883d38c94,2,,,active,,,shikoku-keitozu-shikoku_kikan,extracted,2026-08-03,"1,116MW/638MW、N-1電制不可♯２（安定度制約）;ev:p3表 潮流方向「変22→変21」／p1図 □9",tier2,intra
a95bab4b-5473-4ea6-96be-82d42744c615,大洲北幹線（送電線No.10）,四国電力送配電,shikoku,187,9ebfe3cd-a644-4d62-823d-2a0883d38c94,9e2a03af-4926-43e6-bab5-e4bc7c0b2737,2,,,active,,,shikoku-keitozu-shikoku_kikan,extracted,2026-08-03,"設備容量1,116MW。運用容量値1,914MW・空容量774MWはNo.10とNo.11の結合セル（※２，３）;ev:p3表 潮流方向「変21→変2」／p1図 □10",tier2,intra
43f99900-6765-4028-b9a5-26fcbaac48b9,大洲南幹線（送電線No.11）,四国電力送配電,shikoku,187,9ebfe3cd-a644-4d62-823d-2a0883d38c94,9e2a03af-4926-43e6-bab5-e4bc7c0b2737,2,,,active,,,shikoku-keitozu-shikoku_kikan,extracted,2026-08-03,"設備容量1,116MW。運用容量値・空容量はNo.10と結合セル;ev:p3表 潮流方向「変21→変2」／p1図 □11",tier2,intra
995258b8-a8b0-4d8a-ba45-e62292fb3c45,松山幹線（送電線No.12）,四国電力送配電,shikoku,187,9e2a03af-4926-43e6-bab5-e4bc7c0b2737,dcfab5f1-ce77-4c01-b19c-507039ed7449,2,,,active,,,shikoku-keitozu-shikoku_kikan,extracted,2026-08-03,"1,420MW/808MW;ev:p3表 潮流方向「変2→変19」／p1図 □12",tier2,intra
a4950f93-2a73-4cb3-8663-36c81885fdd6,松山西線（送電線No.13）,四国電力送配電,shikoku,187,dcfab5f1-ce77-4c01-b19c-507039ed7449,81553dea-ac38-4f3d-9599-515d36f1c8bc,2,,,active,,,shikoku-keitozu-shikoku_kikan,extracted,2026-08-03,710MW/404MW;ev:p3表 潮流方向「変19→変20」／p1図 □13,tier2,intra
6b16e549-af39-45f6-bc63-c68fb1c701ca,松山東線（送電線No.15）,四国電力送配電,shikoku,187,68d536fc-a02f-4062-8fab-0d618902fb12,81553dea-ac38-4f3d-9599-515d36f1c8bc,2,,,active,,,shikoku-keitozu-shikoku_kikan,extracted,2026-08-03,906MW/494MW。送電線No.14は欠番（一覧表に行なし）;ev:p3表 潮流方向「変25→変20」／p1図 □15が◯20と◯25を結ぶ線上,tier2,intra
08001c9a-f3a9-4c4f-ba2d-cc9928784c73,川内幹線（送電線No.16）,四国電力送配電,shikoku,187,68d536fc-a02f-4062-8fab-0d618902fb12,9e2a03af-4926-43e6-bab5-e4bc7c0b2737,2,,,active,,,shikoku-keitozu-shikoku_kikan,extracted,2026-08-03,"1,384MW/790MW;ev:p3表 潮流方向「変25→変2」／p1図 □16",tier2,intra
31ade35e-d029-4399-b1d5-b1c3c2187fe2,西条火力線（送電線No.17）,四国電力送配電,shikoku,187,a7e2665e-34ad-490e-a0ad-d5a62eb28b63,68d536fc-a02f-4062-8fab-0d618902fb12,2,,,active,,,shikoku-keitozu-shikoku_kikan,extracted,2026-08-03,"1,638MW/963MW。平常時出力制御の可能性あり;ev:p3表 潮流方向「変24→変25」／p1図 □17（青色表記）",tier2,intra
4cf2aa1d-8ec7-47ec-ae2f-f3f144989607,壬生川線（送電線No.18）,四国電力送配電,shikoku,187,c90bdfbe-0e57-441e-98eb-ee6cd331cddb,a7e2665e-34ad-490e-a0ad-d5a62eb28b63,2,,,active,,,shikoku-keitozu-shikoku_kikan,extracted,2026-08-03,702MW/398MW。備考 基送17;ev:p3表 潮流方向「変23→変24」／p1図 □18（青色表記）,tier2,intra
10dc4998-e86f-4e2c-b0d0-916e965d8797,西条線（送電線No.19）,四国電力送配電,shikoku,187,68d536fc-a02f-4062-8fab-0d618902fb12,aaf95c05-3483-4eb0-b037-004a0e4ca01a,2,,,active,,,shikoku-keitozu-shikoku_kikan,extracted,2026-08-03,"1,660MW/948MW;ev:p3表 潮流方向「変25→変3」／p1図 □19",tier2,intra
8455e9ce-cb85-443d-9ebb-e67f1e9810ea,本川線（送電線No.20）,四国電力送配電,shikoku,187,aaf95c05-3483-4eb0-b037-004a0e4ca01a,d9f4e64f-6f90-45dc-9ad8-109c75543423,2,,,active,,,shikoku-keitozu-shikoku_kikan,extracted,2026-08-03,"1,420MW/760MW;ev:p3表 潮流方向「変3→変17」／p1図 □20が◯3と⊗17を結ぶ線上",tier2,intra
7193891d-afeb-44b7-97b7-5b98c339ed85,高知幹線（送電線No.21）,四国電力送配電,shikoku,187,5edbd1f1-a7f0-4590-93e7-f51cddfc5b9c,d9f4e64f-6f90-45dc-9ad8-109c75543423,2,,,active,,,shikoku-keitozu-shikoku_kikan,extracted,2026-08-03,"1,420MW/808MW;ev:p3表 潮流方向「変13→変17」／p1図 □21",tier2,intra
12036053-f5eb-4767-9535-b5eb711af4df,新改高知線（送電線No.22）,四国電力送配電,shikoku,187,024c2ec8-402d-4fb1-b0d9-a6495e903698,5edbd1f1-a7f0-4590-93e7-f51cddfc5b9c,2,,,active,,,shikoku-keitozu-shikoku_kikan,extracted,2026-08-03,710MW/404MW;ev:p3表 潮流方向「変14→変13」／p1図 □22,tier2,intra
27a9e784-7882-470b-8bc9-d31581051a5e,新改幹線（送電線No.23）,四国電力送配電,shikoku,187,024c2ec8-402d-4fb1-b0d9-a6495e903698,96093891-24ad-466f-b998-ba8811436fbc,2,,,active,,,shikoku-keitozu-shikoku_kikan,extracted,2026-08-03,448MW/412MW;ev:p3表 潮流方向「変14→変12」／p1図 □23,tier2,intra
9d9a8bdd-ece0-4559-bf54-48670a682044,三島西線（送電線No.24）,四国電力送配電,shikoku,187,aaf95c05-3483-4eb0-b037-004a0e4ca01a,28e51b01-a387-4267-905e-de50db6c5b67,2,,,active,,,shikoku-keitozu-shikoku_kikan,extracted,2026-08-03,"1,242MW/621MW;ev:p3表 潮流方向「変3→変26」／p1図 □24",tier2,intra
b9364bff-b501-43bd-be0a-e0110dbd65d1,三島東線（送電線No.25）,四国電力送配電,shikoku,187,28e51b01-a387-4267-905e-de50db6c5b67,96093891-24ad-466f-b998-ba8811436fbc,2,,,active,,,shikoku-keitozu-shikoku_kikan,extracted,2026-08-03,710MW/404MW;ev:p3表 潮流方向「変26→変12」／p1図 □25,tier2,intra
9608e010-95f3-45d1-8f50-7e5fa836dc1d,吉野川線（送電線No.26）,四国電力送配電,shikoku,187,96093891-24ad-466f-b998-ba8811436fbc,bbcd2d96-3b26-4980-9158-3ab3e48bf160,2,,,active,,,shikoku-keitozu-shikoku_kikan,extracted,2026-08-03,710MW/504MW;ev:p3表 潮流方向「変12→変4」／p1図 □26,tier2,intra
3f40b343-2b44-41f9-9490-85cfcff4d459,讃岐坂出線（送電線No.27）,四国電力送配電,shikoku,187,ac5b61af-24d2-406f-8f8b-b07ab417a159,bbcd2d96-3b26-4980-9158-3ab3e48bf160,2,,,active,,,shikoku-keitozu-shikoku_kikan,extracted,2026-08-03,"設備容量968MW。運用容量値1,224MW・空容量1,434MWはNo.27とNo.28の結合セル（※４）;ev:p3表 潮流方向「変31→変4」／p1図 □27（青色表記）",tier2,intra
6ce94243-2f34-4547-9014-754853aca7d8,坂出火力線（送電線No.28）,四国電力送配電,shikoku,187,ac5b61af-24d2-406f-8f8b-b07ab417a159,93d43e02-1432-4dd5-bcf6-b613f1841f75,2,,,active,,,shikoku-keitozu-shikoku_kikan,extracted,2026-08-03,設備容量968MW。運用容量値・空容量はNo.27と結合セル;ev:p3表 潮流方向「変31→変28」／p1図 □28（青色表記）,tier2,intra
67306b08-8ff1-4015-b29a-724881b47348,香川線（送電線No.29）,四国電力送配電,shikoku,187,bbcd2d96-3b26-4980-9158-3ab3e48bf160,93d43e02-1432-4dd5-bcf6-b613f1841f75,2,,,active,,,shikoku-keitozu-shikoku_kikan,extracted,2026-08-03,448MW/448MW、※４ループ系統考慮;ev:p3表 潮流方向「変4→変28」／p1図 □29,tier2,intra
9049d359-d8a6-42ab-897a-99e0e4e6f797,麻線（送電線No.30）,四国電力送配電,shikoku,187,bbcd2d96-3b26-4980-9158-3ab3e48bf160,ed64d8d5-ef75-4b94-953b-ec65b76fac22,2,,,active,,,shikoku-keitozu-shikoku_kikan,extracted,2026-08-03,"1,420MW/808MW;ev:p3表 潮流方向「変4→変30」／p1図 □30",tier2,intra
706eb720-98e7-4597-b031-baff1b34f194,高松線（送電線No.31）,四国電力送配電,shikoku,187,bbcd2d96-3b26-4980-9158-3ab3e48bf160,00e643d9-7248-4491-9089-92c8c615c8d5,4,,,active,,,shikoku-keitozu-shikoku_kikan,extracted,2026-08-03,"4回線。設備容量1,420MW・運用容量1,212MW（※２：1回線故障を考慮し3回線分）;ev:p3表 潮流方向「変4→変27」、回線数4／p1図 □31",tier2,intra
53adba13-59ce-4258-9a9f-888a899967a1,讃岐鳴門線（送電線No.32）,四国電力送配電,shikoku,187,bbcd2d96-3b26-4980-9158-3ab3e48bf160,6fc2b052-65f2-46be-8967-f2ea48aab349,2,,,active,,,shikoku-keitozu-shikoku_kikan,extracted,2026-08-03,"讃岐鳴門線は表上2区間に分割記載。2,232MW/1,276MW;ev:p3表 潮流方向「変4→送32 №69」（No.32の上段セル、回線数2）",tier2,intra
f9530e61-f44c-4f60-84b8-27e2a57e68cd,讃岐鳴門線（送電線No.32）,四国電力送配電,shikoku,187,6fc2b052-65f2-46be-8967-f2ea48aab349,967bca7f-265a-4712-a642-6c7a57eafc57,2,,,active,,,shikoku-keitozu-shikoku_kikan,extracted,2026-08-03,"讃岐鳴門線は表上2区間に分割記載。2,232MW/1,276MW;ev:p3表 潮流方向「送32 №69→変9」（No.32の下段セル、回線数2）",tier2,intra
fe3845f5-1e22-4fdd-9e93-b15ef21106c1,大川支線（送電線No.33）,四国電力送配電,shikoku,187,6fc2b052-65f2-46be-8967-f2ea48aab349,3f5ed9ce-981b-4086-96cd-fc28438a3ff7,2,,,active,,,shikoku-keitozu-shikoku_kikan,extracted,2026-08-03,"1,116MW/638MW;ev:p3表 潮流方向「送32 №69→変29」／p1図 □33が◯29への分岐線上",tier2,intra
120349c7-844d-46af-a0aa-b793ac962a52,阿波鳴門線（送電線No.34）,四国電力送配電,shikoku,187,dba87702-f006-45aa-9ac0-1231a7a0f85d,967bca7f-265a-4712-a642-6c7a57eafc57,2,,,active,,,shikoku-keitozu-shikoku_kikan,extracted,2026-08-03,"1,846MW/923MW;ev:p3表 潮流方向「変5→変9」／p1図 □34",tier2,intra
8bba9582-54ea-4567-a8eb-e5e88e184813,阿波国府線（送電線No.35）,四国電力送配電,shikoku,187,0f38b826-71bc-4d1d-9593-809f66f9cdb3,dba87702-f006-45aa-9ac0-1231a7a0f85d,2,,,active,,,shikoku-keitozu-shikoku_kikan,extracted,2026-08-03,"1,846MW/923MW;ev:p3表 潮流方向「変8→変5」／p1図 □35",tier2,intra
35b8175e-e625-486f-8489-4fca7ff16fff,蔭平線（送電線No.36）,四国電力送配電,shikoku,187,fc0bd428-a6c6-415d-8a2e-68705bb1e4f8,0f38b826-71bc-4d1d-9593-809f66f9cdb3,1,,,active,,,shikoku-keitozu-shikoku_kikan,extracted,2026-08-03,1回線224MW。N-1電制不可♯3（1回線送電線）;ev:p3表 潮流方向「変11→変8」、回線数1／p1図 □36,tier2,intra
d9eb36cc-d038-4f0a-9a1c-3668e2e34d31,阿南火力線（送電線No.37）,四国電力送配電,shikoku,187,0f38b826-71bc-4d1d-9593-809f66f9cdb3,41fcda93-e91f-4f82-a106-6ec39a5632bb,2,,,active,,,shikoku-keitozu-shikoku_kikan,extracted,2026-08-03,設備容量896MW。運用容量値877MW・空容量-257MWはNo.37とNo.38の結合セル（※４）;ev:p3表 潮流方向「変8→変10」／p1図 □37,tier2,intra
c2fe992f-51ae-4e99-ad7a-ac8d32be54f6,阿南幹線（送電線No.38）,四国電力送配電,shikoku,187,96093891-24ad-466f-b998-ba8811436fbc,41fcda93-e91f-4f82-a106-6ec39a5632bb,2,,,active,,,shikoku-keitozu-shikoku_kikan,extracted,2026-08-03,設備容量710MW。運用容量値・空容量はNo.37と結合セル;ev:p3表 潮流方向「変12→変10」／p1図 □38,tier2,intra
9f526709-7179-4184-b16f-d1e859a54430,長山線（送電線No.39）,四国電力送配電,shikoku,187,024c2ec8-402d-4fb1-b0d9-a6495e903698,039b7680-792a-46fb-811c-dc2fba82109f,1,,,active,,,shikoku-keitozu-shikoku_kikan,extracted,2026-08-03,起点は新改変電所と同一電気所番号14の「新改開閉所」。1回線171MW。p1図では一点鎖線（凡例：他社設備）で描画;ev:p3表 潮流方向「新改開閉所（変14）→送39 №1」（No.39の下段セル、回線数1）,tier2,intra
1d084239-73b2-44cd-b6d9-e84159b32efd,長山線（送電線No.39）,四国電力送配電,shikoku,187,039b7680-792a-46fb-811c-dc2fba82109f,879dcb72-ef07-4954-b3f5-8ddd1258c7e7,1,,,active,,,shikoku-keitozu-shikoku_kikan,extracted,2026-08-03,1回線171MW;ev:p3表 潮流方向「送39 №1→<16>発電所」（No.39の上段セル、回線数1）,tier2,intra
cd7bd667-4c6c-4cf6-b119-a473fcd6a26c,伊新線（新改）（送電線No.40）,四国電力送配電,shikoku,187,830e035d-b2f7-467d-b7ec-f77aa9087228,024c2ec8-402d-4fb1-b0d9-a6495e903698,1,,,active,,,shikoku-keitozu-shikoku_kikan,extracted,2026-08-03,1回線224MW。終点は電気所番号14の「新改開閉所」表記。p1図では一点鎖線（凡例：他社設備）;ev:p3表 潮流方向「<18>発電所→新改開閉所（変14）」／p1図 □40が〈18〉と◯14の間,tier2,intra
c932612b-36cd-4f82-98b6-ddab4d067631,伊新線（伊予）（送電線No.41）,四国電力送配電,shikoku,187,830e035d-b2f7-467d-b7ec-f77aa9087228,68d536fc-a02f-4062-8fab-0d618902fb12,1,,,active,,,shikoku-keitozu-shikoku_kikan,extracted,2026-08-03,1回線224MW。表の端点名は「伊予開閉所」だが電気所番号25はp4表で西条変電所。図でも線は◯25に着線（open_points参照）;ev:p3表 潮流方向「<18>発電所→伊予開閉所（変25）」／p1図 □41が〈18〉と◯25（西条）の間の一点鎖線上,tier2,intra
e77579ba-df23-4f68-bb84-a4a07702e708,奈半利川支線（送電線No.42）,四国電力送配電,shikoku,187,039b7680-792a-46fb-811c-dc2fba82109f,044a80be-922c-4827-81f9-efc2d44eada6,2,,,active,,,shikoku-keitozu-shikoku_kikan,extracted,2026-08-03,448MW/224MW;ev:p3表 潮流方向「送39 №1→変15」／p1図 □42が◯15への線上,tier2,intra
50925dc1-bd57-463b-9ce0-229ace4f1423,基L1,中国電力ネットワーク,chugoku,500,369aa4ca-97d0-4152-9558-0e2521a111cd,b1844783-577b-45d0-8156-8c2182ffe5a7,,,,active,,,chugoku-keitozu-chugoku_kikan,extracted,2026-08-03,ev:太線（凡例50万V）。基S1から北東へ一直線に基S23の円へ着線。ラベル基L1は線の中間上側,tier1,intra
e9f764c3-4b38-4f5d-a8c3-eb174db506a0,基L2,中国電力ネットワーク,chugoku,500,b1844783-577b-45d0-8156-8c2182ffe5a7,40edfd6e-c5a4-45bc-9bb1-3d9bda1721dd,,,,active,,,chugoku-keitozu-chugoku_kikan,extracted,2026-08-03,ev:太線。基S23から北東へ基S26まで連続。途中で220kV基L38線と交差するのみ（接続なし）,tier1,intra
8a6df5c8-8608-4ed1-a5df-48e0cccf722d,基L3,中国電力ネットワーク,chugoku,500,40edfd6e-c5a4-45bc-9bb1-3d9bda1721dd,cdf9dff0-9c99-4333-9769-c11317146470,,,,active,,,chugoku-keitozu-chugoku_kikan,extracted,2026-08-03,ev:太線。基S26から東へ基S27の円へ着線,tier1,intra
b726245f-23fe-4549-ae4a-6f7c74e66956,基L4,中国電力ネットワーク,chugoku,500,369aa4ca-97d0-4152-9558-0e2521a111cd,a3c60a8e-9cd4-4c3e-b8a1-ba585a7d43e2,,,,active,,,chugoku-keitozu-chugoku_kikan,extracted,2026-08-03,ev:太線。基S1から東へ基S2の円へ着線。基L1より南側を走る,tier1,intra
dc776406-44a3-451b-bc4c-f696dcf827ab,基L5,中国電力ネットワーク,chugoku,500,a3c60a8e-9cd4-4c3e-b8a1-ba585a7d43e2,531dd3eb-2415-48be-935a-e0ea2040d283,,,,active,,,chugoku-keitozu-chugoku_kikan,extracted,2026-08-03,ev:太線。基S2から北東へ基S10の円へ着線,tier1,intra
90c12e8a-674d-434b-aa57-455fb0fa4b04,基L6,中国電力ネットワーク,chugoku,500,b1844783-577b-45d0-8156-8c2182ffe5a7,531dd3eb-2415-48be-935a-e0ea2040d283,,,,active,,,chugoku-keitozu-chugoku_kikan,extracted,2026-08-03,ev:太線。基S23から南へ折れながら基S10へ,tier1,intra
fa8e7e73-2fbd-4f3c-8a81-978b7ca88fa8,基L7,中国電力ネットワーク,chugoku,500,531dd3eb-2415-48be-935a-e0ea2040d283,d65eb499-3d40-4e39-92f5-8fb8e6db3ee6,,,,active,,,chugoku-keitozu-chugoku_kikan,extracted,2026-08-03,ev:太線。基S10から東へ基S11の円へ着線。途中で220kV基L24と交差（接続なし）,tier1,intra
ba03ea49-60b4-444c-b8de-18ea803e69cc,基L8,中国電力ネットワーク,chugoku,500,d65eb499-3d40-4e39-92f5-8fb8e6db3ee6,00164373-2f0b-4d08-b17b-d3ae1f4d390e,,,,active,,,chugoku-keitozu-chugoku_kikan,extracted,2026-08-03,ev:太線。基S11から北東へ基S17の円へ着線,tier1,intra
4e943357-bf6d-4c0c-993f-9ef3cf14cd99,基L9,中国電力ネットワーク,chugoku,500,00164373-2f0b-4d08-b17b-d3ae1f4d390e,5b90df00-f003-4b2e-97b7-1d9bae411cd2,,,,active,,,chugoku-keitozu-chugoku_kikan,extracted,2026-08-03,ev:太線。基S17から東へ基S21の円へ着線,tier1,intra
2a47cb90-24f0-43be-a23c-8765d12a330c,基L10,中国電力ネットワーク,chugoku,500,1e9ca48c-09e9-43df-807f-cf2fb583b632,40edfd6e-c5a4-45bc-9bb1-3d9bda1721dd,,,,active,,,chugoku-keitozu-chugoku_kikan,extracted,2026-08-03,基S25は本回廊沿いに位置する。基S24〜基S25間は太線2条が併走（うち1条が本線、他1条は無番号）;ev:太線。基S24から南下し基S25の脇を通って南東へ基S26まで連続,tier1,intra
e7d89f40-b62f-4ab4-90d0-9e1d0ccdb51a,基L11,中国電力ネットワーク,chugoku,500,40edfd6e-c5a4-45bc-9bb1-3d9bda1721dd,00164373-2f0b-4d08-b17b-d3ae1f4d390e,,,,active,,,chugoku-keitozu-chugoku_kikan,extracted,2026-08-03,ev:太線。基S26から真南に下って基S17の円へ着線,tier1,intra
7c2ef90e-d866-4b66-86e1-8e18c3ddcc38,基L46,中国電力ネットワーク,chugoku,500,1f10f09f-d059-405a-b680-f51b15cfb2eb,1e9ca48c-09e9-43df-807f-cf2fb583b632,,,,active,,,chugoku-keitozu-chugoku_kikan,extracted,2026-08-03,対向端は名称記載のない発電所;ev:太線。□発電所記号から基S24の円へ。ラベルは太字＝50万V,tier1,intra
792d65d9-77ab-4c35-870c-72005a34c778,,中国電力ネットワーク,chugoku,220,1e9ca48c-09e9-43df-807f-cf2fb583b632,12d41056-9ce5-4ea5-8693-7787952dbfed,,,,active,,,chugoku-keitozu-chugoku_kikan,extracted,2026-08-03,無番号。欠番の基L42〜基L45等のいずれかの可能性があるが図から確定不可;uncertain;ev:基S24と基S25の間は太線が2条併走。うち1条は基L10として基S26まで続くが、もう1条は基S25で終端しており線番号ラベルが図中に無い,tier2,intra
1c6d9ebe-21bc-4c83-b17f-fa61c95c153e,基L12,中国電力ネットワーク,chugoku,220,369aa4ca-97d0-4152-9558-0e2521a111cd,e7bb9e3c-8423-45c1-8606-52037a3db0a9,,,,active,,,chugoku-keitozu-chugoku_kikan,extracted,2026-08-03,ev:細線。基S1から南東へ基L13と併走し、基S3の円には触れずに内側（南西側）を通過して基S6まで連続。ラベル基L12は内側の線に付く,tier2,intra
da269beb-9b2a-4a5b-9572-6f423cf05709,基L13,中国電力ネットワーク,chugoku,220,369aa4ca-97d0-4152-9558-0e2521a111cd,95b2fed2-f880-4289-ab97-4e82404c09ee,,,,active,,,chugoku-keitozu-chugoku_kikan,extracted,2026-08-03,ev:細線。基S1から南東へ、外側（北東側）を走って基S3の円で終端。ラベル基L13は外側の線に付く,tier2,intra
2ca52bde-d6e4-409d-9b35-e612e2c59d93,基L14,中国電力ネットワーク,chugoku,220,95b2fed2-f880-4289-ab97-4e82404c09ee,e7bb9e3c-8423-45c1-8606-52037a3db0a9,,,,active,,,chugoku-keitozu-chugoku_kikan,extracted,2026-08-03,ev:細線。基S3から南西へ、基L12と併走して基S6へ。灰色矢印付きラベルが当該区間を指す,tier2,intra
da47809a-4ae4-4b14-ae0d-2596ab8e876e,基L15,中国電力ネットワーク,chugoku,220,95b2fed2-f880-4289-ab97-4e82404c09ee,933fc9f3-b80f-4db5-9704-89907e1f615e,,,,active,,,chugoku-keitozu-chugoku_kikan,extracted,2026-08-03,基S4は本線上のT分岐で接続;ev:細線。基S3から東へ連続し基S5の円へ着線。途中に基S4へのT分岐（基L16）あり,tier2,intra
84aad143-d62c-49b6-91d7-b65fe3408ee1,基L16,中国電力ネットワーク,chugoku,220,ddd61753-6286-48de-9c70-3a2b7b8773b3,95b2fed2-f880-4289-ab97-4e82404c09ee,,,,active,,,chugoku-keitozu-chugoku_kikan,extracted,2026-08-03,相手端は基L15上の分岐点であり基S3と直結ではない。分岐点は基S3寄り（水平距離で基S3まで約50pt、基S5まで約63pt）;uncertain;ev:灰色矢印付きラベルが、基L15幹線から基S4の円へ下りる短い引下線を指す,tier2,intra
9b3c73ad-ba24-424b-84f6-9827c9ea72a1,基L17,中国電力ネットワーク,chugoku,220,a3c60a8e-9cd4-4c3e-b8a1-ba585a7d43e2,933fc9f3-b80f-4db5-9704-89907e1f615e,,,,active,,,chugoku-keitozu-chugoku_kikan,extracted,2026-08-03,ev:細線。灰色矢印付きラベルが基S2と基S5を結ぶ短い縦線を指す,tier2,intra
0ed89158-d0e4-4cdb-9d69-5bf3877903d6,基L19,中国電力ネットワーク,chugoku,220,933fc9f3-b80f-4db5-9704-89907e1f615e,2315573a-00cd-43eb-8991-32c8cc465351,,,,active,,,chugoku-keitozu-chugoku_kikan,extracted,2026-08-03,ev:細線。基S5から東へ出て南東に下り基S8の円へ着線。ラベルは基S8手前の区間上,tier2,intra
00c9a323-a249-4818-8532-079a82fb2adb,基L21,中国電力ネットワーク,chugoku,220,531dd3eb-2415-48be-935a-e0ea2040d283,0c07712c-b4be-418e-9b67-d53663a7b1c4,,,,active,,,chugoku-keitozu-chugoku_kikan,extracted,2026-08-03,ev:細線。500kV基L5の東側を併走して基S10方向から南西へ下り、基S9の円で終端,tier2,intra
5dceb6b4-0b3b-4433-8fb2-f97d44a6b807,基L22,中国電力ネットワーク,chugoku,220,531dd3eb-2415-48be-935a-e0ea2040d283,5ed3548c-4093-4060-bd01-baca7f4d1d43,,,,active,,,chugoku-keitozu-chugoku_kikan,extracted,2026-08-03,基S10からは基S13行きと基S12行きの2本が出ており、ラベルの帰属は距離判定による;uncertain;ev:細線。基S10から北東へ基S13へ向かう線。ラベル基L22の垂線距離は基S10–基S13線に対して約11.7pt、基S10–基S12線に対して約18.7ptで前者が近い,tier2,intra
d72323b8-4b0e-47c6-8f65-874dd1ef1682,基L23,中国電力ネットワーク,chugoku,220,39f746c4-4561-4342-a58e-e8a4122a8fa3,5ed3548c-4093-4060-bd01-baca7f4d1d43,,,,active,,,chugoku-keitozu-chugoku_kikan,extracted,2026-08-03,"基S12の灰色矢印は基S12ラベルの引出線であって基L23のものではないことを高倍率切出で確認;uncertain;ev:細線。基S12から北東へ基S13へ。回転ラベル基L23が基S12→基S13方向に沿って置かれている | 相手端は基L22(基S10-基S13)線上のT分岐点(432.84,351.21)であり基S13と直結ではない。i109北端は基S13中心から8.3pt・i73上から0.13pt",tier2,intra
0fb9b23c-172b-49df-a83e-c4297a27d3e2,,中国電力ネットワーク,chugoku,220,531dd3eb-2415-48be-935a-e0ea2040d283,39f746c4-4561-4342-a58e-e8a4122a8fa3,,,,closed,,2026-08-03,chugoku-keitozu-chugoku_kikan,extracted,2026-08-03,無番号。欠番の基L18/基L20/基L36/基L42〜基L45のいずれかの可能性があるが図から確定不可;uncertain;ev:細線。基S10から東へ下って基S12の円へ着線。図中に線番号ラベルが見当たらない | closed per chugoku_verdicts.csv#route-null_220kV_基S10-基S12,tier2,intra
f0c8a567-de45-4eef-b585-efa8adf35f19,基L24,中国電力ネットワーク,chugoku,220,5fe07e97-2948-4fb8-af84-fa906d692b51,5ed3548c-4093-4060-bd01-baca7f4d1d43,,,,active,,,chugoku-keitozu-chugoku_kikan,extracted,2026-08-03,北端は名称記載のない開閉所;ev:細線。⊗（無名開閉所A）から南へ下り、500kV基L7と交差（接続なし）した後、基S13の円へ着線。途中に基L49のT分岐あり,tier2,intra
64ee88c1-40db-4ae9-b65d-b582e46d5e3d,基L25,中国電力ネットワーク,chugoku,220,5fe07e97-2948-4fb8-af84-fa906d692b51,376c2ef2-0714-4c13-b236-6543c8a14c52,,,,active,,,chugoku-keitozu-chugoku_kikan,extracted,2026-08-03,ev:細線。灰色矢印付きラベルが⊗から東へ基S14の円へ延びる短い線を指す,tier2,intra
e074555f-6d19-4732-8c00-a92ccb9bd9de,基L26,中国電力ネットワーク,chugoku,220,5ed3548c-4093-4060-bd01-baca7f4d1d43,d65eb499-3d40-4e39-92f5-8fb8e6db3ee6,,,,active,,,chugoku-keitozu-chugoku_kikan,extracted,2026-08-03,ev:細線。基S13から北東へ基S11の円へ着線,tier2,intra
ce375397-12d8-4f41-aa8a-e03a68786468,基L27,中国電力ネットワーク,chugoku,220,5ed3548c-4093-4060-bd01-baca7f4d1d43,1af49215-b47c-418c-878b-812c2fe410b6,,,,active,,,chugoku-keitozu-chugoku_kikan,extracted,2026-08-03,ev:細線。基S13から南東へ下って基S15の円へ着線,tier2,intra
da057cd4-a89a-48d9-ba92-ca62feaa67c8,基L29,中国電力ネットワーク,chugoku,220,d65eb499-3d40-4e39-92f5-8fb8e6db3ee6,7e2e9e2e-e992-420e-a0a6-d406c759b7fa,,,,active,,,chugoku-keitozu-chugoku_kikan,extracted,2026-08-03,途中に無番号の⊗開閉所が1箇所（基S11寄り）と無名開閉所D（基L30分岐）があり、無名開閉所Dの直西に×系統切箇所。ラベルがどの区間を指すかは断定できないため経路全体を1本として採録;uncertain;ev:細線。基S11から東へほぼ水平に走り、⊗2箇所を経て無名開閉所Cに至る。ラベル基L29は無名開閉所D付近の上側,tier2,intra
312aeb38-53bb-413b-b61e-1b5223ed9d82,基L30,中国電力ネットワーク,chugoku,220,c6674fce-7cca-435b-86b2-fa7d257197ee,bc1b9128-8710-4e07-980f-41d37a75e332,,,,active,,,chugoku-keitozu-chugoku_kikan,extracted,2026-08-03,ev:細線。⊗から南へ下って基S18の円へ着線,tier2,intra
66b387b6-c9a0-463e-9d14-02a15499a1c3,基L31,中国電力ネットワーク,chugoku,220,00164373-2f0b-4d08-b17b-d3ae1f4d390e,7e2e9e2e-e992-420e-a0a6-d406c759b7fa,,,,active,,,chugoku-keitozu-chugoku_kikan,extracted,2026-08-03,基L31と基L32のどちらが西側/東側の条かは併走が密で断定困難;uncertain;ev:細線。基S17から南へ、基L32と2条併走して⊗へ。ラベル基L31は西側（内側）の線に付く,tier2,intra
a13455c1-6e11-46e6-8513-0b1f2060cbb3,基L32,中国電力ネットワーク,chugoku,220,00164373-2f0b-4d08-b17b-d3ae1f4d390e,7e2e9e2e-e992-420e-a0a6-d406c759b7fa,,,,active,,,chugoku-keitozu-chugoku_kikan,extracted,2026-08-03,基L31と同一区間の併走線;uncertain;ev:細線。基S17から南へ、基L31と2条併走して⊗へ。ラベル基L32は東側（外側）の線に付く,tier2,intra
0ea7fbdf-9b1d-4b11-9836-7677998da038,基L33,中国電力ネットワーク,chugoku,220,7e2e9e2e-e992-420e-a0a6-d406c759b7fa,6b3046ef-31eb-48b8-89ac-5db630aa809b,,,,active,,,chugoku-keitozu-chugoku_kikan,extracted,2026-08-03,ev:細線。⊗から南東へ下って基S19の円へ着線,tier2,intra
e30f2e0c-a3c9-4105-9c18-3932a5d4f845,基L34,中国電力ネットワーク,chugoku,220,00164373-2f0b-4d08-b17b-d3ae1f4d390e,7488be46-a9ed-4bdd-b588-64d60990bc26,,,,active,,,chugoku-keitozu-chugoku_kikan,extracted,2026-08-03,ev:細線。基S17から南東へ出て東へ折れ、基L35・基S20支線が分かれるT分岐点まで,tier2,intra
af72db28-06b8-44ac-a73e-9b190fa91c01,基L35,中国電力ネットワーク,chugoku,220,7488be46-a9ed-4bdd-b588-64d60990bc26,90f60dd0-0baf-4763-931e-c56e1b73c89e,,,,active,,,chugoku-keitozu-chugoku_kikan,extracted,2026-08-03,ev:細線。T分岐点から東へ基S22の円へ着線,tier2,intra
78802d7a-decd-4f65-b460-e3bf33ab332f,,中国電力ネットワーク,chugoku,220,7488be46-a9ed-4bdd-b588-64d60990bc26,dc700536-0865-4283-86d1-2c02cb56c524,,,,active,,,chugoku-keitozu-chugoku_kikan,extracted,2026-08-03,無番号・2条併走。欠番の基L36等の可能性があるが図から確定不可;uncertain;ev:細線2条が併走してT分岐点から南東へ下り基S20の円へ着線。図中に線番号ラベルが無い,tier2,intra
5aec330c-fd45-4ea5-aacb-e12f2f8b9b1b,基L37,中国電力ネットワーク,chugoku,220,90f60dd0-0baf-4763-931e-c56e1b73c89e,5b90df00-f003-4b2e-97b7-1d9bae411cd2,,,,active,,,chugoku-keitozu-chugoku_kikan,extracted,2026-08-03,ev:細線。基S22から北へ上って基S21の円へ着線,tier2,intra
5d86e1f5-f53a-4329-8259-296a16ebe53a,基L38,中国電力ネットワーク,chugoku,220,12d41056-9ce5-4ea5-8693-7787952dbfed,5fe07e97-2948-4fb8-af84-fa906d692b51,,,,active,,,chugoku-keitozu-chugoku_kikan,extracted,2026-08-03,基L38ラベル・基S25ラベルはいずれも引出線付き（高倍率切出で確認、×記号ではない）;ev:細線。基S25から南西へ長く延び、500kV基L2と交差（接続なし）した後、⊗（無名開閉所A）へ着く。⊗の直北に×系統切箇所,tier2,intra
27884f1f-ccb0-488d-8700-6a5134da76aa,基L39,中国電力ネットワーク,chugoku,220,40edfd6e-c5a4-45bc-9bb1-3d9bda1721dd,e66e6781-5914-4f4d-bc23-0815aa38c4e1,,,,active,,,chugoku-keitozu-chugoku_kikan,extracted,2026-08-03,ev:細線。基S26から東へ、□発電所を伴う⊗まで,tier2,intra
22d7ea88-0672-421f-97c1-9ca231678112,基L40,中国電力ネットワーク,chugoku,220,e66e6781-5914-4f4d-bc23-0815aa38c4e1,ea02fac6-5d9d-4217-a2c4-744923fcf402,,,,active,,,chugoku-keitozu-chugoku_kikan,extracted,2026-08-03,ev:細線。⊗から東へ進み北東に折れて基S28の円へ着線,tier2,intra
17d99482-a405-40ff-ae23-eab435515a69,基L41,中国電力ネットワーク,chugoku,220,ea02fac6-5d9d-4217-a2c4-744923fcf402,cdf9dff0-9c99-4333-9769-c11317146470,,,,active,,,chugoku-keitozu-chugoku_kikan,extracted,2026-08-03,ev:細線。基S28から南へ下って基S27の円へ着線,tier2,intra
64bc831b-2274-49f8-b643-14a964f8c624,基L47,中国電力ネットワーク,chugoku,220,1f10f09f-d059-405a-b680-f51b15cfb2eb,1e9ca48c-09e9-43df-807f-cf2fb583b632,,,,active,,,chugoku-keitozu-chugoku_kikan,extracted,2026-08-03,ラベル位置が発電所の北東側にあり、別方向の線を指す可能性も否定できない;uncertain;ev:□発電所と基S24の間には太線（基L46）とやや細い線の2条があり、細い方に基L47ラベル（細字＝22万V）が対応すると判断,tier2,intra
f052dca9-1975-44c6-a465-3c1987864b5f,基L48,中国電力ネットワーク,chugoku,220,00164373-2f0b-4d08-b17b-d3ae1f4d390e,5cbee257-008b-4d4d-8987-f42c4e95fb8b,,,,active,,,chugoku-keitozu-chugoku_kikan,extracted,2026-08-03,ev:灰色矢印付きラベルが基S17と□発電所を結ぶ短い線を指す,tier2,intra
7d694b5c-c559-45db-b448-06605f174f78,基L49,中国電力ネットワーク,chugoku,220,97d3443a-1ca0-42e4-8f88-2eec6b31cb14,5ed3548c-4093-4060-bd01-baca7f4d1d43,,,,active,,,chugoku-keitozu-chugoku_kikan,extracted,2026-08-03,相手端は基L24上のT分岐点であり基S13と直結ではない;uncertain;ev:灰色矢印付きラベルが□発電所から東の基L24線へ延びる短い線を指す,tier2,intra
c66c8486-11ab-43d7-ba05-b6ff917dcadf,基L50,中国電力ネットワーク,chugoku,220,555a4efb-bd7c-4bb7-bfbb-59cb5da40c0f,b1844783-577b-45d0-8156-8c2182ffe5a7,,,,active,,,chugoku-keitozu-chugoku_kikan,extracted,2026-08-03,ev:細線。□発電所から南東へ基S23の円へ着線,tier2,intra
61c54a00-b978-43d6-8223-282b289109cd,基L51,中国電力ネットワーク,chugoku,220,1af49215-b47c-418c-878b-812c2fe410b6,2ab25c20-b3de-4322-9a3a-ef9ee07f94c3,,,,active,,,chugoku-keitozu-chugoku_kikan,extracted,2026-08-03,基L51/基L52のラベル帰属は位置関係からの判断で、入替の可能性を排除できない;uncertain;ev:細線。基S15から東へ、途中でT分岐（基L52）を分けたのち□基S16へ着線。ラベル基L51の垂線距離は東行き区間に対して約7pt,tier2,intra
53bed1a7-3a89-4619-b4ad-f4e493f9bd88,基L52,中国電力ネットワーク,chugoku,220,2ab25c20-b3de-4322-9a3a-ef9ee07f94c3,25121c2b-3287-488c-9426-8ff1ee1b139d,,,,closed,,2026-08-03,chugoku-keitozu-chugoku_kikan,extracted,2026-08-03,相手端は基L51上の分岐点であり基S16と直結ではない。分岐点は基S16寄り（水平距離で基S16まで約26pt、基S15まで約32pt）;uncertain;ev:細線。基L51からT分岐して南東へ下り⊗（発電所併設）へ。ラベル基L52は⊗の南西 | closed per chugoku_verdicts.csv#基L52(unresolvable)+协调方裁定,tier2,intra
c6c06c96-2aed-43bf-b3f1-044304092f4a,(1),沖縄電力,okinawa,132,c1b2b226-dc72-4278-ab12-ab309baee63d,81f2b1cd-779b-4590-a009-3334dc385067,,,,active,,,okinawa-keitozu-okinawa_all,extracted,2026-08-03,"架空;ev:線番ラベルから最近傍の線分を選び、同電圧の最直進継続で追跡(1区間, ラベル-線距離3.4pt)；同一線番のラベルが図中2箇所（主図と拡大図の重複を含む）→1本に統合",tier1,intra
068619cc-4741-4c4e-9516-b1b54f9f1b8a,(3),沖縄電力,okinawa,66,99e161e1-48fe-47f5-b9c3-9a3aeb784a9f,7f5ddb16-7602-4295-9207-41367e1c834d,,,,active,,,okinawa-keitozu-okinawa_all,extracted,2026-08-03,"地中;ev:線番ラベルから最近傍の線分を選び、同電圧の最直進継続で追跡(1区間, ラベル-線距離0.7pt)",tier2,intra
e1dff589-8b64-48be-bf33-311262de7dd1,(4),沖縄電力,okinawa,132,03b5ccbe-a53d-4dc3-a3da-7a729b3ebdfc,7f5ddb16-7602-4295-9207-41367e1c834d,,,,active,,,okinawa-keitozu-okinawa_all,extracted,2026-08-03,"地中;uncertain;ev:線が記号の14.5pt手前で途切れているため最近傍の記号に接続（作図上の隙間）；線番ラベルから最近傍の線分を選び、同電圧の最直進継続で追跡(2区間, ラベル-線距離3.8pt)",tier1,intra
ae49533e-2c2a-48b7-9eb8-7322274e9f86,(5),沖縄電力,okinawa,132,0373b1f6-9078-46dd-b312-7812d84e0095,cfab3170-038e-43a4-9e32-0e9f19dc2665,,,,active,,,okinawa-keitozu-okinawa_all,extracted,2026-08-03,"架空;ev:線番ラベルから最近傍の線分を選び、同電圧の最直進継続で追跡(2区間, ラベル-線距離0.7pt)",tier1,intra
5610ee26-6d6e-4a4a-ac9f-91533c9e3414,(6),沖縄電力,okinawa,132,f2a5c43f-5606-42c0-a244-57e7f6a0c27f,0373b1f6-9078-46dd-b312-7812d84e0095,,,,active,,,okinawa-keitozu-okinawa_all,extracted,2026-08-03,"部分地中(3/8区間が破線)。分岐点を通過する長い追跡のため端点は要確認;uncertain;ev:線番ラベルから最近傍の線分を選び、同電圧の最直進継続で追跡(8区間, ラベル-線距離3.4pt)；同一線番のラベルが図中2箇所（主図と拡大図の重複を含む）→1本に統合",tier1,intra
d0604a12-1d95-4ab2-8505-40c788bacb06,(7),沖縄電力,okinawa,132,cfab3170-038e-43a4-9e32-0e9f19dc2665,d7c74336-8ea6-4fb5-93ce-fe93f645c7dc,,,,active,,,okinawa-keitozu-okinawa_all,extracted,2026-08-03,"架空;ev:線番ラベルから最近傍の線分を選び、同電圧の最直進継続で追跡(3区間, ラベル-線距離3.1pt)",tier1,intra
4d5f6bb4-4aff-436f-a8dc-13daacf93d9a,(8),沖縄電力,okinawa,132,18ba3445-8b6b-4736-9f52-f1dd94b0123e,59853ee3-64f9-4a71-9400-b74a66775a95,,,,active,,,okinawa-keitozu-okinawa_all,extracted,2026-08-03,"架空;ev:線番ラベルから最近傍の線分を選び、同電圧の最直進継続で追跡(2区間, ラベル-線距離4.2pt)",tier1,intra
7a8b5ff2-1c69-44d5-99c5-26b38959506e,(9),沖縄電力,okinawa,132,59853ee3-64f9-4a71-9400-b74a66775a95,a153d9d6-a133-4a16-8524-7c56952b6c9c,,,,active,,,okinawa-keitozu-okinawa_all,extracted,2026-08-03,"架空;uncertain;ev:線が記号の12.5pt手前で途切れているため最近傍の記号に接続（作図上の隙間）；線番ラベルから最近傍の線分を選び、同電圧の最直進継続で追跡(4区間, ラベル-線距離3.0pt)；同一線番のラベルが図中2箇所（主図と拡大図の重複を含む）→1本に統合",tier1,intra
e6755fc8-040c-44bc-8c13-c6e31f3753d6,(11),沖縄電力,okinawa,132,6d905672-793c-419d-86fd-57d163ab5911,d45d1f2f-0303-4923-a8f0-091244403f6e,,,,active,,,okinawa-keitozu-okinawa_all,extracted,2026-08-03,"架空;ev:線番ラベルから最近傍の線分を選び、同電圧の最直進継続で追跡(5区間, ラベル-線距離4.8pt)；同一線番のラベルが図中2箇所（主図と拡大図の重複を含む）→1本に統合",tier1,intra
5a9864c4-fe9f-4bbc-a78d-7f2b0614e30f,(12),沖縄電力,okinawa,132,1080144d-2342-41b3-9461-49dbbc5b94ab,d45d1f2f-0303-4923-a8f0-091244403f6e,,,,active,,,okinawa-keitozu-okinawa_all,extracted,2026-08-03,"架空;ev:線番ラベルから最近傍の線分を選び、同電圧の最直進継続で追跡(6区間, ラベル-線距離3.2pt)",tier1,intra
fd48303b-491e-4f6d-b8e5-6073ebd65a02,(13),沖縄電力,okinawa,132,6d905672-793c-419d-86fd-57d163ab5911,d45d1f2f-0303-4923-a8f0-091244403f6e,,,,active,,,okinawa-keitozu-okinawa_all,extracted,2026-08-03,"架空;uncertain;ev:線番ラベルから最近傍の線分を選び、同電圧の最直進継続で追跡(5区間, ラベル-線距離10.2pt)",tier1,intra
80f15a8e-30c7-4afb-aa44-d03f260153fb,(14),沖縄電力,okinawa,132,9be57449-5687-40df-986e-9a996327f5cd,6d905672-793c-419d-86fd-57d163ab5911,,,,active,,,okinawa-keitozu-okinawa_all,extracted,2026-08-03,"架空;ev:線番ラベルから最近傍の線分を選び、同電圧の最直進継続で追跡(1区間, ラベル-線距離2.9pt)；同一線番のラベルが図中2箇所（主図と拡大図の重複を含む）→1本に統合",tier1,intra
97920105-8d82-4a27-918c-376449f3f3f5,(15),沖縄電力,okinawa,132,714eab5b-3534-49ef-82c0-debee713f54c,6d905672-793c-419d-86fd-57d163ab5911,,,,active,,,okinawa-keitozu-okinawa_all,extracted,2026-08-03,"架空;ev:線番ラベルから最近傍の線分を選び、同電圧の最直進継続で追跡(6区間, ラベル-線距離3.0pt)",tier1,intra
3315b972-4b47-48bb-9bf4-cbabfb828eaf,(16),沖縄電力,okinawa,132,b8609cf2-785b-4318-9602-1b1400b5c34d,81f2b1cd-779b-4590-a009-3334dc385067,,,,active,,,okinawa-keitozu-okinawa_all,extracted,2026-08-03,"地中;ev:線番ラベルから最近傍の線分を選び、同電圧の最直進継続で追跡(4区間, ラベル-線距離3.7pt)",tier1,intra
1d806652-5b25-432b-8f77-b7824cb44b12,(20),沖縄電力,okinawa,66,81f2b1cd-779b-4590-a009-3334dc385067,d59cfa2e-4567-4e15-9b8c-37557626c116,,,,active,,,okinawa-keitozu-okinawa_all,extracted,2026-08-03,"架空;ev:線番ラベルから最近傍の線分を選び、同電圧の最直進継続で追跡(3区間, ラベル-線距離4.7pt)",tier2,intra
7e09dd26-eafd-4658-ae3e-41ef912679e3,(21),沖縄電力,okinawa,66,81f2b1cd-779b-4590-a009-3334dc385067,d59cfa2e-4567-4e15-9b8c-37557626c116,,,,active,,,okinawa-keitozu-okinawa_all,extracted,2026-08-03,"架空;ev:線番ラベルから最近傍の線分を選び、同電圧の最直進継続で追跡(4区間, ラベル-線距離2.9pt)",tier2,intra
4ac8171a-027a-4083-a131-081594dde8e5,(22),沖縄電力,okinawa,66,d59cfa2e-4567-4e15-9b8c-37557626c116,5c88e889-c284-47b8-970b-40ac8caf0062,,,,active,,,okinawa-keitozu-okinawa_all,extracted,2026-08-03,"架空;ev:線番ラベルから最近傍の線分を選び、同電圧の最直進継続で追跡(2区間, ラベル-線距離4.9pt)",tier2,intra
80c81825-a70a-4053-a3ce-1f6b85faaf8b,(23),沖縄電力,okinawa,66,5c88e889-c284-47b8-970b-40ac8caf0062,2692a541-4c04-468a-b938-35432b1f1e56,,,,active,,,okinawa-keitozu-okinawa_all,extracted,2026-08-03,"地中;ev:線番ラベルから最近傍の線分を選び、同電圧の最直進継続で追跡(2区間, ラベル-線距離6.3pt)",tier2,intra
d0dea78f-87fe-48bf-ace4-5618ed295236,(24),沖縄電力,okinawa,66,81f2b1cd-779b-4590-a009-3334dc385067,79656f12-787a-43de-9aeb-fdde8b47da8e,,,,active,,,okinawa-keitozu-okinawa_all,extracted,2026-08-03,"架空;ev:線番ラベルから最近傍の線分を選び、同電圧の最直進継続で追跡(5区間, ラベル-線距離3.6pt)",tier2,intra
47d12520-b516-4d74-b7ff-17b0044e516a,(25),沖縄電力,okinawa,66,81f2b1cd-779b-4590-a009-3334dc385067,79656f12-787a-43de-9aeb-fdde8b47da8e,,,,active,,,okinawa-keitozu-okinawa_all,extracted,2026-08-03,"架空;ev:線番ラベルから最近傍の線分を選び、同電圧の最直進継続で追跡(5区間, ラベル-線距離1.3pt)",tier2,intra
4a31746a-2821-4ee9-a6d9-c0ba9ea2b249,(26),沖縄電力,okinawa,66,c1b2b226-dc72-4278-ab12-ab309baee63d,81f2b1cd-779b-4590-a009-3334dc385067,,,,active,,,okinawa-keitozu-okinawa_all,extracted,2026-08-03,"部分地中(1/3区間が破線);ev:線番ラベルから最近傍の線分を選び、同電圧の最直進継続で追跡(3区間, ラベル-線距離5.0pt)",tier2,intra
13e80798-57e1-4a66-9a66-12cebd44cb18,(27),沖縄電力,okinawa,66,c1b2b226-dc72-4278-ab12-ab309baee63d,81f2b1cd-779b-4590-a009-3334dc385067,,,,active,,,okinawa-keitozu-okinawa_all,extracted,2026-08-03,"部分地中(1/3区間が破線);ev:線番ラベルから最近傍の線分を選び、同電圧の最直進継続で追跡(3区間, ラベル-線距離5.7pt)",tier2,intra
6c3a54f9-557b-4bf2-ace8-25d90f562285,(28),沖縄電力,okinawa,66,a60edc6b-8aae-4055-9301-e1ce0f45fe68,c1b2b226-dc72-4278-ab12-ab309baee63d,,,,active,,,okinawa-keitozu-okinawa_all,extracted,2026-08-03,"架空;ev:線番ラベルから最近傍の線分を選び、同電圧の最直進継続で追跡(2区間, ラベル-線距離5.5pt)",tier2,intra
56fea330-b7b3-45dd-85a1-f2532dba4515,(29),沖縄電力,okinawa,66,cfab3170-038e-43a4-9e32-0e9f19dc2665,a60edc6b-8aae-4055-9301-e1ce0f45fe68,,,,active,,,okinawa-keitozu-okinawa_all,extracted,2026-08-03,"架空;ev:線番ラベルから最近傍の線分を選び、同電圧の最直進継続で追跡(2区間, ラベル-線距離4.1pt)",tier2,intra
7d406614-a4f6-4e2a-ac91-18dc1cedf341,(31),沖縄電力,okinawa,66,61399dc5-8bce-4f2e-bd1f-5ad462b28f7e,674e3fce-ab9d-45a8-96b3-cececd9ee026,,,,active,,,okinawa-keitozu-okinawa_all,extracted,2026-08-03,"部分地中(1/2区間が破線);ev:線番ラベルから最近傍の線分を選び、同電圧の最直進継続で追跡(2区間, ラベル-線距離4.6pt)",tier2,intra
2e5bbd36-efb4-4433-9555-b45a531da441,(32),沖縄電力,okinawa,66,a324128b-472d-42d9-95a4-d5028649ded9,61399dc5-8bce-4f2e-bd1f-5ad462b28f7e,,,,active,,,okinawa-keitozu-okinawa_all,extracted,2026-08-03,"地中;ev:線番ラベルから最近傍の線分を選び、同電圧の最直進継続で追跡(1区間, ラベル-線距離4.4pt)",tier2,intra
868efb95-3ad5-48a5-babc-f2971a002428,(33),沖縄電力,okinawa,66,8cd59ca5-ccf2-4047-ba8a-c24582cbbd11,81f2b1cd-779b-4590-a009-3334dc385067,,,,active,,,okinawa-keitozu-okinawa_all,extracted,2026-08-03,"架空;ev:線番ラベルから最近傍の線分を選び、同電圧の最直進継続で追跡(5区間, ラベル-線距離2.9pt)",tier2,intra
3483645d-dc34-45df-958f-163f9df876e0,(34),沖縄電力,okinawa,66,7f5ddb16-7602-4295-9207-41367e1c834d,ea710a96-523a-4d53-9d69-18958b715711,,,,active,,,okinawa-keitozu-okinawa_all,extracted,2026-08-03,"地中;ev:線番ラベルから最近傍の線分を選び、同電圧の最直進継続で追跡(1区間, ラベル-線距離3.6pt)",tier2,intra
5da995cb-d456-4238-b5a1-71f69e1a27ca,(35),沖縄電力,okinawa,66,7f5ddb16-7602-4295-9207-41367e1c834d,b8609cf2-785b-4318-9602-1b1400b5c34d,,,,active,,,okinawa-keitozu-okinawa_all,extracted,2026-08-03,"地中;ev:線番ラベルから最近傍の線分を選び、同電圧の最直進継続で追跡(2区間, ラベル-線距離3.9pt)",tier2,intra
1f8ecace-e958-4437-97a5-da66f5010232,(36),沖縄電力,okinawa,66,7f5ddb16-7602-4295-9207-41367e1c834d,b8609cf2-785b-4318-9602-1b1400b5c34d,,,,active,,,okinawa-keitozu-okinawa_all,extracted,2026-08-03,"地中;ev:線番ラベルから最近傍の線分を選び、同電圧の最直進継続で追跡(2区間, ラベル-線距離3.3pt)",tier2,intra
fe85758f-3a83-479c-bfc3-f5832cf68360,(37),沖縄電力,okinawa,66,b8609cf2-785b-4318-9602-1b1400b5c34d,a324128b-472d-42d9-95a4-d5028649ded9,,,,active,,,okinawa-keitozu-okinawa_all,extracted,2026-08-03,"地中;ev:線番ラベルから最近傍の線分を選び、同電圧の最直進継続で追跡(2区間, ラベル-線距離2.4pt)",tier2,intra
14cdfffc-34ec-4735-9dce-a0f6b1cb9a86,(38),沖縄電力,okinawa,66,99e161e1-48fe-47f5-b9c3-9a3aeb784a9f,7f5ddb16-7602-4295-9207-41367e1c834d,,,,active,,,okinawa-keitozu-okinawa_all,extracted,2026-08-03,"地中;ev:線番ラベルから最近傍の線分を選び、同電圧の最直進継続で追跡(1区間, ラベル-線距離3.8pt)",tier2,intra
43dbdbc9-8bf9-448a-9126-a6ccf267ae36,(39),沖縄電力,okinawa,66,b3d2ef38-da5f-4220-929e-433036a233ac,99e161e1-48fe-47f5-b9c3-9a3aeb784a9f,,,,active,,,okinawa-keitozu-okinawa_all,extracted,2026-08-03,"地中;ev:線番ラベルから最近傍の線分を選び、同電圧の最直進継続で追跡(3区間, ラベル-線距離4.5pt)",tier2,intra
8f1afeb5-103f-47e2-ad3e-df2f86cca01b,(40),沖縄電力,okinawa,66,705751cf-dfdd-4672-8abc-b7e0891aa3e7,b3d2ef38-da5f-4220-929e-433036a233ac,,,,active,,,okinawa-keitozu-okinawa_all,extracted,2026-08-03,"地中;ev:線番ラベルから最近傍の線分を選び、同電圧の最直進継続で追跡(1区間, ラベル-線距離2.4pt)",tier2,intra
3e31293f-ff06-4168-83b2-0506cf95310e,(41),沖縄電力,okinawa,66,cc6b230e-15d1-40a6-8cf7-f74cfe188d8e,03b5ccbe-a53d-4dc3-a3da-7a729b3ebdfc,,,,active,,,okinawa-keitozu-okinawa_all,extracted,2026-08-03,"地中;ev:線番ラベルから最近傍の線分を選び、同電圧の最直進継続で追跡(1区間, ラベル-線距離5.0pt)",tier2,intra
02c12d6d-1e03-414e-adcb-a0042981a39b,(42),沖縄電力,okinawa,66,0373b1f6-9078-46dd-b312-7812d84e0095,cc6b230e-15d1-40a6-8cf7-f74cfe188d8e,,,,active,,,okinawa-keitozu-okinawa_all,extracted,2026-08-03,"架空;ev:線番ラベルから最近傍の線分を選び、同電圧の最直進継続で追跡(2区間, ラベル-線距離1.9pt)",tier2,intra
f2baa56d-c8e5-4803-b246-5a50bada8455,(43),沖縄電力,okinawa,66,b7710089-1623-4cc4-8647-137d0a1d0ece,5c49b912-fb6c-4e6a-8ca3-b52e416691c4,,,,active,,,okinawa-keitozu-okinawa_all,extracted,2026-08-03,"地中;ev:線番ラベルから最近傍の線分を選び、同電圧の最直進継続で追跡(1区間, ラベル-線距離3.0pt)",tier2,intra
b9ef147d-64c8-44db-8a70-180f3627f62d,(44),沖縄電力,okinawa,66,5c49b912-fb6c-4e6a-8ca3-b52e416691c4,7b01f311-03fa-43fe-bae1-8f839b7f5284,,,,active,,,okinawa-keitozu-okinawa_all,extracted,2026-08-03,"地中;ev:線番ラベルから最近傍の線分を選び、同電圧の最直進継続で追跡(2区間, ラベル-線距離1.6pt)",tier2,intra
15cc5d80-c515-48cf-ba5a-b5dc744c6b11,(45),沖縄電力,okinawa,66,37877ea5-306b-4d4b-8e88-74984e12aa24,7b01f311-03fa-43fe-bae1-8f839b7f5284,,,,active,,,okinawa-keitozu-okinawa_all,extracted,2026-08-03,"架空;ev:線番ラベルから最近傍の線分を選び、同電圧の最直進継続で追跡(1区間, ラベル-線距離3.9pt)",tier2,intra
97930840-70bc-44a3-93d0-49d7a506cc8a,(46),沖縄電力,okinawa,66,8cd59ca5-ccf2-4047-ba8a-c24582cbbd11,37877ea5-306b-4d4b-8e88-74984e12aa24,,,,active,,,okinawa-keitozu-okinawa_all,extracted,2026-08-03,"架空;ev:線番ラベルから最近傍の線分を選び、同電圧の最直進継続で追跡(4区間, ラベル-線距離2.3pt)",tier2,intra
05e9c6f9-073e-4e2a-9774-76da16b43bff,(47),沖縄電力,okinawa,66,99e161e1-48fe-47f5-b9c3-9a3aeb784a9f,b7710089-1623-4cc4-8647-137d0a1d0ece,,,,active,,,okinawa-keitozu-okinawa_all,extracted,2026-08-03,"地中;ev:線番ラベルから最近傍の線分を選び、同電圧の最直進継続で追跡(2区間, ラベル-線距離3.5pt)",tier2,intra
9d51d730-6bc8-43c7-9851-68b155500e45,(48),沖縄電力,okinawa,66,cfab3170-038e-43a4-9e32-0e9f19dc2665,2a610bd8-3372-4817-89f7-f0903ea2a54e,,,,active,,,okinawa-keitozu-okinawa_all,extracted,2026-08-03,"架空;ev:線番ラベルから最近傍の線分を選び、同電圧の最直進継続で追跡(2区間, ラベル-線距離4.0pt)",tier2,intra
3792466a-7a9c-4f18-b613-ab6722f5efa3,(49),沖縄電力,okinawa,66,b2daca68-606b-4379-98d0-fe6de499f232,cfab3170-038e-43a4-9e32-0e9f19dc2665,,,,active,,,okinawa-keitozu-okinawa_all,extracted,2026-08-03,"架空;ev:線番ラベルから最近傍の線分を選び、同電圧の最直進継続で追跡(3区間, ラベル-線距離5.4pt)",tier2,intra
fbd52e79-e511-465c-80c4-e88c363fabe7,(50),沖縄電力,okinawa,66,d7c74336-8ea6-4fb5-93ce-fe93f645c7dc,b2daca68-606b-4379-98d0-fe6de499f232,,,,active,,,okinawa-keitozu-okinawa_all,extracted,2026-08-03,"架空;ev:線番ラベルから最近傍の線分を選び、同電圧の最直進継続で追跡(4区間, ラベル-線距離4.9pt)",tier2,intra
fa419761-5c8b-4fbc-9b25-f35cf9d0057b,(51),沖縄電力,okinawa,66,59853ee3-64f9-4a71-9400-b74a66775a95,d7c74336-8ea6-4fb5-93ce-fe93f645c7dc,,,,active,,,okinawa-keitozu-okinawa_all,extracted,2026-08-03,"架空;ev:線番ラベルから最近傍の線分を選び、同電圧の最直進継続で追跡(1区間, ラベル-線距離3.9pt)",tier2,intra
6ef90960-8a38-4803-a9ff-5c49a0d9e7f3,(52),沖縄電力,okinawa,66,cfab3170-038e-43a4-9e32-0e9f19dc2665,7a8c21b7-51e2-4319-a779-a51a6c52a07a,,,,active,,,okinawa-keitozu-okinawa_all,extracted,2026-08-03,"架空;ev:線番ラベルから最近傍の線分を選び、同電圧の最直進継続で追跡(1区間, ラベル-線距離1.2pt)",tier2,intra
11bea246-2b00-4b20-ad10-e8463f9eaad1,(53),沖縄電力,okinawa,66,2560c701-fff0-40ee-afe2-1885002a14be,0373b1f6-9078-46dd-b312-7812d84e0095,,,,active,,,okinawa-keitozu-okinawa_all,extracted,2026-08-03,"部分地中(5/8区間が破線)。分岐点を通過する長い追跡のため端点は要確認;uncertain;ev:線番ラベルから最近傍の線分を選び、同電圧の最直進継続で追跡(8区間, ラベル-線距離2.3pt)",tier2,intra
cd2ab494-47e2-4641-b411-36631bd36e81,(54),沖縄電力,okinawa,66,2a610bd8-3372-4817-89f7-f0903ea2a54e,2484ecaf-a049-4425-b20a-a2c56ac0999f,,,,active,,,okinawa-keitozu-okinawa_all,extracted,2026-08-03,"部分地中(1/2区間が破線);ev:線番ラベルから最近傍の線分を選び、同電圧の最直進継続で追跡(2区間, ラベル-線距離4.5pt)",tier2,intra
14a9ed54-4e7c-4ae2-86f1-25e0dabf166d,(55),沖縄電力,okinawa,66,2a610bd8-3372-4817-89f7-f0903ea2a54e,06e66076-7d68-466a-9ffa-d8915800d8f4,,,,active,,,okinawa-keitozu-okinawa_all,extracted,2026-08-03,"地中;ev:線番ラベルから最近傍の線分を選び、同電圧の最直進継続で追跡(4区間, ラベル-線距離4.0pt)",tier2,intra
e8374a83-d240-461a-ae9e-55998955a181,(58),沖縄電力,okinawa,66,2560c701-fff0-40ee-afe2-1885002a14be,0373b1f6-9078-46dd-b312-7812d84e0095,,,,active,,,okinawa-keitozu-okinawa_all,extracted,2026-08-03,"部分地中(5/8区間が破線)。分岐点を通過する長い追跡のため端点は要確認;uncertain;ev:線番ラベルから最近傍の線分を選び、同電圧の最直進継続で追跡(8区間, ラベル-線距離3.0pt)",tier2,intra
961ad074-db25-47e2-b4ae-bab85343e364,(59),沖縄電力,okinawa,66,2560c701-fff0-40ee-afe2-1885002a14be,0373b1f6-9078-46dd-b312-7812d84e0095,,,,active,,,okinawa-keitozu-okinawa_all,extracted,2026-08-03,"部分地中(4/7区間が破線);ev:線番ラベルから最近傍の線分を選び、同電圧の最直進継続で追跡(7区間, ラベル-線距離2.4pt)",tier2,intra
a451c8bc-3cea-460a-a004-85a074f65922,(60),沖縄電力,okinawa,66,2560c701-fff0-40ee-afe2-1885002a14be,b7e689c2-9ad1-44ee-9ffe-0b61b1f2c9a6,,,,active,,,okinawa-keitozu-okinawa_all,extracted,2026-08-03,"部分地中(1/5区間が破線);ev:線番ラベルから最近傍の線分を選び、同電圧の最直進継続で追跡(5区間, ラベル-線距離4.0pt)",tier2,intra
2491f788-a753-488f-a3c6-d7a42aab851d,(61),沖縄電力,okinawa,66,2560c701-fff0-40ee-afe2-1885002a14be,0373b1f6-9078-46dd-b312-7812d84e0095,,,,active,,,okinawa-keitozu-okinawa_all,extracted,2026-08-03,"部分地中(4/7区間が破線);ev:線番ラベルから最近傍の線分を選び、同電圧の最直進継続で追跡(7区間, ラベル-線距離3.7pt)",tier2,intra
b63d9fcd-a3e4-4d00-9c03-24ed6105aa3a,(62),沖縄電力,okinawa,66,59853ee3-64f9-4a71-9400-b74a66775a95,2560c701-fff0-40ee-afe2-1885002a14be,,,,active,,,okinawa-keitozu-okinawa_all,extracted,2026-08-03,"架空;ev:線番ラベルから最近傍の線分を選び、同電圧の最直進継続で追跡(1区間, ラベル-線距離2.7pt)",tier2,intra
da63d30f-d685-41fc-87d2-e4b67cd85f45,(63),沖縄電力,okinawa,66,2560c701-fff0-40ee-afe2-1885002a14be,797fe74e-f5be-4a30-8575-c09ef4f97e6c,,,,active,,,okinawa-keitozu-okinawa_all,extracted,2026-08-03,"架空;ev:線番ラベルから最近傍の線分を選び、同電圧の最直進継続で追跡(1区間, ラベル-線距離4.1pt)",tier2,intra
ab339c44-c190-4dfd-8432-82acea7d81b2,(64),沖縄電力,okinawa,66,797fe74e-f5be-4a30-8575-c09ef4f97e6c,17727459-a54e-4ec8-95ee-34885986cdb3,,,,active,,,okinawa-keitozu-okinawa_all,extracted,2026-08-03,"地中;ev:線番ラベルから最近傍の線分を選び、同電圧の最直進継続で追跡(1区間, ラベル-線距離5.0pt)",tier2,intra
3722d980-1979-4e19-9488-65d1db01436f,(65),沖縄電力,okinawa,66,2560c701-fff0-40ee-afe2-1885002a14be,c5d10023-8285-4536-8dbf-e829fb5f7ef5,,,,active,,,okinawa-keitozu-okinawa_all,extracted,2026-08-03,"地中;ev:線番ラベルから最近傍の線分を選び、同電圧の最直進継続で追跡(3区間, ラベル-線距離2.3pt)",tier2,intra
6c503cae-c90a-4038-981f-11d1b11423da,(66),沖縄電力,okinawa,66,59853ee3-64f9-4a71-9400-b74a66775a95,f4a85bb0-ad65-413b-9b6d-a1797cb884d8,,,,active,,,okinawa-keitozu-okinawa_all,extracted,2026-08-03,"架空;ev:線番ラベルから最近傍の線分を選び、同電圧の最直進継続で追跡(1区間, ラベル-線距離3.8pt)",tier2,intra
560a86e5-53d9-4c9f-98a5-d166e5d40790,(67),沖縄電力,okinawa,66,f4a85bb0-ad65-413b-9b6d-a1797cb884d8,a153d9d6-a133-4a16-8524-7c56952b6c9c,,,,active,,,okinawa-keitozu-okinawa_all,extracted,2026-08-03,"架空;ev:線番ラベルから最近傍の線分を選び、同電圧の最直進継続で追跡(2区間, ラベル-線距離4.6pt)",tier2,intra
e6bb753f-7e4d-4cbd-b344-438a8d1049e7,(68),沖縄電力,okinawa,66,b0f05373-cc42-4023-91a2-b9d27b211c2d,974fbf13-5cd8-4f0c-9ebc-6fa8a8311f72,,,,active,,,okinawa-keitozu-okinawa_all,extracted,2026-08-03,"架空;ev:線番ラベルから最近傍の線分を選び、同電圧の最直進継続で追跡(4区間, ラベル-線距離3.6pt)",tier2,intra
09207528-e1d5-4648-a102-2fc314222589,(69),沖縄電力,okinawa,66,d45d1f2f-0303-4923-a8f0-091244403f6e,a153d9d6-a133-4a16-8524-7c56952b6c9c,,,,active,,,okinawa-keitozu-okinawa_all,extracted,2026-08-03,"架空。分岐点を通過する長い追跡のため端点は要確認;uncertain;ev:線番ラベルから最近傍の線分を選び、同電圧の最直進継続で追跡(8区間, ラベル-線距離3.3pt)",tier2,intra
5a17dcc1-28ff-4baa-b709-fec06141263b,(70),沖縄電力,okinawa,66,d45d1f2f-0303-4923-a8f0-091244403f6e,a153d9d6-a133-4a16-8524-7c56952b6c9c,,,,active,,,okinawa-keitozu-okinawa_all,extracted,2026-08-03,"架空。分岐点を通過する長い追跡のため端点は要確認;uncertain;ev:線番ラベルから最近傍の線分を選び、同電圧の最直進継続で追跡(8区間, ラベル-線距離2.8pt)",tier2,intra
0f6de8f1-5ad0-4f7f-9e44-8b4b06277733,(71),沖縄電力,okinawa,66,d45d1f2f-0303-4923-a8f0-091244403f6e,a153d9d6-a133-4a16-8524-7c56952b6c9c,,,,active,,,okinawa-keitozu-okinawa_all,extracted,2026-08-03,"部分地中(1/9区間が破線)。分岐点を通過する長い追跡のため端点は要確認;uncertain;ev:線番ラベルから最近傍の線分を選び、同電圧の最直進継続で追跡(9区間, ラベル-線距離3.2pt)",tier2,intra
3b4f45a3-e11d-4678-9f02-0cf11438e277,(72),沖縄電力,okinawa,66,d45d1f2f-0303-4923-a8f0-091244403f6e,b0f05373-cc42-4023-91a2-b9d27b211c2d,,,,active,,,okinawa-keitozu-okinawa_all,extracted,2026-08-03,"架空。分岐点を通過する長い追跡のため端点は要確認;uncertain;ev:線番ラベルから最近傍の線分を選び、同電圧の最直進継続で追跡(8区間, ラベル-線距離2.8pt)",tier2,intra
2acb5687-9414-4764-8335-6782179a3f47,(73),沖縄電力,okinawa,66,b0f05373-cc42-4023-91a2-b9d27b211c2d,39bf750b-1f8b-4a72-917a-368e247331d4,,,,active,,,okinawa-keitozu-okinawa_all,extracted,2026-08-03,"架空;ev:線番ラベルから最近傍の線分を選び、同電圧の最直進継続で追跡(7区間, ラベル-線距離2.7pt)",tier2,intra
90a1a71a-34e5-4e8e-b9d8-2af5cf6af3f0,(74),沖縄電力,okinawa,66,39bf750b-1f8b-4a72-917a-368e247331d4,6888652e-a1ed-4075-b2ad-43d4406e8cd6,,,,active,,,okinawa-keitozu-okinawa_all,extracted,2026-08-03,"地中;ev:線番ラベルから最近傍の線分を選び、同電圧の最直進継続で追跡(4区間, ラベル-線距離2.0pt)",tier2,intra
0785e443-f31c-4b5f-bec2-ec462ba829df,(75),沖縄電力,okinawa,66,6888652e-a1ed-4075-b2ad-43d4406e8cd6,52e35dd7-d18c-4ce0-8cd7-6812135b1a5e,,,,active,,,okinawa-keitozu-okinawa_all,extracted,2026-08-03,"地中;ev:線番ラベルから最近傍の線分を選び、同電圧の最直進継続で追跡(2区間, ラベル-線距離3.3pt)",tier2,intra
e411a18c-6b8a-4b73-ba11-e3a6d6f25e64,(76),沖縄電力,okinawa,132,d45d1f2f-0303-4923-a8f0-091244403f6e,f2a5c43f-5606-42c0-a244-57e7f6a0c27f,,,,active,,,okinawa-keitozu-okinawa_all,extracted,2026-08-03,"架空;ev:線番ラベルから最近傍の線分を選び、同電圧の最直進継続で追跡(1区間, ラベル-線距離6.1pt)",tier1,intra
43affe91-4275-4710-a5b4-05dab79bfc41,(77),沖縄電力,okinawa,66,5c7abb86-bb0c-448e-8ded-8fcfdb5f1a9f,f2a5c43f-5606-42c0-a244-57e7f6a0c27f,,,,active,,,okinawa-keitozu-okinawa_all,extracted,2026-08-03,"架空;ev:線番ラベルから最近傍の線分を選び、同電圧の最直進継続で追跡(2区間, ラベル-線距離4.4pt)",tier2,intra
a2cfea1a-eac1-4086-bde5-3e38fde72614,(78),沖縄電力,okinawa,66,6b551126-bc68-4007-bd67-a6adba2765ce,5c7abb86-bb0c-448e-8ded-8fcfdb5f1a9f,,,,active,,,okinawa-keitozu-okinawa_all,extracted,2026-08-03,"架空;ev:線番ラベルから最近傍の線分を選び、同電圧の最直進継続で追跡(1区間, ラベル-線距離2.5pt)",tier2,intra
c2e39053-8d7f-430e-b865-006fbabf0fdc,(79),沖縄電力,okinawa,66,5c7abb86-bb0c-448e-8ded-8fcfdb5f1a9f,6b551126-bc68-4007-bd67-a6adba2765ce,,,,active,,,okinawa-keitozu-okinawa_all,extracted,2026-08-03,"架空;uncertain;ev:線が記号の13.1pt手前で途切れているため最近傍の記号に接続（作図上の隙間）；線番ラベルから最近傍の線分を選び、同電圧の最直進継続で追跡(2区間, ラベル-線距離3.0pt)",tier2,intra
459d5650-24ba-4223-bacf-fd793c518f1d,(80),沖縄電力,okinawa,66,6b551126-bc68-4007-bd67-a6adba2765ce,cc899451-2d10-49c3-bd5f-fa45e4990bea,,,,active,,,okinawa-keitozu-okinawa_all,extracted,2026-08-03,"部分地中(1/2区間が破線);ev:線番ラベルから最近傍の線分を選び、同電圧の最直進継続で追跡(2区間, ラベル-線距離5.4pt)",tier2,intra
3f5c6de3-cced-425a-bbe1-b27888c5f075,(81),沖縄電力,okinawa,66,5c7abb86-bb0c-448e-8ded-8fcfdb5f1a9f,6b551126-bc68-4007-bd67-a6adba2765ce,,,,active,,,okinawa-keitozu-okinawa_all,extracted,2026-08-03,"架空;uncertain;ev:線が記号の13.1pt手前で途切れているため最近傍の記号に接続（作図上の隙間）；線番ラベルから最近傍の線分を選び、同電圧の最直進継続で追跡(2区間, ラベル-線距離4.5pt)",tier2,intra
208bdd6d-49e5-4643-90a3-a9773452c67c,(82),沖縄電力,okinawa,66,d45d1f2f-0303-4923-a8f0-091244403f6e,30187667-20b8-436f-8145-697ccf8fdc70,,,,active,,,okinawa-keitozu-okinawa_all,extracted,2026-08-03,"架空。分岐点を通過する長い追跡のため端点は要確認;uncertain;ev:線番ラベルから最近傍の線分を選び、同電圧の最直進継続で追跡(8区間, ラベル-線距離2.7pt)",tier2,intra
d647bf21-77d4-42d6-9335-5ea75cd0b6af,(83),沖縄電力,okinawa,66,d45d1f2f-0303-4923-a8f0-091244403f6e,30187667-20b8-436f-8145-697ccf8fdc70,,,,active,,,okinawa-keitozu-okinawa_all,extracted,2026-08-03,"架空。分岐点を通過する長い追跡のため端点は要確認;uncertain;ev:線番ラベルから最近傍の線分を選び、同電圧の最直進継続で追跡(8区間, ラベル-線距離3.5pt)",tier2,intra
45778264-86c5-4d26-9c85-9abeb80164a9,(84),沖縄電力,okinawa,66,d45d1f2f-0303-4923-a8f0-091244403f6e,fa74445e-9af1-411f-b98a-4a3a5980bd22,,,,active,,,okinawa-keitozu-okinawa_all,extracted,2026-08-03,"架空;uncertain;ev:線が記号の13.5pt手前で途切れているため最近傍の記号に接続（作図上の隙間）；線番ラベルから最近傍の線分を選び、同電圧の最直進継続で追跡(6区間, ラベル-線距離3.5pt)",tier2,intra
69cbb7be-bc11-403b-b2a5-42ea13e80392,(85),沖縄電力,okinawa,66,d45d1f2f-0303-4923-a8f0-091244403f6e,30187667-20b8-436f-8145-697ccf8fdc70,,,,active,,,okinawa-keitozu-okinawa_all,extracted,2026-08-03,"架空。分岐点を通過する長い追跡のため端点は要確認;uncertain;ev:線番ラベルから最近傍の線分を選び、同電圧の最直進継続で追跡(8区間, ラベル-線距離5.5pt)",tier2,intra
2d0c2fa6-74e4-4353-8d61-87ecff0d7c49,(87),沖縄電力,okinawa,132,1080144d-2342-41b3-9461-49dbbc5b94ab,d45d1f2f-0303-4923-a8f0-091244403f6e,,,,active,,,okinawa-keitozu-okinawa_all,extracted,2026-08-03,"架空;ev:線番ラベルから最近傍の線分を選び、同電圧の最直進継続で追跡(6区間, ラベル-線距離6.4pt)",tier1,intra
efffe578-c7d4-4993-9615-7c0d60cc55ee,(88),沖縄電力,okinawa,132,9be57449-5687-40df-986e-9a996327f5cd,2b97444e-c0db-4aca-8775-d619df08b06b,,,,active,,,okinawa-keitozu-okinawa_all,extracted,2026-08-05,"架空;ev:線番ラベルから最近傍の線分を選び、同電圧の最直進継続で追跡(1区間, ラベル-線距離2.4pt)；電圧を 66→132kV に訂正。OCCTO 実績が『石川幹線１号』を 132kV として公表しているため（一次資料を優先）。PROVENANCE S29；電圧を 66→132kV に訂正。OCCTO 実績が『石川幹線２号』を 132kV として公表しているため（一次資料を優先）。PROVENANCE S29",tier2,intra
0616a352-87a4-4021-a3fe-23ae9a62fde4,(89),沖縄電力,okinawa,66,2b97444e-c0db-4aca-8775-d619df08b06b,7a9fc8ce-80be-4c4e-9082-a5f23042a172,,,,active,,,okinawa-keitozu-okinawa_all,extracted,2026-08-03,"架空;ev:線番ラベルから最近傍の線分を選び、同電圧の最直進継続で追跡(2区間, ラベル-線距離3.6pt)",tier2,intra
6b2e934d-fcf9-48b2-bd27-27a1550901e0,(90),沖縄電力,okinawa,66,2b97444e-c0db-4aca-8775-d619df08b06b,dc954863-054c-4875-9bfa-d0d4628348f2,,,,active,,,okinawa-keitozu-okinawa_all,extracted,2026-08-03,"架空;ev:拡大図の枠外へ抜ける端を主図との座標変換(縮尺2.6129)で照合、残差0.7pt；線番ラベルから最近傍の線分を選び、同電圧の最直進継続で追跡(4区間, ラベル-線距離3.3pt)",tier2,intra
3352cbe9-f9af-4c99-b9fe-d2414fc0908f,(91),沖縄電力,okinawa,66,dc954863-054c-4875-9bfa-d0d4628348f2,31bf0a36-5f00-4ebf-a38b-0cb3c5a0d30b,,,,active,,,okinawa-keitozu-okinawa_all,extracted,2026-08-03,"架空;ev:拡大図の枠外へ抜ける端を主図との座標変換(縮尺2.6129)で照合、残差0.7pt；線番ラベルから最近傍の線分を選び、同電圧の最直進継続で追跡(4区間, ラベル-線距離2.3pt)",tier2,intra
b5219e12-e87e-4c7c-ac43-f1ea4daa2ff8,(92),沖縄電力,okinawa,66,2b97444e-c0db-4aca-8775-d619df08b06b,dc954863-054c-4875-9bfa-d0d4628348f2,,,,active,,,okinawa-keitozu-okinawa_all,extracted,2026-08-03,"架空;ev:拡大図の枠外へ抜ける端を主図との座標変換(縮尺2.6129)で照合、残差0.7pt；線番ラベルから最近傍の線分を選び、同電圧の最直進継続で追跡(4区間, ラベル-線距離4.2pt)；同一線番のラベルが図中2箇所（主図と拡大図の重複を含む）→1本に統合",tier2,intra
d4d9175a-1aec-4ba6-b218-b40284cc4e62,(94),沖縄電力,okinawa,66,78aa17e0-adbf-4e24-943d-56f7d73b403f,ebca79da-c6fd-418e-aabe-970b2be11fd5,,,,active,,,okinawa-keitozu-okinawa_all,extracted,2026-08-03,"架空。分岐点を通過する長い追跡のため端点は要確認;uncertain;ev:線番ラベルから最近傍の線分を選び、同電圧の最直進継続で追跡(8区間, ラベル-線距離2.7pt)",tier2,intra
473fe443-e009-457c-aa99-24c84783564e,(95),沖縄電力,okinawa,66,ebca79da-c6fd-418e-aabe-970b2be11fd5,dc8e22e5-3d9a-40f4-a991-664a8f88872b,,,,active,,,okinawa-keitozu-okinawa_all,extracted,2026-08-03,"架空;uncertain;ev:線が記号の5.7pt手前で途切れているため最近傍の記号に接続（作図上の隙間）；線番ラベルから最近傍の線分を選び、同電圧の最直進継続で追跡(4区間, ラベル-線距離3.5pt)",tier2,intra
1783a9e9-cd72-41ff-9dd5-413ca4e1bb86,(96),沖縄電力,okinawa,66,ebca79da-c6fd-418e-aabe-970b2be11fd5,dc8e22e5-3d9a-40f4-a991-664a8f88872b,,,,active,,,okinawa-keitozu-okinawa_all,extracted,2026-08-03,"架空;uncertain;ev:線が記号の5.7pt手前で途切れているため最近傍の記号に接続（作図上の隙間）；線番ラベルから最近傍の線分を選び、同電圧の最直進継続で追跡(5区間, ラベル-線距離4.5pt)",tier2,intra
5f7ae212-7ab2-4264-903d-845d3d6bfb24,(97),沖縄電力,okinawa,66,3ecd2ae8-d437-4709-aabe-594dbb14b427,714eab5b-3534-49ef-82c0-debee713f54c,,,,active,,,okinawa-keitozu-okinawa_all,extracted,2026-08-03,"架空;ev:線番ラベルから最近傍の線分を選び、同電圧の最直進継続で追跡(1区間, ラベル-線距離4.4pt)",tier2,intra
c7564d88-e177-4d11-8e0e-6f6d458b69cd,(99),沖縄電力,okinawa,66,e3930b9a-c1db-4182-9f00-54793a79ea07,df9885d0-d4ca-4bd0-832a-56d23e7f888f,,,,active,,,okinawa-keitozu-okinawa_all,extracted,2026-08-03,"架空;ev:線番ラベルから最近傍の線分を選び、同電圧の最直進継続で追跡(4区間, ラベル-線距離3.0pt)",tier2,intra
71e06d4d-1250-4836-98db-e46428172950,(100),沖縄電力,okinawa,66,df9885d0-d4ca-4bd0-832a-56d23e7f888f,4ca8749b-f342-4bd5-b885-8107c46b7fca,,,,active,,,okinawa-keitozu-okinawa_all,extracted,2026-08-03,"架空;ev:線番ラベルから最近傍の線分を選び、同電圧の最直進継続で追跡(2区間, ラベル-線距離2.8pt)",tier2,intra
7c435150-be45-49d9-98c0-978047d64a42,(101),沖縄電力,okinawa,66,4ca8749b-f342-4bd5-b885-8107c46b7fca,2101b6f8-5b34-4c92-89b7-c642c5f34cbf,,,,active,,,okinawa-keitozu-okinawa_all,extracted,2026-08-03,"架空;ev:線番ラベルから最近傍の線分を選び、同電圧の最直進継続で追跡(6区間, ラベル-線距離3.7pt)",tier2,intra
534c922b-4fcc-41df-a2f7-696651a59cb8,(102),沖縄電力,okinawa,66,2101b6f8-5b34-4c92-89b7-c642c5f34cbf,9118bacd-3988-44c9-99ac-ca93bb4a1ba3,,,,active,,,okinawa-keitozu-okinawa_all,extracted,2026-08-03,"架空。分岐点を通過する長い追跡のため端点は要確認;uncertain;ev:線番ラベルから最近傍の線分を選び、同電圧の最直進継続で追跡(12区間, ラベル-線距離4.0pt)",tier2,intra
1f50bb32-e0dc-47fa-bc32-22bc4537a085,(104),沖縄電力,okinawa,66,2101b6f8-5b34-4c92-89b7-c642c5f34cbf,9118bacd-3988-44c9-99ac-ca93bb4a1ba3,,,,active,,,okinawa-keitozu-okinawa_all,extracted,2026-08-03,"架空。分岐点を通過する長い追跡のため端点は要確認;uncertain;ev:線番ラベルから最近傍の線分を選び、同電圧の最直進継続で追跡(12区間, ラベル-線距離4.0pt)",tier2,intra
da974c8d-0971-440e-82f7-e8e5f2deca4f,(105),沖縄電力,okinawa,66,caf88a31-607d-4747-8374-12d97786c130,9118bacd-3988-44c9-99ac-ca93bb4a1ba3,,,,active,,,okinawa-keitozu-okinawa_all,extracted,2026-08-03,"架空。分岐点を通過する長い追跡のため端点は要確認;uncertain;ev:線番ラベルから最近傍の線分を選び、同電圧の最直進継続で追跡(10区間, ラベル-線距離3.7pt)",tier2,intra
55f19552-9c0a-4fe6-b573-5705478d633b,(106),沖縄電力,okinawa,66,2101b6f8-5b34-4c92-89b7-c642c5f34cbf,9118bacd-3988-44c9-99ac-ca93bb4a1ba3,,,,active,,,okinawa-keitozu-okinawa_all,extracted,2026-08-03,"架空。分岐点を通過する長い追跡のため端点は要確認;uncertain;ev:線番ラベルから最近傍の線分を選び、同電圧の最直進継続で追跡(12区間, ラベル-線距離3.6pt)",tier2,intra
735213ac-b78b-477b-9e2e-001e54ca77c6,(107),沖縄電力,okinawa,66,2101b6f8-5b34-4c92-89b7-c642c5f34cbf,9118bacd-3988-44c9-99ac-ca93bb4a1ba3,,,,active,,,okinawa-keitozu-okinawa_all,extracted,2026-08-03,"架空。分岐点を通過する長い追跡のため端点は要確認;uncertain;ev:線番ラベルから最近傍の線分を選び、同電圧の最直進継続で追跡(12区間, ラベル-線距離3.7pt)",tier2,intra
b8472e38-3be6-4254-8e98-b94df2233865,(108),沖縄電力,okinawa,66,9b312dd5-6b87-4f83-a451-f00e3aa1fdbe,2101b6f8-5b34-4c92-89b7-c642c5f34cbf,,,,active,,,okinawa-keitozu-okinawa_all,extracted,2026-08-03,"架空;ev:線番ラベルから最近傍の線分を選び、同電圧の最直進継続で追跡(5区間, ラベル-線距離3.5pt)",tier2,intra
258dd50c-5e34-41eb-b12d-261b3c200a6e,(109),沖縄電力,okinawa,66,a1ff0f3b-fb30-4506-ac54-d4de57a10f73,9b312dd5-6b87-4f83-a451-f00e3aa1fdbe,,,,active,,,okinawa-keitozu-okinawa_all,extracted,2026-08-03,"架空;uncertain;ev:線が記号の10.8pt手前で途切れているため最近傍の記号に接続（作図上の隙間）；線番ラベルから最近傍の線分を選び、同電圧の最直進継続で追跡(4区間, ラベル-線距離3.5pt)",tier2,intra
554a3514-155e-4211-904e-641815db1a91,(110),沖縄電力,okinawa,66,81274a32-d725-4213-b35e-299e59d77570,54accebb-c0f3-4141-a47c-51f198154dc4,,,,active,,,okinawa-keitozu-okinawa_all,extracted,2026-08-03,"架空;uncertain;ev:線が記号の10.3pt手前で途切れているため最近傍の記号に接続（作図上の隙間）；線番ラベルから最近傍の線分を選び、同電圧の最直進継続で追跡(3区間, ラベル-線距離3.8pt)",tier2,intra
1dbed7c6-d593-4563-896d-f2a5b50fa436,(112),沖縄電力,okinawa,66,61399dc5-8bce-4f2e-bd1f-5ad462b28f7e,81f2b1cd-779b-4590-a009-3334dc385067,,,,active,,,okinawa-keitozu-okinawa_all,extracted,2026-08-03,"地中;ev:線番ラベルから最近傍の線分を選び、同電圧の最直進継続で追跡(3区間, ラベル-線距離4.5pt)",tier2,intra
66819326-ec9d-42f7-b60b-b8c3ffa31f06,,九州電力送配電,kyushu,220,3591a1fb-70e4-4daf-8433-d5b37fe8a920,8d306996-b028-4a83-8c28-318e18930677,,,,active,,,kyushu-keitozu-kyushu_kikan,extracted,2026-08-03,"ev:[26miyazaki] OUT-(352,101){ひむか@26,4@45,1@50} ++ ひむか|発電所 ++ 一ツ瀬|変電所; [26miyazaki] ひむか|変電所 ++ 一ツ瀬|変電所",tier2,intra
7196e356-5067-4e01-8f15-500830dc587a,,九州電力送配電,kyushu,220,8d306996-b028-4a83-8c28-318e18930677,8240220d-c12d-4cd9-9f41-73a2d5d2f79b,,,,active,,,kyushu-keitozu-kyushu_kikan,extracted,2026-08-03,ev:[26miyazaki] 一ツ瀬|変電所 ++ 柏田|変電所,tier2,intra
8846dfbd-0294-44d8-a99d-dd6f75d13653,,九州電力送配電,kyushu,220,94f37850-284f-4333-99fb-993c94d1ade1,8ee9988f-93b4-4e47-9432-cc377150ebd4,,,,closed,,2026-08-03,kyushu-keitozu-kyushu_kikan,extracted,2026-08-03,图上经同一分岐点多端子共接，已成对拆分；未必是独立线路;uncertain;ev:[22kumamoto] 三池|変電所 ++ 伊倉|他社変電所 ++ 北熊本|変電所 ++ 熊本|変電所 | closed per kyushu_verdicts.csv#route-220-三池--伊倉,tier2,intra
7bc74173-85a0-48e6-a6cb-823e1bbc37bc,,九州電力送配電,kyushu,220,94f37850-284f-4333-99fb-993c94d1ade1,3149bc32-66d7-4363-a3cd-708a231f4710,,,,closed,,2026-08-03,kyushu-keitozu-kyushu_kikan,extracted,2026-08-03,图上经同一分岐点多端子共接，已成对拆分；未必是独立线路;uncertain;ev:[22kumamoto] 三池|変電所 ++ 伊倉|他社変電所 ++ 北熊本|変電所 ++ 熊本|変電所 | closed per kyushu_verdicts.csv#route-220-三池--北熊本,tier2,intra
171f9cb0-9b12-475a-913a-b152a5bb16fe,,九州電力送配電,kyushu,220,94f37850-284f-4333-99fb-993c94d1ade1,cf44e885-d462-4398-9a8d-391642180ed7,,,,active,,,kyushu-keitozu-kyushu_kikan,extracted,2026-08-03,跨图拼接（依「至○○」引出标注）；多图重复出现并合并：13kurume/14omuta;ev:[13kurume] 木佐木|変電所 ++ 至三池|EXT@6; [13kurume] 木佐木|変電所 ++ 至三池|EXT@10; [14omuta] 三池|変電所 ++ 木佐木|変電所,tier2,intra
44158541-0f8b-4860-9171-61c49d445cc5,,九州電力送配電,kyushu,220,94f37850-284f-4333-99fb-993c94d1ade1,a8932fd2-9a3e-4a02-bc51-c1401c64a3c2,,,,active,,,kyushu-keitozu-kyushu_kikan,extracted,2026-08-03,跨图拼接（依「至○○」引出标注）；多图重复出现并合并：14omuta/22kumamoto;ev:[14omuta] 三池|変電所 ++ 至熊本|EXT@14; [14omuta] 三池|変電所 ++ 至熊本|EXT@13; [22kumamoto] 三池|変電所 ++ 伊倉|他社変電所 ++ 北熊本|変電所 ++ 熊本|変電所,tier2,intra
0532b895-98c2-456c-9113-773a2396f0aa,,九州電力送配電,kyushu,220,904c9751-c632-4b33-a64b-c0d2e99c4691,e4e45084-f5d4-4261-ac3f-17c72e2d9b6e,,,,active,,,kyushu-keitozu-kyushu_kikan,extracted,2026-08-03,"ev:[25hyuga] OUT-(363,461){20@41,12@47,大内原@48} ++ 上椎葉|変電所 ++ 新日向|変電所",tier2,intra
42219372-88e0-4e0d-ba42-9277f20d95cb,,九州電力送配電,kyushu,220,00173bac-0eef-4d19-be24-a1eacc885982,09a9d654-fe2d-4ddf-9a98-497aa87edb79,,,,active,,,kyushu-keitozu-kyushu_kikan,extracted,2026-08-03,ev:[04yahata] 上津役|変電所 ++ 北九州|変電所,tier2,intra
d2bdd674-27f6-4de7-aa06-be13b80223a4,,九州電力送配電,kyushu,220,c389ef35-e6fd-4720-9577-318d838dbecd,0f0052ac-8e22-4470-9929-7e551e81e9a6,,,,active,,,kyushu-keitozu-kyushu_kikan,extracted,2026-08-03,图上经同一分岐点多端子共接，已成对拆分；未必是独立线路;uncertain;ev:[23yatsushiro] 中九州|変電所 ++ 八代|開閉所 ++ 大平|開閉所,tier2,intra
29e7ccc8-9c95-4812-9173-5c602ff2012a,,九州電力送配電,kyushu,220,c389ef35-e6fd-4720-9577-318d838dbecd,dffdc0eb-b78a-47f0-bec2-3855c0cbf13b,,,,active,,,kyushu-keitozu-kyushu_kikan,extracted,2026-08-03,多图重复出现并合并：22kumamoto/23yatsushiro;ev:[22kumamoto] 中九州|変電所 ++ 南熊本|変電所; [23yatsushiro] 中九州|変電所 ++ 南熊本|変電所,tier2,intra
dde1accc-819b-4bb6-be2d-3aea2514d164,,九州電力送配電,kyushu,220,c389ef35-e6fd-4720-9577-318d838dbecd,66edcf2b-bc82-48a8-a0dd-34827fbcd403,,,,active,,,kyushu-keitozu-kyushu_kikan,extracted,2026-08-03,图上经同一分岐点多端子共接，已成对拆分；未必是独立线路;uncertain;ev:[23yatsushiro] 中九州|変電所 ++ 八代|開閉所 ++ 大平|開閉所,tier2,intra
56c7d6de-4211-48f2-9bb7-533137c9067e,,九州電力送配電,kyushu,220,e9dbf5a8-5413-4e93-bf48-caa9ed26c1b0,e8bf97be-ba03-48ac-83fc-70575f4eb402,,,,active,,,kyushu-keitozu-kyushu_kikan,extracted,2026-08-03,跨图拼接（依「至○○」引出标注）；多图重复出现并合并：08minami_fukuoka/12chuo;ev:[08minami_fukuoka] 南福岡|変電所 ++ 至中央|EXT@17; [08minami_fukuoka] 南福岡|変電所 ++ 至中央|EXT@16; [12chuo] 中央|変電所 ++ 南福岡|変電所,tier2,intra
a961cd36-bba9-4c3b-852e-5c46c5b84e8a,,九州電力送配電,kyushu,220,e9dbf5a8-5413-4e93-bf48-caa9ed26c1b0,c2650c40-a1ee-4870-9546-c483578a0eb2,,,,active,,,kyushu-keitozu-kyushu_kikan,extracted,2026-08-03,ev:[12chuo] 中央|変電所 ++ 山家|変電所,tier2,intra
d6fb0d71-915f-4f61-afef-9b05fc004ced,,九州電力送配電,kyushu,220,e9dbf5a8-5413-4e93-bf48-caa9ed26c1b0,dcc4763a-092c-4ae1-bf9e-9f18fae18817,,,,active,,,kyushu-keitozu-kyushu_kikan,extracted,2026-08-03,跨图拼接（依「至○○」引出标注）;uncertain;ev:[12chuo] 中央|変電所 ++ 至筑豊|EXT@8,tier2,intra
290cdbd2-8867-4604-ab23-89e8fe2c1c1e,,九州電力送配電,kyushu,220,1b1fefb8-db54-4f49-bc5d-1a7cbf5ac2a3,cf44e885-d462-4398-9a8d-391642180ed7,,,,active,,,kyushu-keitozu-kyushu_kikan,extracted,2026-08-03,ev:[13kurume] 久保泉|発電所 ++ 木佐木|変電所,tier2,intra
44bc0e1c-b08f-4ef6-aa10-8ecfcc093199,,九州電力送配電,kyushu,220,a3f7ebd7-e714-4bb9-a9a4-73848c944f34,cf44e885-d462-4398-9a8d-391642180ed7,,,,active,,,kyushu-keitozu-kyushu_kikan,extracted,2026-08-03,图上经同一分岐点多端子共接，已成对拆分；未必是独立线路;uncertain;ev:[13kurume] 久留米|変電所 ++ 木佐木|変電所 ++ 鳥栖|変電所,tier2,intra
ee80aa16-f15b-40c2-bc2f-fd36b0d3c4a0,,九州電力送配電,kyushu,220,a3f7ebd7-e714-4bb9-a9a4-73848c944f34,8b645c7c-660b-4fd5-929f-40ccf153c50b,,,,closed,,2026-08-03,kyushu-keitozu-kyushu_kikan,extracted,2026-08-03,图上经同一分岐点多端子共接，已成对拆分；未必是独立线路;uncertain;ev:[13kurume] 久留米|変電所 ++ 木佐木|変電所 ++ 鳥栖|変電所 | closed per kyushu_verdicts.csv#route-220-久留米--鳥栖,tier2,intra
b2a98706-cd81-445c-a440-38fef6c7e0a5,,九州電力送配電,kyushu,220,90449380-1c38-4d22-bba3-76586a56b0b7,113050db-f01f-4521-9f3a-fa9d25bdd33c,,,,active,,,kyushu-keitozu-kyushu_kikan,extracted,2026-08-03,"ev:[02kokura] 井堀|変電所 ++ 到津|変電所; [02kokura] OUT-(362,292){8@8,3@15,槻田@21} ++ OUT-(369,208){5@11,911@19,日明@29} ++ OUT-(369,257){1@15,13@15,3@22} ++ OUT-(373,183){2@16,日明@34,5@35} ++ OUT-(383,231){3@11,911@17,5@27} ++ 井堀|変電所 ++ 到津|変電所 ++ 槻田|開閉所 ++ 港町|発電所",tier2,intra
363b8b5b-5c09-4c8d-8ecd-996d1b2d4774,,九州電力送配電,kyushu,220,90449380-1c38-4d22-bba3-76586a56b0b7,7bb88982-353f-4b12-a65c-cd5db8f50030,,,,closed,,2026-08-03,kyushu-keitozu-kyushu_kikan,extracted,2026-08-03,"图上经同一分岐点多端子共接，已成对拆分；未必是独立线路;uncertain;ev:[02kokura] OUT-(362,292){8@8,3@15,槻田@21} ++ OUT-(369,208){5@11,911@19,日明@29} ++ OUT-(369,257){1@15,13@15,3@22} ++ OUT-(373,183){2@16,日明@34,5@35} ++ OUT-(383,231){3@11,911@17,5@27} ++ 井堀|変電所 ++ 到津|変電所 ++ 槻田|開閉所 ++ 港町|発電所 | closed per kyushu_verdicts.csv#route-220-井堀--槻田",tier2,intra
0be3fa2c-65cc-401f-88b1-c9336f2ca497,,九州電力送配電,kyushu,220,90449380-1c38-4d22-bba3-76586a56b0b7,187662fe-c1c1-4aa5-9eb6-4ad70ff9115b,,,,closed,,2026-08-03,kyushu-keitozu-kyushu_kikan,extracted,2026-08-03,"图上经同一分岐点多端子共接，已成对拆分；未必是独立线路;uncertain;ev:[02kokura] OUT-(362,292){8@8,3@15,槻田@21} ++ OUT-(369,208){5@11,911@19,日明@29} ++ OUT-(369,257){1@15,13@15,3@22} ++ OUT-(373,183){2@16,日明@34,5@35} ++ OUT-(383,231){3@11,911@17,5@27} ++ 井堀|変電所 ++ 到津|変電所 ++ 槻田|開閉所 ++ 港町|発電所 | closed per kyushu_verdicts.csv#route-220-井堀--港町",tier2,intra
5ad6ecfb-b7e3-40eb-baa5-7adc5f3e952c,,九州電力送配電,kyushu,220,a855e2ac-6d01-41f3-842a-608981ed9794,66edcf2b-bc82-48a8-a0dd-34827fbcd403,,,,active,,,kyushu-keitozu-kyushu_kikan,extracted,2026-08-03,ev:[23yatsushiro] None|他社変電所 ++ 人吉|変電所 ++ 大平|開閉所; [23yatsushiro] 人吉|変電所 ++ 大平|開閉所,tier2,intra
bf84890c-b99f-4833-a1b3-77b71abb32ca,,九州電力送配電,kyushu,220,8ee9988f-93b4-4e47-9432-cc377150ebd4,3149bc32-66d7-4363-a3cd-708a231f4710,,,,active,,,kyushu-keitozu-kyushu_kikan,extracted,2026-08-03,ev:[22kumamoto] 伊倉|他社変電所 ++ 北熊本|変電所; [22kumamoto] 三池|変電所 ++ 伊倉|他社変電所 ++ 北熊本|変電所 ++ 熊本|変電所,tier2,intra
16c0b40f-5a06-41a4-8281-ad7a76594fed,,九州電力送配電,kyushu,220,8ee9988f-93b4-4e47-9432-cc377150ebd4,a8932fd2-9a3e-4a02-bc51-c1401c64a3c2,,,,closed,,2026-08-03,kyushu-keitozu-kyushu_kikan,extracted,2026-08-03,图上经同一分岐点多端子共接，已成对拆分；未必是独立线路;uncertain;ev:[22kumamoto] 三池|変電所 ++ 伊倉|他社変電所 ++ 北熊本|変電所 ++ 熊本|変電所 | closed per kyushu_verdicts.csv#route-220-伊倉--熊本,tier2,intra
093c3e0b-288a-40c9-a4f2-e407202420d1,,九州電力送配電,kyushu,220,1d73b977-5daf-46a0-9382-e2654cf8bfb0,fcf09664-b6b2-46d6-a6e2-bdc672bc6d22,,,,active,,,kyushu-keitozu-kyushu_kikan,extracted,2026-08-03,ev:[10ito] 伊都|変電所 ++ 背振|変電所,tier2,intra
d2c4d083-7f60-447c-8ada-6e2ee0caf51c,,九州電力送配電,kyushu,220,2f4c283d-bd13-43e8-be85-d267ca671969,13019ca3-4943-4001-8a04-55d60795dc14,,,,active,,,kyushu-keitozu-kyushu_kikan,extracted,2026-08-03,"图上经同一分岐点多端子共接，已成对拆分；未必是独立线路；多图重复出现并合并：07higashi_fukuoka/09akasaka;uncertain;ev:[07higashi_fukuoka] OUT-(304,386){堅粕@19,16@32,16@36} ++ 住吉|変電所 ++ 堅粕|変電所 ++ 東福岡|変電所; [09akasaka] 住吉|変電所 ++ 堅粕|変電所 ++ 至東福岡|EXT@12 ++ 至東福岡|EXT@4",tier2,intra
afccea0f-95d3-4e89-b4de-dd61850d3b9e,,九州電力送配電,kyushu,220,2f4c283d-bd13-43e8-be85-d267ca671969,a3e07d35-4967-4215-b1de-467c4edbc1f9,,,,active,,,kyushu-keitozu-kyushu_kikan,extracted,2026-08-03,"图上经同一分岐点多端子共接，已成对拆分；未必是独立线路；多图重复出现并合并：07higashi_fukuoka/09akasaka;uncertain;ev:[07higashi_fukuoka] OUT-(304,386){堅粕@19,16@32,16@36} ++ 住吉|変電所 ++ 堅粕|変電所 ++ 東福岡|変電所; [09akasaka] 住吉|変電所 ++ 堅粕|変電所 ++ 至東福岡|EXT@12 ++ 至東福岡|EXT@4",tier2,intra
8e697e35-29f0-4a53-a07d-609b72b46b52,,九州電力送配電,kyushu,220,5becd1e3-6c07-4668-9557-91b3aefd2efc,cf44e885-d462-4398-9a8d-391642180ed7,,,,active,,,kyushu-keitozu-kyushu_kikan,extracted,2026-08-03,跨图拼接（依「至○○」引出标注）;uncertain;ev:[14omuta] 木佐木|変電所 ++ 至佐賀|EXT@9; [14omuta] 木佐木|変電所 ++ 至佐賀|EXT@6,tier2,intra
409b028d-f7c8-4921-9b7a-f5ddea4bf2a8,,九州電力送配電,kyushu,220,0f0052ac-8e22-4470-9929-7e551e81e9a6,66edcf2b-bc82-48a8-a0dd-34827fbcd403,,,,closed,,2026-08-03,kyushu-keitozu-kyushu_kikan,extracted,2026-08-03,图上经同一分岐点多端子共接，已成对拆分；未必是独立线路;uncertain;ev:[23yatsushiro] 中九州|変電所 ++ 八代|開閉所 ++ 大平|開閉所 | closed per kyushu_verdicts.csv#route-220-八代--大平,tier2,intra
99547695-f4d4-4c02-a9ff-f52b8f6ee99b,,九州電力送配電,kyushu,220,0f0052ac-8e22-4470-9929-7e551e81e9a6,44b9125f-7039-4c77-b42a-b1e945ff43c5,,,,active,,,kyushu-keitozu-kyushu_kikan,extracted,2026-08-03,跨图拼接（依「至○○」引出标注）;uncertain;ev:[23yatsushiro] 八代|変電所 ++ 至宮原|EXT@30; [23yatsushiro] 八代|変電所 ++ 至宮原|EXT@24,tier2,intra
86c47f8f-bec9-4af3-b773-db9513d5ce0c,,九州電力送配電,kyushu,220,b44d4b94-800f-4ffd-af05-e2feae9f7590,540fd7d0-c461-432e-be21-16473ae308a6,,,,closed,,2026-08-03,kyushu-keitozu-kyushu_kikan,extracted,2026-08-03,图上经同一分岐点多端子共接，已成对拆分；未必是独立线路;uncertain;ev:[27sendai] 出水|変電所 ++ 南九州|変電所 ++ 川内|変電所 ++ 川薩|開閉所 | closed per kyushu_verdicts.csv#route-220-出水--南九州,tier2,intra
3d74c186-ec9f-459f-bf0c-a05232755ebc,,九州電力送配電,kyushu,220,b44d4b94-800f-4ffd-af05-e2feae9f7590,256d0c31-ba5b-41c6-b138-35f0e1211aab,,,,active,,,kyushu-keitozu-kyushu_kikan,extracted,2026-08-03,ev:[27sendai] 出水|他社変電所 ++ 向江|変電所; [27sendai] 出水|変電所 ++ 向江|変電所,tier2,intra
ca332836-23d5-44fa-901f-6abf17b39e2c,,九州電力送配電,kyushu,220,b44d4b94-800f-4ffd-af05-e2feae9f7590,91d36989-9fb9-4df4-b054-d093db7fe529,,,,closed,,2026-08-03,kyushu-keitozu-kyushu_kikan,extracted,2026-08-03,图上经同一分岐点多端子共接，已成对拆分；未必是独立线路;uncertain;ev:[27sendai] 出水|変電所 ++ 南九州|変電所 ++ 川内|変電所 ++ 川薩|開閉所 | closed per kyushu_verdicts.csv#route-220-出水--川内,tier2,intra
a7bfbc1b-0bcd-4b56-8ff9-f11a0c6c8626,,九州電力送配電,kyushu,220,b44d4b94-800f-4ffd-af05-e2feae9f7590,fc4a455f-a002-43dc-951b-35cee1fb1776,,,,active,,,kyushu-keitozu-kyushu_kikan,extracted,2026-08-03,图上经同一分岐点多端子共接，已成对拆分；未必是独立线路;uncertain;ev:[27sendai] 出水|変電所 ++ 南九州|変電所 ++ 川内|変電所 ++ 川薩|開閉所,tier2,intra
1428b4e0-e17e-4d62-9663-f500ca4e894d,,九州電力送配電,kyushu,220,113050db-f01f-4521-9f3a-fa9d25bdd33c,7bb88982-353f-4b12-a65c-cd5db8f50030,,,,active,,,kyushu-keitozu-kyushu_kikan,extracted,2026-08-03,"图上经同一分岐点多端子共接，已成对拆分；未必是独立线路;uncertain;ev:[02kokura] OUT-(362,292){8@8,3@15,槻田@21} ++ OUT-(369,208){5@11,911@19,日明@29} ++ OUT-(369,257){1@15,13@15,3@22} ++ OUT-(373,183){2@16,日明@34,5@35} ++ OUT-(383,231){3@11,911@17,5@27} ++ 井堀|変電所 ++ 到津|変電所 ++ 槻田|開閉所 ++ 港町|発電所",tier2,intra
d8616747-fc46-40ca-9701-ce5c7cf65021,,九州電力送配電,kyushu,220,113050db-f01f-4521-9f3a-fa9d25bdd33c,187662fe-c1c1-4aa5-9eb6-4ad70ff9115b,,,,closed,,2026-08-03,kyushu-keitozu-kyushu_kikan,extracted,2026-08-03,"图上经同一分岐点多端子共接，已成对拆分；未必是独立线路;uncertain;ev:[02kokura] OUT-(362,292){8@8,3@15,槻田@21} ++ OUT-(369,208){5@11,911@19,日明@29} ++ OUT-(369,257){1@15,13@15,3@22} ++ OUT-(373,183){2@16,日明@34,5@35} ++ OUT-(383,231){3@11,911@17,5@27} ++ 井堀|変電所 ++ 到津|変電所 ++ 槻田|開閉所 ++ 港町|発電所 | closed per kyushu_verdicts.csv#route-220-到津--港町",tier2,intra
45740eef-185b-4c0c-aa7f-5dd0c16573c2,,九州電力送配電,kyushu,220,09a9d654-fe2d-4ddf-9a98-497aa87edb79,45842840-67d3-417d-8291-c9a64c0ec4c4,,,,closed,,2026-08-03,kyushu-keitozu-kyushu_kikan,extracted,2026-08-03,图上经同一分岐点多端子共接，已成对拆分；未必是独立线路;uncertain;ev:[05koga] None|他社変電所 ++ 古賀|変電所 ++ 至北九州|EXT@24 ++ 至東福岡|EXT@13; [05koga] None|他社変電所 ++ 古賀|変電所 ++ 至北九州|EXT@19 ++ 至東福岡|EXT@17 | closed per kyushu_verdicts.csv#route-220-北九州--古賀,tier2,intra
c7d99053-d4fd-4ff9-9f47-15db5c515720,,九州電力送配電,kyushu,220,09a9d654-fe2d-4ddf-9a98-497aa87edb79,2c7fbf13-4df1-434e-adf8-19b5775fafab,,,,active,,,kyushu-keitozu-kyushu_kikan,extracted,2026-08-03,图上经同一分岐点多端子共接，已成对拆分；未必是独立线路;uncertain;ev:[07higashi_fukuoka] 寺浦|他社変電所 ++ 東福岡|変電所 ++ 至北九州|EXT@9; [07higashi_fukuoka] 寺浦|他社変電所 ++ 東福岡|変電所 ++ 至北九州|EXT@12,tier2,intra
4560ac85-3ff9-4fd6-9bcb-2398f4385c60,,九州電力送配電,kyushu,220,09a9d654-fe2d-4ddf-9a98-497aa87edb79,a3e07d35-4967-4215-b1de-467c4edbc1f9,,,,active,,,kyushu-keitozu-kyushu_kikan,extracted,2026-08-03,图上经同一分岐点多端子共接，已成对拆分；未必是独立线路；多图重复出现并合并：05koga/07higashi_fukuoka;uncertain;ev:[05koga] None|他社変電所 ++ 古賀|変電所 ++ 至北九州|EXT@24 ++ 至東福岡|EXT@13; [05koga] None|他社変電所 ++ 古賀|変電所 ++ 至北九州|EXT@19 ++ 至東福岡|EXT@17; [07higashi_fukuoka] 寺浦|他社変電所 ++ 東福岡|変電所 ++ 至北九州|EXT@9,tier2,intra
e6e39e49-b53a-4e3e-a2be-ca958d2fb15f,,九州電力送配電,kyushu,220,09a9d654-fe2d-4ddf-9a98-497aa87edb79,7bb88982-353f-4b12-a65c-cd5db8f50030,,,,active,,,kyushu-keitozu-kyushu_kikan,extracted,2026-08-03,ev:[02kokura] None|他社変電所 ++ 北九州|変電所 ++ 槻田|開閉所; [02kokura] 北九州|変電所 ++ 槻田|開閉所,tier2,intra
753bfcf3-8eec-462b-ad20-27f51beafae9,,九州電力送配電,kyushu,220,09a9d654-fe2d-4ddf-9a98-497aa87edb79,97a08901-b554-4fe2-a068-3b1bad63ef51,,,,active,,,kyushu-keitozu-kyushu_kikan,extracted,2026-08-03,ev:[02kokura] 北九州|変電所 ++ 西谷|変電所,tier2,intra
c8003d8e-0408-456f-8f1a-a02e170b0259,,九州電力送配電,kyushu,220,3149bc32-66d7-4363-a3cd-708a231f4710,a8932fd2-9a3e-4a02-bc51-c1401c64a3c2,,,,active,,,kyushu-keitozu-kyushu_kikan,extracted,2026-08-03,图上经同一分岐点多端子共接，已成对拆分；未必是独立线路;uncertain;ev:[22kumamoto] 三池|変電所 ++ 伊倉|他社変電所 ++ 北熊本|変電所 ++ 熊本|変電所,tier2,intra
9172bad8-ad5a-45c6-9c28-65f85ab64501,,九州電力送配電,kyushu,220,19cd2c20-b0fb-405e-898e-be5b6476981e,a83a4415-58a6-4780-b000-efc7fe6fcf74,,,,active,,,kyushu-keitozu-kyushu_kikan,extracted,2026-08-03,"ev:[20nagasaki] OUT-(112,128){予想潮流・空容量一覧表はこちら@33,⇒ここをクリック@39,瀬戸@45} ++ 北長崎|変電所 ++ 松島|発電所; [20nagasaki] OUT-(122,127){予想潮流・空容量一覧表はこちら@33,⇒ここをクリック@48,瀬戸@50} ++ 北長崎|変電所 ++ 松島|変電所",tier2,intra
98c8c5c9-e9b0-4c19-9650-70f17c4bdc32,,九州電力送配電,kyushu,220,540fd7d0-c461-432e-be21-16473ae308a6,256d0c31-ba5b-41c6-b138-35f0e1211aab,,,,closed,,2026-08-03,kyushu-keitozu-kyushu_kikan,extracted,2026-08-03,图上经同一分岐点多端子共接，已成对拆分；未必是独立线路;uncertain;ev:[27sendai] 南九州|変電所 ++ 向江|変電所 ++ 川内|変電所 ++ 川薩|開閉所 | closed per kyushu_verdicts.csv#route-220-南九州--向江,tier2,intra
41848996-8f3c-4fb4-b682-f7437c300a58,,九州電力送配電,kyushu,220,540fd7d0-c461-432e-be21-16473ae308a6,91d36989-9fb9-4df4-b054-d093db7fe529,,,,closed,,2026-08-03,kyushu-keitozu-kyushu_kikan,extracted,2026-08-03,图上经同一分岐点多端子共接，已成对拆分；未必是独立线路;uncertain;ev:[27sendai] 出水|変電所 ++ 南九州|変電所 ++ 川内|変電所 ++ 川薩|開閉所; [27sendai] 南九州|変電所 ++ 向江|変電所 ++ 川内|変電所 ++ 川薩|開閉所 | closed per kyushu_verdicts.csv#route-220-南九州--川内,tier2,intra
1b10af05-5b5a-4865-bc1f-f33f36f2afcc,,九州電力送配電,kyushu,220,540fd7d0-c461-432e-be21-16473ae308a6,fc4a455f-a002-43dc-951b-35cee1fb1776,,,,active,,,kyushu-keitozu-kyushu_kikan,extracted,2026-08-03,图上经同一分岐点多端子共接，已成对拆分；未必是独立线路;uncertain;ev:[27sendai] 出水|変電所 ++ 南九州|変電所 ++ 川内|変電所 ++ 川薩|開閉所; [27sendai] 南九州|変電所 ++ 向江|変電所 ++ 川内|変電所 ++ 川薩|開閉所,tier2,intra
504caf3f-0f8c-4991-8f9f-46c2d6b7de62,,九州電力送配電,kyushu,220,dcb444b4-33bf-45ea-8fb9-cdd04ed4758e,510fb592-58ae-47cb-b448-e77722e41d75,,,,active,,,kyushu-keitozu-kyushu_kikan,extracted,2026-08-03,ev:[01moji] 南原|発電所 ++ 南苅田|他社変電所,tier2,intra
88ee4bd7-a5fa-42d2-a34a-bcd56ff09378,,九州電力送配電,kyushu,220,ece8e9ca-4a28-4232-90e8-3e4c194093df,4249e180-5f96-4230-a891-ffcec4f6970e,,,,active,,,kyushu-keitozu-kyushu_kikan,extracted,2026-08-03,"多图重复出现并合并：26miyazaki/28kirishima;ev:[26miyazaki] OUTS(171,532){大淀川第一@29} ++ 南宮崎|変電所 ++ 宮崎|変電所; [26miyazaki] OUTS(192,532){大淀川第一@44,2@54,宮崎@70} ++ 南宮崎|変電所 ++ 宮崎|変電所; [28kirishima] 南宮崎|変電所 ++ 宮崎|変電所 ++ 高野|開閉所",tier2,intra
f4ae0308-ae6b-45ee-a657-70a8f41fa346,,九州電力送配電,kyushu,220,ece8e9ca-4a28-4232-90e8-3e4c194093df,ceb5788e-855b-408d-b1f5-f73dcb02f190,,,,active,,,kyushu-keitozu-kyushu_kikan,extracted,2026-08-03,图上经同一分岐点多端子共接，已成对拆分；未必是独立线路;uncertain;ev:[28kirishima] 南宮崎|変電所 ++ 宮崎|変電所 ++ 高野|開閉所,tier2,intra
981c63bf-e758-4b8c-b61f-b88dc3a6250b,,九州電力送配電,kyushu,220,dffdc0eb-b78a-47f0-bec2-3855c0cbf13b,7e93dd11-86b2-47b6-9c33-a015fcfb5108,,,,active,,,kyushu-keitozu-kyushu_kikan,extracted,2026-08-03,ev:[22kumamoto] 南熊本|変電所 ++ 大津|変電所,tier2,intra
10c4587b-e683-4954-89c0-edef8e0ba59d,,九州電力送配電,kyushu,220,dffdc0eb-b78a-47f0-bec2-3855c0cbf13b,1a46cae7-dbd7-4061-b87d-a1494dc1c2e3,,,,active,,,kyushu-keitozu-kyushu_kikan,extracted,2026-08-03,ev:[22kumamoto] 南熊本|変電所 ++ 川辺|発電所,tier2,intra
313924d4-cda9-4ca4-bd0f-a87a8874c6d0,,九州電力送配電,kyushu,220,dffdc0eb-b78a-47f0-bec2-3855c0cbf13b,190bc9b7-fb74-41b1-8d07-15796ee58a84,,,,active,,,kyushu-keitozu-kyushu_kikan,extracted,2026-08-03,ev:[22kumamoto] 南熊本|変電所 ++ 緑川|変電所,tier2,intra
c96fe4b8-b320-4a85-8391-dc9e47dcbd67,,九州電力送配電,kyushu,220,510fb592-58ae-47cb-b448-e77722e41d75,ec0556b2-4fd9-44e2-b4e4-2355dd77a4a6,,,,active,,,kyushu-keitozu-kyushu_kikan,extracted,2026-08-03,ev:[01moji] 南苅田|他社変電所 ++ 苅田|開閉所; [01moji] 南苅田|開閉所 ++ 苅田|変電所; [01moji] 南苅田|開閉所 ++ 至行橋|EXT@66 ++ 苅田|変電所,tier2,intra
95a336f2-5a3f-40ef-8d82-f6ba45b91194,,九州電力送配電,kyushu,220,510fb592-58ae-47cb-b448-e77722e41d75,b9f7604e-0813-4dec-af0c-233528a757c5,,,,active,,,kyushu-keitozu-kyushu_kikan,extracted,2026-08-03,图上经同一分岐点多端子共接，已成对拆分；未必是独立线路;uncertain;ev:[01moji] 南苅田|開閉所 ++ 至行橋|EXT@66 ++ 苅田|変電所,tier2,intra
5d5abc2c-728c-4a2e-8681-3fa2cbb4400a,,九州電力送配電,kyushu,220,38dcac42-821d-4ae4-ac37-a252fc109092,cf44e885-d462-4398-9a8d-391642180ed7,,,,active,,,kyushu-keitozu-kyushu_kikan,extracted,2026-08-03,图上经同一分岐点多端子共接，已成对拆分；未必是独立线路;uncertain;ev:[13kurume] 原古賀|変電所 ++ 至木佐木|EXT@20 ++ 鳥栖|変電所; [13kurume] 原古賀|変電所 ++ 至木佐木|EXT@16 ++ 鳥栖|変電所,tier2,intra
9d415be2-9385-41dc-9e5b-c436cd799efb,,九州電力送配電,kyushu,220,38dcac42-821d-4ae4-ac37-a252fc109092,8b645c7c-660b-4fd5-929f-40ccf153c50b,,,,closed,,2026-08-03,kyushu-keitozu-kyushu_kikan,extracted,2026-08-03,图上经同一分岐点多端子共接，已成对拆分；未必是独立线路;uncertain;ev:[13kurume] 原古賀|変電所 ++ 至木佐木|EXT@20 ++ 鳥栖|変電所; [13kurume] 原古賀|変電所 ++ 至木佐木|EXT@16 ++ 鳥栖|変電所 | closed per kyushu_verdicts.csv#route-220-原古賀--鳥栖,tier2,intra
542e9a4e-ea87-40bb-b2c3-8292b0f610c7,,九州電力送配電,kyushu,220,45842840-67d3-417d-8291-c9a64c0ec4c4,a3e07d35-4967-4215-b1de-467c4edbc1f9,,,,active,,,kyushu-keitozu-kyushu_kikan,extracted,2026-08-03,图上经同一分岐点多端子共接，已成对拆分；未必是独立线路;uncertain;ev:[05koga] None|他社変電所 ++ 古賀|変電所 ++ 至北九州|EXT@24 ++ 至東福岡|EXT@13; [05koga] None|他社変電所 ++ 古賀|変電所 ++ 至北九州|EXT@19 ++ 至東福岡|EXT@17,tier2,intra
93be851f-3128-4767-9620-58a172abf512,,九州電力送配電,kyushu,220,256d0c31-ba5b-41c6-b138-35f0e1211aab,91d36989-9fb9-4df4-b054-d093db7fe529,,,,closed,,2026-08-03,kyushu-keitozu-kyushu_kikan,extracted,2026-08-03,图上经同一分岐点多端子共接，已成对拆分；未必是独立线路;uncertain;ev:[27sendai] 南九州|変電所 ++ 向江|変電所 ++ 川内|変電所 ++ 川薩|開閉所 | closed per kyushu_verdicts.csv#route-220-向江--川内,tier2,intra
642e59ca-6e51-4dd0-b84d-25fbb3799877,,九州電力送配電,kyushu,220,256d0c31-ba5b-41c6-b138-35f0e1211aab,fc4a455f-a002-43dc-951b-35cee1fb1776,,,,closed,,2026-08-03,kyushu-keitozu-kyushu_kikan,extracted,2026-08-03,图上经同一分岐点多端子共接，已成对拆分；未必是独立线路;uncertain;ev:[27sendai] 南九州|変電所 ++ 向江|変電所 ++ 川内|変電所 ++ 川薩|開閉所 | closed per kyushu_verdicts.csv#route-220-向江--川薩,tier2,intra
3ccf481d-21b1-4b4d-85a4-e68c9e6dedf6,,九州電力送配電,kyushu,220,2ca2c515-3618-4dcf-a99f-e6f0bf0d9917,a9a875c5-359a-432d-b6e3-b7cbac5d1096,,,,active,,,kyushu-keitozu-kyushu_kikan,extracted,2026-08-03,ev:[18karatsu] 唐津|変電所 ++ 西九州|変電所,tier2,intra
5228f5eb-2b39-4822-add9-5d71c009e305,,九州電力送配電,kyushu,220,13019ca3-4943-4001-8a04-55d60795dc14,a3e07d35-4967-4215-b1de-467c4edbc1f9,,,,active,,,kyushu-keitozu-kyushu_kikan,extracted,2026-08-03,"跨图拼接（依「至○○」引出标注）；多图重复出现并合并：07higashi_fukuoka/09akasaka;ev:[09akasaka] 堅粕|変電所 ++ 至東福岡|EXT@20; [07higashi_fukuoka] OUT-(304,386){堅粕@19,16@32,16@36} ++ 住吉|変電所 ++ 堅粕|変電所 ++ 東福岡|変電所; [09akasaka] 住吉|変電所 ++ 堅粕|変電所 ++ 至東福岡|EXT@12 ++ 至東福岡|EXT@4",tier2,intra
c44410f7-c3c8-4772-b9d2-99d4ada5b9d0,,九州電力送配電,kyushu,220,4f7ba6da-76cf-4328-ac03-56223dcc7963,0d569b24-6d54-434a-9d8e-945375c12f09,,,,active,,,kyushu-keitozu-kyushu_kikan,extracted,2026-08-03,ev:[15oita] 大分|変電所 ++ 新大分|変電所,tier2,intra
75c59a3a-361e-45ba-a18d-eb311e37da33,,九州電力送配電,kyushu,220,4f7ba6da-76cf-4328-ac03-56223dcc7963,3ac86374-1ef3-479b-933d-e16df4cb0605,,,,active,,,kyushu-keitozu-kyushu_kikan,extracted,2026-08-03,ev:[15oita] 大分|変電所 ++ 日岡|発電所,tier2,intra
84c5a3de-6be9-419d-8bae-cfffec2f1177,,九州電力送配電,kyushu,220,4f7ba6da-76cf-4328-ac03-56223dcc7963,5b5b8151-c277-492c-a349-ada207b42b07,,,,active,,,kyushu-keitozu-kyushu_kikan,extracted,2026-08-03,"ev:[15oita] OUTS(424,532){末広@24,6@31,東九州@47} ++ 大分|変電所 ++ 東九州|変電所; [15oita] OUTS(421,532){末広@27,6@33,東九州@45} ++ 大分|変電所 ++ 東九州|変電所 ++ 西大分|変電所; [15oita] OUT-(637,341){4@20,1@44,東九州@60} ++ 大分|変電所 ++ 東九州|変電所 ++ 西大分|変電所",tier2,intra
aec99e71-4e81-4368-b994-bbe4ab17847f,,九州電力送配電,kyushu,220,4f7ba6da-76cf-4328-ac03-56223dcc7963,9ed391bc-89ed-450c-91ce-5b64b04beb3e,,,,active,,,kyushu-keitozu-kyushu_kikan,extracted,2026-08-03,"ev:[15oita] 大分|変電所 ++ 西大分|変電所; [15oita] OUTS(421,532){末広@27,6@33,東九州@45} ++ 大分|変電所 ++ 東九州|変電所 ++ 西大分|変電所; [15oita] OUT-(637,341){4@20,1@44,東九州@60} ++ 大分|変電所 ++ 東九州|変電所 ++ 西大分|変電所",tier2,intra
8309b7c7-b013-4a35-92bb-ea07c5194aab,,九州電力送配電,kyushu,220,7e93dd11-86b2-47b6-9c33-a015fcfb5108,16c5726b-837a-4050-8281-c68d851b6fe6,,,,active,,,kyushu-keitozu-kyushu_kikan,extracted,2026-08-03,ev:[22kumamoto] 大津|変電所 ++ 弓削|変電所,tier2,intra
3d8079ec-237d-4e1b-aa09-0c2399a7b888,,九州電力送配電,kyushu,220,7e93dd11-86b2-47b6-9c33-a015fcfb5108,a8932fd2-9a3e-4a02-bc51-c1401c64a3c2,,,,active,,,kyushu-keitozu-kyushu_kikan,extracted,2026-08-03,ev:[22kumamoto] 大津|変電所 ++ 熊本|変電所,tier2,intra
086ee820-f725-4777-ace8-abda54bf4f84,,九州電力送配電,kyushu,220,e2973459-b5f4-4c84-803c-e6d610e63abd,328293f2-7c1b-447d-9d9d-5678971a4d6e,,,,active,,,kyushu-keitozu-kyushu_kikan,extracted,2026-08-03,"ev:[29kagoshima] OUT-(194,119){2@37,22@49,24@52} ++ 大田|他社変電所 ++ 新鹿児島|変電所; [29kagoshima] 大田|他社変電所 ++ 新鹿児島|変電所",tier2,intra
fa77b4ae-4246-4126-b67f-dc5f9c23ec7f,,九州電力送配電,kyushu,220,4249e180-5f96-4230-a891-ffcec4f6970e,ceb5788e-855b-408d-b1f5-f73dcb02f190,,,,closed,,2026-08-03,kyushu-keitozu-kyushu_kikan,extracted,2026-08-03,图上经同一分岐点多端子共接，已成对拆分；未必是独立线路;uncertain;ev:[28kirishima] 南宮崎|変電所 ++ 宮崎|変電所 ++ 高野|開閉所 | closed per kyushu_verdicts.csv#route-220-宮崎--高野,tier2,intra
c6675125-ce94-4ee5-960d-7ad3bc4676b9,,九州電力送配電,kyushu,220,2c7fbf13-4df1-434e-adf8-19b5775fafab,a3e07d35-4967-4215-b1de-467c4edbc1f9,,,,closed,,2026-08-03,kyushu-keitozu-kyushu_kikan,extracted,2026-08-03,图上经同一分岐点多端子共接，已成对拆分；未必是独立线路;uncertain;ev:[07higashi_fukuoka] 寺浦|他社変電所 ++ 東福岡|変電所 ++ 至北九州|EXT@9; [07higashi_fukuoka] 寺浦|他社変電所 ++ 東福岡|変電所 ++ 至北九州|EXT@12 | closed per kyushu_verdicts.csv#route-220-寺浦--東福岡,tier2,intra
e59b9145-ead9-42d1-8494-d4b405d4ac31,,九州電力送配電,kyushu,220,c2650c40-a1ee-4870-9546-c483578a0eb2,a3e07d35-4967-4215-b1de-467c4edbc1f9,,,,active,,,kyushu-keitozu-kyushu_kikan,extracted,2026-08-03,跨图拼接（依「至○○」引出标注）;uncertain;ev:[12chuo] 山家|変電所 ++ 至東福岡|EXT@7; [12chuo] 山家|変電所 ++ 至東福岡|EXT@11,tier2,intra
119600ff-4b91-453e-a75e-6f80aff6f4a6,,九州電力送配電,kyushu,220,91d36989-9fb9-4df4-b054-d093db7fe529,fc4a455f-a002-43dc-951b-35cee1fb1776,,,,active,,,kyushu-keitozu-kyushu_kikan,extracted,2026-08-03,ev:[27sendai] 川内|発電所 ++ 川薩|発電所; [27sendai] 出水|変電所 ++ 南九州|変電所 ++ 川内|変電所 ++ 川薩|開閉所; [27sendai] 南九州|変電所 ++ 向江|変電所 ++ 川内|変電所 ++ 川薩|開閉所,tier2,intra
b159d85a-97ee-451d-a381-88f72191ab9f,,九州電力送配電,kyushu,220,1a46cae7-dbd7-4061-b87d-a1494dc1c2e3,16c5726b-837a-4050-8281-c68d851b6fe6,,,,active,,,kyushu-keitozu-kyushu_kikan,extracted,2026-08-03,ev:[22kumamoto] 川辺|発電所 ++ 弓削|変電所,tier2,intra
89cbe022-f601-4874-b680-b7108d05b2f3,,九州電力送配電,kyushu,220,1a46cae7-dbd7-4061-b87d-a1494dc1c2e3,a8932fd2-9a3e-4a02-bc51-c1401c64a3c2,,,,active,,,kyushu-keitozu-kyushu_kikan,extracted,2026-08-03,ev:[22kumamoto] 川辺|発電所 ++ 熊本|変電所,tier2,intra
0e453483-d6d8-442e-9418-6232ffe6c546,,九州電力送配電,kyushu,220,33ff31e0-0daa-49c6-adcb-da7a6d5a5b8a,9ae5f65d-8b3c-4e66-a94c-00cf02dbd9c4,,,,active,,,kyushu-keitozu-kyushu_kikan,extracted,2026-08-03,图上经同一分岐点多端子共接，已成对拆分；未必是独立线路;uncertain;ev:[21isahaya] 御館|他社変電所 ++ 諫早|変電所 ++ 長崎|変電所,tier2,intra
c2b1b0e2-6b57-4a6d-b105-d1721a89bf2d,,九州電力送配電,kyushu,220,33ff31e0-0daa-49c6-adcb-da7a6d5a5b8a,cd1543e6-00d8-4b9b-8424-1abd36df3a31,,,,closed,,2026-08-03,kyushu-keitozu-kyushu_kikan,extracted,2026-08-03,图上经同一分岐点多端子共接，已成对拆分；未必是独立线路;uncertain;ev:[21isahaya] 御館|他社変電所 ++ 諫早|変電所 ++ 長崎|変電所 | closed per kyushu_verdicts.csv#route-220-御館--長崎,tier2,intra
95346057-cfc7-4975-b09a-f14b7c48f14c,,九州電力送配電,kyushu,220,0d569b24-6d54-434a-9d8e-945375c12f09,5b5b8151-c277-492c-a349-ada207b42b07,,,,active,,,kyushu-keitozu-kyushu_kikan,extracted,2026-08-03,ev:[15oita] 新大分|変電所 ++ 東九州|変電所,tier2,intra
2fa56fdc-03e9-4cc9-be97-963cc8440e36,,九州電力送配電,kyushu,220,0d569b24-6d54-434a-9d8e-945375c12f09,65c305a5-6b87-4dab-80f8-09175e7e8794,,,,active,,,kyushu-keitozu-kyushu_kikan,extracted,2026-08-03,ev:[15oita] 新大分|変電所 ++ 東大分|変電所,tier2,intra
cb703e09-3254-4d98-89bf-132cbdcf95b1,,九州電力送配電,kyushu,220,cf44e885-d462-4398-9a8d-391642180ed7,8b645c7c-660b-4fd5-929f-40ccf153c50b,,,,active,,,kyushu-keitozu-kyushu_kikan,extracted,2026-08-03,跨图拼接（依「至○○」引出标注）；多图重复出现并合并：13kurume/14omuta;ev:[14omuta] 木佐木|変電所 ++ 至鳥栖|EXT@15; [14omuta] 木佐木|変電所 ++ 至鳥栖|EXT@10; [13kurume] 久留米|変電所 ++ 木佐木|変電所 ++ 鳥栖|変電所,tier2,intra
89df7c78-6424-42e1-9b6d-250c228b1537,,九州電力送配電,kyushu,220,5b5b8151-c277-492c-a349-ada207b42b07,0b0f2890-9f1a-41ed-9dea-a92442bc65f1,,,,active,,,kyushu-keitozu-kyushu_kikan,extracted,2026-08-03,"ev:[17saiki] 東九州|変電所 ++ 海崎|変電所; [17saiki] OUT-(418,163){東九州@21,末広@47} ++ 東九州|変電所 ++ 海崎|変電所",tier2,intra
a3eebffa-8266-40cf-a711-8855ddb43cc1,,九州電力送配電,kyushu,220,5b5b8151-c277-492c-a349-ada207b42b07,9ed391bc-89ed-450c-91ce-5b64b04beb3e,,,,closed,,2026-08-03,kyushu-keitozu-kyushu_kikan,extracted,2026-08-03,"图上经同一分岐点多端子共接，已成对拆分；未必是独立线路;uncertain;ev:[15oita] OUTS(421,532){末広@27,6@33,東九州@45} ++ 大分|変電所 ++ 東九州|変電所 ++ 西大分|変電所; [15oita] OUT-(637,341){4@20,1@44,東九州@60} ++ 大分|変電所 ++ 東九州|変電所 ++ 西大分|変電所; [15oita] 大分|変電所 ++ 東九州|変電所 ++ 西大分|変電所 | closed per kyushu_verdicts.csv#route-220-東九州--西大分",tier2,intra
014e7000-0fb0-4d58-9425-77a9ae280d17,,九州電力送配電,kyushu,220,490c0d23-59cb-483d-af1d-44bd56df626f,e423863c-8726-4ee4-aaea-189cb85e03de,,,,active,,,kyushu-keitozu-kyushu_kikan,extracted,2026-08-03,图上经同一分岐点多端子共接，已成对拆分；未必是独立线路;uncertain;ev:[19takeo] 東佐世保|変電所 ++ 武雄|変電所 ++ 西九州|変電所 ++ 西佐世保|変電所; [19takeo] 東佐世保|変電所 ++ 武雄|変電所 ++ 西佐世保|変電所,tier2,intra
d3ce9ff5-ea2f-474e-bd35-8416ad89e8dc,,九州電力送配電,kyushu,220,490c0d23-59cb-483d-af1d-44bd56df626f,b964ad8a-0e50-43c6-8baa-f0a912cf5523,,,,active,,,kyushu-keitozu-kyushu_kikan,extracted,2026-08-03,"ev:[19takeo] OUT-(306,516){瀬戸@14,28@26,48@27} ++ 東佐世保|変電所 ++ 瀬戸|変電所",tier2,intra
e25bf896-5fe4-4a5b-bb96-3b1be9e049b9,,九州電力送配電,kyushu,220,490c0d23-59cb-483d-af1d-44bd56df626f,a9a875c5-359a-432d-b6e3-b7cbac5d1096,,,,active,,,kyushu-keitozu-kyushu_kikan,extracted,2026-08-03,ev:[19takeo] 東佐世保|変電所 ++ 西九州|変電所; [19takeo] 東佐世保|変電所 ++ 武雄|変電所 ++ 西九州|変電所 ++ 西佐世保|変電所,tier2,intra
be541546-b102-4282-bdff-25b0ca3adb9d,,九州電力送配電,kyushu,220,490c0d23-59cb-483d-af1d-44bd56df626f,163b43a9-0df3-4c46-9470-9be0920e691f,,,,closed,,2026-08-03,kyushu-keitozu-kyushu_kikan,extracted,2026-08-03,图上经同一分岐点多端子共接，已成对拆分；未必是独立线路;uncertain;ev:[19takeo] 東佐世保|変電所 ++ 武雄|変電所 ++ 西九州|変電所 ++ 西佐世保|変電所; [19takeo] 東佐世保|変電所 ++ 武雄|変電所 ++ 西佐世保|変電所 | closed per kyushu_verdicts.csv#route-220-東佐世保--西佐世保,tier2,intra
31421111-698e-4102-b624-11bb59c4f605,,九州電力送配電,kyushu,220,3954234f-cb20-4534-8511-f20e485ee0be,44f83efb-1bbc-4a41-aad8-8e35e4aa3b03,,,,active,,,kyushu-keitozu-kyushu_kikan,extracted,2026-08-03,"图上经同一分岐点多端子共接，已成对拆分；未必是独立线路;uncertain;ev:[11buzen] OUTS(455,524){別府@23,26@50} ++ 東豊前|変電所 ++ 豊前|変電所 ++ 速見|変電所",tier2,intra
f034e769-c309-4f61-9eea-abebf2d9f4ab,,九州電力送配電,kyushu,220,3954234f-cb20-4534-8511-f20e485ee0be,567a4dc2-07da-4ca0-86d8-766347423611,,,,closed,,2026-08-03,kyushu-keitozu-kyushu_kikan,extracted,2026-08-03,"图上经同一分岐点多端子共接，已成对拆分；未必是独立线路;uncertain;ev:[11buzen] OUTS(455,524){別府@23,26@50} ++ 東豊前|変電所 ++ 豊前|変電所 ++ 速見|変電所 | closed per kyushu_verdicts.csv#route-220-東豊前--速見",tier2,intra
bf793618-734b-40bf-a3a4-942d23ac7993,,九州電力送配電,kyushu,220,7bb88982-353f-4b12-a65c-cd5db8f50030,187662fe-c1c1-4aa5-9eb6-4ad70ff9115b,,,,closed,,2026-08-03,kyushu-keitozu-kyushu_kikan,extracted,2026-08-03,"图上经同一分岐点多端子共接，已成对拆分；未必是独立线路;uncertain;ev:[02kokura] OUT-(362,292){8@8,3@15,槻田@21} ++ OUT-(369,208){5@11,911@19,日明@29} ++ OUT-(369,257){1@15,13@15,3@22} ++ OUT-(373,183){2@16,日明@34,5@35} ++ OUT-(383,231){3@11,911@17,5@27} ++ 井堀|変電所 ++ 到津|変電所 ++ 槻田|開閉所 ++ 港町|発電所 | closed per kyushu_verdicts.csv#route-220-槻田--港町",tier2,intra
3a9115cc-8669-47b3-bdf8-aa2c549a86e6,,九州電力送配電,kyushu,220,e423863c-8726-4ee4-aaea-189cb85e03de,a9a875c5-359a-432d-b6e3-b7cbac5d1096,,,,active,,,kyushu-keitozu-kyushu_kikan,extracted,2026-08-03,多图重复出现并合并：18karatsu/19takeo;ev:[18karatsu] 武雄|変電所 ++ 西九州|変電所; [19takeo] 武雄|変電所 ++ 西九州|変電所; [19takeo] 東佐世保|変電所 ++ 武雄|変電所 ++ 西九州|変電所 ++ 西佐世保|変電所,tier2,intra
2838754a-12b3-4fe7-8c8b-7a919ebf14e2,,九州電力送配電,kyushu,220,e423863c-8726-4ee4-aaea-189cb85e03de,163b43a9-0df3-4c46-9470-9be0920e691f,,,,active,,,kyushu-keitozu-kyushu_kikan,extracted,2026-08-03,图上经同一分岐点多端子共接，已成对拆分；未必是独立线路;uncertain;ev:[19takeo] 東佐世保|変電所 ++ 武雄|変電所 ++ 西九州|変電所 ++ 西佐世保|変電所; [19takeo] 東佐世保|変電所 ++ 武雄|変電所 ++ 西佐世保|変電所,tier2,intra
c9fb30a3-1e32-4511-9e2f-5e6bd28c0873,,九州電力送配電,kyushu,220,fcf09664-b6b2-46d6-a6e2-bdc672bc6d22,0305b4e0-7f10-42bf-a122-d1dbf6437be2,,,,active,,,kyushu-keitozu-kyushu_kikan,extracted,2026-08-03,ev:[10ito] 背振|変電所 ++ 西福岡|変電所,tier2,intra
f5e37c9f-a877-4bc5-a647-72d4729fd0c7,,九州電力送配電,kyushu,220,fcf09664-b6b2-46d6-a6e2-bdc672bc6d22,8b645c7c-660b-4fd5-929f-40ccf153c50b,,,,active,,,kyushu-keitozu-kyushu_kikan,extracted,2026-08-03,跨图拼接（依「至○○」引出标注）；多图重复出现并合并：10ito/13kurume;ev:[10ito] 背振|変電所 ++ 至鳥栖|EXT@13; [10ito] 背振|変電所 ++ 至鳥栖|EXT@15; [13kurume] 至脊振|EXT@8 ++ 鳥栖|他社変電所 ++ 鳥栖|変電所,tier2,intra
b673323c-01a9-4408-918c-01a9f9de3410,,九州電力送配電,kyushu,220,ec0556b2-4fd9-44e2-b4e4-2355dd77a4a6,b9f7604e-0813-4dec-af0c-233528a757c5,,,,closed,,2026-08-03,kyushu-keitozu-kyushu_kikan,extracted,2026-08-03,跨图拼接（依「至○○」引出标注）;uncertain;ev:[01moji] 至行橋|EXT@67 ++ 苅田|変電所; [01moji] 南苅田|開閉所 ++ 至行橋|EXT@66 ++ 苅田|変電所 | closed per kyushu_verdicts.csv#route-220-苅田--行橋,tier2,intra
931dc0cb-1422-4fa2-ac38-e6f20152351d,,九州電力送配電,kyushu,220,ec0556b2-4fd9-44e2-b4e4-2355dd77a4a6,97a08901-b554-4fe2-a068-3b1bad63ef51,,,,active,,,kyushu-keitozu-kyushu_kikan,extracted,2026-08-03,"图上经同一分岐点多端子共接，已成对拆分；未必是独立线路;uncertain;ev:[01moji] 苅田|変電所 ++ 西谷|変電所 ++ 門司|変電所; [01moji] OUTW(23,430){西谷@69} ++ 苅田|変電所 ++ 苅田|開閉所 ++ 西谷|変電所 ++ 門司|変電所",tier2,intra
56ed3ae8-0267-4afc-9c33-b0952cbdf19a,,九州電力送配電,kyushu,220,ec0556b2-4fd9-44e2-b4e4-2355dd77a4a6,d35a3d0c-526e-4e21-a1c5-ce6636df5ab3,,,,closed,,2026-08-03,kyushu-keitozu-kyushu_kikan,extracted,2026-08-03,"图上经同一分岐点多端子共接，已成对拆分；未必是独立线路;uncertain;ev:[01moji] 苅田|変電所 ++ 西谷|変電所 ++ 門司|変電所; [01moji] OUTW(23,430){西谷@69} ++ 苅田|変電所 ++ 苅田|開閉所 ++ 西谷|変電所 ++ 門司|変電所 | closed per kyushu_verdicts.csv#route-220-苅田--門司",tier2,intra
641b1f20-488f-48ad-aea8-3718aa12958e,,九州電力送配電,kyushu,220,a9a875c5-359a-432d-b6e3-b7cbac5d1096,163b43a9-0df3-4c46-9470-9be0920e691f,,,,closed,,2026-08-03,kyushu-keitozu-kyushu_kikan,extracted,2026-08-03,图上经同一分岐点多端子共接，已成对拆分；未必是独立线路;uncertain;ev:[19takeo] 東佐世保|変電所 ++ 武雄|変電所 ++ 西九州|変電所 ++ 西佐世保|変電所 | closed per kyushu_verdicts.csv#route-220-西九州--西佐世保,tier2,intra
0679b083-2c21-42d5-9dee-271b75fbe528,,九州電力送配電,kyushu,220,0305b4e0-7f10-42bf-a122-d1dbf6437be2,f129dc40-fa78-47a4-a50a-9f48702f1b37,,,,active,,,kyushu-keitozu-kyushu_kikan,extracted,2026-08-03,多图重复出现并合并：09akasaka/10ito;ev:[09akasaka] 西福岡|変電所 ++ 赤坂|変電所; [10ito] 西福岡|変電所 ++ 赤坂|変電所,tier2,intra
99169837-d359-4ef1-abdd-3c3bf0fce38b,,九州電力送配電,kyushu,220,97a08901-b554-4fe2-a068-3b1bad63ef51,d35a3d0c-526e-4e21-a1c5-ce6636df5ab3,,,,active,,,kyushu-keitozu-kyushu_kikan,extracted,2026-08-03,"图上经同一分岐点多端子共接，已成对拆分；未必是独立线路;uncertain;ev:[01moji] 苅田|変電所 ++ 西谷|変電所 ++ 門司|変電所; [01moji] OUTW(23,430){西谷@69} ++ 苅田|変電所 ++ 苅田|開閉所 ++ 西谷|変電所 ++ 門司|変電所",tier2,intra
848bc715-70ab-4854-9309-4391de4dcbc2,,九州電力送配電,kyushu,220,9ae5f65d-8b3c-4e66-a94c-00cf02dbd9c4,cd1543e6-00d8-4b9b-8424-1abd36df3a31,,,,active,,,kyushu-keitozu-kyushu_kikan,extracted,2026-08-03,图上经同一分岐点多端子共接，已成对拆分；未必是独立线路;uncertain;ev:[21isahaya] 御館|他社変電所 ++ 諫早|変電所 ++ 長崎|変電所,tier2,intra
f1170a03-89fb-4060-8d7f-967095c6f476,,九州電力送配電,kyushu,220,44f83efb-1bbc-4a41-aad8-8e35e4aa3b03,567a4dc2-07da-4ca0-86d8-766347423611,,,,active,,,kyushu-keitozu-kyushu_kikan,extracted,2026-08-03,"ev:[11buzen] OUTS(450,526){別府@28,26@55} ++ 豊前|変電所 ++ 速見|変電所; [11buzen] OUTS(455,524){別府@23,26@50} ++ 東豊前|変電所 ++ 豊前|変電所 ++ 速見|変電所",tier2,intra
398525b5-9971-4d30-a053-2d2a0b34ba5d,,九州電力送配電,kyushu,220,40d530e1-4337-4e21-97cb-63bffa798fae,ceb5788e-855b-408d-b1f5-f73dcb02f190,,,,active,,,kyushu-keitozu-kyushu_kikan,extracted,2026-08-03,ev:[28kirishima] 都城|変電所 ++ 高野|開閉所,tier2,intra
6ef1f71f-ff38-4d1c-851d-141438d1aeb9,,九州電力送配電,kyushu,220,e2756390-e12e-4a22-9575-8f6a70245075,ceb5788e-855b-408d-b1f5-f73dcb02f190,,,,active,,,kyushu-keitozu-kyushu_kikan,extracted,2026-08-03,ev:[28kirishima] 霧島|他社変電所 ++ 高野|開閉所; [28kirishima] 霧島|変電所 ++ 高野|開閉所,tier2,intra
9e3f3fa3-9b32-4c3a-add9-5d873f4df971,,九州電力送配電,kyushu,500,3591a1fb-70e4-4daf-8433-d5b37fe8a920,4249e180-5f96-4230-a891-ffcec4f6970e,,,,active,,,kyushu-keitozu-kyushu_kikan,extracted,2026-08-03,ev:[26miyazaki] ひむか|変電所 ++ 宮崎|変電所,tier1,intra
ca22cc5f-56e2-4d72-85f6-5b9bcdf4e6c1,,九州電力送配電,kyushu,500,c389ef35-e6fd-4720-9577-318d838dbecd,a8932fd2-9a3e-4a02-bc51-c1401c64a3c2,,,,active,,,kyushu-keitozu-kyushu_kikan,extracted,2026-08-03,ev:[22kumamoto] 中九州|変電所 ++ 熊本|変電所,tier1,intra
bf3774ba-899b-4ed8-8c3c-2c7539e3c1d4,,九州電力送配電,kyushu,500,c389ef35-e6fd-4720-9577-318d838dbecd,402d56c7-2a6e-4e45-baf1-704f3a724916,,,,active,,,kyushu-keitozu-kyushu_kikan,extracted,2026-08-03,ev:[23yatsushiro] 中九州|変電所 ++ 苓北|変電所,tier1,intra
fa948ca1-dcc4-4e13-9b99-5acbb489ddfb,,九州電力送配電,kyushu,500,e9dbf5a8-5413-4e93-bf48-caa9ed26c1b0,a8932fd2-9a3e-4a02-bc51-c1401c64a3c2,,,,active,,,kyushu-keitozu-kyushu_kikan,extracted,2026-08-03,跨图拼接（依「至○○」引出标注）；对端站在另一图上以 500kV 引出，双侧确认；熊本侧的两条线在 22熊本图上线宽为 3.0pt（凡例外），按 500kV 处理；若归 220kV 则本条不成立;uncertain;ev:[12chuo] 中央|変電所 ++ 至熊本|EXT@19; [12chuo] 中央|変電所 ++ 至熊本|EXT@16,tier1,intra
4735c3f5-68cc-4508-89c4-ede3b7db5d71,,九州電力送配電,kyushu,500,e9dbf5a8-5413-4e93-bf48-caa9ed26c1b0,fcf09664-b6b2-46d6-a6e2-bdc672bc6d22,,,,active,,,kyushu-keitozu-kyushu_kikan,extracted,2026-08-03,跨图拼接（依「至○○」引出标注）；多图重复出现并合并：10ito/12chuo;ev:[10ito] 背振|変電所 ++ 至中央|EXT@13; [12chuo] 中央|変電所 ++ 至脊振|EXT@22; [12chuo] 中央|変電所 ++ 至脊振|EXT@23,tier1,intra
4a7e9ddd-9a38-43c3-8eb9-b8e3a18aae94,,九州電力送配電,kyushu,500,e9dbf5a8-5413-4e93-bf48-caa9ed26c1b0,a9a875c5-359a-432d-b6e3-b7cbac5d1096,,,,active,,,kyushu-keitozu-kyushu_kikan,extracted,2026-08-03,跨图拼接（依「至○○」引出标注）；对端站在另一图上以 500kV 引出，双侧确认;ev:[12chuo] 中央|変電所 ++ 至西九州|EXT@25; [12chuo] 中央|変電所 ++ 至西九州|EXT@26,tier1,intra
25045fc6-9fba-4107-9cdd-80eddab23ba4,,九州電力送配電,kyushu,500,e9dbf5a8-5413-4e93-bf48-caa9ed26c1b0,44f83efb-1bbc-4a41-aad8-8e35e4aa3b03,,,,active,,,kyushu-keitozu-kyushu_kikan,extracted,2026-08-03,跨图拼接（依「至○○」引出标注）；对端站在另一图上以 500kV 引出，双侧确认;ev:[12chuo] 中央|変電所 ++ 至豊前|EXT@16; [12chuo] 中央|変電所 ++ 至豊前|EXT@17,tier1,intra
608996ae-91b5-4f88-afc3-cdc4be0e4ca4,,九州電力送配電,kyushu,500,09a9d654-fe2d-4ddf-9a98-497aa87edb79,fcf09664-b6b2-46d6-a6e2-bdc672bc6d22,,,,active,,,kyushu-keitozu-kyushu_kikan,extracted,2026-08-03,跨图拼接（依「至○○」引出标注）；对端站在另一图上以 500kV 引出，双侧确认;ev:[10ito] 背振|変電所 ++ 至北九州|EXT@13; [10ito] 背振|変電所 ++ 至北九州|EXT@15,tier1,intra
162d622f-7820-4704-8698-c374691dabb6,,九州電力送配電,kyushu,500,540fd7d0-c461-432e-be21-16473ae308a6,fc4a455f-a002-43dc-951b-35cee1fb1776,,,,active,,,kyushu-keitozu-kyushu_kikan,extracted,2026-08-03,ev:[27sendai] 南九州|変電所 ++ 川薩|発電所,tier1,intra
1194f782-13a1-44e6-aeb2-1545caa09227,,九州電力送配電,kyushu,500,91a6132e-4913-456b-8c86-ce6bf078940c,a9a875c5-359a-432d-b6e3-b7cbac5d1096,,,,active,,,kyushu-keitozu-kyushu_kikan,extracted,2026-08-03,ev:[19takeo] 志佐|発電所 ++ 西九州|変電所,tier1,intra
fff8dde2-a8a5-4e84-a3d0-22a5c0931382,,九州電力送配電,kyushu,500,d2bdaf95-ce19-4805-a8f4-ffc39624d36e,fcf09664-b6b2-46d6-a6e2-bdc672bc6d22,,,,active,,,kyushu-keitozu-kyushu_kikan,extracted,2026-08-03,跨图拼接（依「至○○」引出标注）;uncertain;ev:[10ito] 背振|変電所 ++ 至玄海原子力|EXT@13,tier1,intra
b1be4043-aabd-4687-9d1e-62b32d879651,,九州電力送配電,kyushu,500,09a9d654-fe2d-4ddf-9a98-497aa87edb79,44f83efb-1bbc-4a41-aad8-8e35e4aa3b03,,,,active,,,kyushu-keitozu-kyushu_kikan,extracted,2026-08-03,"跨图几何推断：两侧地区图均在对应图边有 500kV 引出且中间图为无站贯穿走廊；图上无「至○○」文字确认，故 uncertain;uncertain;ev:02小倉图 北九州 500kV 向南/东南出图(442,511)(442,517)(255,540)(262,540)；11豊前图 豊前 500kV 向西出图(29,220)(30,212)；索引图上②小倉与⑪豊前相邻，其间无第三个 500kV 站",tier1,intra
3e059986-afc9-44aa-8648-38c56053439c,,九州電力送配電,kyushu,500,44f83efb-1bbc-4a41-aad8-8e35e4aa3b03,5b5b8151-c277-492c-a349-ada207b42b07,,,,active,,,kyushu-keitozu-kyushu_kikan,extracted,2026-08-03,"跨图几何推断：两侧地区图均在对应图边有 500kV 引出且中间图为无站贯穿走廊；图上无「至○○」文字确认，故 uncertain;uncertain;ev:11豊前图 豊前 500kV 向南出图(269,530)(275,524)；16日田图 有一条北↔东贯穿走廊(387,121)(408,123)↔(610,426)(610,436)，不接日田变电所；17佐伯图 東九州 500kV 向西出图(71,164)(85,164)",tier1,intra
91cee0f1-6d8e-49f5-a53a-4a558163e7f0,,九州電力送配電,kyushu,500,5b5b8151-c277-492c-a349-ada207b42b07,3591a1fb-70e4-4daf-8433-d5b37fe8a920,,,,active,,,kyushu-keitozu-kyushu_kikan,extracted,2026-08-03,"跨图几何推断：两侧地区图均在对应图边有 500kV 引出且中间图为无站贯穿走廊；图上无「至○○」文字确认，故 uncertain;uncertain;ev:17佐伯图 東九州 500kV 向南出图(408,494)(419,493)；25日向图 有北↔南贯穿走廊(539,85)↔(315,539)(325,541)，图上无 500kV 站；26宮崎图 ひむか 500kV 向北出图(376,92)(384,92)",tier1,intra
ff32198a-3722-48ff-aa31-9f915f07bebb,,九州電力送配電,kyushu,500,c389ef35-e6fd-4720-9577-318d838dbecd,540fd7d0-c461-432e-be21-16473ae308a6,,,,active,,,kyushu-keitozu-kyushu_kikan,extracted,2026-08-03,"跨图几何推断：两侧地区图均在对应图边有 500kV 引出且中间图为无站贯穿走廊；图上无「至○○」文字确认，故 uncertain;uncertain;ev:23八代图 中九州 500kV 向南出图(529,528)(536,529)；28霧島图 西北角(えびの/菱刈)有西↔北角落走廊(32,149)(32,170)↔(66,120)(84,121)；27川内图 南九州 500kV 向东北出图(656,100)(665,100)",tier1,intra
6fcb1bc9-da41-4e83-bdd0-92d1bd05c3b6,1,関西電力送配電,kansai,500,9ddd5055-4300-45f4-9591-149b15e03c9b,b6f35099-07c2-4143-af1c-5a6da5df89c6,,,,active,,,kansai-keitozu-kansai_kikan154,extracted,2026-08-03,ev:PyMuPDF でPDF矢量内容流を解析：線幅で電圧層を分離（p1: 2.28/2.4pt=500kV・1.2/1.56pt=275kV・0.36/0.72/0.84pt=154kV、p2: 1.8pt=275kV・1.08pt=154kV）、送電線番号（またはその引出矢印の先端）に最も近い線分を種子として両方向に追跡し、最初に到達した変電所／開閉所記号を端点とした,tier1,intra
ea7595ba-a432-4c0d-bb6b-2e21f45b6965,2,関西電力送配電,kansai,500,b6f35099-07c2-4143-af1c-5a6da5df89c6,77ba8483-4348-4521-99dc-035fe7173085,,,,active,,,kansai-keitozu-kansai_kikan154,extracted,2026-08-03,ev:PyMuPDF でPDF矢量内容流を解析：線幅で電圧層を分離（p1: 2.28/2.4pt=500kV・1.2/1.56pt=275kV・0.36/0.72/0.84pt=154kV、p2: 1.8pt=275kV・1.08pt=154kV）、送電線番号（またはその引出矢印の先端）に最も近い線分を種子として両方向に追跡し、最初に到達した変電所／開閉所記号を端点とした,tier1,intra
d270e5fe-5bae-45ab-958f-e546230082a8,4,関西電力送配電,kansai,500,def6fad1-a85a-45bb-aeb5-a831f2a59c5f,b3915415-7af2-4634-833a-f8e3099ace12,,,,active,,,kansai-keitozu-kansai_kikan154,extracted,2026-08-03,ev:PyMuPDF でPDF矢量内容流を解析：線幅で電圧層を分離（p1: 2.28/2.4pt=500kV・1.2/1.56pt=275kV・0.36/0.72/0.84pt=154kV、p2: 1.8pt=275kV・1.08pt=154kV）、送電線番号（またはその引出矢印の先端）に最も近い線分を種子として両方向に追跡し、最初に到達した変電所／開閉所記号を端点とした,tier1,intra
39cbe225-22c1-4c10-bebf-797cfa60e8b4,5,関西電力送配電,kansai,500,b3915415-7af2-4634-833a-f8e3099ace12,01fdf044-cd8b-4f69-bb82-306cbe0bb297,,,,active,,,kansai-keitozu-kansai_kikan154,extracted,2026-08-03,ev:PyMuPDF でPDF矢量内容流を解析：線幅で電圧層を分離（p1: 2.28/2.4pt=500kV・1.2/1.56pt=275kV・0.36/0.72/0.84pt=154kV、p2: 1.8pt=275kV・1.08pt=154kV）、送電線番号（またはその引出矢印の先端）に最も近い線分を種子として両方向に追跡し、最初に到達した変電所／開閉所記号を端点とした,tier1,intra
de173644-9c10-4328-a715-5c70e8437426,6,関西電力送配電,kansai,500,01fdf044-cd8b-4f69-bb82-306cbe0bb297,ca7c2e91-e867-4205-8bab-b146f98679e0,,,,active,,,kansai-keitozu-kansai_kikan154,extracted,2026-08-03,ev:PyMuPDF でPDF矢量内容流を解析：線幅で電圧層を分離（p1: 2.28/2.4pt=500kV・1.2/1.56pt=275kV・0.36/0.72/0.84pt=154kV、p2: 1.8pt=275kV・1.08pt=154kV）、送電線番号（またはその引出矢印の先端）に最も近い線分を種子として両方向に追跡し、最初に到達した変電所／開閉所記号を端点とした,tier1,intra
8e7d1766-44d5-4ab8-a98f-96928d5eef93,7,関西電力送配電,kansai,500,8a5bfccb-b254-4129-be0e-10fc61885f79,a894d93d-12bf-4305-ac03-e93799f58f2d,,,,active,,,kansai-keitozu-kansai_kikan154,extracted,2026-08-03,ev:PyMuPDF でPDF矢量内容流を解析：線幅で電圧層を分離（p1: 2.28/2.4pt=500kV・1.2/1.56pt=275kV・0.36/0.72/0.84pt=154kV、p2: 1.8pt=275kV・1.08pt=154kV）、送電線番号（またはその引出矢印の先端）に最も近い線分を種子として両方向に追跡し、最初に到達した変電所／開閉所記号を端点とした,tier1,intra
a2c29777-1d41-44b6-9b83-c12f54abba50,8,関西電力送配電,kansai,500,a894d93d-12bf-4305-ac03-e93799f58f2d,ca7c2e91-e867-4205-8bab-b146f98679e0,,,,active,,,kansai-keitozu-kansai_kikan154,extracted,2026-08-03,ev:PyMuPDF でPDF矢量内容流を解析：線幅で電圧層を分離（p1: 2.28/2.4pt=500kV・1.2/1.56pt=275kV・0.36/0.72/0.84pt=154kV、p2: 1.8pt=275kV・1.08pt=154kV）、送電線番号（またはその引出矢印の先端）に最も近い線分を種子として両方向に追跡し、最初に到達した変電所／開閉所記号を端点とした,tier1,intra
111262e8-46b2-49b4-9d48-795f6cde14a7,9,関西電力送配電,kansai,500,11dabf47-c0fd-4b35-b875-438100d2d831,def6fad1-a85a-45bb-aeb5-a831f2a59c5f,,,,active,,,kansai-keitozu-kansai_kikan154,extracted,2026-08-03,ev:PyMuPDF でPDF矢量内容流を解析：線幅で電圧層を分離（p1: 2.28/2.4pt=500kV・1.2/1.56pt=275kV・0.36/0.72/0.84pt=154kV、p2: 1.8pt=275kV・1.08pt=154kV）、送電線番号（またはその引出矢印の先端）に最も近い線分を種子として両方向に追跡し、最初に到達した変電所／開閉所記号を端点とした,tier1,intra
07e380ec-3495-4dc2-a1f4-b4be7cf39e7e,10,関西電力送配電,kansai,500,11dabf47-c0fd-4b35-b875-438100d2d831,9ddd5055-4300-45f4-9591-149b15e03c9b,,,,active,,,kansai-keitozu-kansai_kikan154,extracted,2026-08-03,ev:PyMuPDF でPDF矢量内容流を解析：線幅で電圧層を分離（p1: 2.28/2.4pt=500kV・1.2/1.56pt=275kV・0.36/0.72/0.84pt=154kV、p2: 1.8pt=275kV・1.08pt=154kV）、送電線番号（またはその引出矢印の先端）に最も近い線分を種子として両方向に追跡し、最初に到達した変電所／開閉所記号を端点とした,tier1,intra
a0bf3f6e-b1ed-4792-8dfc-da03d66fbd42,11,関西電力送配電,kansai,500,fbfc6e0b-9647-45d7-9926-1ccd4743179a,11dabf47-c0fd-4b35-b875-438100d2d831,,,,active,,,kansai-keitozu-kansai_kikan154,extracted,2026-08-03,ev:PyMuPDF でPDF矢量内容流を解析：線幅で電圧層を分離（p1: 2.28/2.4pt=500kV・1.2/1.56pt=275kV・0.36/0.72/0.84pt=154kV、p2: 1.8pt=275kV・1.08pt=154kV）、送電線番号（またはその引出矢印の先端）に最も近い線分を種子として両方向に追跡し、最初に到達した変電所／開閉所記号を端点とした,tier1,intra
7dc08ede-b193-4a52-b92f-c6f8562bf439,12,関西電力送配電,kansai,500,fbfc6e0b-9647-45d7-9926-1ccd4743179a,e09d9f6e-938e-40a3-94ab-edb939c9b68d,,,,active,,,kansai-keitozu-kansai_kikan154,extracted,2026-08-03,ev:PyMuPDF でPDF矢量内容流を解析：線幅で電圧層を分離（p1: 2.28/2.4pt=500kV・1.2/1.56pt=275kV・0.36/0.72/0.84pt=154kV、p2: 1.8pt=275kV・1.08pt=154kV）、送電線番号（またはその引出矢印の先端）に最も近い線分を種子として両方向に追跡し、最初に到達した変電所／開閉所記号を端点とした,tier1,intra
2adc94a5-3f52-4b96-ac23-6a422401118b,13,関西電力送配電,kansai,500,e09d9f6e-938e-40a3-94ab-edb939c9b68d,b3915415-7af2-4634-833a-f8e3099ace12,,,,active,,,kansai-keitozu-kansai_kikan154,extracted,2026-08-03,片端は線分終端から最寄記号へ7.5pt補完（図上で線が記号手前で切れている）;uncertain;ev:PyMuPDF でPDF矢量内容流を解析：線幅で電圧層を分離（p1: 2.28/2.4pt=500kV・1.2/1.56pt=275kV・0.36/0.72/0.84pt=154kV、p2: 1.8pt=275kV・1.08pt=154kV）、送電線番号（またはその引出矢印の先端）に最も近い線分を種子として両方向に追跡し、最初に到達した変電所／開閉所記号を端点とした,tier1,intra
805df1b1-5d62-4a7d-a093-5deffa049985,14,関西電力送配電,kansai,500,3c3e5570-63ee-4374-8706-84bb43fc3e3b,8a5bfccb-b254-4129-be0e-10fc61885f79,,,,active,,,kansai-keitozu-kansai_kikan154,extracted,2026-08-03,ev:PyMuPDF でPDF矢量内容流を解析：線幅で電圧層を分離（p1: 2.28/2.4pt=500kV・1.2/1.56pt=275kV・0.36/0.72/0.84pt=154kV、p2: 1.8pt=275kV・1.08pt=154kV）、送電線番号（またはその引出矢印の先端）に最も近い線分を種子として両方向に追跡し、最初に到達した変電所／開閉所記号を端点とした,tier1,intra
7ce07f53-4e60-41b4-8b05-f83c49c910dc,15,関西電力送配電,kansai,500,3c3e5570-63ee-4374-8706-84bb43fc3e3b,ca7c2e91-e867-4205-8bab-b146f98679e0,,,,active,,,kansai-keitozu-kansai_kikan154,extracted,2026-08-03,ev:PyMuPDF でPDF矢量内容流を解析：線幅で電圧層を分離（p1: 2.28/2.4pt=500kV・1.2/1.56pt=275kV・0.36/0.72/0.84pt=154kV、p2: 1.8pt=275kV・1.08pt=154kV）、送電線番号（またはその引出矢印の先端）に最も近い線分を種子として両方向に追跡し、最初に到達した変電所／開閉所記号を端点とした,tier1,intra
47bbd856-4abe-4256-85d7-ae27ddf86fb9,17,関西電力送配電,kansai,500,e09d9f6e-938e-40a3-94ab-edb939c9b68d,77ba8483-4348-4521-99dc-035fe7173085,,,,active,,,kansai-keitozu-kansai_kikan154,extracted,2026-08-03,ev:PyMuPDF でPDF矢量内容流を解析：線幅で電圧層を分離（p1: 2.28/2.4pt=500kV・1.2/1.56pt=275kV・0.36/0.72/0.84pt=154kV、p2: 1.8pt=275kV・1.08pt=154kV）、送電線番号（またはその引出矢印の先端）に最も近い線分を種子として両方向に追跡し、最初に到達した変電所／開閉所記号を端点とした,tier1,intra
912b928e-5211-4bee-b674-93a3fa16b39f,21,関西電力送配電,kansai,500,b3915415-7af2-4634-833a-f8e3099ace12,8a5bfccb-b254-4129-be0e-10fc61885f79,,,,active,,,kansai-keitozu-kansai_kikan154,extracted,2026-08-03,ev:PyMuPDF でPDF矢量内容流を解析：線幅で電圧層を分離（p1: 2.28/2.4pt=500kV・1.2/1.56pt=275kV・0.36/0.72/0.84pt=154kV、p2: 1.8pt=275kV・1.08pt=154kV）、送電線番号（またはその引出矢印の先端）に最も近い線分を種子として両方向に追跡し、最初に到達した変電所／開閉所記号を端点とした,tier1,intra
51f5d6d7-70fd-4e5a-805f-e711d195fe58,22,関西電力送配電,kansai,500,e9851e45-ecdc-4af7-870d-d32ae7bca015,b6f35099-07c2-4143-af1c-5a6da5df89c6,,,,active,,,kansai-keitozu-kansai_kikan154,extracted,2026-08-03,ev:PyMuPDF でPDF矢量内容流を解析：線幅で電圧層を分離（p1: 2.28/2.4pt=500kV・1.2/1.56pt=275kV・0.36/0.72/0.84pt=154kV、p2: 1.8pt=275kV・1.08pt=154kV）、送電線番号（またはその引出矢印の先端）に最も近い線分を種子として両方向に追跡し、最初に到達した変電所／開閉所記号を端点とした,tier1,intra
9e2141eb-4969-4970-be74-859e44bc8ca3,24,関西電力送配電,kansai,500,b9cd99a8-ce45-471e-b261-4661225d1acc,c7886323-c801-4fdf-bedc-b86bd1e77380,,,,active,,,kansai-keitozu-kansai_kikan154,extracted,2026-08-03,ev:PyMuPDF でPDF矢量内容流を解析：線幅で電圧層を分離（p1: 2.28/2.4pt=500kV・1.2/1.56pt=275kV・0.36/0.72/0.84pt=154kV、p2: 1.8pt=275kV・1.08pt=154kV）、送電線番号（またはその引出矢印の先端）に最も近い線分を種子として両方向に追跡し、最初に到達した変電所／開閉所記号を端点とした,tier1,intra
b0ca15f4-f289-404f-9a8f-e197120f6f80,26,関西電力送配電,kansai,500,eda080c6-8edb-4060-af87-f4dfbd8d1793,54bb9e9a-9632-4e52-ba96-2c077fa92438,,,,active,,,kansai-keitozu-kansai_kikan154,extracted,2026-08-03,端点に図上符号なし（無名ノード）;uncertain;ev:PyMuPDF でPDF矢量内容流を解析：線幅で電圧層を分離（p1: 2.28/2.4pt=500kV・1.2/1.56pt=275kV・0.36/0.72/0.84pt=154kV、p2: 1.8pt=275kV・1.08pt=154kV）、送電線番号（またはその引出矢印の先端）に最も近い線分を種子として両方向に追跡し、最初に到達した変電所／開閉所記号を端点とした,tier1,intra
8273d3b8-85d0-45da-bc78-bc2c55136089,27,関西電力送配電,kansai,500,54bb9e9a-9632-4e52-ba96-2c077fa92438,a894d93d-12bf-4305-ac03-e93799f58f2d,,,,active,,,kansai-keitozu-kansai_kikan154,extracted,2026-08-03,ev:PyMuPDF でPDF矢量内容流を解析：線幅で電圧層を分離（p1: 2.28/2.4pt=500kV・1.2/1.56pt=275kV・0.36/0.72/0.84pt=154kV、p2: 1.8pt=275kV・1.08pt=154kV）、送電線番号（またはその引出矢印の先端）に最も近い線分を種子として両方向に追跡し、最初に到達した変電所／開閉所記号を端点とした,tier1,intra
9bece8bd-f052-4684-9df3-c69ad89b8fdf,29,関西電力送配電,kansai,500,a894d93d-12bf-4305-ac03-e93799f58f2d,54bb9e9a-9632-4e52-ba96-2c077fa92438,,,,active,,,kansai-keitozu-kansai_kikan154,extracted,2026-08-03,ev:PyMuPDF でPDF矢量内容流を解析：線幅で電圧層を分離（p1: 2.28/2.4pt=500kV・1.2/1.56pt=275kV・0.36/0.72/0.84pt=154kV、p2: 1.8pt=275kV・1.08pt=154kV）、送電線番号（またはその引出矢印の先端）に最も近い線分を種子として両方向に追跡し、最初に到達した変電所／開閉所記号を端点とした（引出矢印の先端を使用）,tier1,intra
f595067e-f977-4255-b5b1-c0a9c3e94de4,30-A,関西電力送配電,kansai,500,3d7c3a74-d8f0-46e7-88c3-3c977f5e8353,588616d9-5fae-4745-b165-46ce2f0db4b9,,,,active,,,kansai-keitozu-kansai_kikan154,extracted,2026-08-03,端点站の電圧コード割当と線の電圧が一致せず（同一地点に複数コードが積み重なる図法のため）；片端は線分終端から最寄記号へ11.3pt補完（図上で線が記号手前で切れている）;uncertain;ev:PyMuPDF でPDF矢量内容流を解析：線幅で電圧層を分離（p1: 2.28/2.4pt=500kV・1.2/1.56pt=275kV・0.36/0.72/0.84pt=154kV、p2: 1.8pt=275kV・1.08pt=154kV）、送電線番号（またはその引出矢印の先端）に最も近い線分を種子として両方向に追跡し、最初に到達した変電所／開閉所記号を端点とした,tier1,intra
fdb14cb4-c032-4a65-bd4b-63805906b8d4,30-B,関西電力送配電,kansai,500,7d13aed5-b050-4b48-860b-1bdbec87c7aa,588616d9-5fae-4745-b165-46ce2f0db4b9,,,,active,,,kansai-keitozu-kansai_kikan154,extracted,2026-08-03,ev:PyMuPDF でPDF矢量内容流を解析：線幅で電圧層を分離（p1: 2.28/2.4pt=500kV・1.2/1.56pt=275kV・0.36/0.72/0.84pt=154kV、p2: 1.8pt=275kV・1.08pt=154kV）、送電線番号（またはその引出矢印の先端）に最も近い線分を種子として両方向に追跡し、最初に到達した変電所／開閉所記号を端点とした,tier1,intra
791e4c14-6506-49d0-a983-e79a1bd55664,91,関西電力送配電,kansai,500,7d13aed5-b050-4b48-860b-1bdbec87c7aa,eda080c6-8edb-4060-af87-f4dfbd8d1793,,,,active,,,kansai-keitozu-kansai_kikan154,extracted,2026-08-03,端点に図上符号なし（無名ノード）；片端は線分終端から最寄記号へ6.8pt補完（図上で線が記号手前で切れている）;uncertain;ev:PyMuPDF でPDF矢量内容流を解析：線幅で電圧層を分離（p1: 2.28/2.4pt=500kV・1.2/1.56pt=275kV・0.36/0.72/0.84pt=154kV、p2: 1.8pt=275kV・1.08pt=154kV）、送電線番号（またはその引出矢印の先端）に最も近い線分を種子として両方向に追跡し、最初に到達した変電所／開閉所記号を端点とした,tier1,intra
e968b0f9-9fe2-46c0-a6d1-e4b64133f3e7,103-2,関西電力送配電,kansai,500,b3915415-7af2-4634-833a-f8e3099ace12,01fdf044-cd8b-4f69-bb82-306cbe0bb297,,,,active,,,kansai-keitozu-kansai_kikan154,extracted,2026-08-03,ev:PyMuPDF でPDF矢量内容流を解析：線幅で電圧層を分離（p1: 2.28/2.4pt=500kV・1.2/1.56pt=275kV・0.36/0.72/0.84pt=154kV、p2: 1.8pt=275kV・1.08pt=154kV）、送電線番号（またはその引出矢印の先端）に最も近い線分を種子として両方向に追跡し、最初に到達した変電所／開閉所記号を端点とした,tier1,intra
7f962384-5ff0-4d01-8d80-b26b21efcf46,156-1,関西電力送配電,kansai,500,b6f35099-07c2-4143-af1c-5a6da5df89c6,77ba8483-4348-4521-99dc-035fe7173085,,,,active,,,kansai-keitozu-kansai_kikan154,extracted,2026-08-03,線番ラベルから線分までの距離10.9pt;uncertain;ev:PyMuPDF でPDF矢量内容流を解析：線幅で電圧層を分離（p1: 2.28/2.4pt=500kV・1.2/1.56pt=275kV・0.36/0.72/0.84pt=154kV、p2: 1.8pt=275kV・1.08pt=154kV）、送電線番号（またはその引出矢印の先端）に最も近い線分を種子として両方向に追跡し、最初に到達した変電所／開閉所記号を端点とした,tier1,intra
053c72d9-ffbd-4190-8148-08972f755c95,34,関西電力送配電,kansai,275,4058d0e9-bbd2-402a-8039-9b16522f877e,54314c67-fac2-40e6-9ab8-3a74b3032483,,,,active,,,kansai-keitozu-kansai_kikan154,extracted,2026-08-03,ev:PyMuPDF でPDF矢量内容流を解析：線幅で電圧層を分離（p1: 2.28/2.4pt=500kV・1.2/1.56pt=275kV・0.36/0.72/0.84pt=154kV、p2: 1.8pt=275kV・1.08pt=154kV）、送電線番号（またはその引出矢印の先端）に最も近い線分を種子として両方向に追跡し、最初に到達した変電所／開閉所記号を端点とした,tier2,intra
6bcfe9cc-810c-4562-b40b-aeb2441ac1c2,35,関西電力送配電,kansai,275,422f05be-92d8-48ab-b2e0-482610b2d6c3,3785fd5f-4094-428e-bf9a-098057ca4136,,,,active,,,kansai-keitozu-kansai_kikan154,extracted,2026-08-03,ev:PyMuPDF でPDF矢量内容流を解析：線幅で電圧層を分離（p1: 2.28/2.4pt=500kV・1.2/1.56pt=275kV・0.36/0.72/0.84pt=154kV、p2: 1.8pt=275kV・1.08pt=154kV）、送電線番号（またはその引出矢印の先端）に最も近い線分を種子として両方向に追跡し、最初に到達した変電所／開閉所記号を端点とした（引出矢印の先端を使用）,tier2,intra
d4c23097-20a8-4ed0-a2d7-3c037606c081,37,関西電力送配電,kansai,275,221fc1f1-b89b-450e-b19e-1052f878b438,bc002110-b2b9-4c75-87bd-98cd2636866c,,,,active,,,kansai-keitozu-kansai_kikan154,extracted,2026-08-03,ev:PyMuPDF でPDF矢量内容流を解析：線幅で電圧層を分離（p1: 2.28/2.4pt=500kV・1.2/1.56pt=275kV・0.36/0.72/0.84pt=154kV、p2: 1.8pt=275kV・1.08pt=154kV）、送電線番号（またはその引出矢印の先端）に最も近い線分を種子として両方向に追跡し、最初に到達した変電所／開閉所記号を端点とした（引出矢印の先端を使用）,tier2,intra
399ee198-4a3c-42f2-a9da-eaf653c44c31,38,関西電力送配電,kansai,275,54314c67-fac2-40e6-9ab8-3a74b3032483,221fc1f1-b89b-450e-b19e-1052f878b438,,,,active,,,kansai-keitozu-kansai_kikan154,extracted,2026-08-03,ev:PyMuPDF でPDF矢量内容流を解析：線幅で電圧層を分離（p1: 2.28/2.4pt=500kV・1.2/1.56pt=275kV・0.36/0.72/0.84pt=154kV、p2: 1.8pt=275kV・1.08pt=154kV）、送電線番号（またはその引出矢印の先端）に最も近い線分を種子として両方向に追跡し、最初に到達した変電所／開閉所記号を端点とした,tier2,intra
f3dc77e8-93ed-4153-85c4-2ca3e85d3477,39,関西電力送配電,kansai,275,bc002110-b2b9-4c75-87bd-98cd2636866c,221fc1f1-b89b-450e-b19e-1052f878b438,,,,active,,,kansai-keitozu-kansai_kikan154,extracted,2026-08-03,ev:PyMuPDF でPDF矢量内容流を解析：線幅で電圧層を分離（p1: 2.28/2.4pt=500kV・1.2/1.56pt=275kV・0.36/0.72/0.84pt=154kV、p2: 1.8pt=275kV・1.08pt=154kV）、送電線番号（またはその引出矢印の先端）に最も近い線分を種子として両方向に追跡し、最初に到達した変電所／開閉所記号を端点とした,tier2,intra
7ead7b7e-61ca-4e76-aff3-2be641fe9414,41,関西電力送配電,kansai,275,54314c67-fac2-40e6-9ab8-3a74b3032483,bc002110-b2b9-4c75-87bd-98cd2636866c,,,,active,,,kansai-keitozu-kansai_kikan154,extracted,2026-08-03,ev:PyMuPDF でPDF矢量内容流を解析：線幅で電圧層を分離（p1: 2.28/2.4pt=500kV・1.2/1.56pt=275kV・0.36/0.72/0.84pt=154kV、p2: 1.8pt=275kV・1.08pt=154kV）、送電線番号（またはその引出矢印の先端）に最も近い線分を種子として両方向に追跡し、最初に到達した変電所／開閉所記号を端点とした,tier2,intra
3e893dae-27b1-481a-8894-7c136a7b17f1,42,関西電力送配電,kansai,275,e56f4be9-cf61-44bd-a822-b8139388e320,442d9534-fde5-4bac-a49f-8c9aadcaf4f4,,,,active,,,kansai-keitozu-kansai_kikan154,extracted,2026-08-03,片端は線分終端から最寄記号へ4.1pt補完（図上で線が記号手前で切れている）;uncertain;ev:PyMuPDF でPDF矢量内容流を解析：線幅で電圧層を分離（p1: 2.28/2.4pt=500kV・1.2/1.56pt=275kV・0.36/0.72/0.84pt=154kV、p2: 1.8pt=275kV・1.08pt=154kV）、送電線番号（またはその引出矢印の先端）に最も近い線分を種子として両方向に追跡し、最初に到達した変電所／開閉所記号を端点とした,tier2,intra
52380f3d-4877-417c-b9da-f6c723fff856,43,関西電力送配電,kansai,275,72400a77-83e7-4fe6-8204-e3411e8f45d0,221fc1f1-b89b-450e-b19e-1052f878b438,,,,active,,,kansai-keitozu-kansai_kikan154,extracted,2026-08-03,ev:PyMuPDF でPDF矢量内容流を解析：線幅で電圧層を分離（p1: 2.28/2.4pt=500kV・1.2/1.56pt=275kV・0.36/0.72/0.84pt=154kV、p2: 1.8pt=275kV・1.08pt=154kV）、送電線番号（またはその引出矢印の先端）に最も近い線分を種子として両方向に追跡し、最初に到達した変電所／開閉所記号を端点とした,tier2,intra
2e9d7d94-ca79-42d6-8711-d98c37026127,44,関西電力送配電,kansai,275,221fc1f1-b89b-450e-b19e-1052f878b438,e56f4be9-cf61-44bd-a822-b8139388e320,,,,active,,,kansai-keitozu-kansai_kikan154,extracted,2026-08-03,ev:PyMuPDF でPDF矢量内容流を解析：線幅で電圧層を分離（p1: 2.28/2.4pt=500kV・1.2/1.56pt=275kV・0.36/0.72/0.84pt=154kV、p2: 1.8pt=275kV・1.08pt=154kV）、送電線番号（またはその引出矢印の先端）に最も近い線分を種子として両方向に追跡し、最初に到達した変電所／開閉所記号を端点とした,tier2,intra
f746bbc7-c877-4fab-b0f4-d8a1f0afd6f6,46,関西電力送配電,kansai,275,92dadf1f-48f2-48f0-9746-38668b8d6406,05d56d1b-4ae7-422f-91d2-524235485d9c,,,,active,,,kansai-keitozu-kansai_kikan154,extracted,2026-08-03,ev:PyMuPDF でPDF矢量内容流を解析：線幅で電圧層を分離（p1: 2.28/2.4pt=500kV・1.2/1.56pt=275kV・0.36/0.72/0.84pt=154kV、p2: 1.8pt=275kV・1.08pt=154kV）、送電線番号（またはその引出矢印の先端）に最も近い線分を種子として両方向に追跡し、最初に到達した変電所／開閉所記号を端点とした,tier2,intra
33ec07c7-3c18-4d78-866d-15b6580fcfd7,47,関西電力送配電,kansai,275,04a0604d-2bda-4055-9a0b-c5042d31b99c,86b6c90a-27dc-4a7b-a093-67133610e557,,,,active,,,kansai-keitozu-kansai_kikan154,extracted,2026-08-03,ev:PyMuPDF でPDF矢量内容流を解析：線幅で電圧層を分離（p1: 2.28/2.4pt=500kV・1.2/1.56pt=275kV・0.36/0.72/0.84pt=154kV、p2: 1.8pt=275kV・1.08pt=154kV）、送電線番号（またはその引出矢印の先端）に最も近い線分を種子として両方向に追跡し、最初に到達した変電所／開閉所記号を端点とした,tier2,intra
848bf117-c77d-4e03-a1d3-a386bd3e1112,48,関西電力送配電,kansai,275,05d56d1b-4ae7-422f-91d2-524235485d9c,04a0604d-2bda-4055-9a0b-c5042d31b99c,,,,active,,,kansai-keitozu-kansai_kikan154,extracted,2026-08-03,分岐点で複数の候補端点があり最短側を採用;uncertain;ev:PyMuPDF でPDF矢量内容流を解析：線幅で電圧層を分離（p1: 2.28/2.4pt=500kV・1.2/1.56pt=275kV・0.36/0.72/0.84pt=154kV、p2: 1.8pt=275kV・1.08pt=154kV）、送電線番号（またはその引出矢印の先端）に最も近い線分を種子として両方向に追跡し、最初に到達した変電所／開閉所記号を端点とした,tier2,intra
21c6db59-e456-4f2f-90d9-8873c3bc3e71,50,関西電力送配電,kansai,275,04a0604d-2bda-4055-9a0b-c5042d31b99c,05a700e3-5ff8-45a8-8dad-68a904e03f69,,,,active,,,kansai-keitozu-kansai_kikan154,extracted,2026-08-03,ev:PyMuPDF でPDF矢量内容流を解析：線幅で電圧層を分離（p1: 2.28/2.4pt=500kV・1.2/1.56pt=275kV・0.36/0.72/0.84pt=154kV、p2: 1.8pt=275kV・1.08pt=154kV）、送電線番号（またはその引出矢印の先端）に最も近い線分を種子として両方向に追跡し、最初に到達した変電所／開閉所記号を端点とした,tier2,intra
4e4b57c3-9109-43bc-aa2a-5d782be0483d,53,関西電力送配電,kansai,275,e56f4be9-cf61-44bd-a822-b8139388e320,442d9534-fde5-4bac-a49f-8c9aadcaf4f4,,,,active,,,kansai-keitozu-kansai_kikan154,extracted,2026-08-03,片端は線分終端から最寄記号へ4.1pt補完（図上で線が記号手前で切れている）;uncertain;ev:PyMuPDF でPDF矢量内容流を解析：線幅で電圧層を分離（p1: 2.28/2.4pt=500kV・1.2/1.56pt=275kV・0.36/0.72/0.84pt=154kV、p2: 1.8pt=275kV・1.08pt=154kV）、送電線番号（またはその引出矢印の先端）に最も近い線分を種子として両方向に追跡し、最初に到達した変電所／開閉所記号を端点とした,tier2,intra
5fd4f710-bd19-4fe2-be49-8636b3f4627d,54,関西電力送配電,kansai,275,e56f4be9-cf61-44bd-a822-b8139388e320,07586997-a55d-40f2-82ed-2c66d83290dc,,,,active,,,kansai-keitozu-kansai_kikan154,extracted,2026-08-03,端点に図上符号なし（無名ノード）;uncertain;ev:PyMuPDF でPDF矢量内容流を解析：線幅で電圧層を分離（p1: 2.28/2.4pt=500kV・1.2/1.56pt=275kV・0.36/0.72/0.84pt=154kV、p2: 1.8pt=275kV・1.08pt=154kV）、送電線番号（またはその引出矢印の先端）に最も近い線分を種子として両方向に追跡し、最初に到達した変電所／開閉所記号を端点とした,tier2,intra
d3f9cd33-a2df-4b73-b2d5-5012749bde79,56,関西電力送配電,kansai,275,d2516e85-204b-40c2-9e2d-55b65e847a9c,5eaf0386-ec82-4f68-b733-a422cd28f920,,,,active,,,kansai-keitozu-kansai_kikan154,extracted,2026-08-03,ev:PyMuPDF でPDF矢量内容流を解析：線幅で電圧層を分離（p1: 2.28/2.4pt=500kV・1.2/1.56pt=275kV・0.36/0.72/0.84pt=154kV、p2: 1.8pt=275kV・1.08pt=154kV）、送電線番号（またはその引出矢印の先端）に最も近い線分を種子として両方向に追跡し、最初に到達した変電所／開閉所記号を端点とした,tier2,intra
951c1be9-1ed3-4bec-82b2-c3feb2048a19,58,関西電力送配電,kansai,275,ca13d98b-abd9-4160-b903-520e22a8c51b,37507885-cb3b-4e9a-8716-5c6eb79821de,,,,active,,,kansai-keitozu-kansai_kikan154,extracted,2026-08-03,ev:PyMuPDF でPDF矢量内容流を解析：線幅で電圧層を分離（p1: 2.28/2.4pt=500kV・1.2/1.56pt=275kV・0.36/0.72/0.84pt=154kV、p2: 1.8pt=275kV・1.08pt=154kV）、送電線番号（またはその引出矢印の先端）に最も近い線分を種子として両方向に追跡し、最初に到達した変電所／開閉所記号を端点とした,tier2,intra
8dd03280-7476-47a4-b081-76d4d691f531,61,関西電力送配電,kansai,275,a894d93d-12bf-4305-ac03-e93799f58f2d,13481430-0340-48f8-9dca-66e90dd2f16d,,,,active,,,kansai-keitozu-kansai_kikan154,extracted,2026-08-03,端点站の電圧コード割当と線の電圧が一致せず（同一地点に複数コードが積み重なる図法のため）;uncertain;ev:PyMuPDF でPDF矢量内容流を解析：線幅で電圧層を分離（p1: 2.28/2.4pt=500kV・1.2/1.56pt=275kV・0.36/0.72/0.84pt=154kV、p2: 1.8pt=275kV・1.08pt=154kV）、送電線番号（またはその引出矢印の先端）に最も近い線分を種子として両方向に追跡し、最初に到達した変電所／開閉所記号を端点とした,tier2,intra
a5a48fea-4e2e-40ee-920a-e4c670f2ab9d,62,関西電力送配電,kansai,275,e7cf145f-7721-4b77-8f12-5e85d8698c83,1f2f8543-3b00-4462-9b97-a3005ca08d64,,,,active,,,kansai-keitozu-kansai_kikan154,extracted,2026-08-03,ev:PyMuPDF でPDF矢量内容流を解析：線幅で電圧層を分離（p1: 2.28/2.4pt=500kV・1.2/1.56pt=275kV・0.36/0.72/0.84pt=154kV、p2: 1.8pt=275kV・1.08pt=154kV）、送電線番号（またはその引出矢印の先端）に最も近い線分を種子として両方向に追跡し、最初に到達した変電所／開閉所記号を端点とした,tier2,intra
8ea7354c-40b4-43e2-9543-09cb2d77c099,63,関西電力送配電,kansai,275,1f2f8543-3b00-4462-9b97-a3005ca08d64,8e2f381f-e7bc-4bf5-a5ef-8a91bc0f88c1,,,,active,,,kansai-keitozu-kansai_kikan154,extracted,2026-08-03,ev:PyMuPDF でPDF矢量内容流を解析：線幅で電圧層を分離（p1: 2.28/2.4pt=500kV・1.2/1.56pt=275kV・0.36/0.72/0.84pt=154kV、p2: 1.8pt=275kV・1.08pt=154kV）、送電線番号（またはその引出矢印の先端）に最も近い線分を種子として両方向に追跡し、最初に到達した変電所／開閉所記号を端点とした,tier2,intra
8587e7be-92eb-45c7-845a-6ba5802e2614,64,関西電力送配電,kansai,275,a894d93d-12bf-4305-ac03-e93799f58f2d,12e2e5d0-3df8-496f-8196-5d45a39abbbf,,,,active,,,kansai-keitozu-kansai_kikan154,extracted,2026-08-03,端点站の電圧コード割当と線の電圧が一致せず（同一地点に複数コードが積み重なる図法のため）;uncertain;ev:PyMuPDF でPDF矢量内容流を解析：線幅で電圧層を分離（p1: 2.28/2.4pt=500kV・1.2/1.56pt=275kV・0.36/0.72/0.84pt=154kV、p2: 1.8pt=275kV・1.08pt=154kV）、送電線番号（またはその引出矢印の先端）に最も近い線分を種子として両方向に追跡し、最初に到達した変電所／開閉所記号を端点とした,tier2,intra
275b66d0-dacd-48cc-82e2-9a6b2aed8fce,66,関西電力送配電,kansai,275,a894d93d-12bf-4305-ac03-e93799f58f2d,13481430-0340-48f8-9dca-66e90dd2f16d,,,,active,,,kansai-keitozu-kansai_kikan154,extracted,2026-08-03,端点站の電圧コード割当と線の電圧が一致せず（同一地点に複数コードが積み重なる図法のため）;uncertain;ev:PyMuPDF でPDF矢量内容流を解析：線幅で電圧層を分離（p1: 2.28/2.4pt=500kV・1.2/1.56pt=275kV・0.36/0.72/0.84pt=154kV、p2: 1.8pt=275kV・1.08pt=154kV）、送電線番号（またはその引出矢印の先端）に最も近い線分を種子として両方向に追跡し、最初に到達した変電所／開閉所記号を端点とした,tier2,intra
21d11477-9e00-4aed-828a-c77b040540d4,68,関西電力送配電,kansai,275,254798ad-10fd-4ab5-9d54-5de595681560,49675a93-5982-4a01-b2d3-7f7bba160999,,,,active,,,kansai-keitozu-kansai_kikan154,extracted,2026-08-03,分岐点で複数の候補端点があり最短側を採用;uncertain;ev:PyMuPDF でPDF矢量内容流を解析：線幅で電圧層を分離（p1: 2.28/2.4pt=500kV・1.2/1.56pt=275kV・0.36/0.72/0.84pt=154kV、p2: 1.8pt=275kV・1.08pt=154kV）、送電線番号（またはその引出矢印の先端）に最も近い線分を種子として両方向に追跡し、最初に到達した変電所／開閉所記号を端点とした,tier2,intra
0acf738c-865f-4d9e-88ee-bdf3e68544b5,69,関西電力送配電,kansai,275,def6fad1-a85a-45bb-aeb5-a831f2a59c5f,3563f379-7a95-4f5b-9f81-3a66a8c76eab,,,,active,,,kansai-keitozu-kansai_kikan154,extracted,2026-08-03,端点站の電圧コード割当と線の電圧が一致せず（同一地点に複数コードが積み重なる図法のため）;uncertain;ev:PyMuPDF でPDF矢量内容流を解析：線幅で電圧層を分離（p1: 2.28/2.4pt=500kV・1.2/1.56pt=275kV・0.36/0.72/0.84pt=154kV、p2: 1.8pt=275kV・1.08pt=154kV）、送電線番号（またはその引出矢印の先端）に最も近い線分を種子として両方向に追跡し、最初に到達した変電所／開閉所記号を端点とした,tier2,intra
6810b590-672c-4450-9b4d-1b9d07304b43,70,関西電力送配電,kansai,275,98e8d3d1-8447-442d-b2fa-020fa6fbc7fa,3563f379-7a95-4f5b-9f81-3a66a8c76eab,,,,active,,,kansai-keitozu-kansai_kikan154,extracted,2026-08-03,ev:PyMuPDF でPDF矢量内容流を解析：線幅で電圧層を分離（p1: 2.28/2.4pt=500kV・1.2/1.56pt=275kV・0.36/0.72/0.84pt=154kV、p2: 1.8pt=275kV・1.08pt=154kV）、送電線番号（またはその引出矢印の先端）に最も近い線分を種子として両方向に追跡し、最初に到達した変電所／開閉所記号を端点とした（引出矢印の先端を使用）,tier2,intra
28ada527-fb2a-41e4-8420-ffed2ef74c19,73,関西電力送配電,kansai,275,3563f379-7a95-4f5b-9f81-3a66a8c76eab,b32f59ff-17e1-4de2-b2c2-a1bde03cd8cf,,,,active,,,kansai-keitozu-kansai_kikan154,extracted,2026-08-03,分岐点で複数の候補端点があり最短側を採用;uncertain;ev:PyMuPDF でPDF矢量内容流を解析：線幅で電圧層を分離（p1: 2.28/2.4pt=500kV・1.2/1.56pt=275kV・0.36/0.72/0.84pt=154kV、p2: 1.8pt=275kV・1.08pt=154kV）、送電線番号（またはその引出矢印の先端）に最も近い線分を種子として両方向に追跡し、最初に到達した変電所／開閉所記号を端点とした,tier2,intra
0faf6521-b281-45df-88d0-f5cf6e4facc7,75,関西電力送配電,kansai,275,b32f59ff-17e1-4de2-b2c2-a1bde03cd8cf,e738d0a7-38d6-4289-9399-5c5df706168a,,,,active,,,kansai-keitozu-kansai_kikan154,extracted,2026-08-03,分岐点で複数の候補端点があり最短側を採用;uncertain;ev:PyMuPDF でPDF矢量内容流を解析：線幅で電圧層を分離（p1: 2.28/2.4pt=500kV・1.2/1.56pt=275kV・0.36/0.72/0.84pt=154kV、p2: 1.8pt=275kV・1.08pt=154kV）、送電線番号（またはその引出矢印の先端）に最も近い線分を種子として両方向に追跡し、最初に到達した変電所／開閉所記号を端点とした,tier2,intra
288f5f0a-7df3-4924-b5da-b9d1c78bafa2,76,関西電力送配電,kansai,275,3563f379-7a95-4f5b-9f81-3a66a8c76eab,b32f59ff-17e1-4de2-b2c2-a1bde03cd8cf,,,,active,,,kansai-keitozu-kansai_kikan154,extracted,2026-08-03,分岐点で複数の候補端点があり最短側を採用;uncertain;ev:PyMuPDF でPDF矢量内容流を解析：線幅で電圧層を分離（p1: 2.28/2.4pt=500kV・1.2/1.56pt=275kV・0.36/0.72/0.84pt=154kV、p2: 1.8pt=275kV・1.08pt=154kV）、送電線番号（またはその引出矢印の先端）に最も近い線分を種子として両方向に追跡し、最初に到達した変電所／開閉所記号を端点とした（引出矢印の先端を使用）,tier2,intra
48d3cf68-7eec-475d-a558-189bcb47356b,77,関西電力送配電,kansai,275,49675a93-5982-4a01-b2d3-7f7bba160999,8cdf3195-82b0-4a22-90ae-da82e72d212e,,,,active,,,kansai-keitozu-kansai_kikan154,extracted,2026-08-03,ev:PyMuPDF でPDF矢量内容流を解析：線幅で電圧層を分離（p1: 2.28/2.4pt=500kV・1.2/1.56pt=275kV・0.36/0.72/0.84pt=154kV、p2: 1.8pt=275kV・1.08pt=154kV）、送電線番号（またはその引出矢印の先端）に最も近い線分を種子として両方向に追跡し、最初に到達した変電所／開閉所記号を端点とした,tier2,intra
cafa3a6f-3210-4d6d-9a53-148b2b7180f1,80,関西電力送配電,kansai,275,4900193b-aba4-43d9-997f-0c6d3f184215,e3dc19d0-9525-478c-869c-9c32800bbfd1,,,,active,,,kansai-keitozu-kansai_kikan154,extracted,2026-08-03,ev:PyMuPDF でPDF矢量内容流を解析：線幅で電圧層を分離（p1: 2.28/2.4pt=500kV・1.2/1.56pt=275kV・0.36/0.72/0.84pt=154kV、p2: 1.8pt=275kV・1.08pt=154kV）、送電線番号（またはその引出矢印の先端）に最も近い線分を種子として両方向に追跡し、最初に到達した変電所／開閉所記号を端点とした,tier2,intra
d2807789-45e2-4c01-ae04-8af420d009ec,81,関西電力送配電,kansai,275,4900193b-aba4-43d9-997f-0c6d3f184215,b1541874-6a60-4022-a233-8b3e7ec61e87,,,,active,,,kansai-keitozu-kansai_kikan154,extracted,2026-08-03,ev:PyMuPDF でPDF矢量内容流を解析：線幅で電圧層を分離（p1: 2.28/2.4pt=500kV・1.2/1.56pt=275kV・0.36/0.72/0.84pt=154kV、p2: 1.8pt=275kV・1.08pt=154kV）、送電線番号（またはその引出矢印の先端）に最も近い線分を種子として両方向に追跡し、最初に到達した変電所／開閉所記号を端点とした,tier2,intra
35155e03-4187-4561-b952-90b83296fc2a,82,関西電力送配電,kansai,275,b962f76a-2cab-4a70-be78-8a9bacbafc22,b1541874-6a60-4022-a233-8b3e7ec61e87,,,,active,,,kansai-keitozu-kansai_kikan154,extracted,2026-08-03,ev:PyMuPDF でPDF矢量内容流を解析：線幅で電圧層を分離（p1: 2.28/2.4pt=500kV・1.2/1.56pt=275kV・0.36/0.72/0.84pt=154kV、p2: 1.8pt=275kV・1.08pt=154kV）、送電線番号（またはその引出矢印の先端）に最も近い線分を種子として両方向に追跡し、最初に到達した変電所／開閉所記号を端点とした,tier2,intra
1af1a4e6-996d-4753-968b-17f18c5da9f8,84,関西電力送配電,kansai,275,588616d9-5fae-4745-b165-46ce2f0db4b9,1f9f2c8d-7f2f-417e-84e7-d744214d6e91,,,,active,,,kansai-keitozu-kansai_kikan154,extracted,2026-08-03,端点站の電圧コード割当と線の電圧が一致せず（同一地点に複数コードが積み重なる図法のため）;uncertain;ev:PyMuPDF でPDF矢量内容流を解析：線幅で電圧層を分離（p1: 2.28/2.4pt=500kV・1.2/1.56pt=275kV・0.36/0.72/0.84pt=154kV、p2: 1.8pt=275kV・1.08pt=154kV）、送電線番号（またはその引出矢印の先端）に最も近い線分を種子として両方向に追跡し、最初に到達した変電所／開閉所記号を端点とした,tier2,intra
0f684432-7b15-439a-9bfe-a32e7def857a,85,関西電力送配電,kansai,275,509f9f3c-45bb-441d-8184-b1f13d51245e,588616d9-5fae-4745-b165-46ce2f0db4b9,,,,active,,,kansai-keitozu-kansai_kikan154,extracted,2026-08-03,端点站の電圧コード割当と線の電圧が一致せず（同一地点に複数コードが積み重なる図法のため）;uncertain;ev:PyMuPDF でPDF矢量内容流を解析：線幅で電圧層を分離（p1: 2.28/2.4pt=500kV・1.2/1.56pt=275kV・0.36/0.72/0.84pt=154kV、p2: 1.8pt=275kV・1.08pt=154kV）、送電線番号（またはその引出矢印の先端）に最も近い線分を種子として両方向に追跡し、最初に到達した変電所／開閉所記号を端点とした（引出矢印の先端を使用）,tier2,intra
eb73e3b4-600a-427d-aabc-f489b3536e9b,86,関西電力送配電,kansai,275,509f9f3c-45bb-441d-8184-b1f13d51245e,8c55c66e-98ab-4538-a51c-2cc2333323d7,,,,active,,,kansai-keitozu-kansai_kikan154,extracted,2026-08-03,ev:PyMuPDF でPDF矢量内容流を解析：線幅で電圧層を分離（p1: 2.28/2.4pt=500kV・1.2/1.56pt=275kV・0.36/0.72/0.84pt=154kV、p2: 1.8pt=275kV・1.08pt=154kV）、送電線番号（またはその引出矢印の先端）に最も近い線分を種子として両方向に追跡し、最初に到達した変電所／開閉所記号を端点とした,tier2,intra
6bba9b6b-edcc-43b9-a32c-e9ca01e00c1a,127,関西電力送配電,kansai,275,3563f379-7a95-4f5b-9f81-3a66a8c76eab,b32f59ff-17e1-4de2-b2c2-a1bde03cd8cf,,,,active,,,kansai-keitozu-kansai_kikan154,extracted,2026-08-03,分岐点で複数の候補端点があり最短側を採用;uncertain;ev:PyMuPDF でPDF矢量内容流を解析：線幅で電圧層を分離（p1: 2.28/2.4pt=500kV・1.2/1.56pt=275kV・0.36/0.72/0.84pt=154kV、p2: 1.8pt=275kV・1.08pt=154kV）、送電線番号（またはその引出矢印の先端）に最も近い線分を種子として両方向に追跡し、最初に到達した変電所／開閉所記号を端点とした（引出矢印の先端を使用）,tier2,intra
ff374b9d-8434-4e95-936c-a0a8307e7cdd,157,関西電力送配電,kansai,275,86b6c90a-27dc-4a7b-a093-67133610e557,07586997-a55d-40f2-82ed-2c66d83290dc,,,,active,,,kansai-keitozu-kansai_kikan154,extracted,2026-08-03,端点に図上符号なし（無名ノード）;uncertain;ev:PyMuPDF でPDF矢量内容流を解析：線幅で電圧層を分離（p1: 2.28/2.4pt=500kV・1.2/1.56pt=275kV・0.36/0.72/0.84pt=154kV、p2: 1.8pt=275kV・1.08pt=154kV）、送電線番号（またはその引出矢印の先端）に最も近い線分を種子として両方向に追跡し、最初に到達した変電所／開閉所記号を端点とした（引出矢印の先端を使用）,tier2,intra
1073d92b-1cb8-4615-810f-90b7b75d4831,162,関西電力送配電,kansai,275,86b6c90a-27dc-4a7b-a093-67133610e557,07586997-a55d-40f2-82ed-2c66d83290dc,,,,active,,,kansai-keitozu-kansai_kikan154,extracted,2026-08-03,端点に図上符号なし（無名ノード）;uncertain;ev:PyMuPDF でPDF矢量内容流を解析：線幅で電圧層を分離（p1: 2.28/2.4pt=500kV・1.2/1.56pt=275kV・0.36/0.72/0.84pt=154kV、p2: 1.8pt=275kV・1.08pt=154kV）、送電線番号（またはその引出矢印の先端）に最も近い線分を種子として両方向に追跡し、最初に到達した変電所／開閉所記号を端点とした,tier2,intra
620e6a95-d73c-479e-9c64-1c6bb6e62155,201,関西電力送配電,kansai,275,12e2e5d0-3df8-496f-8196-5d45a39abbbf,d153b9d6-afca-46e9-99da-37a1a9e96220,,,,active,,,kansai-keitozu-kansai_kikan154,extracted,2026-08-03,経由※5跨页：p1とp2に同じ線番が現れ、両図の接続記号※5で接続。両端は各頁で追跡した結果を結合したもの;uncertain;ev:PyMuPDF でPDF矢量内容流を解析：線幅で電圧層を分離（p1: 2.28/2.4pt=500kV・1.2/1.56pt=275kV・0.36/0.72/0.84pt=154kV、p2: 1.8pt=275kV・1.08pt=154kV）、送電線番号（またはその引出矢印の先端）に最も近い線分を種子として両方向に追跡し、最初に到達した変電所／開閉所記号を端点とした。p1側=BE、p2側=開J（同一線番）,tier2,intra
062d4ead-9fc7-472a-8166-294187115460,202,関西電力送配電,kansai,275,d153b9d6-afca-46e9-99da-37a1a9e96220,a60db330-d50a-4e0a-a353-3f72fdd871e7,,,,active,,,kansai-keitozu-kansai_kikan154,extracted,2026-08-03,ev:PyMuPDF でPDF矢量内容流を解析：線幅で電圧層を分離（p1: 2.28/2.4pt=500kV・1.2/1.56pt=275kV・0.36/0.72/0.84pt=154kV、p2: 1.8pt=275kV・1.08pt=154kV）、送電線番号（またはその引出矢印の先端）に最も近い線分を種子として両方向に追跡し、最初に到達した変電所／開閉所記号を端点とした,tier2,intra
5e37b1ef-48df-463b-8b02-faa4e370c31f,203,関西電力送配電,kansai,275,dc9b7031-38ee-4b7e-828b-d878bf38f6a0,d153b9d6-afca-46e9-99da-37a1a9e96220,,,,active,,,kansai-keitozu-kansai_kikan154,extracted,2026-08-03,ev:PyMuPDF でPDF矢量内容流を解析：線幅で電圧層を分離（p1: 2.28/2.4pt=500kV・1.2/1.56pt=275kV・0.36/0.72/0.84pt=154kV、p2: 1.8pt=275kV・1.08pt=154kV）、送電線番号（またはその引出矢印の先端）に最も近い線分を種子として両方向に追跡し、最初に到達した変電所／開閉所記号を端点とした,tier2,intra
70bc9f35-5557-4e5a-a8a4-0ed5f9abb978,204,関西電力送配電,kansai,275,8e2f381f-e7bc-4bf5-a5ef-8a91bc0f88c1,dc9b7031-38ee-4b7e-828b-d878bf38f6a0,,,,active,,,kansai-keitozu-kansai_kikan154,extracted,2026-08-03,経由※4跨页：p1とp2に同じ線番が現れ、両図の接続記号※4で接続。両端は各頁で追跡した結果を結合したもの;uncertain;ev:PyMuPDF でPDF矢量内容流を解析：線幅で電圧層を分離（p1: 2.28/2.4pt=500kV・1.2/1.56pt=275kV・0.36/0.72/0.84pt=154kV、p2: 1.8pt=275kV・1.08pt=154kV）、送電線番号（またはその引出矢印の先端）に最も近い線分を種子として両方向に追跡し、最初に到達した変電所／開閉所記号を端点とした。p1側=BG、p2側=開H（同一線番）,tier2,intra
51fe545c-e678-4058-9c85-0088e47cdb5f,205,関西電力送配電,kansai,275,98e8d3d1-8447-442d-b2fa-020fa6fbc7fa,fe2e6cab-cede-4e1f-896a-2dd33b6f4e4d,,,,active,,,kansai-keitozu-kansai_kikan154,extracted,2026-08-03,経由※2跨页：p1とp2に同じ線番が現れ、両図の接続記号※2で接続。両端は各頁で追跡した結果を結合したもの;uncertain;ev:PyMuPDF でPDF矢量内容流を解析：線幅で電圧層を分離（p1: 2.28/2.4pt=500kV・1.2/1.56pt=275kV・0.36/0.72/0.84pt=154kV、p2: 1.8pt=275kV・1.08pt=154kV）、送電線番号（またはその引出矢印の先端）に最も近い線分を種子として両方向に追跡し、最初に到達した変電所／開閉所記号を端点とした。p1側=BA、p2側=開G（同一線番）,tier2,intra
e4cd9b3f-e128-4050-a258-aa15e4e104c9,206,関西電力送配電,kansai,275,fe2e6cab-cede-4e1f-896a-2dd33b6f4e4d,470353c5-2b6c-4a42-8753-2389d5f62712,,,,active,,,kansai-keitozu-kansai_kikan154,extracted,2026-08-03,ev:PyMuPDF でPDF矢量内容流を解析：線幅で電圧層を分離（p1: 2.28/2.4pt=500kV・1.2/1.56pt=275kV・0.36/0.72/0.84pt=154kV、p2: 1.8pt=275kV・1.08pt=154kV）、送電線番号（またはその引出矢印の先端）に最も近い線分を種子として両方向に追跡し、最初に到達した変電所／開閉所記号を端点とした,tier2,intra
a28fb7f8-b23e-40bf-a5e1-6be70e3d256d,210,関西電力送配電,kansai,275,d8735565-e0f6-4eca-acb4-432b80bf7e36,992942d5-8a7f-4183-af25-d32ab478fb8e,,,,active,,,kansai-keitozu-kansai_kikan154,extracted,2026-08-03,端点に図上符号なし（無名ノード）;uncertain;ev:PyMuPDF でPDF矢量内容流を解析：線幅で電圧層を分離（p1: 2.28/2.4pt=500kV・1.2/1.56pt=275kV・0.36/0.72/0.84pt=154kV、p2: 1.8pt=275kV・1.08pt=154kV）、送電線番号（またはその引出矢印の先端）に最も近い線分を種子として両方向に追跡し、最初に到達した変電所／開閉所記号を端点とした（引出矢印の先端を使用）,tier2,intra
93490a19-8d4e-4ed7-81c1-4884b3f5cc9e,214,関西電力送配電,kansai,275,fe2e6cab-cede-4e1f-896a-2dd33b6f4e4d,de90b20e-324f-4671-b38e-7a63d15506a2,,,,active,,,kansai-keitozu-kansai_kikan154,extracted,2026-08-03,ev:PyMuPDF でPDF矢量内容流を解析：線幅で電圧層を分離（p1: 2.28/2.4pt=500kV・1.2/1.56pt=275kV・0.36/0.72/0.84pt=154kV、p2: 1.8pt=275kV・1.08pt=154kV）、送電線番号（またはその引出矢印の先端）に最も近い線分を種子として両方向に追跡し、最初に到達した変電所／開閉所記号を端点とした,tier2,intra
14b11220-da45-439b-8b07-9fb07a7bf65d,36-1,関西電力送配電,kansai,275,54314c67-fac2-40e6-9ab8-3a74b3032483,bc002110-b2b9-4c75-87bd-98cd2636866c,,,,active,,,kansai-keitozu-kansai_kikan154,extracted,2026-08-03,ev:PyMuPDF でPDF矢量内容流を解析：線幅で電圧層を分離（p1: 2.28/2.4pt=500kV・1.2/1.56pt=275kV・0.36/0.72/0.84pt=154kV、p2: 1.8pt=275kV・1.08pt=154kV）、送電線番号（またはその引出矢印の先端）に最も近い線分を種子として両方向に追跡し、最初に到達した変電所／開閉所記号を端点とした（引出矢印の先端を使用）,tier2,intra
61a3ae55-7d76-4ea0-abdb-fd4f23788255,36-2,関西電力送配電,kansai,275,221fc1f1-b89b-450e-b19e-1052f878b438,bc002110-b2b9-4c75-87bd-98cd2636866c,,,,active,,,kansai-keitozu-kansai_kikan154,extracted,2026-08-03,ev:PyMuPDF でPDF矢量内容流を解析：線幅で電圧層を分離（p1: 2.28/2.4pt=500kV・1.2/1.56pt=275kV・0.36/0.72/0.84pt=154kV、p2: 1.8pt=275kV・1.08pt=154kV）、送電線番号（またはその引出矢印の先端）に最も近い線分を種子として両方向に追跡し、最初に到達した変電所／開閉所記号を端点とした（引出矢印の先端を使用）,tier2,intra
2c83d210-9f55-4110-85a0-13b712f761f5,40-1,関西電力送配電,kansai,275,bc002110-b2b9-4c75-87bd-98cd2636866c,3785fd5f-4094-428e-bf9a-098057ca4136,,,,active,,,kansai-keitozu-kansai_kikan154,extracted,2026-08-03,ev:PyMuPDF でPDF矢量内容流を解析：線幅で電圧層を分離（p1: 2.28/2.4pt=500kV・1.2/1.56pt=275kV・0.36/0.72/0.84pt=154kV、p2: 1.8pt=275kV・1.08pt=154kV）、送電線番号（またはその引出矢印の先端）に最も近い線分を種子として両方向に追跡し、最初に到達した変電所／開閉所記号を端点とした（引出矢印の先端を使用）,tier2,intra
c6a64a2d-f716-4c55-867d-f0050083d10f,45-1,関西電力送配電,kansai,275,221fc1f1-b89b-450e-b19e-1052f878b438,92dadf1f-48f2-48f0-9746-38668b8d6406,,,,active,,,kansai-keitozu-kansai_kikan154,extracted,2026-08-03,ev:PyMuPDF でPDF矢量内容流を解析：線幅で電圧層を分離（p1: 2.28/2.4pt=500kV・1.2/1.56pt=275kV・0.36/0.72/0.84pt=154kV、p2: 1.8pt=275kV・1.08pt=154kV）、送電線番号（またはその引出矢印の先端）に最も近い線分を種子として両方向に追跡し、最初に到達した変電所／開閉所記号を端点とした,tier2,intra
d2c4fd25-6c1d-48f2-8a43-68f3d1cbaccb,45-2,関西電力送配電,kansai,275,92dadf1f-48f2-48f0-9746-38668b8d6406,05d56d1b-4ae7-422f-91d2-524235485d9c,,,,active,,,kansai-keitozu-kansai_kikan154,extracted,2026-08-03,ev:PyMuPDF でPDF矢量内容流を解析：線幅で電圧層を分離（p1: 2.28/2.4pt=500kV・1.2/1.56pt=275kV・0.36/0.72/0.84pt=154kV、p2: 1.8pt=275kV・1.08pt=154kV）、送電線番号（またはその引出矢印の先端）に最も近い線分を種子として両方向に追跡し、最初に到達した変電所／開閉所記号を端点とした,tier2,intra
6325b214-7f99-48e7-96d3-0fb41155ff96,49-1,関西電力送配電,kansai,275,04a0604d-2bda-4055-9a0b-c5042d31b99c,0c80ac5d-9c85-4e08-92cc-e53ba04d86aa,,,,active,,,kansai-keitozu-kansai_kikan154,extracted,2026-08-03,線番ラベルから線分までの距離8.1pt;uncertain;ev:PyMuPDF でPDF矢量内容流を解析：線幅で電圧層を分離（p1: 2.28/2.4pt=500kV・1.2/1.56pt=275kV・0.36/0.72/0.84pt=154kV、p2: 1.8pt=275kV・1.08pt=154kV）、送電線番号（またはその引出矢印の先端）に最も近い線分を種子として両方向に追跡し、最初に到達した変電所／開閉所記号を端点とした,tier2,intra
13e40083-d017-43ab-b889-a2fde0e80da8,49-2,関西電力送配電,kansai,275,04a0604d-2bda-4055-9a0b-c5042d31b99c,86b6c90a-27dc-4a7b-a093-67133610e557,,,,active,,,kansai-keitozu-kansai_kikan154,extracted,2026-08-03,ev:PyMuPDF でPDF矢量内容流を解析：線幅で電圧層を分離（p1: 2.28/2.4pt=500kV・1.2/1.56pt=275kV・0.36/0.72/0.84pt=154kV、p2: 1.8pt=275kV・1.08pt=154kV）、送電線番号（またはその引出矢印の先端）に最も近い線分を種子として両方向に追跡し、最初に到達した変電所／開閉所記号を端点とした,tier2,intra
540d3e6f-336b-4bf5-84c9-a2b69d8920f9,65-2,関西電力送配電,kansai,275,a894d93d-12bf-4305-ac03-e93799f58f2d,13481430-0340-48f8-9dca-66e90dd2f16d,,,,active,,,kansai-keitozu-kansai_kikan154,extracted,2026-08-03,端点站の電圧コード割当と線の電圧が一致せず（同一地点に複数コードが積み重なる図法のため）;uncertain;ev:PyMuPDF でPDF矢量内容流を解析：線幅で電圧層を分離（p1: 2.28/2.4pt=500kV・1.2/1.56pt=275kV・0.36/0.72/0.84pt=154kV、p2: 1.8pt=275kV・1.08pt=154kV）、送電線番号（またはその引出矢印の先端）に最も近い線分を種子として両方向に追跡し、最初に到達した変電所／開閉所記号を端点とした,tier2,intra
5cec2933-fb9a-490a-bbe1-7beab2bb33e3,67-2,関西電力送配電,kansai,275,49675a93-5982-4a01-b2d3-7f7bba160999,254798ad-10fd-4ab5-9d54-5de595681560,,,,active,,,kansai-keitozu-kansai_kikan154,extracted,2026-08-03,ev:PyMuPDF でPDF矢量内容流を解析：線幅で電圧層を分離（p1: 2.28/2.4pt=500kV・1.2/1.56pt=275kV・0.36/0.72/0.84pt=154kV、p2: 1.8pt=275kV・1.08pt=154kV）、送電線番号（またはその引出矢印の先端）に最も近い線分を種子として両方向に追跡し、最初に到達した変電所／開閉所記号を端点とした,tier2,intra
98c76449-7ffd-43ff-a73f-3c05a47bef47,71-1,関西電力送配電,kansai,275,98e8d3d1-8447-442d-b2fa-020fa6fbc7fa,3563f379-7a95-4f5b-9f81-3a66a8c76eab,,,,active,,,kansai-keitozu-kansai_kikan154,extracted,2026-08-03,ev:PyMuPDF でPDF矢量内容流を解析：線幅で電圧層を分離（p1: 2.28/2.4pt=500kV・1.2/1.56pt=275kV・0.36/0.72/0.84pt=154kV、p2: 1.8pt=275kV・1.08pt=154kV）、送電線番号（またはその引出矢印の先端）に最も近い線分を種子として両方向に追跡し、最初に到達した変電所／開閉所記号を端点とした,tier2,intra
32248f72-ba02-4910-a376-12557a348df5,208-1,関西電力送配電,kansai,275,d8735565-e0f6-4eca-acb4-432b80bf7e36,992942d5-8a7f-4183-af25-d32ab478fb8e,,,,active,,,kansai-keitozu-kansai_kikan154,extracted,2026-08-03,端点に図上符号なし（無名ノード）;uncertain;ev:PyMuPDF でPDF矢量内容流を解析：線幅で電圧層を分離（p1: 2.28/2.4pt=500kV・1.2/1.56pt=275kV・0.36/0.72/0.84pt=154kV、p2: 1.8pt=275kV・1.08pt=154kV）、送電線番号（またはその引出矢印の先端）に最も近い線分を種子として両方向に追跡し、最初に到達した変電所／開閉所記号を端点とした,tier2,intra
a382bfe9-ff99-4067-adab-946b074d9017,55,関西電力送配電,kansai,154,471f8ec3-0d4e-4064-852a-9db987178956,8e50b15b-d8ed-49b1-9635-fc7c3589feea,,,,active,,,kansai-keitozu-kansai_kikan154,extracted,2026-08-03,端点站の電圧コード割当と線の電圧が一致せず（同一地点に複数コードが積み重なる図法のため）；端点に図上符号なし（無名ノード）;uncertain;ev:PyMuPDF でPDF矢量内容流を解析：線幅で電圧層を分離（p1: 2.28/2.4pt=500kV・1.2/1.56pt=275kV・0.36/0.72/0.84pt=154kV、p2: 1.8pt=275kV・1.08pt=154kV）、送電線番号（またはその引出矢印の先端）に最も近い線分を種子として両方向に追跡し、最初に到達した変電所／開閉所記号を端点とした（引出矢印の先端を使用）,tier3,intra
7aca0dd5-2b3d-4afb-86fb-d295573a8a05,72,関西電力送配電,kansai,154,442d9534-fde5-4bac-a49f-8c9aadcaf4f4,ab318df4-8a8d-45f1-b592-2aca28c30555,,,,active,,,kansai-keitozu-kansai_kikan154,extracted,2026-08-03,ev:PyMuPDF でPDF矢量内容流を解析：線幅で電圧層を分離（p1: 2.28/2.4pt=500kV・1.2/1.56pt=275kV・0.36/0.72/0.84pt=154kV、p2: 1.8pt=275kV・1.08pt=154kV）、送電線番号（またはその引出矢印の先端）に最も近い線分を種子として両方向に追跡し、最初に到達した変電所／開閉所記号を端点とした,tier3,intra
e50993f0-c963-493d-a5fe-119b73809c34,74,関西電力送配電,kansai,154,442d9534-fde5-4bac-a49f-8c9aadcaf4f4,3111020c-41b1-43fb-b29e-eb18aaec017d,,,,active,,,kansai-keitozu-kansai_kikan154,extracted,2026-08-03,端点站の電圧コード割当と線の電圧が一致せず（同一地点に複数コードが積み重なる図法のため）;uncertain;ev:PyMuPDF でPDF矢量内容流を解析：線幅で電圧層を分離（p1: 2.28/2.4pt=500kV・1.2/1.56pt=275kV・0.36/0.72/0.84pt=154kV、p2: 1.8pt=275kV・1.08pt=154kV）、送電線番号（またはその引出矢印の先端）に最も近い線分を種子として両方向に追跡し、最初に到達した変電所／開閉所記号を端点とした,tier3,intra
e74232c8-989d-41fe-bac3-19a04b211254,104,関西電力送配電,kansai,154,a894d93d-12bf-4305-ac03-e93799f58f2d,e7605a44-a345-4941-b4df-d1211272def6,,,,active,,,kansai-keitozu-kansai_kikan154,extracted,2026-08-03,端点站の電圧コード割当と線の電圧が一致せず（同一地点に複数コードが積み重なる図法のため）;uncertain;ev:PyMuPDF でPDF矢量内容流を解析：線幅で電圧層を分離（p1: 2.28/2.4pt=500kV・1.2/1.56pt=275kV・0.36/0.72/0.84pt=154kV、p2: 1.8pt=275kV・1.08pt=154kV）、送電線番号（またはその引出矢印の先端）に最も近い線分を種子として両方向に追跡し、最初に到達した変電所／開閉所記号を端点とした,tier3,intra
0332763f-a3a2-47e0-b25f-97f173db1f69,106,関西電力送配電,kansai,154,32e0fa1b-0881-4fb3-9293-0677b007711b,18f82faa-bfa0-41b3-8225-af4de05da041,,,,active,,,kansai-keitozu-kansai_kikan154,extracted,2026-08-03,ev:PyMuPDF でPDF矢量内容流を解析：線幅で電圧層を分離（p1: 2.28/2.4pt=500kV・1.2/1.56pt=275kV・0.36/0.72/0.84pt=154kV、p2: 1.8pt=275kV・1.08pt=154kV）、送電線番号（またはその引出矢印の先端）に最も近い線分を種子として両方向に追跡し、最初に到達した変電所／開閉所記号を端点とした（引出矢印の先端を使用）,tier3,intra
8c1b3db2-0796-46b8-b784-89160bc50358,107,関西電力送配電,kansai,154,32e0fa1b-0881-4fb3-9293-0677b007711b,18f82faa-bfa0-41b3-8225-af4de05da041,,,,active,,,kansai-keitozu-kansai_kikan154,extracted,2026-08-03,ev:PyMuPDF でPDF矢量内容流を解析：線幅で電圧層を分離（p1: 2.28/2.4pt=500kV・1.2/1.56pt=275kV・0.36/0.72/0.84pt=154kV、p2: 1.8pt=275kV・1.08pt=154kV）、送電線番号（またはその引出矢印の先端）に最も近い線分を種子として両方向に追跡し、最初に到達した変電所／開閉所記号を端点とした,tier3,intra
4673b5e8-3174-4292-a9a3-3d10ff86887a,110,関西電力送配電,kansai,154,303de30c-3529-4526-b0d8-f58ae5e1cdf5,3b1916ed-a7fa-4e5f-b258-f8e724ac262b,,,,active,,,kansai-keitozu-kansai_kikan154,extracted,2026-08-03,【大阪湾周辺】別図内;ev:PyMuPDF でPDF矢量内容流を解析：線幅で電圧層を分離（p1: 2.28/2.4pt=500kV・1.2/1.56pt=275kV・0.36/0.72/0.84pt=154kV、p2: 1.8pt=275kV・1.08pt=154kV）、送電線番号（またはその引出矢印の先端）に最も近い線分を種子として両方向に追跡し、最初に到達した変電所／開閉所記号を端点とした,tier3,intra
00938cc6-aab9-485d-9218-9df0f7e53072,111,関西電力送配電,kansai,154,9faff1ed-3e71-4ff2-8c85-35efb8cc12da,3b1916ed-a7fa-4e5f-b258-f8e724ac262b,,,,active,,,kansai-keitozu-kansai_kikan154,extracted,2026-08-03,【大阪湾周辺】別図内;ev:PyMuPDF でPDF矢量内容流を解析：線幅で電圧層を分離（p1: 2.28/2.4pt=500kV・1.2/1.56pt=275kV・0.36/0.72/0.84pt=154kV、p2: 1.8pt=275kV・1.08pt=154kV）、送電線番号（またはその引出矢印の先端）に最も近い線分を種子として両方向に追跡し、最初に到達した変電所／開閉所記号を端点とした,tier3,intra
021f6001-2d9a-437a-be95-9f6da03a9eb2,112,関西電力送配電,kansai,154,303de30c-3529-4526-b0d8-f58ae5e1cdf5,86ff90d4-8343-4468-924b-9b13526fd502,,,,active,,,kansai-keitozu-kansai_kikan154,extracted,2026-08-03,片端は線分終端から最寄記号へ7.8pt補完（図上で線が記号手前で切れている）；【大阪湾周辺】別図内;uncertain;ev:PyMuPDF でPDF矢量内容流を解析：線幅で電圧層を分離（p1: 2.28/2.4pt=500kV・1.2/1.56pt=275kV・0.36/0.72/0.84pt=154kV、p2: 1.8pt=275kV・1.08pt=154kV）、送電線番号（またはその引出矢印の先端）に最も近い線分を種子として両方向に追跡し、最初に到達した変電所／開閉所記号を端点とした,tier3,intra
12f80f55-439d-47d8-8ee0-6a2f2f7f9020,113,関西電力送配電,kansai,154,09fc97fe-6b80-4425-bab8-761328f97116,9faff1ed-3e71-4ff2-8c85-35efb8cc12da,,,,active,,,kansai-keitozu-kansai_kikan154,extracted,2026-08-03,【大阪湾周辺】別図内;ev:PyMuPDF でPDF矢量内容流を解析：線幅で電圧層を分離（p1: 2.28/2.4pt=500kV・1.2/1.56pt=275kV・0.36/0.72/0.84pt=154kV、p2: 1.8pt=275kV・1.08pt=154kV）、送電線番号（またはその引出矢印の先端）に最も近い線分を種子として両方向に追跡し、最初に到達した変電所／開閉所記号を端点とした（引出矢印の先端を使用）,tier3,intra
5a7e266e-b4f8-4bbd-9da5-98ed0060ae61,114,関西電力送配電,kansai,154,09fc97fe-6b80-4425-bab8-761328f97116,9faff1ed-3e71-4ff2-8c85-35efb8cc12da,,,,active,,,kansai-keitozu-kansai_kikan154,extracted,2026-08-03,【大阪湾周辺】別図内;ev:PyMuPDF でPDF矢量内容流を解析：線幅で電圧層を分離（p1: 2.28/2.4pt=500kV・1.2/1.56pt=275kV・0.36/0.72/0.84pt=154kV、p2: 1.8pt=275kV・1.08pt=154kV）、送電線番号（またはその引出矢印の先端）に最も近い線分を種子として両方向に追跡し、最初に到達した変電所／開閉所記号を端点とした（引出矢印の先端を使用）,tier3,intra
0cc76177-fc7b-45f5-ae71-075c7a6d9298,115,関西電力送配電,kansai,154,9eeca2c9-e419-4736-8900-2d6cc6140fc8,3b1916ed-a7fa-4e5f-b258-f8e724ac262b,,,,active,,,kansai-keitozu-kansai_kikan154,extracted,2026-08-03,【大阪湾周辺】別図内;ev:PyMuPDF でPDF矢量内容流を解析：線幅で電圧層を分離（p1: 2.28/2.4pt=500kV・1.2/1.56pt=275kV・0.36/0.72/0.84pt=154kV、p2: 1.8pt=275kV・1.08pt=154kV）、送電線番号（またはその引出矢印の先端）に最も近い線分を種子として両方向に追跡し、最初に到達した変電所／開閉所記号を端点とした,tier3,intra
ff510d91-09b4-447d-993b-a80cb3eb84ed,116,関西電力送配電,kansai,154,9eeca2c9-e419-4736-8900-2d6cc6140fc8,9c01b2cb-333f-4246-a6d2-32265149ffd5,,,,active,,,kansai-keitozu-kansai_kikan154,extracted,2026-08-03,【大阪湾周辺】別図内;ev:PyMuPDF でPDF矢量内容流を解析：線幅で電圧層を分離（p1: 2.28/2.4pt=500kV・1.2/1.56pt=275kV・0.36/0.72/0.84pt=154kV、p2: 1.8pt=275kV・1.08pt=154kV）、送電線番号（またはその引出矢印の先端）に最も近い線分を種子として両方向に追跡し、最初に到達した変電所／開閉所記号を端点とした（引出矢印の先端を使用）,tier3,intra
265a5f24-ae8b-4e29-9e93-51ec03899c03,117,関西電力送配電,kansai,154,9c01b2cb-333f-4246-a6d2-32265149ffd5,9eeca2c9-e419-4736-8900-2d6cc6140fc8,,,,active,,,kansai-keitozu-kansai_kikan154,extracted,2026-08-03,【大阪湾周辺】別図内;ev:PyMuPDF でPDF矢量内容流を解析：線幅で電圧層を分離（p1: 2.28/2.4pt=500kV・1.2/1.56pt=275kV・0.36/0.72/0.84pt=154kV、p2: 1.8pt=275kV・1.08pt=154kV）、送電線番号（またはその引出矢印の先端）に最も近い線分を種子として両方向に追跡し、最初に到達した変電所／開閉所記号を端点とした（引出矢印の先端を使用）,tier3,intra
6111ef1c-93d4-4511-922f-3e99c4d90592,118,関西電力送配電,kansai,154,86ff90d4-8343-4468-924b-9b13526fd502,9c01b2cb-333f-4246-a6d2-32265149ffd5,,,,active,,,kansai-keitozu-kansai_kikan154,extracted,2026-08-03,【大阪湾周辺】別図内;ev:PyMuPDF でPDF矢量内容流を解析：線幅で電圧層を分離（p1: 2.28/2.4pt=500kV・1.2/1.56pt=275kV・0.36/0.72/0.84pt=154kV、p2: 1.8pt=275kV・1.08pt=154kV）、送電線番号（またはその引出矢印の先端）に最も近い線分を種子として両方向に追跡し、最初に到達した変電所／開閉所記号を端点とした（引出矢印の先端を使用）,tier3,intra
11e2a147-c1a0-4358-928c-e5ae80f27869,119,関西電力送配電,kansai,154,9c01b2cb-333f-4246-a6d2-32265149ffd5,691be5d4-0917-43b8-b9f0-58abdf0f464b,,,,active,,,kansai-keitozu-kansai_kikan154,extracted,2026-08-03,【大阪湾周辺】別図内;ev:PyMuPDF でPDF矢量内容流を解析：線幅で電圧層を分離（p1: 2.28/2.4pt=500kV・1.2/1.56pt=275kV・0.36/0.72/0.84pt=154kV、p2: 1.8pt=275kV・1.08pt=154kV）、送電線番号（またはその引出矢印の先端）に最も近い線分を種子として両方向に追跡し、最初に到達した変電所／開閉所記号を端点とした（引出矢印の先端を使用）,tier3,intra
05c8337c-e898-4034-ad5e-02102eef41ae,120,関西電力送配電,kansai,154,303de30c-3529-4526-b0d8-f58ae5e1cdf5,de49f704-2860-4df2-98d9-7e51aedfbc8b,,,,active,,,kansai-keitozu-kansai_kikan154,extracted,2026-08-03,【大阪湾周辺】別図内;ev:PyMuPDF でPDF矢量内容流を解析：線幅で電圧層を分離（p1: 2.28/2.4pt=500kV・1.2/1.56pt=275kV・0.36/0.72/0.84pt=154kV、p2: 1.8pt=275kV・1.08pt=154kV）、送電線番号（またはその引出矢印の先端）に最も近い線分を種子として両方向に追跡し、最初に到達した変電所／開閉所記号を端点とした,tier3,intra
df45cc45-ee5f-419f-8c57-f478e635e11e,121,関西電力送配電,kansai,154,1d2e618a-4c46-4b8e-8ef9-381f4c4929e7,40c898a0-f6fc-4acb-9075-8785678d3843,,,,active,,,kansai-keitozu-kansai_kikan154,extracted,2026-08-03,片端は線分終端から最寄記号へ5.0pt補完（図上で線が記号手前で切れている）；【大阪湾周辺】別図内;uncertain;ev:PyMuPDF でPDF矢量内容流を解析：線幅で電圧層を分離（p1: 2.28/2.4pt=500kV・1.2/1.56pt=275kV・0.36/0.72/0.84pt=154kV、p2: 1.8pt=275kV・1.08pt=154kV）、送電線番号（またはその引出矢印の先端）に最も近い線分を種子として両方向に追跡し、最初に到達した変電所／開閉所記号を端点とした,tier3,intra
a902211c-eda5-49fc-887b-0a04675f4846,124,関西電力送配電,kansai,154,691be5d4-0917-43b8-b9f0-58abdf0f464b,c7886323-c801-4fdf-bedc-b86bd1e77380,,,,active,,,kansai-keitozu-kansai_kikan154,extracted,2026-08-03,端点站の電圧コード割当と線の電圧が一致せず（同一地点に複数コードが積み重なる図法のため）；【大阪湾周辺】別図内;uncertain;ev:PyMuPDF でPDF矢量内容流を解析：線幅で電圧層を分離（p1: 2.28/2.4pt=500kV・1.2/1.56pt=275kV・0.36/0.72/0.84pt=154kV、p2: 1.8pt=275kV・1.08pt=154kV）、送電線番号（またはその引出矢印の先端）に最も近い線分を種子として両方向に追跡し、最初に到達した変電所／開閉所記号を端点とした,tier3,intra
2b496fd2-c2a1-4690-b15f-88953869ab4f,125,関西電力送配電,kansai,154,1d2e618a-4c46-4b8e-8ef9-381f4c4929e7,58df4675-ead4-4448-9ced-89fbca9fc6a3,,,,active,,,kansai-keitozu-kansai_kikan154,extracted,2026-08-03,【大阪湾周辺】別図内;ev:PyMuPDF でPDF矢量内容流を解析：線幅で電圧層を分離（p1: 2.28/2.4pt=500kV・1.2/1.56pt=275kV・0.36/0.72/0.84pt=154kV、p2: 1.8pt=275kV・1.08pt=154kV）、送電線番号（またはその引出矢印の先端）に最も近い線分を種子として両方向に追跡し、最初に到達した変電所／開閉所記号を端点とした,tier3,intra
dff7a1f5-b110-44fc-8412-2be4715fe416,128,関西電力送配電,kansai,154,ab318df4-8a8d-45f1-b592-2aca28c30555,3111020c-41b1-43fb-b29e-eb18aaec017d,,,,active,,,kansai-keitozu-kansai_kikan154,extracted,2026-08-03,ev:PyMuPDF でPDF矢量内容流を解析：線幅で電圧層を分離（p1: 2.28/2.4pt=500kV・1.2/1.56pt=275kV・0.36/0.72/0.84pt=154kV、p2: 1.8pt=275kV・1.08pt=154kV）、送電線番号（またはその引出矢印の先端）に最も近い線分を種子として両方向に追跡し、最初に到達した変電所／開閉所記号を端点とした,tier3,intra
51036ef0-7b6c-43e8-b033-7b4876da8f0e,129,関西電力送配電,kansai,154,005b88f9-6db0-4df8-a9cc-5d1defc9d082,6d6ada50-1c4d-4abb-9a9d-2018bdb656d7,,,,active,,,kansai-keitozu-kansai_kikan154,extracted,2026-08-03,ev:PyMuPDF でPDF矢量内容流を解析：線幅で電圧層を分離（p1: 2.28/2.4pt=500kV・1.2/1.56pt=275kV・0.36/0.72/0.84pt=154kV、p2: 1.8pt=275kV・1.08pt=154kV）、送電線番号（またはその引出矢印の先端）に最も近い線分を種子として両方向に追跡し、最初に到達した変電所／開閉所記号を端点とした,tier3,intra
9a5a1ee7-e2ba-4184-8035-67d25e212413,131,関西電力送配電,kansai,154,bae00fab-b191-421f-81b9-d58874089835,ac134b15-151a-465b-958b-ad5e0892ae8e,,,,active,,,kansai-keitozu-kansai_kikan154,extracted,2026-08-03,ev:PyMuPDF でPDF矢量内容流を解析：線幅で電圧層を分離（p1: 2.28/2.4pt=500kV・1.2/1.56pt=275kV・0.36/0.72/0.84pt=154kV、p2: 1.8pt=275kV・1.08pt=154kV）、送電線番号（またはその引出矢印の先端）に最も近い線分を種子として両方向に追跡し、最初に到達した変電所／開閉所記号を端点とした（引出矢印の先端を使用）,tier3,intra
92d5968d-2b2e-4d28-b930-6aba342b8f42,133,関西電力送配電,kansai,154,18f82faa-bfa0-41b3-8225-af4de05da041,fcb480de-7fbd-4d50-8912-f22682e7b58c,,,,active,,,kansai-keitozu-kansai_kikan154,extracted,2026-08-03,ev:PyMuPDF でPDF矢量内容流を解析：線幅で電圧層を分離（p1: 2.28/2.4pt=500kV・1.2/1.56pt=275kV・0.36/0.72/0.84pt=154kV、p2: 1.8pt=275kV・1.08pt=154kV）、送電線番号（またはその引出矢印の先端）に最も近い線分を種子として両方向に追跡し、最初に到達した変電所／開閉所記号を端点とした,tier3,intra
e2ac9c3c-0c89-4fdd-b2b7-c3884f4ff6e4,135,関西電力送配電,kansai,154,afb040eb-064d-4dc4-82fb-0e0f49eba46c,bd718036-c4ce-4fe1-be55-1e68ab44b501,,,,active,,,kansai-keitozu-kansai_kikan154,extracted,2026-08-03,【大阪湾周辺】別図内;ev:PyMuPDF でPDF矢量内容流を解析：線幅で電圧層を分離（p1: 2.28/2.4pt=500kV・1.2/1.56pt=275kV・0.36/0.72/0.84pt=154kV、p2: 1.8pt=275kV・1.08pt=154kV）、送電線番号（またはその引出矢印の先端）に最も近い線分を種子として両方向に追跡し、最初に到達した変電所／開閉所記号を端点とした,tier3,intra
00cba407-eaf8-4dfb-8a0f-4faa670044a6,136,関西電力送配電,kansai,154,afb040eb-064d-4dc4-82fb-0e0f49eba46c,9b8eabf3-2210-4eec-a520-8dd771718012,,,,active,,,kansai-keitozu-kansai_kikan154,extracted,2026-08-03,【大阪湾周辺】別図内;ev:PyMuPDF でPDF矢量内容流を解析：線幅で電圧層を分離（p1: 2.28/2.4pt=500kV・1.2/1.56pt=275kV・0.36/0.72/0.84pt=154kV、p2: 1.8pt=275kV・1.08pt=154kV）、送電線番号（またはその引出矢印の先端）に最も近い線分を種子として両方向に追跡し、最初に到達した変電所／開閉所記号を端点とした,tier3,intra
5f4c307b-2801-4c3b-bcb1-d55b10f12762,138,関西電力送配電,kansai,154,94ffe985-6aa1-4c1f-a106-f088ae829548,afb040eb-064d-4dc4-82fb-0e0f49eba46c,,,,active,,,kansai-keitozu-kansai_kikan154,extracted,2026-08-03,【大阪湾周辺】別図内;ev:PyMuPDF でPDF矢量内容流を解析：線幅で電圧層を分離（p1: 2.28/2.4pt=500kV・1.2/1.56pt=275kV・0.36/0.72/0.84pt=154kV、p2: 1.8pt=275kV・1.08pt=154kV）、送電線番号（またはその引出矢印の先端）に最も近い線分を種子として両方向に追跡し、最初に到達した変電所／開閉所記号を端点とした（引出矢印の先端を使用）,tier3,intra
af6bcedc-e6ce-4b53-bae4-e2a4c7faed76,139,関西電力送配電,kansai,154,6af8f215-7b3c-4aae-a1f1-53a8bd850819,fb34c773-291c-4de8-a791-f12155788f30,,,,active,,,kansai-keitozu-kansai_kikan154,extracted,2026-08-03,【大阪湾周辺】別図内;ev:PyMuPDF でPDF矢量内容流を解析：線幅で電圧層を分離（p1: 2.28/2.4pt=500kV・1.2/1.56pt=275kV・0.36/0.72/0.84pt=154kV、p2: 1.8pt=275kV・1.08pt=154kV）、送電線番号（またはその引出矢印の先端）に最も近い線分を種子として両方向に追跡し、最初に到達した変電所／開閉所記号を端点とした,tier3,intra
ae33e93c-fb3f-4b7d-8577-4977cbafeb5c,140,関西電力送配電,kansai,154,fb34c773-291c-4de8-a791-f12155788f30,94ffe985-6aa1-4c1f-a106-f088ae829548,,,,active,,,kansai-keitozu-kansai_kikan154,extracted,2026-08-03,【大阪湾周辺】別図内;ev:PyMuPDF でPDF矢量内容流を解析：線幅で電圧層を分離（p1: 2.28/2.4pt=500kV・1.2/1.56pt=275kV・0.36/0.72/0.84pt=154kV、p2: 1.8pt=275kV・1.08pt=154kV）、送電線番号（またはその引出矢印の先端）に最も近い線分を種子として両方向に追跡し、最初に到達した変電所／開閉所記号を端点とした,tier3,intra
056b5cb7-f70e-4139-bb06-49b7a71542ce,141,関西電力送配電,kansai,154,691be5d4-0917-43b8-b9f0-58abdf0f464b,c7886323-c801-4fdf-bedc-b86bd1e77380,,,,active,,,kansai-keitozu-kansai_kikan154,extracted,2026-08-03,端点站の電圧コード割当と線の電圧が一致せず（同一地点に複数コードが積み重なる図法のため）；【大阪湾周辺】別図内;uncertain;ev:PyMuPDF でPDF矢量内容流を解析：線幅で電圧層を分離（p1: 2.28/2.4pt=500kV・1.2/1.56pt=275kV・0.36/0.72/0.84pt=154kV、p2: 1.8pt=275kV・1.08pt=154kV）、送電線番号（またはその引出矢印の先端）に最も近い線分を種子として両方向に追跡し、最初に到達した変電所／開閉所記号を端点とした（引出矢印の先端を使用）,tier3,intra
383ea855-3ed8-44b7-8404-0e1d62de2863,142,関西電力送配電,kansai,154,1d2e618a-4c46-4b8e-8ef9-381f4c4929e7,58df4675-ead4-4448-9ced-89fbca9fc6a3,,,,active,,,kansai-keitozu-kansai_kikan154,extracted,2026-08-03,【大阪湾周辺】別図内;ev:PyMuPDF でPDF矢量内容流を解析：線幅で電圧層を分離（p1: 2.28/2.4pt=500kV・1.2/1.56pt=275kV・0.36/0.72/0.84pt=154kV、p2: 1.8pt=275kV・1.08pt=154kV）、送電線番号（またはその引出矢印の先端）に最も近い線分を種子として両方向に追跡し、最初に到達した変電所／開閉所記号を端点とした（引出矢印の先端を使用）,tier3,intra
9b9cedcf-d1e0-4427-b558-8d672e040cf2,144,関西電力送配電,kansai,154,c7886323-c801-4fdf-bedc-b86bd1e77380,410ee04b-b033-46ef-a394-875106f6764a,,,,active,,,kansai-keitozu-kansai_kikan154,extracted,2026-08-03,端点站の電圧コード割当と線の電圧が一致せず（同一地点に複数コードが積み重なる図法のため）；【大阪湾周辺】別図内;uncertain;ev:PyMuPDF でPDF矢量内容流を解析：線幅で電圧層を分離（p1: 2.28/2.4pt=500kV・1.2/1.56pt=275kV・0.36/0.72/0.84pt=154kV、p2: 1.8pt=275kV・1.08pt=154kV）、送電線番号（またはその引出矢印の先端）に最も近い線分を種子として両方向に追跡し、最初に到達した変電所／開閉所記号を端点とした,tier3,intra
948ea311-dcf1-4182-b3a6-1c0c40a5556d,145,関西電力送配電,kansai,154,afb040eb-064d-4dc4-82fb-0e0f49eba46c,c7886323-c801-4fdf-bedc-b86bd1e77380,,,,active,,,kansai-keitozu-kansai_kikan154,extracted,2026-08-03,端点站の電圧コード割当と線の電圧が一致せず（同一地点に複数コードが積み重なる図法のため）；【大阪湾周辺】別図内;uncertain;ev:PyMuPDF でPDF矢量内容流を解析：線幅で電圧層を分離（p1: 2.28/2.4pt=500kV・1.2/1.56pt=275kV・0.36/0.72/0.84pt=154kV、p2: 1.8pt=275kV・1.08pt=154kV）、送電線番号（またはその引出矢印の先端）に最も近い線分を種子として両方向に追跡し、最初に到達した変電所／開閉所記号を端点とした,tier3,intra
44e9a0d7-d021-4c1b-9119-4c9c026992d6,148,関西電力送配電,kansai,154,6af8f215-7b3c-4aae-a1f1-53a8bd850819,c7886323-c801-4fdf-bedc-b86bd1e77380,,,,active,,,kansai-keitozu-kansai_kikan154,extracted,2026-08-03,端点站の電圧コード割当と線の電圧が一致せず（同一地点に複数コードが積み重なる図法のため）；【大阪湾周辺】別図内;uncertain;ev:PyMuPDF でPDF矢量内容流を解析：線幅で電圧層を分離（p1: 2.28/2.4pt=500kV・1.2/1.56pt=275kV・0.36/0.72/0.84pt=154kV、p2: 1.8pt=275kV・1.08pt=154kV）、送電線番号（またはその引出矢印の先端）に最も近い線分を種子として両方向に追跡し、最初に到達した変電所／開閉所記号を端点とした,tier3,intra
2bdd6edf-678c-4189-9642-1898c33ac55d,150,関西電力送配電,kansai,154,40c898a0-f6fc-4acb-9075-8785678d3843,3b1916ed-a7fa-4e5f-b258-f8e724ac262b,,,,active,,,kansai-keitozu-kansai_kikan154,extracted,2026-08-03,【大阪湾周辺】別図内;ev:PyMuPDF でPDF矢量内容流を解析：線幅で電圧層を分離（p1: 2.28/2.4pt=500kV・1.2/1.56pt=275kV・0.36/0.72/0.84pt=154kV、p2: 1.8pt=275kV・1.08pt=154kV）、送電線番号（またはその引出矢印の先端）に最も近い線分を種子として両方向に追跡し、最初に到達した変電所／開閉所記号を端点とした,tier3,intra
fdb05e3e-f3b2-459b-bcdd-b59de4e6c78c,152,関西電力送配電,kansai,154,afb040eb-064d-4dc4-82fb-0e0f49eba46c,db17419e-08f7-4a80-ac32-c772e7f7b100,,,,active,,,kansai-keitozu-kansai_kikan154,extracted,2026-08-03,【大阪湾周辺】別図内;ev:PyMuPDF でPDF矢量内容流を解析：線幅で電圧層を分離（p1: 2.28/2.4pt=500kV・1.2/1.56pt=275kV・0.36/0.72/0.84pt=154kV、p2: 1.8pt=275kV・1.08pt=154kV）、送電線番号（またはその引出矢印の先端）に最も近い線分を種子として両方向に追跡し、最初に到達した変電所／開閉所記号を端点とした,tier3,intra
79a0d775-68e8-4793-bf68-374a827b3e42,153,関西電力送配電,kansai,154,bd718036-c4ce-4fe1-be55-1e68ab44b501,fb34c773-291c-4de8-a791-f12155788f30,,,,active,,,kansai-keitozu-kansai_kikan154,extracted,2026-08-03,【大阪湾周辺】別図内;ev:PyMuPDF でPDF矢量内容流を解析：線幅で電圧層を分離（p1: 2.28/2.4pt=500kV・1.2/1.56pt=275kV・0.36/0.72/0.84pt=154kV、p2: 1.8pt=275kV・1.08pt=154kV）、送電線番号（またはその引出矢印の先端）に最も近い線分を種子として両方向に追跡し、最初に到達した変電所／開閉所記号を端点とした,tier3,intra
e6f470d0-3628-445d-b8eb-f42a1e2e54f4,154,関西電力送配電,kansai,154,c5f6a9ce-9675-427f-a7a7-109514a87a21,afb040eb-064d-4dc4-82fb-0e0f49eba46c,,,,active,,,kansai-keitozu-kansai_kikan154,extracted,2026-08-03,【大阪湾周辺】別図内;ev:PyMuPDF でPDF矢量内容流を解析：線幅で電圧層を分離（p1: 2.28/2.4pt=500kV・1.2/1.56pt=275kV・0.36/0.72/0.84pt=154kV、p2: 1.8pt=275kV・1.08pt=154kV）、送電線番号（またはその引出矢印の先端）に最も近い線分を種子として両方向に追跡し、最初に到達した変電所／開閉所記号を端点とした（引出矢印の先端を使用）,tier3,intra
bc1a22a2-57c9-4ef0-8f13-1d6d68812cf0,159,関西電力送配電,kansai,154,8e50b15b-d8ed-49b1-9635-fc7c3589feea,3d607798-baaa-4ef9-b65f-e617492ea329,,,,active,,,kansai-keitozu-kansai_kikan154,extracted,2026-08-03,端点站の電圧コード割当と線の電圧が一致せず（同一地点に複数コードが積み重なる図法のため）；端点に図上符号なし（無名ノード）;uncertain;ev:PyMuPDF でPDF矢量内容流を解析：線幅で電圧層を分離（p1: 2.28/2.4pt=500kV・1.2/1.56pt=275kV・0.36/0.72/0.84pt=154kV、p2: 1.8pt=275kV・1.08pt=154kV）、送電線番号（またはその引出矢印の先端）に最も近い線分を種子として両方向に追跡し、最初に到達した変電所／開閉所記号を端点とした,tier3,intra
d50a010e-37c3-459e-98c4-10dbd72cfaa7,160,関西電力送配電,kansai,154,471f8ec3-0d4e-4064-852a-9db987178956,8e50b15b-d8ed-49b1-9635-fc7c3589feea,,,,active,,,kansai-keitozu-kansai_kikan154,extracted,2026-08-03,端点站の電圧コード割当と線の電圧が一致せず（同一地点に複数コードが積み重なる図法のため）；端点に図上符号なし（無名ノード）;uncertain;ev:PyMuPDF でPDF矢量内容流を解析：線幅で電圧層を分離（p1: 2.28/2.4pt=500kV・1.2/1.56pt=275kV・0.36/0.72/0.84pt=154kV、p2: 1.8pt=275kV・1.08pt=154kV）、送電線番号（またはその引出矢印の先端）に最も近い線分を種子として両方向に追跡し、最初に到達した変電所／開閉所記号を端点とした（引出矢印の先端を使用）,tier3,intra
cbb6e32b-ede9-4afb-a361-ecbbf5e95e74,169,関西電力送配電,kansai,154,0b0d98e4-23d4-41e0-911b-f1b06530ca95,71367a59-50fc-40c0-a434-8e6f4ec8de42,,,,active,,,kansai-keitozu-kansai_kikan154,extracted,2026-08-03,ev:PyMuPDF でPDF矢量内容流を解析：線幅で電圧層を分離（p1: 2.28/2.4pt=500kV・1.2/1.56pt=275kV・0.36/0.72/0.84pt=154kV、p2: 1.8pt=275kV・1.08pt=154kV）、送電線番号（またはその引出矢印の先端）に最も近い線分を種子として両方向に追跡し、最初に到達した変電所／開閉所記号を端点とした,tier3,intra
57aee825-81d5-4bbd-a1f0-69dc49320f53,170,関西電力送配電,kansai,154,9b8eabf3-2210-4eec-a520-8dd771718012,bd718036-c4ce-4fe1-be55-1e68ab44b501,,,,active,,,kansai-keitozu-kansai_kikan154,extracted,2026-08-03,【大阪湾周辺】別図内;ev:PyMuPDF でPDF矢量内容流を解析：線幅で電圧層を分離（p1: 2.28/2.4pt=500kV・1.2/1.56pt=275kV・0.36/0.72/0.84pt=154kV、p2: 1.8pt=275kV・1.08pt=154kV）、送電線番号（またはその引出矢印の先端）に最も近い線分を種子として両方向に追跡し、最初に到達した変電所／開閉所記号を端点とした,tier3,intra
50039771-c264-4d01-a1a0-4d5eca8c8dc6,220,関西電力送配電,kansai,154,e767d27d-70a6-4540-9dfa-00f09fa40f11,a60db330-d50a-4e0a-a353-3f72fdd871e7,,,,active,,,kansai-keitozu-kansai_kikan154,extracted,2026-08-03,端点站の電圧コード割当と線の電圧が一致せず（同一地点に複数コードが積み重なる図法のため）;uncertain;ev:PyMuPDF でPDF矢量内容流を解析：線幅で電圧層を分離（p1: 2.28/2.4pt=500kV・1.2/1.56pt=275kV・0.36/0.72/0.84pt=154kV、p2: 1.8pt=275kV・1.08pt=154kV）、送電線番号（またはその引出矢印の先端）に最も近い線分を種子として両方向に追跡し、最初に到達した変電所／開閉所記号を端点とした,tier3,intra
e550f38f-75b7-4f75-a658-e7f327bf7853,221,関西電力送配電,kansai,154,a60db330-d50a-4e0a-a353-3f72fdd871e7,e767d27d-70a6-4540-9dfa-00f09fa40f11,,,,active,,,kansai-keitozu-kansai_kikan154,extracted,2026-08-03,端点站の電圧コード割当と線の電圧が一致せず（同一地点に複数コードが積み重なる図法のため）;uncertain;ev:PyMuPDF でPDF矢量内容流を解析：線幅で電圧層を分離（p1: 2.28/2.4pt=500kV・1.2/1.56pt=275kV・0.36/0.72/0.84pt=154kV、p2: 1.8pt=275kV・1.08pt=154kV）、送電線番号（またはその引出矢印の先端）に最も近い線分を種子として両方向に追跡し、最初に到達した変電所／開閉所記号を端点とした（引出矢印の先端を使用）,tier3,intra
4b35c680-9677-4e22-a670-91786dcac396,222,関西電力送配電,kansai,154,e767d27d-70a6-4540-9dfa-00f09fa40f11,a63d8ca4-21d1-4c4a-9c78-4a4070846e2e,,,,active,,,kansai-keitozu-kansai_kikan154,extracted,2026-08-03,端点站の電圧コード割当と線の電圧が一致せず（同一地点に複数コードが積み重なる図法のため）;uncertain;ev:PyMuPDF でPDF矢量内容流を解析：線幅で電圧層を分離（p1: 2.28/2.4pt=500kV・1.2/1.56pt=275kV・0.36/0.72/0.84pt=154kV、p2: 1.8pt=275kV・1.08pt=154kV）、送電線番号（またはその引出矢印の先端）に最も近い線分を種子として両方向に追跡し、最初に到達した変電所／開閉所記号を端点とした,tier3,intra
1db99ff6-284b-4522-b574-1580a8778c93,225,関西電力送配電,kansai,154,a63d8ca4-21d1-4c4a-9c78-4a4070846e2e,600ea2c6-cf24-4596-a260-88ed816a518a,,,,active,,,kansai-keitozu-kansai_kikan154,extracted,2026-08-03,端点站の電圧コード割当と線の電圧が一致せず（同一地点に複数コードが積み重なる図法のため）;uncertain;ev:PyMuPDF でPDF矢量内容流を解析：線幅で電圧層を分離（p1: 2.28/2.4pt=500kV・1.2/1.56pt=275kV・0.36/0.72/0.84pt=154kV、p2: 1.8pt=275kV・1.08pt=154kV）、送電線番号（またはその引出矢印の先端）に最も近い線分を種子として両方向に追跡し、最初に到達した変電所／開閉所記号を端点とした,tier3,intra
d238408e-2d61-4e2f-bbf5-35916a521aba,228,関西電力送配電,kansai,154,97a3ad70-c949-439f-8fe2-110ad09a2495,322f6d21-7079-475c-9c79-bd0e4e234f73,,,,active,,,kansai-keitozu-kansai_kikan154,extracted,2026-08-03,ev:PyMuPDF でPDF矢量内容流を解析：線幅で電圧層を分離（p1: 2.28/2.4pt=500kV・1.2/1.56pt=275kV・0.36/0.72/0.84pt=154kV、p2: 1.8pt=275kV・1.08pt=154kV）、送電線番号（またはその引出矢印の先端）に最も近い線分を種子として両方向に追跡し、最初に到達した変電所／開閉所記号を端点とした,tier3,intra
32ebd151-ada7-49db-b974-44f1967056e7,230,関西電力送配電,kansai,154,068fe9d8-c1be-4ac7-94d9-f374ce97612f,97a3ad70-c949-439f-8fe2-110ad09a2495,,,,active,,,kansai-keitozu-kansai_kikan154,extracted,2026-08-03,ev:PyMuPDF でPDF矢量内容流を解析：線幅で電圧層を分離（p1: 2.28/2.4pt=500kV・1.2/1.56pt=275kV・0.36/0.72/0.84pt=154kV、p2: 1.8pt=275kV・1.08pt=154kV）、送電線番号（またはその引出矢印の先端）に最も近い線分を種子として両方向に追跡し、最初に到達した変電所／開閉所記号を端点とした,tier3,intra
3967ac71-e1f2-4a49-b2b1-386fb122f960,233,関西電力送配電,kansai,154,4d93c6ee-6a46-426b-b24e-6d5a737b80af,946795c9-3430-4584-bcc7-860f56a5d99e,,,,active,,,kansai-keitozu-kansai_kikan154,extracted,2026-08-03,経由※3跨页：p1とp2に同じ線番が現れ、両図の接続記号※3で接続。両端は各頁で追跡した結果を結合したもの;uncertain;ev:PyMuPDF でPDF矢量内容流を解析：線幅で電圧層を分離（p1: 2.28/2.4pt=500kV・1.2/1.56pt=275kV・0.36/0.72/0.84pt=154kV、p2: 1.8pt=275kV・1.08pt=154kV）、送電線番号（またはその引出矢印の先端）に最も近い線分を種子として両方向に追跡し、最初に到達した変電所／開閉所記号を端点とした。p1側=CN、p2側=開K（同一線番）,tier3,intra
fb36182e-7374-4e36-ba0d-f74ac32d9c78,239,関西電力送配電,kansai,154,c5c7ee69-8ed0-430f-8646-b57484f8597c,b34bbd4c-16bc-4603-be2c-0c94db0f21b2,,,,active,,,kansai-keitozu-kansai_kikan154,extracted,2026-08-03,端点站の電圧コード割当と線の電圧が一致せず（同一地点に複数コードが積み重なる図法のため）;uncertain;ev:PyMuPDF でPDF矢量内容流を解析：線幅で電圧層を分離（p1: 2.28/2.4pt=500kV・1.2/1.56pt=275kV・0.36/0.72/0.84pt=154kV、p2: 1.8pt=275kV・1.08pt=154kV）、送電線番号（またはその引出矢印の先端）に最も近い線分を種子として両方向に追跡し、最初に到達した変電所／開閉所記号を端点とした,tier3,intra
06e2f58a-f308-420a-959c-ec3c9eccb98c,240,関西電力送配電,kansai,154,c5c7ee69-8ed0-430f-8646-b57484f8597c,b34bbd4c-16bc-4603-be2c-0c94db0f21b2,,,,active,,,kansai-keitozu-kansai_kikan154,extracted,2026-08-03,端点站の電圧コード割当と線の電圧が一致せず（同一地点に複数コードが積み重なる図法のため）;uncertain;ev:PyMuPDF でPDF矢量内容流を解析：線幅で電圧層を分離（p1: 2.28/2.4pt=500kV・1.2/1.56pt=275kV・0.36/0.72/0.84pt=154kV、p2: 1.8pt=275kV・1.08pt=154kV）、送電線番号（またはその引出矢印の先端）に最も近い線分を種子として両方向に追跡し、最初に到達した変電所／開閉所記号を端点とした,tier3,intra
39f4102b-d70a-4df1-9b94-396f49dd173a,241,関西電力送配電,kansai,154,c5c7ee69-8ed0-430f-8646-b57484f8597c,f58d37c2-a7c9-4739-8b22-3f98e922e8f7,,,,active,,,kansai-keitozu-kansai_kikan154,extracted,2026-08-03,端点站の電圧コード割当と線の電圧が一致せず（同一地点に複数コードが積み重なる図法のため）;uncertain;ev:PyMuPDF でPDF矢量内容流を解析：線幅で電圧層を分離（p1: 2.28/2.4pt=500kV・1.2/1.56pt=275kV・0.36/0.72/0.84pt=154kV、p2: 1.8pt=275kV・1.08pt=154kV）、送電線番号（またはその引出矢印の先端）に最も近い線分を種子として両方向に追跡し、最初に到達した変電所／開閉所記号を端点とした,tier3,intra
2bca3650-b9c7-4d58-aa3e-3cbb5c57e236,243,関西電力送配電,kansai,154,c5c7ee69-8ed0-430f-8646-b57484f8597c,fe2e6cab-cede-4e1f-896a-2dd33b6f4e4d,,,,active,,,kansai-keitozu-kansai_kikan154,extracted,2026-08-03,端点站の電圧コード割当と線の電圧が一致せず（同一地点に複数コードが積み重なる図法のため）；片端は線分終端から最寄記号へ10.0pt補完（図上で線が記号手前で切れている）;uncertain;ev:PyMuPDF でPDF矢量内容流を解析：線幅で電圧層を分離（p1: 2.28/2.4pt=500kV・1.2/1.56pt=275kV・0.36/0.72/0.84pt=154kV、p2: 1.8pt=275kV・1.08pt=154kV）、送電線番号（またはその引出矢印の先端）に最も近い線分を種子として両方向に追跡し、最初に到達した変電所／開閉所記号を端点とした,tier3,intra
8dbf198a-6d46-431b-964e-94be98a98b15,253,関西電力送配電,kansai,154,f58d37c2-a7c9-4739-8b22-3f98e922e8f7,de90b20e-324f-4671-b38e-7a63d15506a2,,,,active,,,kansai-keitozu-kansai_kikan154,extracted,2026-08-03,端点站の電圧コード割当と線の電圧が一致せず（同一地点に複数コードが積み重なる図法のため）;uncertain;ev:PyMuPDF でPDF矢量内容流を解析：線幅で電圧層を分離（p1: 2.28/2.4pt=500kV・1.2/1.56pt=275kV・0.36/0.72/0.84pt=154kV、p2: 1.8pt=275kV・1.08pt=154kV）、送電線番号（またはその引出矢印の先端）に最も近い線分を種子として両方向に追跡し、最初に到達した変電所／開閉所記号を端点とした,tier3,intra
2483959a-d4d8-4164-8128-e1ecd55aafbe,67-1,関西電力送配電,kansai,154,de49f704-2860-4df2-98d9-7e51aedfbc8b,3b1916ed-a7fa-4e5f-b258-f8e724ac262b,,,,active,,,kansai-keitozu-kansai_kikan154,extracted,2026-08-03,ev:PyMuPDF でPDF矢量内容流を解析：線幅で電圧層を分離（p1: 2.28/2.4pt=500kV・1.2/1.56pt=275kV・0.36/0.72/0.84pt=154kV、p2: 1.8pt=275kV・1.08pt=154kV）、送電線番号（またはその引出矢印の先端）に最も近い線分を種子として両方向に追跡し、最初に到達した変電所／開閉所記号を端点とした,tier3,intra
d5f6a4e8-81b5-48db-8a12-9c55c6322628,101-1,関西電力送配電,kansai,154,b3915415-7af2-4634-833a-f8e3099ace12,cf31b8d8-faa8-4771-9613-75cd802b9e1e,,,,active,,,kansai-keitozu-kansai_kikan154,extracted,2026-08-03,分岐点で複数の候補端点があり最短側を採用；端点站の電圧コード割当と線の電圧が一致せず（同一地点に複数コードが積み重なる図法のため）;uncertain;ev:PyMuPDF でPDF矢量内容流を解析：線幅で電圧層を分離（p1: 2.28/2.4pt=500kV・1.2/1.56pt=275kV・0.36/0.72/0.84pt=154kV、p2: 1.8pt=275kV・1.08pt=154kV）、送電線番号（またはその引出矢印の先端）に最も近い線分を種子として両方向に追跡し、最初に到達した変電所／開閉所記号を端点とした,tier3,intra
f651547a-d870-4671-931a-107366098aad,103-1,関西電力送配電,kansai,154,b3915415-7af2-4634-833a-f8e3099ace12,cf31b8d8-faa8-4771-9613-75cd802b9e1e,,,,active,,,kansai-keitozu-kansai_kikan154,extracted,2026-08-03,分岐点で複数の候補端点があり最短側を採用；端点站の電圧コード割当と線の電圧が一致せず（同一地点に複数コードが積み重なる図法のため）;uncertain;ev:PyMuPDF でPDF矢量内容流を解析：線幅で電圧層を分離（p1: 2.28/2.4pt=500kV・1.2/1.56pt=275kV・0.36/0.72/0.84pt=154kV、p2: 1.8pt=275kV・1.08pt=154kV）、送電線番号（またはその引出矢印の先端）に最も近い線分を種子として両方向に追跡し、最初に到達した変電所／開閉所記号を端点とした（引出矢印の先端を使用）,tier3,intra
38ca4360-e6c4-41ea-869b-85d8d241cd22,105-1,関西電力送配電,kansai,154,e7cf145f-7721-4b77-8f12-5e85d8698c83,4d93c6ee-6a46-426b-b24e-6d5a737b80af,,,,active,,,kansai-keitozu-kansai_kikan154,extracted,2026-08-03,端点站の電圧コード割当と線の電圧が一致せず（同一地点に複数コードが積み重なる図法のため）;uncertain;ev:PyMuPDF でPDF矢量内容流を解析：線幅で電圧層を分離（p1: 2.28/2.4pt=500kV・1.2/1.56pt=275kV・0.36/0.72/0.84pt=154kV、p2: 1.8pt=275kV・1.08pt=154kV）、送電線番号（またはその引出矢印の先端）に最も近い線分を種子として両方向に追跡し、最初に到達した変電所／開閉所記号を端点とした,tier3,intra
d4d1bdf7-957f-4dbc-af86-c71cf4a1b1d5,108-1,関西電力送配電,kansai,154,e7cf145f-7721-4b77-8f12-5e85d8698c83,32e0fa1b-0881-4fb3-9293-0677b007711b,,,,active,,,kansai-keitozu-kansai_kikan154,extracted,2026-08-03,端点站の電圧コード割当と線の電圧が一致せず（同一地点に複数コードが積み重なる図法のため）;uncertain;ev:PyMuPDF でPDF矢量内容流を解析：線幅で電圧層を分離（p1: 2.28/2.4pt=500kV・1.2/1.56pt=275kV・0.36/0.72/0.84pt=154kV、p2: 1.8pt=275kV・1.08pt=154kV）、送電線番号（またはその引出矢印の先端）に最も近い線分を種子として両方向に追跡し、最初に到達した変電所／開閉所記号を端点とした（引出矢印の先端を使用）,tier3,intra
53fe5c13-2c40-4c5a-af23-8d8a98d78154,126-1,関西電力送配電,kansai,154,c5f6a9ce-9675-427f-a7a7-109514a87a21,afb040eb-064d-4dc4-82fb-0e0f49eba46c,,,,active,,,kansai-keitozu-kansai_kikan154,extracted,2026-08-03,【大阪湾周辺】別図内;ev:PyMuPDF でPDF矢量内容流を解析：線幅で電圧層を分離（p1: 2.28/2.4pt=500kV・1.2/1.56pt=275kV・0.36/0.72/0.84pt=154kV、p2: 1.8pt=275kV・1.08pt=154kV）、送電線番号（またはその引出矢印の先端）に最も近い線分を種子として両方向に追跡し、最初に到達した変電所／開閉所記号を端点とした,tier3,intra
a5322e7c-ddb8-48f5-a5fa-ae9cbcc5f5d6,126-2,関西電力送配電,kansai,154,e587cfe3-cf5e-427a-b4c7-b683c5d67492,c5f6a9ce-9675-427f-a7a7-109514a87a21,,,,active,,,kansai-keitozu-kansai_kikan154,extracted,2026-08-03,線番ラベルから線分までの距離8.9pt；【大阪湾周辺】別図内;uncertain;ev:PyMuPDF でPDF矢量内容流を解析：線幅で電圧層を分離（p1: 2.28/2.4pt=500kV・1.2/1.56pt=275kV・0.36/0.72/0.84pt=154kV、p2: 1.8pt=275kV・1.08pt=154kV）、送電線番号（またはその引出矢印の先端）に最も近い線分を種子として両方向に追跡し、最初に到達した変電所／開閉所記号を端点とした,tier3,intra
bd2fa684-2451-426f-a2d1-de1dd6d726c7,130-1,関西電力送配電,kansai,154,005b88f9-6db0-4df8-a9cc-5d1defc9d082,6d6ada50-1c4d-4abb-9a9d-2018bdb656d7,,,,active,,,kansai-keitozu-kansai_kikan154,extracted,2026-08-03,ev:PyMuPDF でPDF矢量内容流を解析：線幅で電圧層を分離（p1: 2.28/2.4pt=500kV・1.2/1.56pt=275kV・0.36/0.72/0.84pt=154kV、p2: 1.8pt=275kV・1.08pt=154kV）、送電線番号（またはその引出矢印の先端）に最も近い線分を種子として両方向に追跡し、最初に到達した変電所／開閉所記号を端点とした,tier3,intra
04ea6495-260e-4159-83b4-b341a8c256e0,146-2,関西電力送配電,kansai,154,afb040eb-064d-4dc4-82fb-0e0f49eba46c,94ffe985-6aa1-4c1f-a106-f088ae829548,,,,active,,,kansai-keitozu-kansai_kikan154,extracted,2026-08-03,【大阪湾周辺】別図内;ev:PyMuPDF でPDF矢量内容流を解析：線幅で電圧層を分離（p1: 2.28/2.4pt=500kV・1.2/1.56pt=275kV・0.36/0.72/0.84pt=154kV、p2: 1.8pt=275kV・1.08pt=154kV）、送電線番号（またはその引出矢印の先端）に最も近い線分を種子として両方向に追跡し、最初に到達した変電所／開閉所記号を端点とした,tier3,intra
bbf0dcbe-de03-4a53-ad1f-3e7ecfbe422a,147-1,関西電力送配電,kansai,154,de49f704-2860-4df2-98d9-7e51aedfbc8b,6af8f215-7b3c-4aae-a1f1-53a8bd850819,,,,active,,,kansai-keitozu-kansai_kikan154,extracted,2026-08-03,線番ラベルから線分までの距離9.3pt；【大阪湾周辺】別図内;uncertain;ev:PyMuPDF でPDF矢量内容流を解析：線幅で電圧層を分離（p1: 2.28/2.4pt=500kV・1.2/1.56pt=275kV・0.36/0.72/0.84pt=154kV、p2: 1.8pt=275kV・1.08pt=154kV）、送電線番号（またはその引出矢印の先端）に最も近い線分を種子として両方向に追跡し、最初に到達した変電所／開閉所記号を端点とした,tier3,intra
c92e2ea4-417a-4c9f-834b-e633f7cff7f2,147-2,関西電力送配電,kansai,154,de49f704-2860-4df2-98d9-7e51aedfbc8b,6af8f215-7b3c-4aae-a1f1-53a8bd850819,,,,active,,,kansai-keitozu-kansai_kikan154,extracted,2026-08-03,線番ラベルから線分までの距離9.5pt；【大阪湾周辺】別図内;uncertain;ev:PyMuPDF でPDF矢量内容流を解析：線幅で電圧層を分離（p1: 2.28/2.4pt=500kV・1.2/1.56pt=275kV・0.36/0.72/0.84pt=154kV、p2: 1.8pt=275kV・1.08pt=154kV）、送電線番号（またはその引出矢印の先端）に最も近い線分を種子として両方向に追跡し、最初に到達した変電所／開閉所記号を端点とした,tier3,intra
31b36f51-4a58-4799-aebc-76e6b2c2065d,149-1,関西電力送配電,kansai,154,6af8f215-7b3c-4aae-a1f1-53a8bd850819,de49f704-2860-4df2-98d9-7e51aedfbc8b,,,,active,,,kansai-keitozu-kansai_kikan154,extracted,2026-08-03,線番ラベルから線分までの距離10.0pt；片端は線分終端から最寄記号へ6.4pt補完（図上で線が記号手前で切れている）；【大阪湾周辺】別図内;uncertain;ev:PyMuPDF でPDF矢量内容流を解析：線幅で電圧層を分離（p1: 2.28/2.4pt=500kV・1.2/1.56pt=275kV・0.36/0.72/0.84pt=154kV、p2: 1.8pt=275kV・1.08pt=154kV）、送電線番号（またはその引出矢印の先端）に最も近い線分を種子として両方向に追跡し、最初に到達した変電所／開閉所記号を端点とした,tier3,intra
b5d90268-f3b0-4b59-8a30-2d3153199f59,149-2,関西電力送配電,kansai,154,40c898a0-f6fc-4acb-9075-8785678d3843,3b1916ed-a7fa-4e5f-b258-f8e724ac262b,,,,active,,,kansai-keitozu-kansai_kikan154,extracted,2026-08-03,【大阪湾周辺】別図内;ev:PyMuPDF でPDF矢量内容流を解析：線幅で電圧層を分離（p1: 2.28/2.4pt=500kV・1.2/1.56pt=275kV・0.36/0.72/0.84pt=154kV、p2: 1.8pt=275kV・1.08pt=154kV）、送電線番号（またはその引出矢印の先端）に最も近い線分を種子として両方向に追跡し、最初に到達した変電所／開閉所記号を端点とした,tier3,intra
c08628ba-2eb3-4a20-8d0d-6a4a26e1e63f,156-2,関西電力送配電,kansai,154,470e019d-fb4d-44e0-b034-1b18b6f1aba9,bae00fab-b191-421f-81b9-d58874089835,,,,active,,,kansai-keitozu-kansai_kikan154,extracted,2026-08-03,ev:PyMuPDF でPDF矢量内容流を解析：線幅で電圧層を分離（p1: 2.28/2.4pt=500kV・1.2/1.56pt=275kV・0.36/0.72/0.84pt=154kV、p2: 1.8pt=275kV・1.08pt=154kV）、送電線番号（またはその引出矢印の先端）に最も近い線分を種子として両方向に追跡し、最初に到達した変電所／開閉所記号を端点とした（引出矢印の先端を使用）,tier3,intra
e6db9c4c-5a46-409f-bb9e-dc08e1d22646,161-1,関西電力送配電,kansai,154,470e019d-fb4d-44e0-b034-1b18b6f1aba9,bae00fab-b191-421f-81b9-d58874089835,,,,active,,,kansai-keitozu-kansai_kikan154,extracted,2026-08-03,ev:PyMuPDF でPDF矢量内容流を解析：線幅で電圧層を分離（p1: 2.28/2.4pt=500kV・1.2/1.56pt=275kV・0.36/0.72/0.84pt=154kV、p2: 1.8pt=275kV・1.08pt=154kV）、送電線番号（またはその引出矢印の先端）に最も近い線分を種子として両方向に追跡し、最初に到達した変電所／開閉所記号を端点とした（引出矢印の先端を使用）,tier3,intra
47fb85a5-1275-46da-ba4a-2dba36dfce0c,161-2,関西電力送配電,kansai,154,28cdc3e5-216b-4d3f-b769-74d6089213a7,fd984461-f77e-4b1b-bed1-4e598b66f0c8,,,,active,,,kansai-keitozu-kansai_kikan154,extracted,2026-08-03,ev:PyMuPDF でPDF矢量内容流を解析：線幅で電圧層を分離（p1: 2.28/2.4pt=500kV・1.2/1.56pt=275kV・0.36/0.72/0.84pt=154kV、p2: 1.8pt=275kV・1.08pt=154kV）、送電線番号（またはその引出矢印の先端）に最も近い線分を種子として両方向に追跡し、最初に到達した変電所／開閉所記号を端点とした（引出矢印の先端を使用）,tier3,intra
ff37038e-a5fd-4348-98d6-3ca15c70187c,0001,東北電力ネットワーク,tohoku,500,63694149-090d-40f7-938a-c49cdb6812a1,ac541969-fdfe-47dc-a246-07bdb937691f,,,,active,,,tohoku-keitozu-tohoku_kikan,extracted,2026-08-03,"経路上で分岐点を1回通過（直進側を継続として追跡）；拡大図と本体図をまたぐ（同名変電所で接合）;ev:送電線番号ラベル 0001（番号枠→引出線→矢印先端で線分に帰属、先端-線分距離 2.4pt）；線幅5.0pt=500kV；図上経路 (340.0,373.0)→(618.4,209.4) 長さ167pt",tier1,intra
e814f03f-08a6-48b3-a05a-84fc23b49ca8,0002,東北電力ネットワーク,tohoku,500,ac541969-fdfe-47dc-a246-07bdb937691f,1874de81-9355-43de-9846-5f65a7f18ba4,,,,active,,,tohoku-keitozu-tohoku_kikan,extracted,2026-08-03,"ev:送電線番号ラベル 0002（番号枠→引出線→矢印先端で線分に帰属、先端-線分距離 2.9pt）；線幅5.0pt=500kV；図上経路 (618.4,209.4)→(660.1,381.4) 長さ191pt",tier1,intra
f0c793a6-a2ae-497b-95ec-740689102b8b,0003,東北電力ネットワーク,tohoku,500,44618726-8860-423d-8214-f4c2eb353d49,1874de81-9355-43de-9846-5f65a7f18ba4,,,,active,,,tohoku-keitozu-tohoku_kikan,extracted,2026-08-03,"経路上で分岐点を2回通過（直進側を継続として追跡）;ev:送電線番号ラベル 0003（番号枠→引出線→矢印先端で線分に帰属、先端-線分距離 2.3pt）；線幅5.0pt=500kV；図上経路 (619.8,642.0)→(660.1,381.4) 長さ356pt",tier1,intra
7dca620a-181a-4d03-8b9b-e98585852c79,0004,東北電力ネットワーク,tohoku,500,44618726-8860-423d-8214-f4c2eb353d49,fc1c628e-23e0-47cd-ace4-23f87318ab0e,,,,active,,,tohoku-keitozu-tohoku_kikan,extracted,2026-08-03,"経路上で分岐点を1回通過（直進側を継続として追跡）;ev:送電線番号ラベル 0004（番号枠→引出線→矢印先端で線分に帰属、先端-線分距離 2.4pt）；線幅5.0pt=500kV；図上経路 (619.8,642.0)→(611.9,722.5) 長さ84pt",tier1,intra
098595df-b90d-4e50-84a0-b91d8eeb92be,0005,東北電力ネットワーク,tohoku,500,54e4793c-ec18-4255-810d-4d71c75f1a1a,fc1c628e-23e0-47cd-ace4-23f87318ab0e,,,,active,,,tohoku-keitozu-tohoku_kikan,extracted,2026-08-03,"経路上で分岐点を1回通過（直進側を継続として追跡）;ev:送電線番号ラベル 0005（番号枠→引出線→矢印先端で線分に帰属、先端-線分距離 5.3pt）；線幅5.0pt=500kV；図上経路 (620.5,682.2)→(611.9,722.5) 長さ53pt",tier1,intra
41f08232-a98f-45da-a842-903d6f858dd6,0006,東北電力ネットワーク,tohoku,500,f908bdbf-f62b-4246-8942-45bcfa8bfb40,fc1c628e-23e0-47cd-ace4-23f87318ab0e,,,,active,,,tohoku-keitozu-tohoku_kikan,extracted,2026-08-03,"経路上で分岐点を1回通過（直進側を継続として追跡）;ev:送電線番号ラベル 0006（番号枠→引出線→矢印先端で線分に帰属、先端-線分距離 2.5pt）；線幅5.0pt=500kV；図上経路 (675.2,871.6)→(611.9,722.5) 長さ205pt",tier1,intra
fdfda4c9-0551-402a-a7a0-2740d9b649d7,0007/0009,東北電力ネットワーク,tohoku,500,a1d94b73-53ff-4f3e-bbec-5c1b1b85ca27,9a3f221f-f97a-4c13-84f2-0cd7e1a47282,,,,active,,,tohoku-keitozu-tohoku_kikan,extracted,2026-08-03,"経路上で分岐点を1回通過（直進側を継続として追跡）；同一経路に複数の送電線番号が帰属（分岐タップ点で2線が合流して描かれているため、どこで別線に分かれるかは未確定）;ev:送電線番号ラベル 0007/0009（番号枠→引出線→矢印先端で線分に帰属、先端-線分距離 7.1pt）；線幅5.0pt=500kV；図上経路 (671.6,805.6)→(665.2,786.6) 長さ37pt",tier1,intra
30d43607-947d-42b6-9f6d-eed75ec9ee9c,0102,東北電力ネットワーク,tohoku,275,ac541969-fdfe-47dc-a246-07bdb937691f,2f53b0af-75a4-48f2-8126-64956bb99c3e,,,,active,,,tohoku-keitozu-tohoku_kikan,extracted,2026-08-03,"ev:送電線番号ラベル 0102（番号枠→引出線→矢印先端で線分に帰属、先端-線分距離 1.9pt）；線幅3.0pt=275kV；図上経路 (618.4,209.4)→(550.7,230.9) 長さ83pt",tier2,intra
620dea6d-5e6a-46e8-ae67-ef8ecc862ec0,0103,東北電力ネットワーク,tohoku,275,8a835ad2-d3c8-4e04-9c0b-2bdc2ce5ca74,2f53b0af-75a4-48f2-8126-64956bb99c3e,,,,active,,,tohoku-keitozu-tohoku_kikan,extracted,2026-08-03,"ev:送電線番号ラベル 0103（番号枠→引出線→矢印先端で線分に帰属、先端-線分距離 1.7pt）；線幅3.0pt=275kV；図上経路 (486.6,363.3)→(550.7,230.9) 長さ150pt",tier2,intra
4b38def0-949a-4ee9-8f9a-10d1e201bf74,0104,東北電力ネットワーク,tohoku,275,ac541969-fdfe-47dc-a246-07bdb937691f,1874de81-9355-43de-9846-5f65a7f18ba4,,,,active,,,tohoku-keitozu-tohoku_kikan,extracted,2026-08-03,"経路上で分岐点を2回通過（直進側を継続として追跡）;ev:送電線番号ラベル 0104（番号枠→引出線→矢印先端で線分に帰属、先端-線分距離 1.5pt）；線幅3.0pt=275kV；図上経路 (618.4,209.4)→(660.1,381.4) 長さ175pt",tier2,intra
e4f34ef7-9a00-44a6-b5c0-4486825f5fb4,0106,東北電力ネットワーク,tohoku,275,ac541969-fdfe-47dc-a246-07bdb937691f,b4b61766-1d9b-41f1-97a4-3a3771ef67a1,,,,active,,,tohoku-keitozu-tohoku_kikan,extracted,2026-08-03,"経路上で分岐点を2回通過（直進側を継続として追跡）;ev:送電線番号ラベル 0106（番号枠→引出線→矢印先端で線分に帰属、先端-線分距離 6.1pt）；線幅3.0pt=275kV；図上経路 (618.4,209.4)→(642.8,269.7) 長さ75pt",tier2,intra
3b108bae-fff6-4710-8ee2-6ad63ae7c7eb,0107,東北電力ネットワーク,tohoku,275,1874de81-9355-43de-9846-5f65a7f18ba4,129adad5-8392-4665-8fe1-a5af8d3d95a9,,,,active,,,tohoku-keitozu-tohoku_kikan,extracted,2026-08-03,"ev:送電線番号ラベル 0107（番号枠→引出線→矢印先端で線分に帰属、先端-線分距離 1.7pt）；線幅3.0pt=275kV；図上経路 (660.1,381.4)→(627.7,432.7) 長さ58pt",tier2,intra
d99717ef-fd43-4cc1-9ba2-2dc9e7bfe76b,0108,東北電力ネットワーク,tohoku,275,1a765da9-6d3a-4f8d-a885-3239586c4a9b,129adad5-8392-4665-8fe1-a5af8d3d95a9,,,,active,,,tohoku-keitozu-tohoku_kikan,extracted,2026-08-03,"ev:送電線番号ラベル 0108（番号枠→引出線→矢印先端で線分に帰属、先端-線分距離 1.5pt）；線幅3.0pt=275kV；図上経路 (508.2,427.0)→(627.7,432.7) 長さ128pt",tier2,intra
491c18f6-a9c3-42e2-ad5a-4031bf5e7fda,0110,東北電力ネットワーク,tohoku,275,1874de81-9355-43de-9846-5f65a7f18ba4,4ac2e9f7-af61-402a-8b9c-3eaed56d0538,,,,active,,,tohoku-keitozu-tohoku_kikan,extracted,2026-08-03,"経路上で分岐点を1回通過（直進側を継続として追跡）;ev:送電線番号ラベル 0110（番号枠→引出線→矢印先端で線分に帰属、先端-線分距離 1.4pt）；線幅3.0pt=275kV；図上経路 (660.1,381.4)→(683.9,533.2) 長さ186pt",tier2,intra
4f0c43ba-2b3b-406b-a9a9-441c28f62d96,0114,東北電力ネットワーク,tohoku,275,1a765da9-6d3a-4f8d-a885-3239586c4a9b,8a835ad2-d3c8-4e04-9c0b-2bdc2ce5ca74,,,,active,,,tohoku-keitozu-tohoku_kikan,extracted,2026-08-03,"ev:送電線番号ラベル 0114（番号枠→引出線→矢印先端で線分に帰属、先端-線分距離 1.0pt）；線幅3.0pt=275kV；図上経路 (508.2,427.0)→(486.6,363.3) 長さ73pt",tier2,intra
3e3929e2-cc9b-49ef-9e6a-9bba860799ed,0115,東北電力ネットワーク,tohoku,275,680b9e94-24a3-4462-9099-a7f7e2e0f52d,8a835ad2-d3c8-4e04-9c0b-2bdc2ce5ca74,,,,active,,,tohoku-keitozu-tohoku_kikan,extracted,2026-08-03,"ev:送電線番号ラベル 0115（番号枠→引出線→矢印先端で線分に帰属、先端-線分距離 1.4pt）；線幅3.0pt=275kV；図上経路 (460.0,356.0)→(486.6,363.3) 長さ27pt",tier2,intra
51944724-da91-4c84-a6d8-93ed95727b75,0117,東北電力ネットワーク,tohoku,275,1a765da9-6d3a-4f8d-a885-3239586c4a9b,4b240e49-50e8-47f1-829e-f0383be26552,,,,active,,,tohoku-keitozu-tohoku_kikan,extracted,2026-08-03,"経路上で分岐点を1回通過（直進側を継続として追跡）;ev:送電線番号ラベル 0117（番号枠→引出線→矢印先端で線分に帰属、先端-線分距離 1.5pt）；線幅3.0pt=275kV；図上経路 (508.2,427.0)→(568.0,556.7) 長さ145pt",tier2,intra
55f35017-ffd3-4c95-a1a7-336e202a7a40,0118,東北電力ネットワーク,tohoku,275,44618726-8860-423d-8214-f4c2eb353d49,4b240e49-50e8-47f1-829e-f0383be26552,,,,active,,,tohoku-keitozu-tohoku_kikan,extracted,2026-08-03,"経路上で分岐点を2回通過（直進側を継続として追跡）;ev:送電線番号ラベル 0118（番号枠→引出線→矢印先端で線分に帰属、先端-線分距離 1.4pt）；線幅3.0pt=275kV；図上経路 (619.8,642.0)→(568.0,556.7) 長さ102pt",tier2,intra
989a7fd4-114d-4c5d-96b0-3f4117fb8654,0120,東北電力ネットワーク,tohoku,275,44618726-8860-423d-8214-f4c2eb353d49,c36121bf-044e-45db-8869-de1c3561c1cd,,,,active,,,tohoku-keitozu-tohoku_kikan,extracted,2026-08-03,"ev:送電線番号ラベル 0120（番号枠→引出線→矢印先端で線分に帰属、先端-線分距離 1.3pt）；線幅3.0pt=275kV；図上経路 (619.8,642.0)→(547.1,634.4) 長さ70pt",tier2,intra
4e488a64-4d72-47ce-af6c-972c52148f5b,0121,東北電力ネットワーク,tohoku,275,991c9b84-622a-4c7c-98ef-e81b852ec450,fdad2382-0049-45c3-ba9b-2e7b11a6ad7a,,,,active,,,tohoku-keitozu-tohoku_kikan,extracted,2026-08-03,"経路上で分岐点を1回通過（直進側を継続として追跡）;ev:送電線番号ラベル 0121（番号枠→引出線→矢印先端で線分に帰属、先端-線分距離 1.0pt）；線幅3.0pt=275kV；図上経路 (755.9,685.7)→(710.5,664.9) 長さ53pt",tier2,intra
9492966c-6ca6-4931-82a5-26c9774f80d2,0122,東北電力ネットワーク,tohoku,275,44618726-8860-423d-8214-f4c2eb353d49,fdad2382-0049-45c3-ba9b-2e7b11a6ad7a,,,,active,,,tohoku-keitozu-tohoku_kikan,extracted,2026-08-03,"経路上で分岐点を1回通過（直進側を継続として追跡）;ev:送電線番号ラベル 0122（番号枠→引出線→矢印先端で線分に帰属、先端-線分距離 1.2pt）；線幅3.0pt=275kV；図上経路 (619.8,642.0)→(710.5,664.9) 長さ100pt",tier2,intra
bbce521d-be0d-4755-ae51-58eba8aeacbf,0123,東北電力ネットワーク,tohoku,275,f25e122c-9483-47b2-a882-680f43020aac,44618726-8860-423d-8214-f4c2eb353d49,,,,active,,,tohoku-keitozu-tohoku_kikan,extracted,2026-08-03,"ev:送電線番号ラベル 0123（番号枠→引出線→矢印先端で線分に帰属、先端-線分距離 1.2pt）；線幅3.0pt=275kV；図上経路 (647.2,699.5)→(619.8,642.0) 長さ60pt",tier2,intra
73e0a712-2dec-4834-a74f-01b6c730695a,0124,東北電力ネットワーク,tohoku,275,f25e122c-9483-47b2-a882-680f43020aac,fc1c628e-23e0-47cd-ace4-23f87318ab0e,,,,active,,,tohoku-keitozu-tohoku_kikan,extracted,2026-08-03,"ev:送電線番号ラベル 0124（番号枠→引出線→矢印先端で線分に帰属、先端-線分距離 1.1pt）；線幅3.0pt=275kV；図上経路 (647.2,699.5)→(611.9,722.5) 長さ168pt",tier2,intra
3839038b-2012-4caf-9380-0c2378fa3d5a,0125,東北電力ネットワーク,tohoku,275,991c9b84-622a-4c7c-98ef-e81b852ec450,54e4793c-ec18-4255-810d-4d71c75f1a1a,,,,active,,,tohoku-keitozu-tohoku_kikan,extracted,2026-08-03,"経路上で分岐点を1回通過（直進側を継続として追跡）;ev:送電線番号ラベル 0125（番号枠→引出線→矢印先端で線分に帰属、先端-線分距離 1.2pt）；線幅3.0pt=275kV；図上経路 (755.9,685.7)→(620.5,682.2) 長さ142pt",tier2,intra
77e91544-b28c-461e-95a8-51a7996fa03b,0126,東北電力ネットワーク,tohoku,275,3160e5d7-90c6-4fed-8967-33e384e7d53d,fc1c628e-23e0-47cd-ace4-23f87318ab0e,,,,active,,,tohoku-keitozu-tohoku_kikan,extracted,2026-08-03,"経路上で分岐点を1回通過（直進側を継続として追跡）;ev:送電線番号ラベル 0126（番号枠→引出線→矢印先端で線分に帰属、先端-線分距離 1.6pt）；線幅3.0pt=275kV；図上経路 (535.6,818.1)→(611.9,722.5) 長さ136pt",tier2,intra
b17c91da-84f9-4c9c-92bf-7e81dea442ac,0128,東北電力ネットワーク,tohoku,275,fc1c628e-23e0-47cd-ace4-23f87318ab0e,9033371b-a953-4609-b620-dffd88a0d9cd,,,,active,,,tohoku-keitozu-tohoku_kikan,extracted,2026-08-03,"経路上で分岐点を2回通過（直進側を継続として追跡）;ev:送電線番号ラベル 0128（番号枠→引出線→矢印先端で線分に帰属、先端-線分距離 1.2pt）；線幅3.0pt=275kV；図上経路 (611.9,722.5)→(438.4,819.5) 長さ209pt",tier2,intra
9f817805-6ccd-4c85-adc2-987136f317cf,0129/0572,東北電力ネットワーク,tohoku,275,ad574ed6-7086-49f2-8c10-f54363078723,f25e122c-9483-47b2-a882-680f43020aac,,,,active,,,tohoku-keitozu-tohoku_kikan,extracted,2026-08-03,"拡大図と本体図をまたぐ（同名変電所で接合）；同一経路に複数の送電線番号が帰属（分岐タップ点で2線が合流して描かれているため、どこで別線に分かれるかは未確定）;ev:送電線番号ラベル 0129/0572（番号枠→引出線→矢印先端で線分に帰属、先端-線分距離 3.0pt）；線幅3.0pt=275kV；図上経路 (297.2,627.5)→(647.2,699.5) 長さ98pt",tier2,intra
e52baef2-50bb-4523-ad40-7047ba31cf63,0130,東北電力ネットワーク,tohoku,275,c36121bf-044e-45db-8869-de1c3561c1cd,d97a294c-a214-4244-9c7c-e94df08031ca,,,,active,,,tohoku-keitozu-tohoku_kikan,extracted,2026-08-03,"経路上で分岐点を1回通過（直進側を継続として追跡）;ev:送電線番号ラベル 0130（番号枠→引出線→矢印先端で線分に帰属、先端-線分距離 1.5pt）；線幅3.0pt=275kV；図上経路 (547.1,634.4)→(534.8,723.2) 長さ87pt",tier2,intra
aea2d95a-e147-4104-a74e-68cbab6bb1d7,0131,東北電力ネットワーク,tohoku,275,0042b02a-eb79-4fea-891e-0fe8d8ebed86,3160e5d7-90c6-4fed-8967-33e384e7d53d,,,,active,,,tohoku-keitozu-tohoku_kikan,extracted,2026-08-03,"経路上で分岐点を1回通過（直進側を継続として追跡）；拡大図と本体図をまたぐ（同名変電所で接合）;ev:送電線番号ラベル 0131（番号枠→引出線→矢印先端で線分に帰属、先端-線分距離 0.6pt）；線幅3.0pt=275kV；図上経路 (527.6,1124.3)→(535.6,818.1) 長さ129pt",tier2,intra
27651553-5203-4a59-a562-a8de1fc851d0,0132,東北電力ネットワーク,tohoku,275,49a986ca-0aaa-4f07-aa35-5cd7d1e54405,0042b02a-eb79-4fea-891e-0fe8d8ebed86,,,,active,,,tohoku-keitozu-tohoku_kikan,extracted,2026-08-03,"経路上で分岐点を1回通過（直進側を継続として追跡）;ev:送電線番号ラベル 0132（番号枠→引出線→矢印先端で線分に帰属、先端-線分距離 3.9pt）；線幅3.0pt=275kV；図上経路 (554.6,1113.6)→(527.6,1124.3) 長さ28pt",tier2,intra
8613a8eb-d708-4358-ba67-f940acbfdb9d,0133,東北電力ネットワーク,tohoku,275,b7413163-c359-4887-a876-c45ab56ab58f,3160e5d7-90c6-4fed-8967-33e384e7d53d,,,,active,,,tohoku-keitozu-tohoku_kikan,extracted,2026-08-03,"経路上で分岐点を1回通過（直進側を継続として追跡）;ev:送電線番号ラベル 0133（番号枠→引出線→矢印先端で線分に帰属、先端-線分距離 1.4pt）；線幅3.0pt=275kV；図上経路 (589.6,842.4)→(535.6,818.1) 長さ58pt",tier2,intra
1ebb3436-d873-4504-8e56-e86f3e1577f9,0135,東北電力ネットワーク,tohoku,275,2fe87164-8eda-4b48-b0d9-8bb26fac957b,3160e5d7-90c6-4fed-8967-33e384e7d53d,,,,active,,,tohoku-keitozu-tohoku_kikan,extracted,2026-08-05,"経路上で分岐点を1回通過（直進側を継続として追跡）;ev:送電線番号ラベル 0135（番号枠→引出線→矢印先端で線分に帰属、先端-線分距離 1.6pt）；線幅3.0pt=275kV；図上経路 (414.6,859.7)→(535.6,818.1) 長さ137pt；端点を統合に伴い付け替え 2026-08-05",tier2,intra
e324a793-a248-4346-862a-cf2f99884b38,0136/0137,東北電力ネットワーク,tohoku,275,f908bdbf-f62b-4246-8942-45bcfa8bfb40,76bd7727-c520-40f5-8e23-c4b1ada5002c,,,,active,,,tohoku-keitozu-tohoku_kikan,extracted,2026-08-03,"経路上で分岐点を1回通過（直進側を継続として追跡）；同一経路に複数の送電線番号が帰属（分岐タップ点で2線が合流して描かれているため、どこで別線に分かれるかは未確定）;ev:送電線番号ラベル 0136/0137（番号枠→引出線→矢印先端で線分に帰属、先端-線分距離 1.3pt）；線幅3.0pt=275kV；図上経路 (675.2,871.6)→(616.2,857.6) 長さ64pt",tier2,intra
8d3fa198-c9e4-496f-bd80-0635bcf24b17,0138,東北電力ネットワーク,tohoku,275,b9d47124-4edf-4d3e-823a-1e1d53cc2f9d,f908bdbf-f62b-4246-8942-45bcfa8bfb40,,,,active,,,tohoku-keitozu-tohoku_kikan,extracted,2026-08-03,"ev:送電線番号ラベル 0138（番号枠→引出線→矢印先端で線分に帰属、先端-線分距離 1.3pt）；線幅3.0pt=275kV；図上経路 (685.3,850.4)→(675.2,871.6) 長さ18pt",tier2,intra
e9d3669f-33ce-4779-ac71-872c745cb093,0139,東北電力ネットワーク,tohoku,275,b7413163-c359-4887-a876-c45ab56ab58f,066cbb16-79d0-4f74-9caa-ffb229f97bc1,,,,active,,,tohoku-keitozu-tohoku_kikan,extracted,2026-08-03,"ev:送電線番号ラベル 0139（番号枠→引出線→矢印先端で線分に帰属、先端-線分距離 1.4pt）；線幅3.0pt=275kV；図上経路 (589.6,842.4)→(607.6,910.4) 長さ78pt",tier2,intra
528bd013-ee67-4a02-a5f9-18fe41de29bc,0140,東北電力ネットワーク,tohoku,275,066cbb16-79d0-4f74-9caa-ffb229f97bc1,ad97d3a3-fdfa-48a0-99c0-bc5d5c40409a,,,,active,,,tohoku-keitozu-tohoku_kikan,extracted,2026-08-03,"経路上で分岐点を1回通過（直進側を継続として追跡）;ev:送電線番号ラベル 0140（番号枠→引出線→矢印先端で線分に帰属、先端-線分距離 1.4pt）；線幅3.0pt=275kV；図上経路 (607.6,910.4)→(682.1,984.8) 長さ107pt",tier2,intra
14bd4f87-2f49-4715-9d3c-48abc8374503,0141,東北電力ネットワーク,tohoku,275,f8b42a96-4020-4521-ae9c-36e1b87d0e76,ad97d3a3-fdfa-48a0-99c0-bc5d5c40409a,,,,active,,,tohoku-keitozu-tohoku_kikan,extracted,2026-08-03,"経路上で分岐点を1回通過（直進側を継続として追跡）；引出線先端の近傍に未経路化の線分があり、番号の帰属に曖昧さあり;ev:送電線番号ラベル 0141（番号枠→引出線→矢印先端で線分に帰属、先端-線分距離 6.1pt）；線幅3.0pt=275kV；図上経路 (662.3,959.3)→(682.1,984.8) 長さ44pt",tier2,intra
ac472128-98a7-4d78-9d5d-cdfd2aae785f,0144,東北電力ネットワーク,tohoku,275,2fe87164-8eda-4b48-b0d9-8bb26fac957b,0042b02a-eb79-4fea-891e-0fe8d8ebed86,,,,active,,,tohoku-keitozu-tohoku_kikan,extracted,2026-08-03,"経路上で分岐点を1回通過（直進側を継続として追跡）;ev:送電線番号ラベル 0144（番号枠→引出線→矢印先端で線分に帰属、先端-線分距離 1.5pt）；線幅3.0pt=275kV；図上経路 (459.2,1028.6)→(527.6,1124.3) 長さ121pt",tier2,intra
eb223c13-d4c2-46a2-a10c-228a3f183460,0145/0146,東北電力ネットワーク,tohoku,275,a408475f-6f9b-4922-9923-3544da540a24,8f9f8959-f033-4a36-9cb4-447e74a98cf0,,,,active,,,tohoku-keitozu-tohoku_kikan,extracted,2026-08-03,"拡大図と本体図をまたぐ（同名変電所で接合）；同一経路に複数の送電線番号が帰属（分岐タップ点で2線が合流して描かれているため、どこで別線に分かれるかは未確定）；引出線先端の近傍に未経路化の線分があり、番号の帰属に曖昧さあり;ev:送電線番号ラベル 0145/0146（番号枠→引出線→矢印先端で線分に帰属、先端-線分距離 6.0pt）；線幅3.0pt=275kV；図上経路 (144.6,826.1)→(400.7,809.1) 長さ32pt",tier2,intra
8444cfaa-406b-42df-870e-848b7ba4169e,0146,東北電力ネットワーク,tohoku,275,697f29a6-f3cf-40b3-9967-016b3ef1f3a6,9033371b-a953-4609-b620-dffd88a0d9cd,,,,active,,,tohoku-keitozu-tohoku_kikan,extracted,2026-08-03,"引出線先端の近傍に未経路化の線分があり、番号の帰属に曖昧さあり;ev:送電線番号ラベル 0146（番号枠→引出線→矢印先端で線分に帰属、先端-線分距離 4.9pt）；線幅3.0pt=275kV；図上経路 (409.6,789.4)→(438.4,819.5) 長さ45pt",tier2,intra
8ae98d03-d078-4a18-a6ea-f68bd600fdec,0149,東北電力ネットワーク,tohoku,275,05cae69f-5d2c-43ba-88a4-2ef386fb2f3d,9033371b-a953-4609-b620-dffd88a0d9cd,,,,active,,,tohoku-keitozu-tohoku_kikan,extracted,2026-08-03,"経路上で分岐点を2回通過（直進側を継続として追跡）;ev:送電線番号ラベル 0149（番号枠→引出線→矢印先端で線分に帰属、先端-線分距離 1.2pt）；線幅3.0pt=275kV；図上経路 (384.4,905.5)→(438.4,819.5) 長さ106pt",tier2,intra
bfbd6dd8-30f9-47ee-9379-765a7611b155,0153,東北電力ネットワーク,tohoku,275,1874de81-9355-43de-9846-5f65a7f18ba4,ce64ff2e-6bd2-4a07-9275-9f799887816a,,,,active,,,tohoku-keitozu-tohoku_kikan,extracted,2026-08-03,"経路上で分岐点を1回通過（直進側を継続として追跡）;ev:送電線番号ラベル 0153（番号枠→引出線→矢印先端で線分に帰属、先端-線分距離 2.0pt）；線幅3.0pt=275kV；図上経路 (660.1,381.4)→(686.8,486.7) 長さ146pt",tier2,intra
f85d2b24-2522-465a-9a54-8e78a71d37ce,0154,東北電力ネットワーク,tohoku,275,fc1c628e-23e0-47cd-ace4-23f87318ab0e,d97a294c-a214-4244-9c7c-e94df08031ca,,,,active,,,tohoku-keitozu-tohoku_kikan,extracted,2026-08-03,"経路上で分岐点を1回通過（直進側を継続として追跡）;ev:送電線番号ラベル 0154（番号枠→引出線→矢印先端で線分に帰属、先端-線分距離 1.6pt）；線幅3.0pt=275kV；図上経路 (611.9,722.5)→(534.8,723.2) 長さ130pt",tier2,intra
eb86b772-b07a-4ee3-8a19-b3c2fd7f98dc,0156,東北電力ネットワーク,tohoku,275,f3ab562c-2316-45ad-bc0a-2ddd17f9e2d3,fc1c628e-23e0-47cd-ace4-23f87318ab0e,,,,active,,,tohoku-keitozu-tohoku_kikan,extracted,2026-08-03,"ev:送電線番号ラベル 0156（番号枠→引出線→矢印先端で線分に帰属、先端-線分距離 5.5pt）；線幅3.0pt=275kV；図上経路 (648.2,738.1)→(611.9,722.5) 長さ104pt",tier2,intra
f2cf5736-b0d9-4ff9-8303-b40cb638ab47,0157,東北電力ネットワーク,tohoku,275,3618cc27-bf00-4825-8161-712727b0b701,44618726-8860-423d-8214-f4c2eb353d49,,,,active,,,tohoku-keitozu-tohoku_kikan,extracted,2026-08-03,"経路上で分岐点を1回通過（直進側を継続として追跡）;ev:送電線番号ラベル 0157（番号枠→引出線→矢印先端で線分に帰属、先端-線分距離 1.5pt）；線幅3.0pt=275kV；図上経路 (579.1,603.8)→(619.8,642.0) 長さ62pt",tier2,intra
2b0d5958-b031-483b-a82d-3b07ef93edc7,0158,東北電力ネットワーク,tohoku,275,9452ca05-9efb-40cc-9a31-005dcdc97903,3160e5d7-90c6-4fed-8967-33e384e7d53d,,,,active,,,tohoku-keitozu-tohoku_kikan,extracted,2026-08-03,"経路上で分岐点を1回通過（直進側を継続として追跡）;ev:送電線番号ラベル 0158（番号枠→引出線→矢印先端で線分に帰属、先端-線分距離 1.4pt）；線幅3.0pt=275kV；図上経路 (606.1,763.0)→(535.6,818.1) 長さ96pt",tier2,intra
7235c5c3-764e-4869-a7f6-5b4e393cacfa,,東北電力ネットワーク,tohoku,275,f908bdbf-f62b-4246-8942-45bcfa8bfb40,b7413163-c359-4887-a876-c45ab56ab58f,,,,active,,,tohoku-keitozu-tohoku_kikan,extracted,2026-08-03,"経路上で分岐点を1回通過（直進側を継続として追跡）；送電線番号が図上に無い／帰属できず;ev:線幅3.0pt=275kV；図上経路 (675.2,871.6)→(589.6,842.4) 長さ90pt",tier2,intra
8eefde24-403f-4c7f-99c0-2c4c42f84a5b,,東北電力ネットワーク,tohoku,275,44618726-8860-423d-8214-f4c2eb353d49,4ac2e9f7-af61-402a-8b9c-3eaed56d0538,,,,active,,,tohoku-keitozu-tohoku_kikan,extracted,2026-08-03,"経路上で分岐点を2回通過（直進側を継続として追跡）；送電線番号が図上に無い／帰属できず;ev:線幅3.0pt=275kV；図上経路 (619.8,642.0)→(683.9,533.2) 長さ141pt",tier2,intra
3d180ff6-a6e5-428e-99fa-10f39246f3c9,,東北電力ネットワーク,tohoku,275,2fe87164-8eda-4b48-b0d9-8bb26fac957b,9033371b-a953-4609-b620-dffd88a0d9cd,,,,active,,,tohoku-keitozu-tohoku_kikan,extracted,2026-08-05,"送電線番号が図上に無い／帰属できず;ev:線幅3.0pt=275kV；図上経路 (414.6,859.7)→(438.4,819.5) 長さ44pt；端点を統合に伴い付け替え 2026-08-05",tier2,intra
18253003-edbf-4fcc-8f1c-1d07b05d00b1,,東北電力ネットワーク,tohoku,275,8f9f8959-f033-4a36-9cb4-447e74a98cf0,9033371b-a953-4609-b620-dffd88a0d9cd,,,,active,,,tohoku-keitozu-tohoku_kikan,extracted,2026-08-05,"送電線番号が図上に無い／帰属できず;ev:線幅3.0pt=275kV；図上経路 (426.8,799.4)→(438.4,819.5) 長さ36pt；端点を統合に伴い付け替え 2026-08-05",tier2,intra
795ae797-b58e-4079-b01a-266439e11ac2,0127/0722,東北電力ネットワーク,tohoku,154,c7fecadd-4a47-4a2e-8599-7271a0608e33,f3ab562c-2316-45ad-bc0a-2ddd17f9e2d3,,,,active,,,tohoku-keitozu-tohoku_kikan,extracted,2026-08-03,"拡大図と本体図をまたぐ（同名変電所で接合）；同一経路に複数の送電線番号が帰属（分岐タップ点で2線が合流して描かれているため、どこで別線に分かれるかは未確定）;ev:送電線番号ラベル 0127/0722（番号枠→引出線→矢印先端で線分に帰属、先端-線分距離 5.3pt）；線幅1.5pt=154kV；図上経路 (224.7,717.1)→(648.2,738.1) 長さ46pt",tier3,intra
4e719cc1-f62f-4fa3-ab61-149ee220db46,0501/0503,東北電力ネットワーク,tohoku,154,b526a3b9-7961-43f8-93a4-76704b0a021e,7487d56b-cf27-4568-8347-6e31c804ffd8,,,,active,,,tohoku-keitozu-tohoku_kikan,extracted,2026-08-03,"経路上で分岐点を5回通過（直進側を継続として追跡）；同一経路に複数の送電線番号が帰属（分岐タップ点で2線が合流して描かれているため、どこで別線に分かれるかは未確定）;ev:送電線番号ラベル 0501/0503（番号枠→引出線→矢印先端で線分に帰属、先端-線分距離 3.8pt）；線幅1.5pt=154kV；図上経路 (648.6,172.0)→(640.7,125.5) 長さ114pt",tier3,intra
2391f90c-04aa-4e85-a632-837844f868aa,0505,東北電力ネットワーク,tohoku,154,1e55af8f-8b42-477b-9188-cd8e24afbeb0,531e0c00-3332-44f9-818d-2391a18726df,,,,active,,,tohoku-keitozu-tohoku_kikan,extracted,2026-08-03,"ev:送電線番号ラベル 0505（番号枠→引出線→矢印先端で線分に帰属、先端-線分距離 0.8pt）；線幅1.5pt=154kV；図上経路 (649.0,107.1)→(621.2,115.8) 長さ18pt",tier3,intra
171e551c-d15d-4129-87c1-17ab54b63e33,0507/0509/0721,東北電力ネットワーク,tohoku,154,ac541969-fdfe-47dc-a246-07bdb937691f,2f53b0af-75a4-48f2-8126-64956bb99c3e,,,,active,,,tohoku-keitozu-tohoku_kikan,extracted,2026-08-03,"経路上で分岐点を1回通過（直進側を継続として追跡）；同一経路に複数の送電線番号が帰属（分岐タップ点で2線が合流して描かれているため、どこで別線に分かれるかは未確定）;ev:送電線番号ラベル 0507/0509/0721（番号枠→引出線→矢印先端で線分に帰属、先端-線分距離 0.8pt）；線幅1.5pt=154kV；図上経路 (618.4,209.4)→(550.7,230.9) 長さ58pt",tier3,intra
7d8051c8-87ac-409e-9e47-df240459cbb3,0510,東北電力ネットワーク,tohoku,154,ac541969-fdfe-47dc-a246-07bdb937691f,b526a3b9-7961-43f8-93a4-76704b0a021e,,,,active,,,tohoku-keitozu-tohoku_kikan,extracted,2026-08-03,"経路上で分岐点を5回通過（直進側を継続として追跡）;ev:送電線番号ラベル 0510（番号枠→引出線→矢印先端で線分に帰属、先端-線分距離 0.8pt）；線幅1.5pt=154kV；図上経路 (618.4,209.4)→(648.6,172.0) 長さ74pt",tier3,intra
aee9f640-081d-4406-9fe4-b6d22f97e8a4,0514/0515,東北電力ネットワーク,tohoku,154,ac541969-fdfe-47dc-a246-07bdb937691f,baa5b5bd-bf7f-4a6b-9643-bf4090fd4a14,,,,active,,,tohoku-keitozu-tohoku_kikan,extracted,2026-08-03,"経路上で分岐点を1回通過（直進側を継続として追跡）；同一経路に複数の送電線番号が帰属（分岐タップ点で2線が合流して描かれているため、どこで別線に分かれるかは未確定）;ev:送電線番号ラベル 0514/0515（番号枠→引出線→矢印先端で線分に帰属、先端-線分距離 1.2pt）；線幅1.5pt=154kV；図上経路 (618.4,209.4)→(664.4,253.1) 長さ62pt",tier3,intra
8a0b7e86-2232-455a-9b70-5921f84cc521,0517,東北電力ネットワーク,tohoku,154,f0a0f14c-f28e-41fe-b5cd-c288be935bdc,baa5b5bd-bf7f-4a6b-9643-bf4090fd4a14,,,,active,,,tohoku-keitozu-tohoku_kikan,extracted,2026-08-03,"ev:送電線番号ラベル 0517（番号枠→引出線→矢印先端で線分に帰属、先端-線分距離 0.7pt）；線幅1.5pt=154kV；図上経路 (676.2,261.2)→(664.4,253.1) 長さ9pt",tier3,intra
79488d6b-9ecc-43ee-9af8-bc6d808bcc70,0520,東北電力ネットワーク,tohoku,154,baa5b5bd-bf7f-4a6b-9643-bf4090fd4a14,95361b00-b573-49df-a81e-988a7898c2d7,,,,active,,,tohoku-keitozu-tohoku_kikan,extracted,2026-08-03,"ev:送電線番号ラベル 0520（番号枠→引出線→矢印先端で線分に帰属、先端-線分距離 0.8pt）；線幅1.5pt=154kV；図上経路 (664.4,253.1)→(682.4,272.5) 長さ26pt",tier3,intra
dac90792-116a-4cc1-b4fe-820581cb0cf0,0521/0522,東北電力ネットワーク,tohoku,154,b4b61766-1d9b-41f1-97a4-3a3771ef67a1,95361b00-b573-49df-a81e-988a7898c2d7,,,,active,,,tohoku-keitozu-tohoku_kikan,extracted,2026-08-03,"経路上で分岐点を1回通過（直進側を継続として追跡）；同一経路に複数の送電線番号が帰属（分岐タップ点で2線が合流して描かれているため、どこで別線に分かれるかは未確定）;ev:送電線番号ラベル 0521/0522（番号枠→引出線→矢印先端で線分に帰属、先端-線分距離 3.6pt）；線幅1.5pt=154kV；図上経路 (642.8,269.7)→(682.4,272.5) 長さ38pt",tier3,intra
c38f9ba5-5813-4d32-a2d2-4db72e7cb25e,0523,東北電力ネットワーク,tohoku,154,0ebbb1e4-ecc7-461c-aee9-a356dda7219c,2f53b0af-75a4-48f2-8126-64956bb99c3e,,,,active,,,tohoku-keitozu-tohoku_kikan,extracted,2026-08-03,"経路上で分岐点を1回通過（直進側を継続として追跡）;ev:送電線番号ラベル 0523（番号枠→引出線→矢印先端で線分に帰属、先端-線分距離 0.5pt）；線幅1.5pt=154kV；図上経路 (508.2,225.4)→(550.7,230.9) 長さ41pt",tier3,intra
0c8b2082-124c-4325-b345-85cb2073bca7,0524,東北電力ネットワーク,tohoku,154,dcc4f5d2-61fb-4727-9540-e83003fc567c,2f53b0af-75a4-48f2-8126-64956bb99c3e,,,,active,,,tohoku-keitozu-tohoku_kikan,extracted,2026-08-03,"ev:送電線番号ラベル 0524（番号枠→引出線→矢印先端で線分に帰属、先端-線分距離 0.8pt）；線幅1.5pt=154kV；図上経路 (537.0,269.0)→(550.7,230.9) 長さ34pt",tier3,intra
add4a6a5-2308-40b2-b2a9-b7f97007dfdb,0525/0526,東北電力ネットワーク,tohoku,154,dcc4f5d2-61fb-4727-9540-e83003fc567c,53627c85-1c88-44d5-ad69-217ce192c8c4,,,,active,,,tohoku-keitozu-tohoku_kikan,extracted,2026-08-03,"経路上で分岐点を3回通過（直進側を継続として追跡）；同一経路に複数の送電線番号が帰属（分岐タップ点で2線が合流して描かれているため、どこで別線に分かれるかは未確定）;ev:送電線番号ラベル 0525/0526（番号枠→引出線→矢印先端で線分に帰属、先端-線分距離 1.7pt）；線幅1.5pt=154kV；図上経路 (537.0,269.0)→(557.9,335.6) 長さ74pt",tier3,intra
c6f6b469-2d62-444f-af09-9bcc6093ae43,0527/0727/0728,東北電力ネットワーク,tohoku,154,2124ef3f-1d9f-4a1c-af31-27feacf2ef75,95361b00-b573-49df-a81e-988a7898c2d7,,,,active,,,tohoku-keitozu-tohoku_kikan,extracted,2026-08-03,"経路上で分岐点を3回通過（直進側を継続として追跡）；同一経路に複数の送電線番号が帰属（分岐タップ点で2線が合流して描かれているため、どこで別線に分かれるかは未確定）;ev:送電線番号ラベル 0527/0727/0728（番号枠→引出線→矢印先端で線分に帰属、先端-線分距離 1.4pt）；線幅1.5pt=154kV；図上経路 (681.0,314.0)→(682.4,272.5) 長さ33pt",tier3,intra
36a943fe-f1e1-4413-a9c1-11311db37877,0528,東北電力ネットワーク,tohoku,154,2124ef3f-1d9f-4a1c-af31-27feacf2ef75,1874de81-9355-43de-9846-5f65a7f18ba4,,,,active,,,tohoku-keitozu-tohoku_kikan,extracted,2026-08-03,"経路上で分岐点を3回通過（直進側を継続として追跡）;ev:送電線番号ラベル 0528（番号枠→引出線→矢印先端で線分に帰属、先端-線分距離 0.5pt）；線幅1.5pt=154kV；図上経路 (681.0,314.0)→(660.1,381.4) 長さ69pt",tier3,intra
56b824ae-bdff-45dc-83d2-49b947a9a24f,0530/0731/0732,東北電力ネットワーク,tohoku,154,f1f89bc4-37f2-4d61-b31f-9bedd159fe32,1874de81-9355-43de-9846-5f65a7f18ba4,,,,active,,,tohoku-keitozu-tohoku_kikan,extracted,2026-08-03,"経路上で分岐点を3回通過（直進側を継続として追跡）；同一経路に複数の送電線番号が帰属（分岐タップ点で2線が合流して描かれているため、どこで別線に分かれるかは未確定）;ev:送電線番号ラベル 0530/0731/0732（番号枠→引出線→矢印先端で線分に帰属、先端-線分距離 1.7pt）；線幅1.5pt=154kV；図上経路 (670.0,414.5)→(660.1,381.4) 長さ40pt",tier3,intra
35dadd2f-f00c-4d75-9513-be75260eae61,0531,東北電力ネットワーク,tohoku,154,f1f89bc4-37f2-4d61-b31f-9bedd159fe32,398686db-c336-47f5-8a74-a0b66af8cf2e,,,,active,,,tohoku-keitozu-tohoku_kikan,extracted,2026-08-03,"ev:送電線番号ラベル 0531（番号枠→引出線→矢印先端で線分に帰属、先端-線分距離 0.7pt）；線幅1.5pt=154kV；図上経路 (670.0,414.5)→(662.3,434.0) 長さ22pt",tier3,intra
d18280d6-9472-4ad7-9089-eea1933bfcf8,0532,東北電力ネットワーク,tohoku,154,1874de81-9355-43de-9846-5f65a7f18ba4,398686db-c336-47f5-8a74-a0b66af8cf2e,,,,active,,,tohoku-keitozu-tohoku_kikan,extracted,2026-08-03,"ev:送電線番号ラベル 0532（番号枠→引出線→矢印先端で線分に帰属、先端-線分距離 0.9pt）；線幅1.5pt=154kV；図上経路 (660.1,381.4)→(662.3,434.0) 長さ58pt",tier3,intra
c7ed091a-2678-4b23-b3c3-74d8b4c7239e,0533,東北電力ネットワーク,tohoku,154,1c1313c6-dbe2-443d-a3bf-2b1c13ef384c,398686db-c336-47f5-8a74-a0b66af8cf2e,,,,active,,,tohoku-keitozu-tohoku_kikan,extracted,2026-08-03,"経路上で分岐点を1回通過（直進側を継続として追跡）;ev:送電線番号ラベル 0533（番号枠→引出線→矢印先端で線分に帰属、先端-線分距離 0.4pt）；線幅1.5pt=154kV；図上経路 (568.0,481.1)→(662.3,434.0) 長さ132pt",tier3,intra
0afd45a6-c32b-4559-8618-44467dc71255,0535,東北電力ネットワーク,tohoku,154,7106b3b6-8579-49a7-b5fa-a31ec07b8e40,398686db-c336-47f5-8a74-a0b66af8cf2e,,,,active,,,tohoku-keitozu-tohoku_kikan,extracted,2026-08-03,"経路上で分岐点を1回通過（直進側を継続として追跡）;ev:送電線番号ラベル 0535（番号枠→引出線→矢印先端で線分に帰属、先端-線分距離 0.6pt）；線幅1.5pt=154kV；図上経路 (642.1,487.4)→(662.3,434.0) 長さ70pt",tier3,intra
f86d6b0b-9180-4f22-ba9f-852dfaadaa2b,0537,東北電力ネットワーク,tohoku,154,a3af830e-18ac-4ad1-8440-2d463aacfdbf,398686db-c336-47f5-8a74-a0b66af8cf2e,,,,active,,,tohoku-keitozu-tohoku_kikan,extracted,2026-08-03,"ev:送電線番号ラベル 0537（番号枠→引出線→矢印先端で線分に帰属、先端-線分距離 0.7pt）；線幅1.5pt=154kV；図上経路 (727.4,434.4)→(662.3,434.0) 長さ59pt",tier3,intra
a0b234a1-4922-4414-aac8-72afd5e29917,0538,東北電力ネットワーク,tohoku,154,a3af830e-18ac-4ad1-8440-2d463aacfdbf,058d511f-0380-454e-bca6-295b8a631138,,,,active,,,tohoku-keitozu-tohoku_kikan,extracted,2026-08-03,"経路上で分岐点を2回通過（直進側を継続として追跡）;ev:送電線番号ラベル 0538（番号枠→引出線→矢印先端で線分に帰属、先端-線分距離 0.0pt）；線幅1.5pt=154kV；図上経路 (727.4,434.4)→(726.4,419.1) 長さ14pt",tier3,intra
5ee19073-54d4-42c6-b6ab-0fc7771aabe7,0539/0541/0763,東北電力ネットワーク,tohoku,154,7106b3b6-8579-49a7-b5fa-a31ec07b8e40,44618726-8860-423d-8214-f4c2eb353d49,,,,active,,,tohoku-keitozu-tohoku_kikan,extracted,2026-08-03,"経路上で分岐点を7回通過（直進側を継続として追跡）；同一経路に複数の送電線番号が帰属（分岐タップ点で2線が合流して描かれているため、どこで別線に分かれるかは未確定）;ev:送電線番号ラベル 0539/0541/0763（番号枠→引出線→矢印先端で線分に帰属、先端-線分距離 3.6pt）；線幅1.5pt=154kV；図上経路 (642.1,487.4)→(619.8,642.0) 長さ168pt",tier3,intra
695224d4-c04d-4314-9720-dccc13d6cb93,0542,東北電力ネットワーク,tohoku,154,d406ee67-a124-41fa-8586-a80b715d5223,44618726-8860-423d-8214-f4c2eb353d49,,,,active,,,tohoku-keitozu-tohoku_kikan,extracted,2026-08-03,"経路上で分岐点を6回通過（直進側を継続として追跡）;ev:送電線番号ラベル 0542（番号枠→引出線→矢印先端で線分に帰属、先端-線分距離 5.4pt）；線幅1.5pt=154kV；図上経路 (614.0,510.6)→(619.8,642.0) 長さ143pt",tier3,intra
ec7c26e4-5cb6-48f3-a01b-80e7941929a6,0543,東北電力ネットワーク,tohoku,154,f56efc39-10e0-4d16-9d8c-a742ba2d0d66,4ac2e9f7-af61-402a-8b9c-3eaed56d0538,,,,active,,,tohoku-keitozu-tohoku_kikan,extracted,2026-08-03,"経路上で分岐点を1回通過（直進側を継続として追跡）;ev:送電線番号ラベル 0543（番号枠→引出線→矢印先端で線分に帰属、先端-線分距離 0.7pt）；線幅1.5pt=154kV；図上経路 (735.7,573.4)→(683.9,533.2) 長さ65pt",tier3,intra
7cbe6389-a43b-44b1-a8d0-32ee6cfaa6c7,0544,東北電力ネットワーク,tohoku,154,c19cb168-4a16-4eea-9229-4b765d8bed55,4ac2e9f7-af61-402a-8b9c-3eaed56d0538,,,,active,,,tohoku-keitozu-tohoku_kikan,extracted,2026-08-03,"ev:送電線番号ラベル 0544（番号枠→引出線→矢印先端で線分に帰属、先端-線分距離 0.9pt）；線幅1.5pt=154kV；図上経路 (771.7,533.2)→(683.9,533.2) 長さ93pt",tier3,intra
fdf6d9ff-1834-4cbc-ba3b-4203c7fcaddb,0545,東北電力ネットワーク,tohoku,154,4ac2e9f7-af61-402a-8b9c-3eaed56d0538,1cb8946b-0127-44f8-96dd-feef5a58af5a,,,,active,,,tohoku-keitozu-tohoku_kikan,extracted,2026-08-03,"ev:送電線番号ラベル 0545（番号枠→引出線→矢印先端で線分に帰属、先端-線分距離 5.3pt）；線幅1.5pt=154kV；図上経路 (683.9,533.2)→(655.8,506.1) 長さ51pt",tier3,intra
cc38d350-3751-4cbd-bd8c-297fcd06babb,0546,東北電力ネットワーク,tohoku,154,c19cb168-4a16-4eea-9229-4b765d8bed55,f56efc39-10e0-4d16-9d8c-a742ba2d0d66,,,,active,,,tohoku-keitozu-tohoku_kikan,extracted,2026-08-03,"ev:送電線番号ラベル 0546（番号枠→引出線→矢印先端で線分に帰属、先端-線分距離 0.5pt）；線幅1.5pt=154kV；図上経路 (771.7,533.2)→(735.7,573.4) 長さ56pt",tier3,intra
10cfeeec-bc41-4e6c-95d1-fccc1c4711a2,0548,東北電力ネットワーク,tohoku,154,53627c85-1c88-44d5-ad69-217ce192c8c4,1a765da9-6d3a-4f8d-a885-3239586c4a9b,,,,active,,,tohoku-keitozu-tohoku_kikan,extracted,2026-08-03,"ev:送電線番号ラベル 0548（番号枠→引出線→矢印先端で線分に帰属、先端-線分距離 0.6pt）；線幅1.5pt=154kV；図上経路 (557.9,335.6)→(508.2,427.0) 長さ107pt",tier3,intra
6c55e056-92ba-456b-9982-6b4c24f34b31,0550,東北電力ネットワーク,tohoku,154,09d01c31-e36a-4208-b680-4235d015f33c,1a765da9-6d3a-4f8d-a885-3239586c4a9b,,,,active,,,tohoku-keitozu-tohoku_kikan,extracted,2026-08-03,"ev:送電線番号ラベル 0550（番号枠→引出線→矢印先端で線分に帰属、先端-線分距離 0.9pt）；線幅1.5pt=154kV；図上経路 (492.0,431.3)→(508.2,427.0) 長さ13pt",tier3,intra
af338878-ba51-472a-8ab7-86273825dfed,0552,東北電力ネットワーク,tohoku,154,dd150df8-c1c2-47ac-8eea-66284d8fe704,1a765da9-6d3a-4f8d-a885-3239586c4a9b,,,,active,,,tohoku-keitozu-tohoku_kikan,extracted,2026-08-03,"ev:送電線番号ラベル 0552（番号枠→引出線→矢印先端で線分に帰属、先端-線分距離 0.2pt）；線幅1.5pt=154kV；図上経路 (511.1,467.3)→(508.2,427.0) 長さ43pt",tier3,intra
82a4fd73-bbd3-4717-a686-3921e5c5c9e6,0553,東北電力ネットワーク,tohoku,154,dd150df8-c1c2-47ac-8eea-66284d8fe704,1a765da9-6d3a-4f8d-a885-3239586c4a9b,,,,active,,,tohoku-keitozu-tohoku_kikan,extracted,2026-08-03,"ev:送電線番号ラベル 0553（番号枠→引出線→矢印先端で線分に帰属、先端-線分距離 0.4pt）；線幅1.5pt=154kV；図上経路 (511.1,467.3)→(508.2,427.0) 長さ36pt",tier3,intra
b9e1b1a6-ff22-49f2-87a4-582cb8c648a6,0555,東北電力ネットワーク,tohoku,154,dd150df8-c1c2-47ac-8eea-66284d8fe704,f0489d18-a968-49dd-b082-9dd516b7e70d,,,,active,,,tohoku-keitozu-tohoku_kikan,extracted,2026-08-03,"経路上で分岐点を4回通過（直進側を継続として追跡）;ev:送電線番号ラベル 0555（番号枠→引出線→矢印先端で線分に帰属、先端-線分距離 0.9pt）；線幅1.5pt=154kV；図上経路 (511.1,467.3)→(493.8,542.8) 長さ70pt",tier3,intra
9b7ff647-73e0-440d-9c46-70c3b06dfabc,0557,東北電力ネットワーク,tohoku,154,5add5c1c-ed64-4b3f-bfc7-db674de4d0db,f0489d18-a968-49dd-b082-9dd516b7e70d,,,,active,,,tohoku-keitozu-tohoku_kikan,extracted,2026-08-03,"経路上で分岐点を4回通過（直進側を継続として追跡）;ev:送電線番号ラベル 0557（番号枠→引出線→矢印先端で線分に帰属、先端-線分距離 0.8pt）；線幅1.5pt=154kV；図上経路 (493.1,503.3)→(493.8,542.8) 長さ42pt",tier3,intra
554f9517-85ad-4fa5-8155-a53a17263c32,0561,東北電力ネットワーク,tohoku,154,dd150df8-c1c2-47ac-8eea-66284d8fe704,0cc47ed1-d793-45b6-a5fe-2cd0e8074499,,,,active,,,tohoku-keitozu-tohoku_kikan,extracted,2026-08-03,"ev:送電線番号ラベル 0561（番号枠→引出線→矢印先端で線分に帰属、先端-線分距離 0.8pt）；線幅1.5pt=154kV；図上経路 (511.1,467.3)→(493.8,462.5) 長さ18pt",tier3,intra
44717caf-3fa1-4337-8007-6840d177436d,0562,東北電力ネットワーク,tohoku,154,8e2ae6a7-8a21-4529-a422-99c637806d13,44618726-8860-423d-8214-f4c2eb353d49,,,,active,,,tohoku-keitozu-tohoku_kikan,extracted,2026-08-03,"ev:送電線番号ラベル 0562（番号枠→引出線→矢印先端で線分に帰属、先端-線分距離 0.5pt）；線幅1.5pt=154kV；図上経路 (648.6,654.5)→(619.8,642.0) 長さ30pt",tier3,intra
13f9e2d0-9a52-4b39-80de-395a984c7116,0563,東北電力ネットワーク,tohoku,154,8e2ae6a7-8a21-4529-a422-99c637806d13,e3db8a5f-b7d0-469e-bdc9-0c01918be90c,,,,active,,,tohoku-keitozu-tohoku_kikan,extracted,2026-08-03,"ev:送電線番号ラベル 0563（番号枠→引出線→矢印先端で線分に帰属、先端-線分距離 0.7pt）；線幅1.5pt=154kV；図上経路 (648.6,654.5)→(694.7,671.8) 長さ51pt",tier3,intra
61fc82d6-b5af-4a18-87f1-09609aaa76d8,0564,東北電力ネットワーク,tohoku,154,fdad2382-0049-45c3-ba9b-2e7b11a6ad7a,e3db8a5f-b7d0-469e-bdc9-0c01918be90c,,,,active,,,tohoku-keitozu-tohoku_kikan,extracted,2026-08-03,"ev:送電線番号ラベル 0564（番号枠→引出線→矢印先端で線分に帰属、先端-線分距離 0.2pt）；線幅1.5pt=154kV；図上経路 (710.5,664.9)→(694.7,671.8) 長さ19pt",tier3,intra
e5c9764d-4cde-4dba-8e6d-265300dae518,0567,東北電力ネットワーク,tohoku,154,0e386620-8ffd-4b14-b752-1a07867c6e37,f25e122c-9483-47b2-a882-680f43020aac,,,,active,,,tohoku-keitozu-tohoku_kikan,extracted,2026-08-03,"経路上で分岐点を2回通過（直進側を継続として追跡）；拡大図と本体図をまたぐ（同名変電所で接合）;ev:送電線番号ラベル 0567（番号枠→引出線→矢印先端で線分に帰属、先端-線分距離 3.4pt）；線幅1.5pt=154kV；図上経路 (300.1,605.6)→(647.2,699.5) 長さ124pt",tier3,intra
af01c4c7-00b8-431b-814e-de80b7648fa7,0568,東北電力ネットワーク,tohoku,154,f3a431f9-d9f7-4d9a-ad1c-c8583d423bf7,13cfd981-c073-4bcf-a84f-2c792108b6fe,,,,active,,,tohoku-keitozu-tohoku_kikan,extracted,2026-08-03,"経路上で分岐点を1回通過（直進側を継続として追跡）；拡大図と本体図をまたぐ（同名変電所で接合）;ev:送電線番号ラベル 0568（番号枠→引出線→矢印先端で線分に帰属、先端-線分距離 0.5pt）；線幅1.5pt=154kV；図上経路 (254.2,646.4)→(673.1,721.7) 長さ32pt",tier3,intra
c3fc58c3-20c8-4c4f-bf74-d14fa2ff60bc,0569,東北電力ネットワーク,tohoku,154,0e386620-8ffd-4b14-b752-1a07867c6e37,f3a431f9-d9f7-4d9a-ad1c-c8583d423bf7,,,,active,,,tohoku-keitozu-tohoku_kikan,extracted,2026-08-03,"経路上で分岐点を1回通過（直進側を継続として追跡）;ev:送電線番号ラベル 0569（番号枠→引出線→矢印先端で線分に帰属、先端-線分距離 0.2pt）；線幅1.5pt=154kV；図上経路 (300.1,605.6)→(254.2,646.4) 長さ67pt",tier3,intra
f88e9ba0-4ca4-4d46-979e-040ebea79af4,0570,東北電力ネットワーク,tohoku,154,f8e32b08-d8b8-464a-9733-08f8d09ef4c8,13cfd981-c073-4bcf-a84f-2c792108b6fe,,,,active,,,tohoku-keitozu-tohoku_kikan,extracted,2026-08-03,"拡大図と本体図をまたぐ（同名変電所で接合）;ev:送電線番号ラベル 0570（番号枠→引出線→矢印先端で線分に帰属、先端-線分距離 0.8pt）；線幅1.5pt=154kV；図上経路 (309.1,640.3)→(673.1,721.7) 長さ15pt",tier3,intra
fe9db3e8-89da-4ab1-826c-2c8cd6b7c53b,0571,東北電力ネットワーク,tohoku,154,f25e122c-9483-47b2-a882-680f43020aac,f3a431f9-d9f7-4d9a-ad1c-c8583d423bf7,,,,active,,,tohoku-keitozu-tohoku_kikan,extracted,2026-08-03,"経路上で分岐点を2回通過（直進側を継続として追跡）；拡大図と本体図をまたぐ（同名変電所で接合）;ev:送電線番号ラベル 0571（番号枠→引出線→矢印先端で線分に帰属、先端-線分距離 0.4pt）；線幅1.5pt=154kV；図上経路 (647.2,699.5)→(254.2,646.4) 長さ65pt",tier3,intra
4b12668f-f0ac-458d-9b5a-7469231f2c2b,0573,東北電力ネットワーク,tohoku,154,f25e122c-9483-47b2-a882-680f43020aac,d636f2cb-45da-4e7f-b94a-3fc49a89f15a,,,,active,,,tohoku-keitozu-tohoku_kikan,extracted,2026-08-03,"拡大図と本体図をまたぐ（同名変電所で接合）;ev:送電線番号ラベル 0573（番号枠→引出線→矢印先端で線分に帰属、先端-線分距離 0.7pt）；線幅1.5pt=154kV；図上経路 (647.2,699.5)→(209.5,650.5) 長さ55pt",tier3,intra
c6853707-5caf-44a4-868f-ae45aa473b16,0574,東北電力ネットワーク,tohoku,154,f25e122c-9483-47b2-a882-680f43020aac,3030e115-4de1-4e84-a856-84de6bca8e3a,,,,active,,,tohoku-keitozu-tohoku_kikan,extracted,2026-08-03,"拡大図と本体図をまたぐ（同名変電所で接合）;ev:送電線番号ラベル 0574（番号枠→引出線→矢印先端で線分に帰属、先端-線分距離 0.6pt）；線幅1.5pt=154kV；図上経路 (647.2,699.5)→(186.5,604.0) 長さ31pt",tier3,intra
c6560148-7be2-4dd7-bf91-b10a35750611,0575,東北電力ネットワーク,tohoku,154,f25e122c-9483-47b2-a882-680f43020aac,b362bf05-e904-4295-ac81-970ec0890ad9,,,,active,,,tohoku-keitozu-tohoku_kikan,extracted,2026-08-03,"拡大図と本体図をまたぐ（同名変電所で接合）;ev:送電線番号ラベル 0575（番号枠→引出線→矢印先端で線分に帰属、先端-線分距離 0.6pt）；線幅1.5pt=154kV；図上経路 (647.2,699.5)→(178.8,568.1) 長さ38pt",tier3,intra
cc0ad75a-0caf-414f-ae21-dc6b068b0937,0577,東北電力ネットワーク,tohoku,154,b362bf05-e904-4295-ac81-970ec0890ad9,6de868bb-ddbc-4b59-9a67-0dcd1030c6ec,,,,active,,,tohoku-keitozu-tohoku_kikan,extracted,2026-08-03,"ev:送電線番号ラベル 0577（番号枠→引出線→矢印先端で線分に帰属、先端-線分距離 0.6pt）；線幅1.5pt=154kV；図上経路 (178.8,568.1)→(164.2,586.0) 長さ24pt",tier3,intra
caf3fa40-05a1-4e51-ae1d-0ece39a83a8e,0578,東北電力ネットワーク,tohoku,154,5ea7ec3f-c588-4d78-9c8e-069246d454fb,6de868bb-ddbc-4b59-9a67-0dcd1030c6ec,,,,active,,,tohoku-keitozu-tohoku_kikan,extracted,2026-08-03,"ev:送電線番号ラベル 0578（番号枠→引出線→矢印先端で線分に帰属、先端-線分距離 0.3pt）；線幅1.5pt=154kV；図上経路 (143.9,599.8)→(164.2,586.0) 長さ19pt",tier3,intra
264b5c78-8bae-46c1-9b6d-0fe63a2810b5,0579,東北電力ネットワーク,tohoku,154,5ea7ec3f-c588-4d78-9c8e-069246d454fb,fc1c628e-23e0-47cd-ace4-23f87318ab0e,,,,active,,,tohoku-keitozu-tohoku_kikan,extracted,2026-08-03,"経路上で分岐点を1回通過（直進側を継続として追跡）；拡大図と本体図をまたぐ（同名変電所で接合）;ev:送電線番号ラベル 0579（番号枠→引出線→矢印先端で線分に帰属、先端-線分距離 0.7pt）；線幅1.5pt=154kV；図上経路 (143.9,599.8)→(611.9,722.5) 長さ76pt",tier3,intra
c91a6d7b-8571-43c8-9526-563c95366c2c,0580,東北電力ネットワーク,tohoku,154,2ce35639-943f-4c6c-a97e-7d6ba5975ab3,fc1c628e-23e0-47cd-ace4-23f87318ab0e,,,,active,,,tohoku-keitozu-tohoku_kikan,extracted,2026-08-03,"経路上で分岐点を1回通過（直進側を継続として追跡）；拡大図と本体図をまたぐ（同名変電所で接合）;ev:送電線番号ラベル 0580（番号枠→引出線→矢印先端で線分に帰属、先端-線分距離 4.3pt）；線幅1.5pt=154kV；図上経路 (148.6,654.8)→(611.9,722.5) 長さ59pt",tier3,intra
04a9540b-d755-4f50-8160-d7b1cdd70471,0581/0726/0738/0741,東北電力ネットワーク,tohoku,154,719ae497-d6a8-4782-ad8f-5f5cff41e259,2ce35639-943f-4c6c-a97e-7d6ba5975ab3,,,,active,,,tohoku-keitozu-tohoku_kikan,extracted,2026-08-03,"経路上で分岐点を2回通過（直進側を継続として追跡）；同一経路に複数の送電線番号が帰属（分岐タップ点で2線が合流して描かれているため、どこで別線に分かれるかは未確定）;ev:送電線番号ラベル 0581/0726/0738/0741（番号枠→引出線→矢印先端で線分に帰属、先端-線分距離 5.5pt）；線幅1.5pt=154kV；図上経路 (142.8,613.6)→(148.6,654.8) 長さ49pt",tier3,intra
075a20cb-a7f5-417d-87b8-e9cd77c46744,0583,東北電力ネットワーク,tohoku,154,57af7fbe-b3c0-41a1-9596-92935cb61451,f3a431f9-d9f7-4d9a-ad1c-c8583d423bf7,,,,active,,,tohoku-keitozu-tohoku_kikan,extracted,2026-08-03,"ev:送電線番号ラベル 0583（番号枠→引出線→矢印先端で線分に帰属、先端-線分距離 0.8pt）；線幅1.5pt=154kV；図上経路 (204.5,684.5)→(254.2,646.4) 長さ74pt",tier3,intra
5fc53046-16e2-41a8-86bd-2e2a802e9e7d,0584,東北電力ネットワーク,tohoku,154,f3a431f9-d9f7-4d9a-ad1c-c8583d423bf7,c7fecadd-4a47-4a2e-8599-7271a0608e33,,,,active,,,tohoku-keitozu-tohoku_kikan,extracted,2026-08-03,"経路上で分岐点を2回通過（直進側を継続として追跡）;ev:送電線番号ラベル 0584（番号枠→引出線→矢印先端で線分に帰属、先端-線分距離 0.5pt）；線幅1.5pt=154kV；図上経路 (254.2,646.4)→(224.7,717.1) 長さ87pt",tier3,intra
9ae2536a-ce9f-463e-96ec-917083de1799,0585,東北電力ネットワーク,tohoku,154,c7fecadd-4a47-4a2e-8599-7271a0608e33,6a5d1c43-7568-4b49-90f4-2cb6ad0acca2,,,,active,,,tohoku-keitozu-tohoku_kikan,extracted,2026-08-03,"経路上で分岐点を1回通過（直進側を継続として追跡）;ev:送電線番号ラベル 0585（番号枠→引出線→矢印先端で線分に帰属、先端-線分距離 4.5pt）；線幅1.5pt=154kV；図上経路 (224.7,717.1)→(241.3,694.9) 長さ43pt",tier3,intra
45371e15-31ea-4424-937c-528f5ea6cc38,0587,東北電力ネットワーク,tohoku,154,500740b5-e017-4f25-afb7-65a5f8f45824,57af7fbe-b3c0-41a1-9596-92935cb61451,,,,active,,,tohoku-keitozu-tohoku_kikan,extracted,2026-08-03,"ev:送電線番号ラベル 0587（番号枠→引出線→矢印先端で線分に帰属、先端-線分距離 0.7pt）；線幅1.5pt=154kV；図上経路 (201.7,665.7)→(204.5,684.5) 長さ19pt",tier3,intra
7f56813f-791a-4d0f-8f78-5deba0702dc7,0588,東北電力ネットワーク,tohoku,154,500740b5-e017-4f25-afb7-65a5f8f45824,c7fecadd-4a47-4a2e-8599-7271a0608e33,,,,active,,,tohoku-keitozu-tohoku_kikan,extracted,2026-08-03,"ev:送電線番号ラベル 0588（番号枠→引出線→矢印先端で線分に帰属、先端-線分距離 4.6pt）；線幅1.5pt=154kV；図上経路 (201.7,665.7)→(224.7,717.1) 長さ69pt",tier3,intra
adcc2060-7364-4673-bcbd-b91c1cff6246,0589,東北電力ネットワーク,tohoku,154,1ded483d-3ee7-45cb-a342-239e85529ae2,f3ab562c-2316-45ad-bc0a-2ddd17f9e2d3,,,,active,,,tohoku-keitozu-tohoku_kikan,extracted,2026-08-03,"拡大図と本体図をまたぐ（同名変電所で接合）;ev:送電線番号ラベル 0589（番号枠→引出線→矢印先端で線分に帰属、先端-線分距離 0.7pt）；線幅1.5pt=154kV；図上経路 (156.3,755.8)→(648.2,738.1) 長さ33pt",tier3,intra
7baff5ef-4466-47a8-b903-f6e8a0282641,0590,東北電力ネットワーク,tohoku,154,1ded483d-3ee7-45cb-a342-239e85529ae2,fc1c628e-23e0-47cd-ace4-23f87318ab0e,,,,active,,,tohoku-keitozu-tohoku_kikan,extracted,2026-08-03,"拡大図と本体図をまたぐ（同名変電所で接合）;ev:送電線番号ラベル 0590（番号枠→引出線→矢印先端で線分に帰属、先端-線分距離 0.9pt）；線幅1.5pt=154kV；図上経路 (156.3,755.8)→(611.9,722.5) 長さ120pt",tier3,intra
af084ea5-668e-4da1-a5dd-b3615edb249b,0591,東北電力ネットワーク,tohoku,154,fc6b9d32-6ad9-44ee-9520-8fcfe166072d,99477e1c-e6df-4f1e-b5a9-82a86ca62176,,,,active,,,tohoku-keitozu-tohoku_kikan,extracted,2026-08-03,"ev:送電線番号ラベル 0591（番号枠→引出線→矢印先端で線分に帰属、先端-線分距離 0.6pt）；線幅1.5pt=154kV；図上経路 (624.5,754.0)→(618.4,766.8) 長さ12pt",tier3,intra
de9b6f8f-ba81-4dff-a602-ac4a03b20260,0594/0596/0598,東北電力ネットワーク,tohoku,154,72fae93f-afba-44f4-a1f5-a3c11a18659d,95fbef92-aa0e-4158-80b5-fd3fcf7ee476,,,,active,,,tohoku-keitozu-tohoku_kikan,extracted,2026-08-03,"経路上で分岐点を1回通過（直進側を継続として追跡）；同一経路に複数の送電線番号が帰属（分岐タップ点で2線が合流して描かれているため、どこで別線に分かれるかは未確定）;ev:送電線番号ラベル 0594/0596/0598（番号枠→引出線→矢印先端で線分に帰属、先端-線分距離 0.7pt）；線幅1.5pt=154kV；図上経路 (501.0,595.6)→(469.3,599.8) 長さ33pt",tier3,intra
f5929d45-c640-4efd-8907-1d9719279c3b,0600,東北電力ネットワーク,tohoku,154,c36121bf-044e-45db-8869-de1c3561c1cd,95fbef92-aa0e-4158-80b5-fd3fcf7ee476,,,,active,,,tohoku-keitozu-tohoku_kikan,extracted,2026-08-03,"経路上で分岐点を2回通過（直進側を継続として追跡）;ev:送電線番号ラベル 0600（番号枠→引出線→矢印先端で線分に帰属、先端-線分距離 4.2pt）；線幅1.5pt=154kV；図上経路 (547.1,634.4)→(469.3,599.8) 長さ84pt",tier3,intra
a6219b2b-cebd-4458-b705-5b0b003eb074,0601,東北電力ネットワーク,tohoku,154,72fae93f-afba-44f4-a1f5-a3c11a18659d,c36121bf-044e-45db-8869-de1c3561c1cd,,,,active,,,tohoku-keitozu-tohoku_kikan,extracted,2026-08-03,"経路上で分岐点を1回通過（直進側を継続として追跡）;ev:送電線番号ラベル 0601（番号枠→引出線→矢印先端で線分に帰属、先端-線分距離 0.6pt）；線幅1.5pt=154kV；図上経路 (501.0,595.6)→(547.1,634.4) 長さ78pt",tier3,intra
b993b4df-8d9b-4d43-8715-803101cdd862,0602,東北電力ネットワーク,tohoku,154,a6acb41f-11ec-44c9-9a0a-0dc631034917,95fbef92-aa0e-4158-80b5-fd3fcf7ee476,,,,active,,,tohoku-keitozu-tohoku_kikan,extracted,2026-08-03,"ev:送電線番号ラベル 0602（番号枠→引出線→矢印先端で線分に帰属、先端-線分距離 0.9pt）；線幅1.5pt=154kV；図上経路 (461.0,589.9)→(469.3,599.8) 長さ8pt",tier3,intra
1569a467-fcfd-4f99-b487-03f955865554,0605,東北電力ネットワーク,tohoku,154,95f70c10-137e-4e54-8b9a-c77d0c99b75e,2df430c6-c40a-48d7-9e5e-7756be6e2d22,,,,active,,,tohoku-keitozu-tohoku_kikan,extracted,2026-08-03,"ev:送電線番号ラベル 0605（番号枠→引出線→矢印先端で線分に帰属、先端-線分距離 0.6pt）；線幅1.5pt=154kV；図上経路 (467.9,641.3)→(469.7,625.9) 長さ13pt",tier3,intra
8b74662b-4a67-4fcd-97a7-475e18ee474b,0606,東北電力ネットワーク,tohoku,154,166ff97c-2796-4091-9ed5-e705a9c1b375,95f70c10-137e-4e54-8b9a-c77d0c99b75e,,,,active,,,tohoku-keitozu-tohoku_kikan,extracted,2026-08-03,"ev:送電線番号ラベル 0606（番号枠→引出線→矢印先端で線分に帰属、先端-線分距離 0.7pt）；線幅1.5pt=154kV；図上経路 (459.6,670.1)→(467.9,641.3) 長さ29pt",tier3,intra
7de3aa1f-8000-47bb-b566-9806d8db01c0,0607,東北電力ネットワーク,tohoku,154,166ff97c-2796-4091-9ed5-e705a9c1b375,42fcae4c-8c5e-4c33-951e-1e00a0de46f2,,,,active,,,tohoku-keitozu-tohoku_kikan,extracted,2026-08-03,"ev:送電線番号ラベル 0607（番号枠→引出線→矢印先端で線分に帰属、先端-線分距離 0.8pt）；線幅1.5pt=154kV；図上経路 (459.6,670.1)→(450.6,776.5) 長さ114pt",tier3,intra
a43c372e-c9c7-4f1b-a6d8-55cf4adeac55,0608/0610/0611,東北電力ネットワーク,tohoku,154,e758be7a-7d29-4896-b07d-8cb48ca51028,d97a294c-a214-4244-9c7c-e94df08031ca,,,,active,,,tohoku-keitozu-tohoku_kikan,extracted,2026-08-03,"経路上で分岐点を2回通過（直進側を継続として追跡）；同一経路に複数の送電線番号が帰属（分岐タップ点で2線が合流して描かれているため、どこで別線に分かれるかは未確定）;ev:送電線番号ラベル 0608/0610/0611（番号枠→引出線→矢印先端で線分に帰属、先端-線分距離 4.5pt）；線幅1.5pt=154kV；図上経路 (507.8,689.5)→(534.8,723.2) 長さ76pt",tier3,intra
41901d5a-de8d-45f1-bfe6-f34793f43cc1,0609,東北電力ネットワーク,tohoku,154,d97a294c-a214-4244-9c7c-e94df08031ca,7b4d7479-b5f9-4213-aefb-5c6b0c94e0da,,,,active,,,tohoku-keitozu-tohoku_kikan,extracted,2026-08-03,"経路上で分岐点を2回通過（直進側を継続として追跡）;ev:送電線番号ラベル 0609（番号枠→引出線→矢印先端で線分に帰属、先端-線分距離 0.5pt）；線幅1.5pt=154kV；図上経路 (534.8,723.2)→(565.1,681.5) 長さ56pt",tier3,intra
59df6b2c-530a-43fc-9529-30a3b2e87e10,0612,東北電力ネットワーク,tohoku,154,1d810b42-a6ae-4e7c-8a16-d8fcb39d47c2,d97a294c-a214-4244-9c7c-e94df08031ca,,,,active,,,tohoku-keitozu-tohoku_kikan,extracted,2026-08-03,"経路上で分岐点を1回通過（直進側を継続として追跡）;ev:送電線番号ラベル 0612（番号枠→引出線→矢印先端で線分に帰属、先端-線分距離 0.7pt）；線幅1.5pt=154kV；図上経路 (563.6,726.6)→(534.8,723.2) 長さ30pt",tier3,intra
8c0a675e-4a6b-4010-b71e-db9b57a40d68,0613,東北電力ネットワーク,tohoku,154,4d4b5195-5b77-4b31-be32-6a9d05466a75,1d810b42-a6ae-4e7c-8a16-d8fcb39d47c2,,,,active,,,tohoku-keitozu-tohoku_kikan,extracted,2026-08-03,"経路上で分岐点を1回通過（直進側を継続として追跡）;ev:送電線番号ラベル 0613（番号枠→引出線→矢印先端で線分に帰属、先端-線分距離 0.8pt）；線幅1.5pt=154kV；図上経路 (553.6,717.9)→(563.6,726.6) 長さ21pt",tier3,intra
1a778262-af79-4f7b-91ec-f2e41c10bf9f,0614,東北電力ネットワーク,tohoku,154,f56c0500-757b-456c-b8c0-dfb01cddcbe3,d97a294c-a214-4244-9c7c-e94df08031ca,,,,active,,,tohoku-keitozu-tohoku_kikan,extracted,2026-08-03,"ev:送電線番号ラベル 0614（番号枠→引出線→矢印先端で線分に帰属、先端-線分距離 0.7pt）；線幅1.5pt=154kV；図上経路 (531.2,777.9)→(534.8,723.2) 長さ58pt",tier3,intra
d6de2b7f-3a47-46e2-b7e4-a030e4366d96,0618,東北電力ネットワーク,tohoku,154,5bc91a82-2c01-400d-91ac-ab93c6f2d336,42fcae4c-8c5e-4c33-951e-1e00a0de46f2,,,,active,,,tohoku-keitozu-tohoku_kikan,extracted,2026-08-03,"経路上で分岐点を2回通過（直進側を継続として追跡）;ev:送電線番号ラベル 0618（番号枠→引出線→矢印先端で線分に帰属、先端-線分距離 3.1pt）；線幅1.5pt=154kV；図上経路 (469.0,768.2)→(450.6,776.5) 長さ25pt",tier3,intra
74e60ca0-497f-4e22-ade9-67435d8caa90,0619/0621,東北電力ネットワーク,tohoku,154,99477e1c-e6df-4f1e-b5a9-82a86ca62176,b2fea909-8f67-4d7c-b442-38c5a6f95369,,,,active,,,tohoku-keitozu-tohoku_kikan,extracted,2026-08-03,"経路上で分岐点を3回通過（直進側を継続として追跡）；同一経路に複数の送電線番号が帰属（分岐タップ点で2線が合流して描かれているため、どこで別線に分かれるかは未確定）;ev:送電線番号ラベル 0619/0621（番号枠→引出線→矢印先端で線分に帰属、先端-線分距離 3.9pt）；線幅1.5pt=154kV；図上経路 (618.4,766.8)→(579.5,818.1) 長さ65pt",tier3,intra
ce2cdbc7-2b21-4ce6-8405-8817820b617d,0622,東北電力ネットワーク,tohoku,154,aae309d0-d45e-4237-b7a7-e5b2fdd29022,99477e1c-e6df-4f1e-b5a9-82a86ca62176,,,,active,,,tohoku-keitozu-tohoku_kikan,extracted,2026-08-03,"経路上で分岐点を3回通過（直進側を継続として追跡）;ev:送電線番号ラベル 0622（番号枠→引出線→矢印先端で線分に帰属、先端-線分距離 0.8pt）；線幅1.5pt=154kV；図上経路 (584.4,792.7)→(618.4,766.8) 長さ52pt",tier3,intra
32cb43d4-56c2-4c34-a456-0c7c64e3574a,0624/0735,東北電力ネットワーク,tohoku,154,6a262106-bf4f-4fbf-af1d-cc4787b58f45,641c895f-fdc4-4393-bd17-b1e33f5e04ad,,,,active,,,tohoku-keitozu-tohoku_kikan,extracted,2026-08-03,"経路上で分岐点を1回通過（直進側を継続として追跡）；同一経路に複数の送電線番号が帰属（分岐タップ点で2線が合流して描かれているため、どこで別線に分かれるかは未確定）;ev:送電線番号ラベル 0624/0735（番号枠→引出線→矢印先端で線分に帰属、先端-線分距離 0.9pt）；線幅1.5pt=154kV；図上経路 (675.5,836.9)→(673.1,815.3) 長さ23pt",tier3,intra
fc491007-e55c-4168-9986-f1538d83a101,0625,東北電力ネットワーク,tohoku,154,787a4ea9-cdae-49e5-b550-ba7b25a8bf0c,64b5feb5-0c83-428a-8553-a2a272690f4d,,,,active,,,tohoku-keitozu-tohoku_kikan,extracted,2026-08-03,"経路上で分岐点を1回通過（直進側を継続として追跡）;ev:送電線番号ラベル 0625（番号枠→引出線→矢印先端で線分に帰属、先端-線分距離 5.6pt）；線幅1.5pt=154kV；図上経路 (683.8,826.8)→(657.2,816.7) 長さ26pt",tier3,intra
65a49dc7-6c7b-4257-9356-e14aabe7d07b,0626/0628,東北電力ネットワーク,tohoku,154,6971e49a-3922-4f2e-bf45-f5174b9a44e1,b7413163-c359-4887-a876-c45ab56ab58f,,,,active,,,tohoku-keitozu-tohoku_kikan,extracted,2026-08-03,"経路上で分岐点を2回通過（直進側を継続として追跡）；同一経路に複数の送電線番号が帰属（分岐タップ点で2線が合流して描かれているため、どこで別線に分かれるかは未確定）;ev:送電線番号ラベル 0626/0628（番号枠→引出線→矢印先端で線分に帰属、先端-線分距離 1.0pt）；線幅1.5pt=154kV；図上経路 (526.2,874.3)→(589.6,842.4) 長さ80pt",tier3,intra
1505134f-0a3a-4d5f-bfc3-7e06c57717ad,0630,東北電力ネットワーク,tohoku,154,b7413163-c359-4887-a876-c45ab56ab58f,b2fea909-8f67-4d7c-b442-38c5a6f95369,,,,active,,,tohoku-keitozu-tohoku_kikan,extracted,2026-08-03,"ev:送電線番号ラベル 0630（番号枠→引出線→矢印先端で線分に帰属、先端-線分距離 0.7pt）；線幅1.5pt=154kV；図上経路 (589.6,842.4)→(579.5,818.1) 長さ20pt",tier3,intra
3c4af888-a572-438c-8341-f59b1a5701ac,0631,東北電力ネットワーク,tohoku,154,6971e49a-3922-4f2e-bf45-f5174b9a44e1,b48d0da4-c110-4105-8cc7-2a733568e418,,,,active,,,tohoku-keitozu-tohoku_kikan,extracted,2026-08-03,"ev:送電線番号ラベル 0631（番号枠→引出線→矢印先端で線分に帰属、先端-線分距離 0.6pt）；線幅1.5pt=154kV；図上経路 (526.2,874.3)→(579.5,880.5) 長さ52pt",tier3,intra
24c85c6c-c92c-4b52-9f8e-2cbaa04e8473,0632,東北電力ネットワーク,tohoku,154,b48d0da4-c110-4105-8cc7-2a733568e418,0569f3d0-a724-4882-8070-0819b008ff56,,,,active,,,tohoku-keitozu-tohoku_kikan,extracted,2026-08-03,"ev:送電線番号ラベル 0632（番号枠→引出線→矢印先端で線分に帰属、先端-線分距離 0.9pt）；線幅1.5pt=154kV；図上経路 (579.5,880.5)→(600.4,890.2) 長さ19pt",tier3,intra
f5612961-a414-4e9c-8acf-fdbd396c50d7,0633,東北電力ネットワーク,tohoku,154,b48d0da4-c110-4105-8cc7-2a733568e418,76bd7727-c520-40f5-8e23-c4b1ada5002c,,,,active,,,tohoku-keitozu-tohoku_kikan,extracted,2026-08-03,"ev:送電線番号ラベル 0633（番号枠→引出線→矢印先端で線分に帰属、先端-線分距離 5.3pt）；線幅1.5pt=154kV；図上経路 (579.5,880.5)→(616.2,857.6) 長さ45pt",tier3,intra
8ae7a490-7ba5-4dce-ad89-b99d9ec1fd28,0634,東北電力ネットワーク,tohoku,154,0569f3d0-a724-4882-8070-0819b008ff56,066cbb16-79d0-4f74-9caa-ffb229f97bc1,,,,active,,,tohoku-keitozu-tohoku_kikan,extracted,2026-08-03,"ev:送電線番号ラベル 0634（番号枠→引出線→矢印先端で線分に帰属、先端-線分距離 0.5pt）；線幅1.5pt=154kV；図上経路 (600.4,890.2)→(607.6,910.4) 長さ10pt",tier3,intra
717111d5-f883-46d3-9150-c3bfa4c13003,0635,東北電力ネットワーク,tohoku,154,09ef7c7f-76be-4095-a425-e5db64601796,066cbb16-79d0-4f74-9caa-ffb229f97bc1,,,,active,,,tohoku-keitozu-tohoku_kikan,extracted,2026-08-03,"経路上で分岐点を1回通過（直進側を継続として追跡）;ev:送電線番号ラベル 0635（番号枠→引出線→矢印先端で線分に帰属、先端-線分距離 0.6pt）；線幅1.5pt=154kV；図上経路 (587.4,940.9)→(607.6,910.4) 長さ38pt",tier3,intra
d6c257f1-f76f-4dd7-99c8-e4abd9c75661,0636/0737/0744,東北電力ネットワーク,tohoku,154,69999c88-a160-4d27-a6d5-6edfc247e598,066cbb16-79d0-4f74-9caa-ffb229f97bc1,,,,active,,,tohoku-keitozu-tohoku_kikan,extracted,2026-08-03,"経路上で分岐点を4回通過（直進側を継続として追跡）；同一経路に複数の送電線番号が帰属（分岐タップ点で2線が合流して描かれているため、どこで別線に分かれるかは未確定）;ev:送電線番号ラベル 0636/0737/0744（番号枠→引出線→矢印先端で線分に帰属、先端-線分距離 1.5pt）；線幅1.5pt=154kV；図上経路 (550.3,933.6)→(607.6,910.4) 長さ65pt",tier3,intra
378c5c95-d326-42c1-b2ba-bba269227ee6,0637/0638/0736,東北電力ネットワーク,tohoku,154,f8b42a96-4020-4521-ae9c-36e1b87d0e76,0569f3d0-a724-4882-8070-0819b008ff56,,,,active,,,tohoku-keitozu-tohoku_kikan,extracted,2026-08-03,"経路上で分岐点を2回通過（直進側を継続として追跡）；同一経路に複数の送電線番号が帰属（分岐タップ点で2線が合流して描かれているため、どこで別線に分かれるかは未確定）;ev:送電線番号ラベル 0637/0638/0736（番号枠→引出線→矢印先端で線分に帰属、先端-線分距離 4.9pt）；線幅1.5pt=154kV；図上経路 (662.3,959.3)→(600.4,890.2) 長さ103pt",tier3,intra
a4f7b7f8-4001-4159-8fe6-7d55fd16ed5a,0639,東北電力ネットワーク,tohoku,154,f8b42a96-4020-4521-ae9c-36e1b87d0e76,eb95dcfa-e994-445e-9f31-d7e3f84b79d2,,,,active,,,tohoku-keitozu-tohoku_kikan,extracted,2026-08-03,"経路上で分岐点を1回通過（直進側を継続として追跡）;ev:送電線番号ラベル 0639（番号枠→引出線→矢印先端で線分に帰属、先端-線分距離 0.4pt）；線幅1.5pt=154kV；図上経路 (662.3,959.3)→(685.3,940.9) 長さ28pt",tier3,intra
1a339ce5-f91d-46c6-822d-83a0000207fa,0640,東北電力ネットワーク,tohoku,154,f8b42a96-4020-4521-ae9c-36e1b87d0e76,7539d9fb-c96d-4086-9db6-fcf20194e0ea,,,,active,,,tohoku-keitozu-tohoku_kikan,extracted,2026-08-03,"ev:送電線番号ラベル 0640（番号枠→引出線→矢印先端で線分に帰属、先端-線分距離 5.4pt）；線幅1.5pt=154kV；図上経路 (662.3,959.3)→(685.3,962.3) 長さ25pt",tier3,intra
19392e70-1598-4a52-8f62-867847e40746,0641/0642,東北電力ネットワーク,tohoku,154,f8b42a96-4020-4521-ae9c-36e1b87d0e76,ad97d3a3-fdfa-48a0-99c0-bc5d5c40409a,,,,active,,,tohoku-keitozu-tohoku_kikan,extracted,2026-08-03,"経路上で分岐点を2回通過（直進側を継続として追跡）；同一経路に複数の送電線番号が帰属（分岐タップ点で2線が合流して描かれているため、どこで別線に分かれるかは未確定）;ev:送電線番号ラベル 0641/0642（番号枠→引出線→矢印先端で線分に帰属、先端-線分距離 0.6pt）；線幅1.5pt=154kV；図上経路 (662.3,959.3)→(682.1,984.8) 長さ41pt",tier3,intra
7eaea8c9-3a1c-44e2-93b1-18225d598302,0644,東北電力ネットワーク,tohoku,154,7b500727-6eb2-4ae9-9cb3-0b84d8fe0a89,ca27a0a7-6fbd-4df8-bdd3-6761a7c4c741,,,,active,,,tohoku-keitozu-tohoku_kikan,extracted,2026-08-03,"経路上で分岐点を2回通過（直進側を継続として追跡）;ev:送電線番号ラベル 0644（番号枠→引出線→矢印先端で線分に帰属、先端-線分距離 3.8pt）；線幅1.5pt=154kV；図上経路 (567.6,1050.2)→(630.6,1052.9) 長さ59pt",tier3,intra
8ff3bba5-f619-4b72-836c-eae7d7d49d0f,0646,東北電力ネットワーク,tohoku,154,d3a9538d-cc6f-42f6-b7f4-77e8c11b72fc,ca27a0a7-6fbd-4df8-bdd3-6761a7c4c741,,,,active,,,tohoku-keitozu-tohoku_kikan,extracted,2026-08-03,"経路上で分岐点を2回通過（直進側を継続として追跡）;ev:送電線番号ラベル 0646（番号枠→引出線→矢印先端で線分に帰属、先端-線分距離 0.6pt）；線幅1.5pt=154kV；図上経路 (581.3,1042.2)→(630.6,1052.9) 長さ61pt",tier3,intra
e48e7a71-bdd5-4edf-bb46-e7db1c1b3e8c,0647,東北電力ネットワーク,tohoku,154,232aa77a-2f30-4302-9806-25ea41936afa,7b500727-6eb2-4ae9-9cb3-0b84d8fe0a89,,,,active,,,tohoku-keitozu-tohoku_kikan,extracted,2026-08-03,"経路上で分岐点を1回通過（直進側を継続として追跡）;ev:送電線番号ラベル 0647（番号枠→引出線→矢印先端で線分に帰属、先端-線分距離 1.8pt）；線幅1.5pt=154kV；図上経路 (552.5,1046.3)→(567.6,1050.2) 長さ22pt",tier3,intra
79eba7aa-1587-4f1f-8e96-c2503aa0f951,0648,東北電力ネットワーク,tohoku,154,232aa77a-2f30-4302-9806-25ea41936afa,7b500727-6eb2-4ae9-9cb3-0b84d8fe0a89,,,,active,,,tohoku-keitozu-tohoku_kikan,extracted,2026-08-03,"経路上で分岐点を1回通過（直進側を継続として追跡）;ev:送電線番号ラベル 0648（番号枠→引出線→矢印先端で線分に帰属、先端-線分距離 4.9pt）；線幅1.5pt=154kV；図上経路 (552.5,1046.3)→(567.6,1050.2) 長さ26pt",tier3,intra
31bd2a10-76c0-4058-81bc-ce5b8af198b5,0649,東北電力ネットワーク,tohoku,154,232aa77a-2f30-4302-9806-25ea41936afa,a17e41dc-3178-40b8-814f-66dd0fc890a3,,,,active,,,tohoku-keitozu-tohoku_kikan,extracted,2026-08-03,"経路上で分岐点を2回通過（直進側を継続として追跡）;ev:送電線番号ラベル 0649（番号枠→引出線→矢印先端で線分に帰属、先端-線分距離 0.8pt）；線幅1.5pt=154kV；図上経路 (552.5,1046.3)→(508.6,1018.6) 長さ51pt",tier3,intra
38cb66c0-f586-42b6-88a9-0f90e3b9445b,0650/0651,東北電力ネットワーク,tohoku,154,2bf35e10-af49-4004-aff3-8704b9541a96,b30c130b-6cd7-40d9-8a1c-4addde36e8c2,,,,active,,,tohoku-keitozu-tohoku_kikan,extracted,2026-08-03,"同一経路に複数の送電線番号が帰属（分岐タップ点で2線が合流して描かれているため、どこで別線に分かれるかは未確定）;ev:送電線番号ラベル 0650/0651（番号枠→引出線→矢印先端で線分に帰属、先端-線分距離 1.1pt）；線幅1.5pt=154kV；図上経路 (517.2,1028.0)→(534.1,1029.2) 長さ10pt",tier3,intra
146da3c8-e407-4ce7-8538-5cb3fb5ba2a7,0655,東北電力ネットワーク,tohoku,154,6b21cbac-edc5-4b41-b340-2b966113975c,515f1eb2-487a-4644-aa09-49ae522a113a,,,,active,,,tohoku-keitozu-tohoku_kikan,extracted,2026-08-03,"経路上で分岐点を5回通過（直進側を継続として追跡）;ev:送電線番号ラベル 0655（番号枠→引出線→矢印先端で線分に帰属、先端-線分距離 0.6pt）；線幅1.5pt=154kV；図上経路 (571.2,1092.8)→(597.0,1059.8) 長さ56pt",tier3,intra
1e7f0eed-939b-43e8-abee-79a4ff9cddae,0656,東北電力ネットワーク,tohoku,154,d50e2f86-27aa-4ff5-a0e6-9af2c3b13e95,515f1eb2-487a-4644-aa09-49ae522a113a,,,,active,,,tohoku-keitozu-tohoku_kikan,extracted,2026-08-03,"経路上で分岐点を2回通過（直進側を継続として追跡）;ev:送電線番号ラベル 0656（番号枠→引出線→矢印先端で線分に帰属、先端-線分距離 4.9pt）；線幅1.5pt=154kV；図上経路 (582.7,1080.0)→(597.0,1059.8) 長さ38pt",tier3,intra
4b8d5f80-e92f-4710-b130-d2115b56680a,0657,東北電力ネットワーク,tohoku,154,6b21cbac-edc5-4b41-b340-2b966113975c,515f1eb2-487a-4644-aa09-49ae522a113a,,,,active,,,tohoku-keitozu-tohoku_kikan,extracted,2026-08-03,"経路上で分岐点を5回通過（直進側を継続として追跡）;ev:送電線番号ラベル 0657（番号枠→引出線→矢印先端で線分に帰属、先端-線分距離 3.6pt）；線幅1.5pt=154kV；図上経路 (571.2,1092.8)→(597.0,1059.8) 長さ56pt",tier3,intra
b199cace-ecf5-464a-b485-383449314125,0658/0659,東北電力ネットワーク,tohoku,154,2e6ae58f-8307-45ff-9a95-60b6cfb0b025,0042b02a-eb79-4fea-891e-0fe8d8ebed86,,,,active,,,tohoku-keitozu-tohoku_kikan,extracted,2026-08-03,"経路上で分岐点を1回通過（直進側を継続として追跡）；同一経路に複数の送電線番号が帰属（分岐タップ点で2線が合流して描かれているため、どこで別線に分かれるかは未確定）;ev:送電線番号ラベル 0658/0659（番号枠→引出線→矢印先端で線分に帰属、先端-線分距離 0.7pt）；線幅1.5pt=154kV；図上経路 (539.5,1094.2)→(527.6,1124.3) 長さ32pt",tier3,intra
4dbbbe09-5b81-47b7-bf7f-7cb485dfcc1c,0660,東北電力ネットワーク,tohoku,154,1e5a3b9c-cf16-40dd-a68f-06f9faf5ce47,0042b02a-eb79-4fea-891e-0fe8d8ebed86,,,,active,,,tohoku-keitozu-tohoku_kikan,extracted,2026-08-03,"拡大図と本体図をまたぐ（同名変電所で接合）;ev:送電線番号ラベル 0660（番号枠→引出線→矢印先端で線分に帰属、先端-線分距離 0.5pt）；線幅1.5pt=154kV；図上経路 (463.1,934.6)→(527.6,1124.3) 長さ10pt",tier3,intra
d31a3de2-72e8-4d05-a229-e0fa11926348,0661,東北電力ネットワーク,tohoku,154,a17e41dc-3178-40b8-814f-66dd0fc890a3,0042b02a-eb79-4fea-891e-0fe8d8ebed86,,,,active,,,tohoku-keitozu-tohoku_kikan,extracted,2026-08-03,"経路上で分岐点を2回通過（直進側を継続として追跡）;ev:送電線番号ラベル 0661（番号枠→引出線→矢印先端で線分に帰属、先端-線分距離 0.7pt）；線幅1.5pt=154kV；図上経路 (508.6,1018.6)→(527.6,1124.3) 長さ108pt",tier3,intra
dd67c11d-d3ef-4919-97d4-6abd28181602,0662,東北電力ネットワーク,tohoku,154,8ff3c221-9e7f-4e55-9c6f-8110c10cdf0f,0042b02a-eb79-4fea-891e-0fe8d8ebed86,,,,active,,,tohoku-keitozu-tohoku_kikan,extracted,2026-08-03,"拡大図と本体図をまたぐ（同名変電所で接合）;ev:送電線番号ラベル 0662（番号枠→引出線→矢印先端で線分に帰属、先端-線分距離 0.8pt）；線幅1.5pt=154kV；図上経路 (439.8,925.9)→(527.6,1124.3) 長さ20pt",tier3,intra
37bb6aef-37d3-48f9-999a-b83509026d1c,0663/0696/0699,東北電力ネットワーク,tohoku,154,8ff3c221-9e7f-4e55-9c6f-8110c10cdf0f,70e2b612-45cf-4f43-a283-500208dfd26d,,,,active,,,tohoku-keitozu-tohoku_kikan,extracted,2026-08-03,"同一経路に複数の送電線番号が帰属（分岐タップ点で2線が合流して描かれているため、どこで別線に分かれるかは未確定）;ev:送電線番号ラベル 0663/0696/0699（番号枠→引出線→矢印先端で線分に帰属、先端-線分距離 4.4pt）；線幅1.5pt=154kV；図上経路 (439.8,925.9)→(343.3,917.2) 長さ96pt",tier3,intra
f992ddf4-3a46-44b7-b2a1-4c3d385ce902,0664,東北電力ネットワーク,tohoku,154,03dfdf2a-b031-4345-8170-ab47da73538e,42fcae4c-8c5e-4c33-951e-1e00a0de46f2,,,,active,,,tohoku-keitozu-tohoku_kikan,extracted,2026-08-03,"ev:送電線番号ラベル 0664（番号枠→引出線→矢印先端で線分に帰属、先端-線分距離 0.5pt）；線幅1.5pt=154kV；図上経路 (449.9,852.5)→(450.6,776.5) 長さ78pt",tier3,intra
31ac1d1e-c80c-48de-b476-77241ebc4a8f,0665,東北電力ネットワーク,tohoku,154,98c763bc-bd61-4eae-9d2b-1a110a36c74c,2fe87164-8eda-4b48-b0d9-8bb26fac957b,,,,active,,,tohoku-keitozu-tohoku_kikan,extracted,2026-08-05,"ev:送電線番号ラベル 0665（番号枠→引出線→矢印先端で線分に帰属、先端-線分距離 0.6pt）；線幅1.5pt=154kV；図上経路 (480.1,1024.5)→(459.2,1028.6) 長さ12pt；端点を統合に伴い付け替え 2026-08-05",tier3,intra
810c5de8-9bbd-4587-9948-4a03ba3ebc03,0666,東北電力ネットワーク,tohoku,154,a17e41dc-3178-40b8-814f-66dd0fc890a3,98c763bc-bd61-4eae-9d2b-1a110a36c74c,,,,active,,,tohoku-keitozu-tohoku_kikan,extracted,2026-08-05,"ev:送電線番号ラベル 0666（番号枠→引出線→矢印先端で線分に帰属、先端-線分距離 0.2pt）；線幅1.5pt=154kV；図上経路 (508.6,1018.6)→(480.1,1024.5) 長さ22pt；端点を統合に伴い付け替え 2026-08-05",tier3,intra
63ecc7e5-159c-4a64-a649-e50c4727804e,0667,東北電力ネットワーク,tohoku,154,98c763bc-bd61-4eae-9d2b-1a110a36c74c,2fe87164-8eda-4b48-b0d9-8bb26fac957b,,,,closed,,2026-08-05,tohoku-keitozu-tohoku_kikan,extracted,2026-08-05,"ev:送電線番号ラベル 0667（番号枠→引出線→矢印先端で線分に帰属、先端-線分距離 0.6pt）；線幅1.5pt=154kV；図上経路 (480.1,1024.5)→(459.2,1028.6) 長さ20pt；統合により既存辺と重複のため墓碑化 2026-08-05",tier3,intra
b1c08904-2e30-483d-9563-0f651a5d6ea5,0668,東北電力ネットワーク,tohoku,154,e0913677-8c3e-48f3-804b-bc43855a4615,a17e41dc-3178-40b8-814f-66dd0fc890a3,,,,active,,,tohoku-keitozu-tohoku_kikan,extracted,2026-08-03,"ev:送電線番号ラベル 0668（番号枠→引出線→矢印先端で線分に帰属、先端-線分距離 0.7pt）；線幅1.5pt=154kV；図上経路 (518.9,1007.6)→(508.6,1018.6) 長さ14pt",tier3,intra
6583303e-1dd5-4591-8ca5-c0e2aace8001,0669,東北電力ネットワーク,tohoku,154,8f9f8959-f033-4a36-9cb4-447e74a98cf0,2fe87164-8eda-4b48-b0d9-8bb26fac957b,,,,active,,,tohoku-keitozu-tohoku_kikan,extracted,2026-08-03,"経路上で分岐点を1回通過（直進側を継続として追跡）；拡大図と本体図をまたぐ（同名変電所で接合）;ev:送電線番号ラベル 0669（番号枠→引出線→矢印先端で線分に帰属、先端-線分距離 0.7pt）；線幅1.5pt=154kV；図上経路 (400.7,809.1)→(459.2,1028.6) 長さ116pt",tier3,intra
e60b7d36-58a0-47d5-86d4-b20cb1fce498,0670,東北電力ネットワーク,tohoku,154,8f9f8959-f033-4a36-9cb4-447e74a98cf0,73c76b22-f4fd-40ad-b9a4-3f4df9810569,,,,active,,,tohoku-keitozu-tohoku_kikan,extracted,2026-08-03,"経路上で分岐点を1回通過（直進側を継続として追跡）；拡大図と本体図をまたぐ（同名変電所で接合）;ev:送電線番号ラベル 0670（番号枠→引出線→矢印先端で線分に帰属、先端-線分距離 4.8pt）；線幅1.5pt=154kV；図上経路 (400.7,809.1)→(138.4,849.0) 長さ42pt",tier3,intra
382cb08d-1e5b-40f3-b8e4-5a6c4210d8f3,0672,東北電力ネットワーク,tohoku,154,a408475f-6f9b-4922-9923-3544da540a24,8f9f8959-f033-4a36-9cb4-447e74a98cf0,,,,active,,,tohoku-keitozu-tohoku_kikan,extracted,2026-08-03,"経路上で分岐点を1回通過（直進側を継続として追跡）；拡大図と本体図をまたぐ（同名変電所で接合）;ev:送電線番号ラベル 0672（番号枠→引出線→矢印先端で線分に帰属、先端-線分距離 5.7pt）；線幅1.5pt=154kV；図上経路 (144.6,826.1)→(400.7,809.1) 長さ33pt",tier3,intra
6b80d99d-d5c1-4832-aae8-248985fc66e5,0673,東北電力ネットワーク,tohoku,154,4544137a-9bdc-4ce1-b3b4-dce93704341f,8f9f8959-f033-4a36-9cb4-447e74a98cf0,,,,active,,,tohoku-keitozu-tohoku_kikan,extracted,2026-08-03,"経路上で分岐点を1回通過（直進側を継続として追跡）；拡大図と本体図をまたぐ（同名変電所で接合）;ev:送電線番号ラベル 0673（番号枠→引出線→矢印先端で線分に帰属、先端-線分距離 0.5pt）；線幅1.5pt=154kV；図上経路 (142.4,836.4)→(400.7,809.1) 長さ32pt",tier3,intra
10101c92-8aea-4fdf-8d23-1bb42c1dce6a,0674/0675,東北電力ネットワーク,tohoku,154,b663360d-3890-4567-8592-ed51a1ed0e1e,c17a0313-9e11-4c9c-9333-1949859f1fa1,,,,active,,,tohoku-keitozu-tohoku_kikan,extracted,2026-08-03,"経路上で分岐点を1回通過（直進側を継続として追跡）；同一経路に複数の送電線番号が帰属（分岐タップ点で2線が合流して描かれているため、どこで別線に分かれるかは未確定）;ev:送電線番号ラベル 0674/0675（番号枠→引出線→矢印先端で線分に帰属、先端-線分距離 1.0pt）；線幅1.5pt=154kV；図上経路 (112.2,868.7)→(94.2,872.9) 長さ32pt",tier3,intra
dbb4ea2d-8ba6-4968-822d-97e92bbe2308,0676,東北電力ネットワーク,tohoku,154,b663360d-3890-4567-8592-ed51a1ed0e1e,8f9f8959-f033-4a36-9cb4-447e74a98cf0,,,,active,,,tohoku-keitozu-tohoku_kikan,extracted,2026-08-03,"拡大図と本体図をまたぐ（同名変電所で接合）;ev:送電線番号ラベル 0676（番号枠→引出線→矢印先端で線分に帰属、先端-線分距離 0.0pt）；線幅1.5pt=154kV；図上経路 (112.2,868.7)→(400.7,809.1) 長さ72pt",tier3,intra
cd12bdad-8852-457c-bfca-aff19a49a5b6,0677,東北電力ネットワーク,tohoku,154,b663360d-3890-4567-8592-ed51a1ed0e1e,926fd79d-f83a-4d6f-9e8d-26aa723a95de,,,,active,,,tohoku-keitozu-tohoku_kikan,extracted,2026-08-03,"ev:送電線番号ラベル 0677（番号枠→引出線→矢印先端で線分に帰属、先端-線分距離 0.9pt）；線幅1.5pt=154kV；図上経路 (112.2,868.7)→(92.0,887.4) 長さ16pt",tier3,intra
49152e7a-d1db-4e06-a593-d06a056741b5,0678,東北電力ネットワーク,tohoku,154,b663360d-3890-4567-8592-ed51a1ed0e1e,2fe87164-8eda-4b48-b0d9-8bb26fac957b,,,,active,,,tohoku-keitozu-tohoku_kikan,extracted,2026-08-03,"経路上で分岐点を2回通過（直進側を継続として追跡）;ev:送電線番号ラベル 0678（番号枠→引出線→矢印先端で線分に帰属、先端-線分距離 0.3pt）；線幅1.5pt=154kV；図上経路 (112.2,868.7)→(459.2,1028.6) 長さ84pt",tier3,intra
184a085a-60d6-45be-8b46-a18540b80864,0680/0681,東北電力ネットワーク,tohoku,154,2fe87164-8eda-4b48-b0d9-8bb26fac957b,926fd79d-f83a-4d6f-9e8d-26aa723a95de,,,,active,,,tohoku-keitozu-tohoku_kikan,extracted,2026-08-03,"同一経路に複数の送電線番号が帰属（分岐タップ点で2線が合流して描かれているため、どこで別線に分かれるかは未確定）;ev:送電線番号ラベル 0680/0681（番号枠→引出線→矢印先端で線分に帰属、先端-線分距離 5.2pt）；線幅1.5pt=154kV；図上経路 (459.2,1028.6)→(92.0,887.4) 長さ86pt",tier3,intra
e134e901-5c01-4a96-8139-3dae4051a2ab,0682,東北電力ネットワーク,tohoku,154,1c3e6d27-7d0f-46e5-ae17-df5d1b76fdb3,2fe87164-8eda-4b48-b0d9-8bb26fac957b,,,,active,,,tohoku-keitozu-tohoku_kikan,extracted,2026-08-03,"経路上で分岐点を1回通過（直進側を継続として追跡）;ev:送電線番号ラベル 0682（番号枠→引出線→矢印先端で線分に帰属、先端-線分距離 1.0pt）；線幅1.5pt=154kV；図上経路 (73.3,924.2)→(459.2,1028.6) 長さ86pt",tier3,intra
28a8aa67-d1ad-4478-b6dc-a820661a16c8,0683,東北電力ネットワーク,tohoku,154,1c3e6d27-7d0f-46e5-ae17-df5d1b76fdb3,b6a79dce-7da0-43e6-9145-06d0ae4ae125,,,,active,,,tohoku-keitozu-tohoku_kikan,extracted,2026-08-03,"経路上で分岐点を1回通過（直進側を継続として追跡）;ev:送電線番号ラベル 0683（番号枠→引出線→矢印先端で線分に帰属、先端-線分距離 0.9pt）；線幅1.5pt=154kV；図上経路 (73.3,924.2)→(100.7,937.2) 長さ33pt",tier3,intra
6f873daf-5cdb-401c-add2-24d37e94bb79,0684,東北電力ネットワーク,tohoku,154,cc2cb553-e059-4b6f-8728-35967c2c1be4,2fe87164-8eda-4b48-b0d9-8bb26fac957b,,,,active,,,tohoku-keitozu-tohoku_kikan,extracted,2026-08-05,"経路上で分岐点を1回通過（直進側を継続として追跡）;ev:送電線番号ラベル 0684（番号枠→引出線→矢印先端で線分に帰属、先端-線分距離 0.3pt）；線幅1.5pt=154kV；図上経路 (370.0,886.1)→(414.6,859.7) 長さ56pt；端点を統合に伴い付け替え 2026-08-05",tier3,intra
be81fe15-ff47-481d-9c6b-09267841677e,0684/0685/0687,東北電力ネットワーク,tohoku,154,97bf6602-9068-4d51-8a2d-c62fe04d375d,3dcb8e61-c424-4dc0-a82b-10f8be3b6f5e,,,,active,,,tohoku-keitozu-tohoku_kikan,extracted,2026-08-03,"経路上で分岐点を1回通過（直進側を継続として追跡）；同一経路に複数の送電線番号が帰属（分岐タップ点で2線が合流して描かれているため、どこで別線に分かれるかは未確定）；引出線先端の近傍に未経路化の線分があり、番号の帰属に曖昧さあり;ev:送電線番号ラベル 0684/0685/0687（番号枠→引出線→矢印先端で線分に帰属、先端-線分距離 3.9pt）；線幅1.5pt=154kV；図上経路 (106.4,955.4)→(129.5,958.2) 長さ28pt",tier3,intra
d0953062-a882-46b3-ad84-9cff47903324,0687,東北電力ネットワーク,tohoku,154,cc2cb553-e059-4b6f-8728-35967c2c1be4,05cae69f-5d2c-43ba-88a4-2ef386fb2f3d,,,,active,,,tohoku-keitozu-tohoku_kikan,extracted,2026-08-03,"引出線先端の近傍に未経路化の線分があり、番号の帰属に曖昧さあり;ev:送電線番号ラベル 0687（番号枠→引出線→矢印先端で線分に帰属、先端-線分距離 0.6pt）；線幅1.5pt=154kV；図上経路 (370.0,886.1)→(384.4,905.5) 長さ28pt",tier3,intra
42ff311f-bcff-4637-862f-a725972538f4,0691,東北電力ネットワーク,tohoku,154,0dee3ea9-02dd-4d87-81df-7915cd21c461,05cae69f-5d2c-43ba-88a4-2ef386fb2f3d,,,,active,,,tohoku-keitozu-tohoku_kikan,extracted,2026-08-03,"経路上で分岐点を2回通過（直進側を継続として追跡）;ev:送電線番号ラベル 0691（番号枠→引出線→矢印先端で線分に帰属、先端-線分距離 0.5pt）；線幅1.5pt=154kV；図上経路 (349.8,861.1)→(384.4,905.5) 長さ83pt",tier3,intra
668432b0-287b-465c-b175-15a4291fc56a,0695,東北電力ネットワーク,tohoku,154,05cae69f-5d2c-43ba-88a4-2ef386fb2f3d,70e2b612-45cf-4f43-a283-500208dfd26d,,,,active,,,tohoku-keitozu-tohoku_kikan,extracted,2026-08-03,"ev:送電線番号ラベル 0695（番号枠→引出線→矢印先端で線分に帰属、先端-線分距離 0.8pt）；線幅1.5pt=154kV；図上経路 (384.4,905.5)→(343.3,917.2) 長さ47pt",tier3,intra
3b21b824-11fa-4100-962b-fd2972bdf32a,0697/0702,東北電力ネットワーク,tohoku,154,0c9fcd50-3e94-4a6b-91c2-241a6b9816e6,70e2b612-45cf-4f43-a283-500208dfd26d,,,,active,,,tohoku-keitozu-tohoku_kikan,extracted,2026-08-03,"同一経路に複数の送電線番号が帰属（分岐タップ点で2線が合流して描かれているため、どこで別線に分かれるかは未確定）;ev:送電線番号ラベル 0697/0702（番号枠→引出線→矢印先端で線分に帰属、先端-線分距離 3.2pt）；線幅1.5pt=154kV；図上経路 (336.8,934.6)→(343.3,917.2) 長さ9pt",tier3,intra
e68dee8d-20b8-4b6e-9705-df7cfa8f70f3,0698,東北電力ネットワーク,tohoku,154,70e2b612-45cf-4f43-a283-500208dfd26d,d8bce168-776e-4221-97bd-f71db65e4454,,,,active,,,tohoku-keitozu-tohoku_kikan,extracted,2026-08-03,"ev:送電線番号ラベル 0698（番号枠→引出線→矢印先端で線分に帰属、先端-線分距離 0.7pt）；線幅1.5pt=154kV；図上経路 (343.3,917.2)→(344.0,971.3) 長さ53pt",tier3,intra
f19e97f1-c0e2-41e7-978b-69b255913514,0700,東北電力ネットワーク,tohoku,154,0c9fcd50-3e94-4a6b-91c2-241a6b9816e6,53ba8007-a2ab-4ddb-a0d1-7589ff408696,,,,active,,,tohoku-keitozu-tohoku_kikan,extracted,2026-08-03,"経路上で分岐点を1回通過（直進側を継続として追跡）;ev:送電線番号ラベル 0700（番号枠→引出線→矢印先端で線分に帰属、先端-線分距離 0.6pt）；線幅1.5pt=154kV；図上経路 (336.8,934.6)→(295.1,981.8) 長さ64pt",tier3,intra
e7e88ab2-3dec-4d22-bb02-0eac15541b5c,0701,東北電力ネットワーク,tohoku,154,0c9fcd50-3e94-4a6b-91c2-241a6b9816e6,caeb5e5b-20ef-49e9-a588-8df711952cfb,,,,active,,,tohoku-keitozu-tohoku_kikan,extracted,2026-08-03,"経路上で分岐点を1回通過（直進側を継続として追跡）;ev:送電線番号ラベル 0701（番号枠→引出線→矢印先端で線分に帰属、先端-線分距離 1.2pt）；線幅1.5pt=154kV；図上経路 (336.8,934.6)→(319.3,949.4) 長さ29pt",tier3,intra
d6eb941a-07af-4987-b735-9ac7f31aa2ca,0703/0706,東北電力ネットワーク,tohoku,154,53ba8007-a2ab-4ddb-a0d1-7589ff408696,d8bce168-776e-4221-97bd-f71db65e4454,,,,active,,,tohoku-keitozu-tohoku_kikan,extracted,2026-08-03,"経路上で分岐点を1回通過（直進側を継続として追跡）；同一経路に複数の送電線番号が帰属（分岐タップ点で2線が合流して描かれているため、どこで別線に分かれるかは未確定）；引出線先端の近傍に未経路化の線分があり、番号の帰属に曖昧さあり;ev:送電線番号ラベル 0703/0706（番号枠→引出線→矢印先端で線分に帰属、先端-線分距離 7.3pt）；線幅1.5pt=154kV；図上経路 (295.1,981.8)→(344.0,971.3) 長さ59pt",tier3,intra
3d8d6bef-7c9b-43c7-96c3-e91b01fe0887,0705,東北電力ネットワーク,tohoku,154,ef9293de-9dc0-4550-83cb-18626f14bdcf,36ace863-2e10-44fd-bab4-abefe75e0b50,,,,active,,,tohoku-keitozu-tohoku_kikan,extracted,2026-08-03,"経路上で分岐点を1回通過（直進側を継続として追跡）;ev:送電線番号ラベル 0705（番号枠→引出線→矢印先端で線分に帰属、先端-線分距離 0.8pt）；線幅1.5pt=154kV；図上経路 (340.1,993.2)→(377.2,1004.6) 長さ37pt",tier3,intra
34f61572-49ef-4317-85b6-e34045d499ae,0709/0710,東北電力ネットワーク,tohoku,154,04a0dc60-80ca-4a48-83ed-2693e5e2bdb7,21fe517e-e436-4ced-9b69-bba45322157c,,,,active,,,tohoku-keitozu-tohoku_kikan,extracted,2026-08-03,"経路上で分岐点を1回通過（直進側を継続として追跡）；同一経路に複数の送電線番号が帰属（分岐タップ点で2線が合流して描かれているため、どこで別線に分かれるかは未確定）;ev:送電線番号ラベル 0709/0710（番号枠→引出線→矢印先端で線分に帰属、先端-線分距離 3.7pt）；線幅1.5pt=154kV；図上経路 (269.2,994.3)→(226.7,1025.4) 長さ48pt",tier3,intra
b4b33ed7-1c71-4521-861e-ea56b6be7040,0711/0713,東北電力ネットワーク,tohoku,154,be034ce8-bc24-4fd6-a824-713dcbd0b4c4,21fe517e-e436-4ced-9b69-bba45322157c,,,,active,,,tohoku-keitozu-tohoku_kikan,extracted,2026-08-03,"経路上で分岐点を3回通過（直進側を継続として追跡）；同一経路に複数の送電線番号が帰属（分岐タップ点で2線が合流して描かれているため、どこで別線に分かれるかは未確定）;ev:送電線番号ラベル 0711/0713（番号枠→引出線→矢印先端で線分に帰属、先端-線分距離 2.5pt）；線幅1.5pt=154kV；図上経路 (192.8,1030.3)→(226.7,1025.4) 長さ36pt",tier3,intra
bc032597-aa2b-4df6-88fe-68bbe04bebe8,0712/0714,東北電力ネットワーク,tohoku,154,5f06958a-4941-4158-a4a4-30087721d8ae,21fe517e-e436-4ced-9b69-bba45322157c,,,,active,,,tohoku-keitozu-tohoku_kikan,extracted,2026-08-03,"経路上で分岐点を3回通過（直進側を継続として追跡）；同一経路に複数の送電線番号が帰属（分岐タップ点で2線が合流して描かれているため、どこで別線に分かれるかは未確定）;ev:送電線番号ラベル 0712/0714（番号枠→引出線→矢印先端で線分に帰属、先端-線分距離 2.9pt）；線幅1.5pt=154kV；図上経路 (195.7,1022.0)→(226.7,1025.4) 長さ32pt",tier3,intra
fb6106a5-f88a-4748-bd00-657bc433d6c3,0715,東北電力ネットワーク,tohoku,154,65b4f3eb-27a6-4b08-b0e0-e05e795c12fd,be034ce8-bc24-4fd6-a824-713dcbd0b4c4,,,,active,,,tohoku-keitozu-tohoku_kikan,extracted,2026-08-03,"経路上で分岐点を2回通過（直進側を継続として追跡）;ev:送電線番号ラベル 0715（番号枠→引出線→矢印先端で線分に帰属、先端-線分距離 1.1pt）；線幅1.5pt=154kV；図上経路 (182.0,1082.6)→(192.8,1030.3) 長さ66pt",tier3,intra
3b842b27-03c0-457e-8fae-a38b855166d1,0716,東北電力ネットワーク,tohoku,154,caff0a77-4f5b-4c3e-bdce-7674764951d5,be034ce8-bc24-4fd6-a824-713dcbd0b4c4,,,,active,,,tohoku-keitozu-tohoku_kikan,extracted,2026-08-03,"経路上で分岐点を1回通過（直進側を継続として追跡）;ev:送電線番号ラベル 0716（番号枠→引出線→矢印先端で線分に帰属、先端-線分距離 3.2pt）；線幅1.5pt=154kV；図上経路 (194.5,1050.2)→(192.8,1030.3) 長さ46pt",tier3,intra
2e49b2da-d068-424b-887c-8e25155a8c76,0717,東北電力ネットワーク,tohoku,154,73c433b4-72b9-406b-a488-6df511851464,be034ce8-bc24-4fd6-a824-713dcbd0b4c4,,,,active,,,tohoku-keitozu-tohoku_kikan,extracted,2026-08-03,"経路上で分岐点を2回通過（直進側を継続として追跡）;ev:送電線番号ラベル 0717（番号枠→引出線→矢印先端で線分に帰属、先端-線分距離 3.5pt）；線幅1.5pt=154kV；図上経路 (183.5,1058.0)→(192.8,1030.3) 長さ50pt",tier3,intra
452e9622-b652-4c84-95cb-b185d8261dd2,0719/0734/0743,東北電力ネットワーク,tohoku,154,1c1313c6-dbe2-443d-a3bf-2b1c13ef384c,dd150df8-c1c2-47ac-8eea-66284d8fe704,,,,active,,,tohoku-keitozu-tohoku_kikan,extracted,2026-08-03,"経路上で分岐点を5回通過（直進側を継続として追跡）；同一経路に複数の送電線番号が帰属（分岐タップ点で2線が合流して描かれているため、どこで別線に分かれるかは未確定）;ev:送電線番号ラベル 0719/0734/0743（番号枠→引出線→矢印先端で線分に帰属、先端-線分距離 0.9pt）；線幅1.5pt=154kV；図上経路 (568.0,481.1)→(511.1,467.3) 長さ55pt",tier3,intra
631a53a9-e36b-47f4-a1c6-296e931f22b6,0720/0723,東北電力ネットワーク,tohoku,154,7106b3b6-8579-49a7-b5fa-a31ec07b8e40,ce64ff2e-6bd2-4a07-9275-9f799887816a,,,,active,,,tohoku-keitozu-tohoku_kikan,extracted,2026-08-03,"経路上で分岐点を2回通過（直進側を継続として追跡）；同一経路に複数の送電線番号が帰属（分岐タップ点で2線が合流して描かれているため、どこで別線に分かれるかは未確定）;ev:送電線番号ラベル 0720/0723（番号枠→引出線→矢印先端で線分に帰属、先端-線分距離 2.0pt）；線幅1.5pt=154kV；図上経路 (642.1,487.4)→(686.8,486.7) 長さ46pt",tier3,intra
918c6103-6e2f-473a-9c37-2f92a991c3c3,0724,東北電力ネットワーク,tohoku,154,882533b5-d15e-48b8-a79d-04b54b02c825,f8b42a96-4020-4521-ae9c-36e1b87d0e76,,,,active,,,tohoku-keitozu-tohoku_kikan,extracted,2026-08-03,"ev:送電線番号ラベル 0724（番号枠→引出線→矢印先端で線分に帰属、先端-線分距離 0.5pt）；線幅1.5pt=154kV；図上経路 (651.8,948.4)→(662.3,959.3) 長さ8pt",tier3,intra
93e65c09-9f97-4c50-837b-a6a5eaa36f41,0725,東北電力ネットワーク,tohoku,154,a3af830e-18ac-4ad1-8440-2d463aacfdbf,aebde89d-524a-4265-ad59-bf4ceb552d73,,,,active,,,tohoku-keitozu-tohoku_kikan,extracted,2026-08-03,"経路上で分岐点を2回通過（直進側を継続として追跡）;ev:送電線番号ラベル 0725（番号枠→引出線→矢印先端で線分に帰属、先端-線分距離 0.0pt）；線幅1.5pt=154kV；図上経路 (727.4,434.4)→(757.3,422.2) 長さ37pt",tier3,intra
522b8bc5-37ba-4f41-9c84-f3a7e4ea6e49,0730,東北電力ネットワーク,tohoku,154,0f6f6881-9cb4-4fb7-9eac-870cafb7042e,7106b3b6-8579-49a7-b5fa-a31ec07b8e40,,,,active,,,tohoku-keitozu-tohoku_kikan,extracted,2026-08-03,"経路上で分岐点を4回通過（直進側を継続として追跡）;ev:送電線番号ラベル 0730（番号枠→引出線→矢印先端で線分に帰属、先端-線分距離 1.1pt）；線幅1.5pt=154kV；図上経路 (619.8,565.2)→(642.1,487.4) 長さ102pt",tier3,intra
6c99d843-c4c9-4224-85f4-9b98ab8bc53e,0733,東北電力ネットワーク,tohoku,154,f0489d18-a968-49dd-b082-9dd516b7e70d,95fbef92-aa0e-4158-80b5-fd3fcf7ee476,,,,active,,,tohoku-keitozu-tohoku_kikan,extracted,2026-08-03,"経路上で分岐点を2回通過（直進側を継続として追跡）;ev:送電線番号ラベル 0733（番号枠→引出線→矢印先端で線分に帰属、先端-線分距離 2.5pt）；線幅1.5pt=154kV；図上経路 (493.8,542.8)→(469.3,599.8) 長さ71pt",tier3,intra
d2d6784c-efc4-404d-88d0-1a6457529b72,0739/0761,東北電力ネットワーク,tohoku,154,788e24df-48c0-48b7-8e14-93dd3df50102,f3a431f9-d9f7-4d9a-ad1c-c8583d423bf7,,,,active,,,tohoku-keitozu-tohoku_kikan,extracted,2026-08-03,"経路上で分岐点を1回通過（直進側を継続として追跡）；同一経路に複数の送電線番号が帰属（分岐タップ点で2線が合流して描かれているため、どこで別線に分かれるかは未確定）;ev:送電線番号ラベル 0739/0761（番号枠→引出線→矢印先端で線分に帰属、先端-線分距離 0.8pt）；線幅1.5pt=154kV；図上経路 (286.4,663.8)→(254.2,646.4) 長さ41pt",tier3,intra
9426ae6b-0cf2-40bf-9cfd-ae80b61b0446,0742,東北電力ネットワーク,tohoku,154,5ea7ec3f-c588-4d78-9c8e-069246d454fb,3030e115-4de1-4e84-a856-84de6bca8e3a,,,,active,,,tohoku-keitozu-tohoku_kikan,extracted,2026-08-03,"ev:送電線番号ラベル 0742（番号枠→引出線→矢印先端で線分に帰属、先端-線分距離 4.8pt）；線幅1.5pt=154kV；図上経路 (143.9,599.8)→(186.5,604.0) 長さ47pt",tier3,intra
528c86ce-3261-4298-b718-9c1ed062a66a,0745,東北電力ネットワーク,tohoku,154,f8e00d0e-e4ed-4b27-9c72-dc900ddaaea1,eb95dcfa-e994-445e-9f31-d7e3f84b79d2,,,,active,,,tohoku-keitozu-tohoku_kikan,extracted,2026-08-03,"ev:送電線番号ラベル 0745（番号枠→引出線→矢印先端で線分に帰属、先端-線分距離 0.9pt）；線幅1.5pt=154kV；図上経路 (688.9,949.9)→(685.3,940.9) 長さ8pt",tier3,intra
08157877-5a35-4d6f-bf2e-92f8640523fd,0747,東北電力ネットワーク,tohoku,154,15539b56-a4bc-4fbd-b8b5-5a0676165302,1874de81-9355-43de-9846-5f65a7f18ba4,,,,active,,,tohoku-keitozu-tohoku_kikan,extracted,2026-08-03,"経路上で分岐点を1回通過（直進側を継続として追跡）;ev:送電線番号ラベル 0747（番号枠→引出線→矢印先端で線分に帰属、先端-線分距離 0.6pt）；線幅1.5pt=154kV；図上経路 (674.2,395.4)→(660.1,381.4) 長さ25pt",tier3,intra
2244b831-027d-469f-8cb1-8a5abc4c8953,0748,東北電力ネットワーク,tohoku,154,cf7f03a2-f49f-47e8-a6be-dcbcaa8e18a2,42fcae4c-8c5e-4c33-951e-1e00a0de46f2,,,,active,,,tohoku-keitozu-tohoku_kikan,extracted,2026-08-03,"経路上で分岐点を6回通過（直進側を継続として追跡）;ev:送電線番号ラベル 0748（番号枠→引出線→矢印先端で線分に帰属、先端-線分距離 4.9pt）；線幅1.5pt=154kV；図上経路 (476.4,781.3)→(450.6,776.5) 長さ47pt",tier3,intra
e5141771-33a0-49dd-a329-e9233a54cb8e,0750,東北電力ネットワーク,tohoku,154,1e7f0cfb-5edc-4282-9ec8-49df5a42251f,0ebbb1e4-ecc7-461c-aee9-a356dda7219c,,,,active,,,tohoku-keitozu-tohoku_kikan,extracted,2026-08-03,"経路上で分岐点を1回通過（直進側を継続として追跡）;ev:送電線番号ラベル 0750（番号枠→引出線→矢印先端で線分に帰属、先端-線分距離 0.7pt）；線幅1.5pt=154kV；図上経路 (521.5,235.7)→(508.2,225.4) 長さ18pt",tier3,intra
73dd4b6a-42a5-4cca-9870-258873050030,0751,東北電力ネットワーク,tohoku,154,8d8c71a5-303c-45a2-8988-65aecff7689f,53ba8007-a2ab-4ddb-a0d1-7589ff408696,,,,active,,,tohoku-keitozu-tohoku_kikan,extracted,2026-08-03,"ev:送電線番号ラベル 0751（番号枠→引出線→矢印先端で線分に帰属、先端-線分距離 0.7pt）；線幅1.5pt=154kV；図上経路 (266.3,977.6)→(295.1,981.8) 長さ26pt",tier3,intra
a1d882e6-81dc-415b-a800-01985158f192,0752/0753,東北電力ネットワーク,tohoku,154,255b2d48-1e83-461b-9a1f-a0b65e3549b8,09ef7c7f-76be-4095-a425-e5db64601796,,,,active,,,tohoku-keitozu-tohoku_kikan,extracted,2026-08-03,"経路上で分岐点を2回通過（直進側を継続として追跡）；同一経路に複数の送電線番号が帰属（分岐タップ点で2線が合流して描かれているため、どこで別線に分かれるかは未確定）;ev:送電線番号ラベル 0752/0753（番号枠→引出線→矢印先端で線分に帰属、先端-線分距離 3.8pt）；線幅1.5pt=154kV；図上経路 (613.3,930.8)→(587.4,940.9) 長さ30pt",tier3,intra
249e1f73-7d68-4cc0-80d1-9ab1f541365e,0754,東北電力ネットワーク,tohoku,154,3e4b48a7-b339-497e-87f9-dd8da1a4be8b,bfe8fac5-313f-48dd-9d20-f547a4465957,,,,active,,,tohoku-keitozu-tohoku_kikan,extracted,2026-08-03,"経路上で分岐点を2回通過（直進側を継続として追跡）;ev:送電線番号ラベル 0754（番号枠→引出線→矢印先端で線分に帰属、先端-線分距離 0.6pt）；線幅1.5pt=154kV；図上経路 (574.4,932.5)→(560.8,942.2) 長さ11pt",tier3,intra
382747d2-28fc-47da-b9e6-0c2d02a5d2ca,0755,東北電力ネットワーク,tohoku,154,598475ed-edbf-4185-a743-483d7dbcf6bd,b2fea909-8f67-4d7c-b442-38c5a6f95369,,,,active,,,tohoku-keitozu-tohoku_kikan,extracted,2026-08-03,"経路上で分岐点を1回通過（直進側を継続として追跡）;ev:送電線番号ラベル 0755（番号枠→引出線→矢印先端で線分に帰属、先端-線分距離 0.7pt）；線幅1.5pt=154kV；図上経路 (561.5,819.1)→(579.5,818.1) 長さ24pt",tier3,intra
ae96eb02-8903-491a-96ad-e740976c858e,0756,東北電力ネットワーク,tohoku,154,0c3507fa-542c-4ff7-93dc-e37508adf68b,2124ef3f-1d9f-4a1c-af31-27feacf2ef75,,,,active,,,tohoku-keitozu-tohoku_kikan,extracted,2026-08-03,"経路上で分岐点を1回通過（直進側を継続として追跡）;ev:送電線番号ラベル 0756（番号枠→引出線→矢印先端で線分に帰属、先端-線分距離 5.2pt）；線幅1.5pt=154kV；図上経路 (668.6,324.1)→(681.0,314.0) 長さ20pt",tier3,intra
8cd3121f-6f2b-48a1-8968-97de87d0bb0d,0757,東北電力ネットワーク,tohoku,154,483b70c7-068a-44db-bf5d-7e272dfd9641,ad97d3a3-fdfa-48a0-99c0-bc5d5c40409a,,,,active,,,tohoku-keitozu-tohoku_kikan,extracted,2026-08-03,"経路上で分岐点を2回通過（直進側を継続として追跡）;ev:送電線番号ラベル 0757（番号枠→引出線→矢印先端で線分に帰属、先端-線分距離 0.6pt）；線幅1.5pt=154kV；図上経路 (674.5,963.1)→(682.1,984.8) 長さ32pt",tier3,intra
0d2ce17f-2ef7-4a29-82fb-399d7e08c7e2,0760,東北電力ネットワーク,tohoku,154,cd0b2101-3832-4230-a424-84c6a7cb9325,f8b42a96-4020-4521-ae9c-36e1b87d0e76,,,,active,,,tohoku-keitozu-tohoku_kikan,extracted,2026-08-03,"経路上で分岐点を1回通過（直進側を継続として追跡）;ev:送電線番号ラベル 0760（番号枠→引出線→矢印先端で線分に帰属、先端-線分距離 0.5pt）；線幅1.5pt=154kV；図上経路 (667.2,935.5)→(662.3,959.3) 長さ18pt",tier3,intra
59ca43e8-f999-43b4-ab88-bc00c513db38,0762,東北電力ネットワーク,tohoku,154,891a9801-6ff6-407c-81d5-f06a7a23411d,515f1eb2-487a-4644-aa09-49ae522a113a,,,,active,,,tohoku-keitozu-tohoku_kikan,extracted,2026-08-03,"ev:送電線番号ラベル 0762（番号枠→引出線→矢印先端で線分に帰属、先端-線分距離 0.7pt）；線幅1.5pt=154kV；図上経路 (590.2,1068.1)→(597.0,1059.8) 長さ8pt",tier3,intra
7f184721-5662-4ae2-8ef1-3c0dfa3a93cd,0765/0766,東北電力ネットワーク,tohoku,154,468c773b-9b25-40af-8f95-12f098381316,c983d879-6c65-4dbd-bca4-8df67b385509,,,,active,,,tohoku-keitozu-tohoku_kikan,extracted,2026-08-03,"経路上で分岐点を1回通過（直進側を継続として追跡）；同一経路に複数の送電線番号が帰属（分岐タップ点で2線が合流して描かれているため、どこで別線に分かれるかは未確定）；引出線先端の近傍に未経路化の線分があり、番号の帰属に曖昧さあり;ev:送電線番号ラベル 0765/0766（番号枠→引出線→矢印先端で線分に帰属、先端-線分距離 5.4pt）；線幅1.5pt=154kV；図上経路 (527.6,956.0)→(513.2,956.0) 長さ18pt",tier3,intra
c4b0a32e-ea11-4ac3-bff1-57c6d2d9de50,,東北電力ネットワーク,tohoku,154,1d810b42-a6ae-4e7c-8a16-d8fcb39d47c2,fc1c628e-23e0-47cd-ace4-23f87318ab0e,,,,active,,,tohoku-keitozu-tohoku_kikan,extracted,2026-08-03,"経路上で分岐点を1回通過（直進側を継続として追跡）；送電線番号が図上に無い／帰属できず;ev:線幅1.5pt=154kV；図上経路 (563.6,726.6)→(611.9,722.5) 長さ57pt",tier3,intra
a9d1434e-eabf-4ac8-ac7c-c27520c61de9,,東北電力ネットワーク,tohoku,154,b19ba743-1684-45f8-8536-105b3953c1e1,44618726-8860-423d-8214-f4c2eb353d49,,,,active,,,tohoku-keitozu-tohoku_kikan,extracted,2026-08-03,"経路上で分岐点を3回通過（直進側を継続として追跡）；送電線番号が図上に無い／帰属できず;ev:線幅1.5pt=154kV；図上経路 (639.2,585.5)→(619.8,642.0) 長さ69pt",tier3,intra
30af888e-80b8-4036-8a59-58fddbe72dcf,,東北電力ネットワーク,tohoku,154,9588276c-0b9c-4be6-ab0a-b1e599742599,7b500727-6eb2-4ae9-9cb3-0b84d8fe0a89,,,,active,,,tohoku-keitozu-tohoku_kikan,extracted,2026-08-03,"送電線番号が図上に無い／帰属できず;ev:線幅1.5pt=154kV；図上経路 (570.1,1035.2)→(567.6,1050.2) 長さ10pt",tier3,intra
ee01efd3-ada6-4976-8a48-6fda9c4b25f0,,東北電力ネットワーク,tohoku,154,6b21cbac-edc5-4b41-b340-2b966113975c,0042b02a-eb79-4fea-891e-0fe8d8ebed86,,,,active,,,tohoku-keitozu-tohoku_kikan,extracted,2026-08-03,"経路上で分岐点を1回通過（直進側を継続として追跡）；送電線番号が図上に無い／帰属できず;ev:線幅1.5pt=154kV；図上経路 (571.2,1092.8)→(527.6,1124.3) 長さ57pt",tier3,intra
fb2011f9-c83d-4d63-a211-1e1cfb666a56,,東北電力ネットワーク,tohoku,154,515f1eb2-487a-4644-aa09-49ae522a113a,ca27a0a7-6fbd-4df8-bdd3-6761a7c4c741,,,,active,,,tohoku-keitozu-tohoku_kikan,extracted,2026-08-03,"経路上で分岐点を1回通過（直進側を継続として追跡）；送電線番号が図上に無い／帰属できず;ev:線幅1.5pt=154kV；図上経路 (597.0,1059.8)→(630.6,1052.9) 長さ24pt",tier3,intra
740e2113-d82c-414c-b47f-63c9fe342ffd,,東北電力ネットワーク,tohoku,154,232aa77a-2f30-4302-9806-25ea41936afa,2bf35e10-af49-4004-aff3-8704b9541a96,,,,active,,,tohoku-keitozu-tohoku_kikan,extracted,2026-08-03,"経路上で分岐点を2回通過（直進側を継続として追跡）；送電線番号が図上に無い／帰属できず;ev:線幅1.5pt=154kV；図上経路 (552.5,1046.3)→(517.2,1028.0) 長さ48pt",tier3,intra
bf00e2cc-624b-4b6a-a322-7ef209d6e0dd,,東北電力ネットワーク,tohoku,154,e3fb18e2-2b9e-4529-9593-0f1ea4369d7f,515f1eb2-487a-4644-aa09-49ae522a113a,,,,active,,,tohoku-keitozu-tohoku_kikan,extracted,2026-08-03,"経路上で分岐点を3回通過（直進側を継続として追跡）；送電線番号が図上に無い／帰属できず;ev:線幅1.5pt=154kV；図上経路 (600.0,1101.5)→(597.0,1059.8) 長さ46pt",tier3,intra
ef79446a-1e90-4963-be0d-e3423dea5966,,東北電力ネットワーク,tohoku,154,ffba5b20-dc9f-4354-a0f2-eec350d74c25,2f53b0af-75a4-48f2-8126-64956bb99c3e,,,,active,,,tohoku-keitozu-tohoku_kikan,extracted,2026-08-03,"送電線番号が図上に無い／帰属できず;ev:線幅1.5pt=154kV；図上経路 (553.8,217.6)→(550.7,230.9) 長さ12pt",tier3,intra
46a8f8fb-9396-494a-a5bb-8176dc083b36,,東北電力ネットワーク,tohoku,154,28f40dda-f3ff-4342-9916-fe147c9adae5,baa5b5bd-bf7f-4a6b-9643-bf4090fd4a14,,,,active,,,tohoku-keitozu-tohoku_kikan,extracted,2026-08-03,"送電線番号が図上に無い／帰属できず;ev:線幅1.5pt=154kV；図上経路 (677.4,251.0)→(664.4,253.1) 長さ9pt",tier3,intra
b1dbae43-b03e-4a53-a503-b69e700c9a72,,東北電力ネットワーク,tohoku,154,358c6eb7-969e-4491-a91f-1fa34da71a9c,7106b3b6-8579-49a7-b5fa-a31ec07b8e40,,,,active,,,tohoku-keitozu-tohoku_kikan,extracted,2026-08-03,"経路上で分岐点を3回通過（直進側を継続として追跡）；送電線番号が図上に無い／帰属できず;ev:線幅1.5pt=154kV；図上経路 (662.3,568.5)→(642.1,487.4) 長さ115pt",tier3,intra
f05286a5-addb-459b-8cb0-a35f09688a36,,東北電力ネットワーク,tohoku,154,a3af830e-18ac-4ad1-8440-2d463aacfdbf,aebde89d-524a-4265-ad59-bf4ceb552d73,,,,active,,,tohoku-keitozu-tohoku_kikan,extracted,2026-08-03,"経路上で分岐点を2回通過（直進側を継続として追跡）；送電線番号が図上に無い／帰属できず;ev:線幅1.5pt=154kV；図上経路 (727.4,434.4)→(757.3,422.2) 長さ39pt",tier3,intra
3ffdabc5-acd1-4d63-8e47-8043a41520e0,,東北電力ネットワーク,tohoku,154,e8987607-5054-4c31-a49b-bd3f6c1ded50,70e2b612-45cf-4f43-a283-500208dfd26d,,,,active,,,tohoku-keitozu-tohoku_kikan,extracted,2026-08-03,"送電線番号が図上に無い／帰属できず;ev:線幅1.5pt=154kV；図上経路 (375.7,930.8)→(343.3,917.2) 長さ33pt",tier3,intra
8e218d24-c738-43a1-9414-7d124231c8b1,,東北電力ネットワーク,tohoku,154,6971e49a-3922-4f2e-bf45-f5174b9a44e1,b2fea909-8f67-4d7c-b442-38c5a6f95369,,,,active,,,tohoku-keitozu-tohoku_kikan,extracted,2026-08-03,"経路上で分岐点を3回通過（直進側を継続として追跡）；送電線番号が図上に無い／帰属できず;ev:線幅1.5pt=154kV；図上経路 (526.2,874.3)→(579.5,818.1) 長さ71pt",tier3,intra
a6181d21-ef60-4916-97de-233260d902fb,,東北電力ネットワーク,tohoku,154,d3de7f56-a6f2-492f-9443-5db777abab0b,42fcae4c-8c5e-4c33-951e-1e00a0de46f2,,,,active,,,tohoku-keitozu-tohoku_kikan,extracted,2026-08-03,"経路上で分岐点を8回通過（直進側を継続として追跡）；送電線番号が図上に無い／帰属できず;ev:線幅1.5pt=154kV；図上経路 (458.4,784.4)→(450.6,776.5) 長さ57pt",tier3,intra
5308970b-21ae-465e-9b75-a0f03a22165b,,東北電力ネットワーク,tohoku,154,c36121bf-044e-45db-8869-de1c3561c1cd,d97a294c-a214-4244-9c7c-e94df08031ca,,,,active,,,tohoku-keitozu-tohoku_kikan,extracted,2026-08-03,"経路上で分岐点を2回通過（直進側を継続として追跡）；送電線番号が図上に無い／帰属できず;ev:線幅1.5pt=154kV；図上経路 (547.1,634.4)→(534.8,723.2) 長さ94pt",tier3,intra
cf48521c-b6ed-4a13-86ed-79c701056d4f,,東北電力ネットワーク,tohoku,154,5679e2be-2c77-4dbd-969b-e773fc36bf9d,be034ce8-bc24-4fd6-a824-713dcbd0b4c4,,,,active,,,tohoku-keitozu-tohoku_kikan,extracted,2026-08-03,"経路上で分岐点を3回通過（直進側を継続として追跡）；送電線番号が図上に無い／帰属できず;ev:線幅1.5pt=154kV；図上経路 (210.8,1007.8)→(192.8,1030.3) 長さ34pt",tier3,intra
33dd10d8-85d1-425c-b603-2bcc8ce165f8,,東北電力ネットワーク,tohoku,154,4d4b5195-5b77-4b31-be32-6a9d05466a75,d97a294c-a214-4244-9c7c-e94df08031ca,,,,active,,,tohoku-keitozu-tohoku_kikan,extracted,2026-08-03,"送電線番号が図上に無い／帰属できず;ev:線幅1.5pt=154kV；図上経路 (553.6,717.9)→(534.8,723.2) 長さ18pt",tier3,intra
373b19f7-8ab6-4973-9f8a-e6a8b44ee930,,東北電力ネットワーク,tohoku,154,7539d9fb-c96d-4086-9db6-fcf20194e0ea,ad97d3a3-fdfa-48a0-99c0-bc5d5c40409a,,,,active,,,tohoku-keitozu-tohoku_kikan,extracted,2026-08-03,"経路上で分岐点を1回通過（直進側を継続として追跡）；送電線番号が図上に無い／帰属できず;ev:線幅1.5pt=154kV；図上経路 (685.3,962.3)→(682.1,984.8) 長さ16pt",tier3,intra
b67ed15e-f8ab-416c-9257-8ebc24d811cd,,東北電力ネットワーク,tohoku,154,1625d860-0507-4ae4-a97e-d6082043c9b4,7106b3b6-8579-49a7-b5fa-a31ec07b8e40,,,,active,,,tohoku-keitozu-tohoku_kikan,extracted,2026-08-03,"経路上で分岐点を1回通過（直進側を継続として追跡）；送電線番号が図上に無い／帰属できず;ev:線幅1.5pt=154kV；図上経路 (609.7,499.5)→(642.1,487.4) 長さ36pt",tier3,intra
db846781-e1b9-4b73-a872-f539347c6e9f,,東北電力ネットワーク,tohoku,154,93a0ae82-5c5d-4583-aa60-14895de4058b,21fe517e-e436-4ced-9b69-bba45322157c,,,,active,,,tohoku-keitozu-tohoku_kikan,extracted,2026-08-03,"経路上で分岐点を2回通過（直進側を継続として追跡）；送電線番号が図上に無い／帰属できず;ev:線幅1.5pt=154kV；図上経路 (203.6,1015.0)→(226.7,1025.4) 長さ29pt",tier3,intra
a198e121-8487-4d3a-b349-4b3a9640a9c2,,東北電力ネットワーク,tohoku,154,ac541969-fdfe-47dc-a246-07bdb937691f,1b29a990-c2b9-4ceb-a944-9a7d49f864b0,,,,active,,,tohoku-keitozu-tohoku_kikan,extracted,2026-08-03,"経路上で分岐点を1回通過（直進側を継続として追跡）；送電線番号が図上に無い／帰属できず;ev:線幅1.5pt=154kV；図上経路 (618.4,209.4)→(651.5,233.0) 長さ40pt",tier3,intra
916acb73-35de-4039-a546-1de4ef21074a,,東北電力ネットワーク,tohoku,154,21e630b0-b578-48d4-8f3c-5282c5f459ed,99477e1c-e6df-4f1e-b5a9-82a86ca62176,,,,active,,,tohoku-keitozu-tohoku_kikan,extracted,2026-08-03,"経路上で分岐点を2回通過（直進側を継続として追跡）；送電線番号が図上に無い／帰属できず;ev:線幅1.5pt=154kV；図上経路 (597.4,787.7)→(618.4,766.8) 長さ38pt",tier3,intra
1256110d-836a-4160-9a34-0ff5573605e8,,東北電力ネットワーク,tohoku,154,bfe8fac5-313f-48dd-9d20-f547a4465957,066cbb16-79d0-4f74-9caa-ffb229f97bc1,,,,active,,,tohoku-keitozu-tohoku_kikan,extracted,2026-08-03,"経路上で分岐点を4回通過（直進側を継続として追跡）；送電線番号が図上に無い／帰属できず;ev:線幅1.5pt=154kV；図上経路 (560.8,942.2)→(607.6,910.4) 長さ61pt",tier3,intra
ddbbca15-f1a8-440e-916b-891b633458a6,,東北電力ネットワーク,tohoku,154,b793dcb3-4e92-4860-994e-6ed729a39669,0569f3d0-a724-4882-8070-0819b008ff56,,,,active,,,tohoku-keitozu-tohoku_kikan,extracted,2026-08-03,"経路上で分岐点を2回通過（直進側を継続として追跡）；送電線番号が図上に無い／帰属できず;ev:線幅1.5pt=154kV；図上経路 (637.1,911.6)→(600.4,890.2) 長さ49pt",tier3,intra
40d3b449-f4d5-42bb-80cc-5758e2cbb11a,,東北電力ネットワーク,tohoku,154,ebdfeaa4-9415-40a3-b634-0000294f372b,2124ef3f-1d9f-4a1c-af31-27feacf2ef75,,,,active,,,tohoku-keitozu-tohoku_kikan,extracted,2026-08-03,"経路上で分岐点を1回通過（直進側を継続として追跡）；送電線番号が図上に無い／帰属できず;ev:線幅1.5pt=154kV；図上経路 (695.0,292.2)→(681.0,314.0) 長さ21pt",tier3,intra
b1ef4cc5-6e01-4bbb-b073-c90145dd09bd,,東北電力ネットワーク,tohoku,154,be34dbad-3807-4b0c-89d9-cea722501758,95361b00-b573-49df-a81e-988a7898c2d7,,,,active,,,tohoku-keitozu-tohoku_kikan,extracted,2026-08-03,"経路上で分岐点を2回通過（直進側を継続として追跡）；送電線番号が図上に無い／帰属できず;ev:線幅1.5pt=154kV；図上経路 (695.0,285.3)→(682.4,272.5) 長さ18pt",tier3,intra
561df890-6dfb-488a-a6eb-8e2043870b8a,,東北電力ネットワーク,tohoku,154,d5a4f44c-ba8a-4aa1-9432-5635f43fcfa3,f1f89bc4-37f2-4d61-b31f-9bedd159fe32,,,,active,,,tohoku-keitozu-tohoku_kikan,extracted,2026-08-03,"経路上で分岐点を2回通過（直進側を継続として追跡）；送電線番号が図上に無い／帰属できず;ev:線幅1.5pt=154kV；図上経路 (650.9,400.4)→(670.0,414.5) 長さ28pt",tier3,intra
a7cc0eed-af9f-4e8b-ad61-25dabbedd62f,,東北電力ネットワーク,tohoku,154,6a982431-11f2-4a20-bf9e-c759f5453502,f1f89bc4-37f2-4d61-b31f-9bedd159fe32,,,,active,,,tohoku-keitozu-tohoku_kikan,extracted,2026-08-03,"経路上で分岐点を1回通過（直進側を継続として追跡）；送電線番号が図上に無い／帰属できず;ev:線幅1.5pt=154kV；図上経路 (669.8,406.3)→(670.0,414.5) 長さ23pt",tier3,intra
6a226b53-522a-4544-b285-d68b42c3e828,,東北電力ネットワーク,tohoku,154,b6d834ae-3e34-4950-9812-5da5fef5f83f,dd150df8-c1c2-47ac-8eea-66284d8fe704,,,,active,,,tohoku-keitozu-tohoku_kikan,extracted,2026-08-03,"経路上で分岐点を6回通過（直進側を継続として追跡）；送電線番号が図上に無い／帰属できず;ev:線幅1.5pt=154kV；図上経路 (550.3,474.1)→(511.1,467.3) 長さ76pt",tier3,intra
57837ff0-b6b9-4c70-9e38-cf44192d10d5,,東北電力ネットワーク,tohoku,154,916f9103-fcfe-44f0-a85f-f38c4046a8c8,95fbef92-aa0e-4158-80b5-fd3fcf7ee476,,,,active,,,tohoku-keitozu-tohoku_kikan,extracted,2026-08-03,"経路上で分岐点を2回通過（直進側を継続として追跡）；送電線番号が図上に無い／帰属できず;ev:線幅1.5pt=154kV；図上経路 (504.1,551.8)→(469.3,599.8) 長さ72pt",tier3,intra
0804c0a1-fd34-430b-bcdd-367c93eb4680,,東北電力ネットワーク,tohoku,154,7bbd027f-2f14-4191-8bee-a8f38a3fdfdc,0569f3d0-a724-4882-8070-0819b008ff56,,,,active,,,tohoku-keitozu-tohoku_kikan,extracted,2026-08-03,"経路上で分岐点を1回通過（直進側を継続として追跡）；送電線番号が図上に無い／帰属できず;ev:線幅1.5pt=154kV；図上経路 (630.6,897.8)→(600.4,890.2) 長さ32pt",tier3,intra
edc62585-63b5-46bd-8a59-1df7b129a693,,東北電力ネットワーク,tohoku,154,8c38416b-9e55-4f96-8262-4b79bfb3358e,dd150df8-c1c2-47ac-8eea-66284d8fe704,,,,active,,,tohoku-keitozu-tohoku_kikan,extracted,2026-08-03,"経路上で分岐点を2回通過（直進側を継続として追跡）；送電線番号が図上に無い／帰属できず;ev:線幅1.5pt=154kV；図上経路 (525.5,475.3)→(511.1,467.3) 長さ22pt",tier3,intra
7c657231-5b1d-4a36-800a-b16a8affeca6,,東北電力ネットワーク,tohoku,154,67549851-5771-43e8-a7bf-cda1ddd7d144,bfe8fac5-313f-48dd-9d20-f547a4465957,,,,active,,,tohoku-keitozu-tohoku_kikan,extracted,2026-08-03,"経路上で分岐点を3回通過（直進側を継続として追跡）；送電線番号が図上に無い／帰属できず;ev:線幅1.5pt=154kV；図上経路 (556.4,924.2)→(560.8,942.2) 長さ16pt",tier3,intra
16228657-76e7-48f3-b2e7-8ffe82b9e1f0,,東北電力ネットワーク,tohoku,154,99a86e11-944a-45ef-8bd8-6b76c9197b7f,255b2d48-1e83-461b-9a1f-a0b65e3549b8,,,,active,,,tohoku-keitozu-tohoku_kikan,extracted,2026-08-03,"経路上で分岐点を1回通過（直進側を継続として追跡）；送電線番号が図上に無い／帰属できず;ev:線幅1.5pt=154kV；図上経路 (599.5,936.7)→(613.3,930.8) 長さ13pt",tier3,intra
f92dddb8-6968-4e69-a6d7-3c4d5cb4dc13,,東北電力ネットワーク,tohoku,154,c36121bf-044e-45db-8869-de1c3561c1cd,2df430c6-c40a-48d7-9e5e-7756be6e2d22,,,,active,,,tohoku-keitozu-tohoku_kikan,extracted,2026-08-03,"経路上で分岐点を2回通過（直進側を継続として追跡）；送電線番号が図上に無い／帰属できず;ev:線幅1.5pt=154kV；図上経路 (547.1,634.4)→(469.7,625.9) 長さ91pt",tier3,intra
1b31a1e1-363f-4b24-a7be-edd689cd2300,,東北電力ネットワーク,tohoku,154,531e0c00-3332-44f9-818d-2391a18726df,b526a3b9-7961-43f8-93a4-76704b0a021e,,,,active,,,tohoku-keitozu-tohoku_kikan,extracted,2026-08-03,"経路上で分岐点を5回通過（直進側を継続として追跡）；送電線番号が図上に無い／帰属できず;ev:線幅1.5pt=154kV；図上経路 (621.2,115.8)→(648.6,172.0) 長さ128pt",tier3,intra
88b968d2-93bd-4f65-990e-a2a78c1aa88f,,東北電力ネットワーク,tohoku,154,ca27a0a7-6fbd-4df8-bdd3-6761a7c4c741,2c84d328-e28a-44c7-a407-85f98b714ad2,,,,active,,,tohoku-keitozu-tohoku_kikan,extracted,2026-08-03,"経路上で分岐点を2回通過（直進側を継続として追跡）；送電線番号が図上に無い／帰属できず;ev:線幅1.5pt=154kV；図上経路 (630.6,1052.9)→(632.8,1079.9) 長さ31pt",tier3,intra
c8674acb-648e-4322-9600-51daf54db586,,東北電力ネットワーク,tohoku,154,ec4d3204-bebf-473e-b7b2-84f2bce04880,f3a431f9-d9f7-4d9a-ad1c-c8583d423bf7,,,,active,,,tohoku-keitozu-tohoku_kikan,extracted,2026-08-03,"経路上で分岐点を1回通過（直進側を継続として追跡）；送電線番号が図上に無い／帰属できず;ev:線幅1.5pt=154kV；図上経路 (284.3,651.7)→(254.2,646.4) 長さ28pt",tier3,intra
11ae0c4a-49fe-42da-b86a-0df33eae3145,,東北電力ネットワーク,tohoku,154,dfad5b48-80e1-43f4-b664-4a03aaf1ba0b,f3a431f9-d9f7-4d9a-ad1c-c8583d423bf7,,,,active,,,tohoku-keitozu-tohoku_kikan,extracted,2026-08-03,"本体図と拡大図で重複描画のため統合；送電線番号が図上に無い／帰属できず;ev:線幅1.5pt=154kV；図上経路 (284.3,674.2)→(254.2,646.4) 長さ47pt",tier3,intra
1688344a-2f4c-4298-9a97-b51e6753c56d,,東北電力ネットワーク,tohoku,154,97278825-d1a1-410f-a73e-58cf2002fbdf,7497e5bb-0dc4-4d11-af30-100212245d2f,,,,active,,,tohoku-keitozu-tohoku_kikan,extracted,2026-08-03,"経路上で分岐点を2回通過（直進側を継続として追跡）；送電線番号が図上に無い／帰属できず;ev:線幅1.5pt=154kV；図上経路 (139.2,633.4)→(164.8,621.2) 長さ36pt",tier3,intra
04bece30-503c-44db-8478-80d7a6f7058e,,東北電力ネットワーク,tohoku,154,7497e5bb-0dc4-4d11-af30-100212245d2f,5ea7ec3f-c588-4d78-9c8e-069246d454fb,,,,active,,,tohoku-keitozu-tohoku_kikan,extracted,2026-08-03,"送電線番号が図上に無い／帰属できず;ev:線幅1.5pt=154kV；図上経路 (164.8,621.2)→(143.9,599.8) 長さ31pt",tier3,intra
0e007891-a2cf-4bd6-9d27-8c105d0120af,,東北電力ネットワーク,tohoku,154,7497e5bb-0dc4-4d11-af30-100212245d2f,2ce35639-943f-4c6c-a97e-7d6ba5975ab3,,,,active,,,tohoku-keitozu-tohoku_kikan,extracted,2026-08-03,"経路上で分岐点を2回通過（直進側を継続として追跡）；送電線番号が図上に無い／帰属できず;ev:線幅1.5pt=154kV；図上経路 (164.8,621.2)→(148.6,654.8) 長さ46pt",tier3,intra
953411a9-811c-4cdd-b5fe-7ba4849aa637,,東北電力ネットワーク,tohoku,154,f1d8d6cc-73c0-4c82-b682-f6484916e685,2fe87164-8eda-4b48-b0d9-8bb26fac957b,,,,active,,,tohoku-keitozu-tohoku_kikan,extracted,2026-08-03,"経路上で分岐点を1回通過（直進側を継続として追跡）；送電線番号が図上に無い／帰属できず;ev:線幅1.5pt=154kV；図上経路 (135.8,905.3)→(459.2,1028.6) 長さ44pt",tier3,intra
40ee5780-f077-4ebe-a993-3352347902ed,,東北電力ネットワーク,tohoku,154,22482c26-4012-4892-b5d8-4f04f309e7f5,b663360d-3890-4567-8592-ed51a1ed0e1e,,,,active,,,tohoku-keitozu-tohoku_kikan,extracted,2026-08-03,"経路上で分岐点を1回通過（直進側を継続として追跡）；送電線番号が図上に無い／帰属できず;ev:線幅1.5pt=154kV；図上経路 (105.7,852.8)→(112.2,868.7) 長さ17pt",tier3,intra
2a73a539-25fb-463d-8600-717f98e0b343,北九州豊前線,九州電力送配電,kyushu,220,09a9d654-fe2d-4ddf-9a98-497aa87edb79,44f83efb-1bbc-4a41-aad8-8e35e4aa3b03,2,,,active,,,kyushu-keitozu-kyushu_kikan,extracted,2026-08-03,"AJG 側実線名。豊前◆西向2端(29,192)(30,186) と 北九州◆東向余端が未配対で方向相対。証拠中等：両側に「至」標注なし、北九州東側に6余端(回線数不整合)。空容量表線名/OCCTO で回線数を要確認",tier2,intra
3e964658-0667-4326-990d-7db4ea2bdaa9,霧島分岐線/高野線,九州電力送配電,kyushu,220,540fd7d0-c461-432e-be21-16473ae308a6,ceb5788e-855b-408d-b1f5-f73dcb02f190,2,,,active,,,kyushu-keitozu-kyushu_kikan,extracted,2026-08-03,"AJG の「南九州-霧島」は分岐折畳形式。実体は 南九州-高野 で 霧島 はその分岐(霧島-高野 は既 clear)。高野 PL1/PL2 西向(33,221)(33,227) と 南九州 東向(678,310)(677,318) が未配対・方向正対。「至」標注なしのため uncertain 保持",tier2,intra
8b83cbb0-bd3a-4138-827d-eefbf8966c23,宮崎幹線,九州電力送配電,kyushu,500,540fd7d0-c461-432e-be21-16473ae308a6,4249e180-5f96-4230-a891-ffcec4f6970e,2,,,active,,,kyushu-keitozu-kyushu_kikan,verified,2026-08-03,"南九州◆東向2端(679,201)(682,210) と 宮崎◆西向2端(128,388)(127,399) が数量・方向で厳密互補。本辺追加で全九州500kV端子計数が全站閉合し 北九州-豊前-東九州-ひむか-宮崎-南九州-中九州-熊本-中央-背振-北九州 の環が成立",tier1,intra
134bfa39-e70d-4c94-b266-13ceb13e0986,(56),沖縄電力,okinawa,66,0373b1f6-9078-46dd-b312-7812d84e0095,df61dff0-3e83-4f3e-a35f-770f26ce63bd,,yes,,active,,,okinawa-keitozu-okinawa_all,verified,2026-08-03,地中。線号は「(56)，(57)」の単一文本串を共用するため原抽出で漏れ。拡大図 c#85 起端が発電所矩形境界から0.10pt、末端が站34 符号から3.02pt,tier2,intra
93f1adc3-683b-4480-9c77-67a3b62e07e4,(57),沖縄電力,okinawa,66,0373b1f6-9078-46dd-b312-7812d84e0095,df61dff0-3e83-4f3e-a35f-770f26ce63bd,,yes,,active,,,okinawa-keitozu-okinawa_all,verified,2026-08-03,地中。(56)と並行する2条目 c#200(偏移約1.0pt)。起端矩形境界0.68pt・末端站34 4.10pt。主図側 c#99/c#109/c#97 も同処で終止,tier2,intra
fd5d6e10-6138-40fd-83cc-82caffee1413,(86),沖縄電力,okinawa,66,30187667-20b8-436f-8145-697ccf8fdc70,79a35e00-c3e3-42cb-b22a-bdd3a7ec1526,,,,active,,,okinawa-keitozu-okinawa_all,verified,2026-08-03,架空。双図一致：拡大図 c#52 両端 1.01/0.86pt、主図 c#146 両端 0.37pt。標籤(86) 垂距3.88pt・弧長10.8/17.8,tier2,intra
392ab3bb-b88e-4d27-a9a0-ee6f0a455838,(93),沖縄電力,okinawa,66,dc954863-054c-4875-9bfa-d0d4628348f2,78aa17e0-adbf-4e24-943d-56f7d73b403f,,,,active,,,okinawa-keitozu-okinawa_all,verified,2026-08-03,架空。主図 c#124 走廊の站序 63/64/68(23.2)/69(35.3)/70 に対し標籤(93)の弧長28.0 が 68-69 間。(92)=63-68・(94)=69-70 と首尾相接し残段なし,tier2,intra
98ec90ea-c04c-4b64-956b-889dfe33966b,(98),沖縄電力,okinawa,66,3ecd2ae8-d437-4709-aabe-594dbb14b427,e3930b9a-c1db-4182-9f00-54793a79ea07,,,,active,,,okinawa-keitozu-okinawa_all,extracted,2026-08-03,架空。拡大図 c#37 は 67 から51.44pt で拡大図枠外(y0=112.7)に抜けるため端点未定だった。主図 c#123 下端が 67(0.18pt)、93 は支鏈 c#199 が弧長6.4pt で接入(1.08pt)。93 は主図でしか判定できない,tier2,intra
6866e2c7-8c0b-43c5-b371-2606a4d92723,0136/0137 のいずれか,東北電力ネットワーク,tohoku,275,b7413163-c359-4887-a876-c45ab56ab58f,76bd7727-c520-40f5-8e23-c4b1ada5002c,,,,active,,,tohoku-keitozu-tohoku_kikan,extracted,2026-08-03,"福島-南相馬275走廊の線分(601.4,842.8)-(649.9,857.6)の内部点(623.0,849.0)(線上0.39pt)から東福島への引込線が接するT字タップの福島側脚。東福島の275kV接続はこのタップ1点のみ。系統分離点なしのため3脚とも通電経路として登録すべき",tier2,intra
08569f89-1ca1-4609-bdeb-99787e35745a,,東北電力ネットワーク,tohoku,154,05cae69f-5d2c-43ba-88a4-2ef386fb2f3d,caeb5e5b-20ef-49e9-a588-8df711952cfb,,,,active,,,tohoku-keitozu-tohoku_kikan,extracted,2026-08-03,"L93.3、分岐1回通過のため線号未帰属。裁決 confidence=low。小国町側の154kV隣接は 中越/__S08/黒丸(354.5,871.2)/白丸(308.4,928.0) の4本で、v2 が持つ 0701 南長岡-小国町 とは別経路。なお 新潟-新飯田154 は追加しない(中間駅 南新潟 の読み飛ばし)",tier3,intra
d5ec7284-9590-454b-8811-3d94403d12f1,新袖ケ浦線,東京電力パワーグリッド,tokyo,500,33c8800b-2ce7-4ca7-b552-fbce758c89af,739f1467-87ce-4459-989a-6bf594caf702,,,,active,,,tokyo-keitozu-tokyo_kikan154,extracted,2026-08-03,新木更津500kV母線上部に『新袖ケ浦線』ベイ(k154_p3_r1c4)、新佐原500kV母線にも同名ベイ(kikan_p2_r2c6)＝両端にベイが存在。ただし新袖ケ浦(発電所1001010経由・連絡Tr↓38)にも同名記載があり3端子の可能性が残るため n_circuits/潮流は未確定,tier1,intra
b72f645f-5686-4479-8ee7-cae0b8d3a824,富岡線,東京電力パワーグリッド,tokyo,500,8580f6bc-4ff5-44b3-b55e-1a71c524faef,a87ba251-d217-4181-8df2-e1f476d3c148,,,,active,,,tokyo-keitozu-tokyo_kikan154,extracted,2026-08-03,『富岡線』ラベルは新福島500kV母線の最左端ベイ直下にあり新福島自身の母線に着線。そこから白線が x≈7860 を下降し y≈1150 で右折して下段の無名500kV母線に至る。2つ目の『富岡線』ラベルはこの下降区間上,tier1,intra
9015f70a-af89-4728-a059-13d9e5db247a,北海道本州間直流連系設備（新北本）,hokkaido<->hokkaido,inter,DC,12d4037d-527e-49c3-a6fa-18e079887a0a,3d4fcf19-4a34-428a-aa0c-acc95a65a437,,,,active,,,interconnect-pass-20260803,verified,2026-08-03,link_class=inter_area | R2:hepco-keitozu-187kv p1 の描画で直接確認：北斗変換所・今別変換所ともに実線枠の交直変換所記号（凡例『交直変換所』）で、両者は最太実線（凡例『直流送電線』）で北斗→西→南→今別と連結。函館変換所（破線枠＝他社）とは記号の線種が明確に異なる。既存 route 7a2c0531 がこの実体 | 新規 route 不要。link_class=inter_area の付与と『今別は青森県内＝地理的に東北』の属性化のみ。今別の275kV母線ノードは両registryに不在（輪1と同じ残課題）,,inter_area
89f79097-c635-49d5-998c-c598d94fd208,相馬双葉幹線,tohoku<->tokyo,inter,500,f908bdbf-f62b-4246-8942-45bcfa8bfb40,ac39fb2f-1984-4214-99cd-49041584ed2e,,,,active,,,interconnect-pass-20260803,verified,2026-08-03,"link_class=inter_ac | R2:東京側=tepco kikan275kv p2 ラスタ(10240x5184)を native 切出しで自力判読。native(8500-9080,250-730)：変電所（東北電力）が500kV母線(y≈715/3スケール)と275kV母線(y≈1000)の2層を持ち、500kV母線から立上る2条に『相馬双葉幹線』ラベル。native(6300-8800, | 裁定①：命名は『東京側図上のラベル』に従い 500kV=相馬双葉幹線 で確定。名从东京侧图（東北側は他社を無名黒丸でのみ描き線名を持たない）。東北側の2つの黒丸のどちらが南いわきかは、線幅5.0=500kV / 3.0=275kV と東京側",,inter_ac
da867755-10f2-4b0a-b57b-9bc0cc6be5b2,新信濃FC,chubu<->tokyo,inter,FC,4c3a7335-14ca-449c-a0a4-e143036eca9d,f7697baf-9fac-49ea-9079-1f07d33bbbe7,,,,active,,,interconnect-pass-20260803,verified,2026-08-03,"link_class=inter_area | R2:中部側=chuden-keitozu-kikan p1 を x540-820/y60-250 で描画：『至 東京』(至655.2,141.7／東京667.2,141.7)は波線で打切られた破線に付き、その破線は破線枠のFC記号（ラベル『新信濃FC』）に直結。中部の自社500kV母線(370番線)からFC記号へ立上る構成。東京側=registry tokyo  | 電圧は中部275kV／東京500kVで単一値化できないため FC 表記を維持（輪1と同じ）。東京側に FC 単独ノードが無い点も未解決",,inter_area
4c08e206-17d2-49d1-9d55-91d67cd06ea0,佐久間FC,chubu<->tokyo,inter,FC,51f9d26b-4984-490b-be1d-24a802b961d0,4f71095d-b7fa-4215-ba05-3c1f9abcc2fb,,,,active,,,interconnect-pass-20260803,verified,2026-08-03,"link_class=inter_area | R2:中部側=chuden kikan p1 を x620-900/y330-450 で描画：『佐久間FC』ラベル(812.7,348.3)の付いた破線枠FC記号から東へ破線が延び波線で打切られ、その直下に『至 東京』(至851.6,381.8／東京863.6,381.8)。つまり中部側にも越境記録は存在する。東京側=registry tokyo 佐久間FC(co | 輪1の gaps『中部側 external_ties に佐久間FCの越境記録が無い』は誤り＝当該『至 東京』が佐久間FCのもの（輪1は最近傍ラベル距離で川根変電所に誤帰属）。設備所有は電源開発。2ノードを merge するか維持するかは未決",,inter_area
83d2abf8-9c98-4abf-98a8-16b6d7e4bbc2,飛騨信濃直流幹線,chubu<->tokyo,inter,DC,953a55b6-5cb0-4c94-ba8c-515e13c20d22,f7697baf-9fac-49ea-9079-1f07d33bbbe7,,,,active,,,interconnect-pass-20260803,verified,2026-08-03,"link_class=inter_area | R2:中部側=chuden kikan p1 を x150-430/y130-330 で描画：ラベル『飛騨変換所／交直変換装置』の付いた交直変換所記号が、南福光BTB直下の自社500kV縦線(線番70/71)からタップされ、そこから東へ破線＋波線で『至 東京』(至264.4,234.2／東京276.4,234.2)。同じ縦線の北端には別に『至 北陸』波線とBTB記 | 輪1の未確定点『起点は飛騨変換所本体か岐阜開閉所経由か』：図では交直変換装置は岐阜開閉所の北の500kV縦線(70/71)上のタップで、岐阜開閉所そのものではない。東京側 変換所（中部電力）(adf40388) を飛騨変換所の他社スタブとし",,inter_area
e0b78514-3100-41a3-960c-9a783128575d,三重東近江線,chubu<->kansai,inter,500,37971305-7548-456d-a595-010a454f6e3d,ca7c2e91-e867-4205-8bab-b146f98679e0,,,,active,,,interconnect-pass-20260803,inferred,2026-08-03,"link_class=inter_ac | R2:中部側=chuden kikan p1 を x0-200/y380-520 で描画：三重開閉所(10.2,393.5)から西へ太実線(自社500kV,線番20)が延び波線で打切られ『至 関西』(至6.8,444.8／関西18.8,444.8)。破線ではないので他社線ではなく自社線の境界。関西側=kansai-keitozu-154kVijou p1(ベクタ、 | 同定候選：東近江=連1（開A, ca7c2e91）。去匿名化の確証は未了のため confidence=inferred。関西図の連1は東へ波線＝中部方向で方位も整合",,inter_ac
75ee6922-c0e8-4189-8a79-9310c558092c,南福光連系所（BTB）,chubu<->hokuriku,inter,500,e427bdb0-11c7-467a-a59a-0c79ce210191,0c2d856b-8359-412c-bbab-a0cdf49a3d5b,,,,active,,,interconnect-pass-20260803,verified,2026-08-03,"link_class=inter_area | R2:中部側=chuden kikan p1 x150-430/y130-330 の描画で、岐阜開閉所から北へ延びる自社500kV縦線上に BTB 記号（ラベル『南福光BTB』)があり、その北で波線＋『至 北陸』(至210.1,132.7／北陸222.1,132.7)。北陸側=rikuden-keitozu-kikan154kVijou p1 全図描画：南福光(二 | 輪1の指摘どおり BTB 設備そのもののノードは両 registry に無い（連系所は中部側構内）。北陸側の方位(東=中部)は図と整合するが、対向先の明示は北陸図には無い",,inter_area
ed18440c-83d8-4fa0-afb6-8cc799393dff,越前嶺南線,hokuriku<->kansai,inter,500,6a8fc1e7-79ab-4ad4-af30-626f11d25b83,3c3e5570-63ee-4374-8706-84bb43fc3e3b,,,,active,,,interconnect-pass-20260803,inferred,2026-08-03,"link_class=inter_ac | R2:北陸側=rikuden kikan154kVijou p1 全図描画：越前(HSS008、二重円=500kV)から線番 H301 が真南へ延び開放端で終端（対向先注記なし）。南＝嶺南地方方向で方位整合。関西側=連2ラベル(454.6,245.2)。上記アフィンあてはめで 連2=嶺南変電所(135.9725,35.5566)、残差(+46,+8)pt。連2の波 | 同定候選：嶺南=連2（E, 3c3e5570）。confidence=inferred。連2 の x 残差 +46pt(≒0.18°)は portrait 図の圧縮による歪みと解釈（y 残差は+8ptと小)",,inter_ac
89f9b2dd-e803-44b5-9e80-fec7c50350ab,西播東岡山線,kansai<->chugoku,inter,500,9ddd5055-4300-45f4-9591-149b15e03c9b,5b90df00-f003-4b2e-97b7-1d9bae411cd2,,,,active,,,interconnect-pass-20260803,inferred,2026-08-03,"link_class=inter_ac | R2:中国側=chugoku-keitozu-kikan p1(ラスタ)を x620-790/y170-320 で9倍描画：基S21(○変電所)から東へ太破線(他社送電線)が県境(一点鎖線)を越えて（関西）へ、さらに南東へ別の太破線が海岸を越えて（四国）へ、の2本を目視確認。地理照合：基S1ノード(≈188.9,396.7)=新山口(131.093,34.164) | 裁定②：基S21=東岡山 は成立（位置佐証＋四国図の実名＋等方スケールの内部整合）。confidence=inferred。関西側 同定候選：西播=連4（A, 9ddd5055）",,inter_ac
b18e7494-8424-4b3e-ba4e-ec031ac5e7ca,山崎智頭線,kansai<->chugoku,inter,500,11dabf47-c0fd-4b35-b875-438100d2d831,cdf9dff0-9c99-4333-9769-c11317146470,,,,active,,,interconnect-pass-20260803,inferred,2026-08-03,"link_class=inter_ac | R2:中国側=同じ9倍描画で基S27(○)から東へ太破線1本のみが県境を越え（関西）へ延びるのを確認（他に基L3が西、基L41が北）。基S1/基S21 校正(173pt/deg等方)による智頭の予測位置(725.6,216.4)に対し基S27実測ノード(721.1,206.7)＝残差10.7pt(≒0.06°)。智頭の実座標は AJG subs_all の chu | 裁定②：基S27=智頭 成立、confidence=inferred。AJG には『智頭』の名称が無く、当該500kV開閉所は無名で収録されているため名称自体は未確証（位置のみ一致）。関西側 同定候選：山崎=連3（開D, 11dabf47）",,inter_ac
c2284d14-7a3d-4fa8-a228-7163c8f16e06,阿南紀北直流幹線,shikoku<->kansai,inter,DC,407d3f9d-9a70-4e5d-9920-243bf3956c81,eda080c6-8edb-4060-af87-f4dfbd8d1793,,,,active,,,interconnect-pass-20260803,inferred,2026-08-03,"link_class=inter_area | R2:四国側=shikoku kikan p1 のテキスト層で『阿南』(670.9,341.1)『阿南紀北』(692.8,348.3)『関西エリア』(745.3,333.5)『紀北変換所』(745.3,343.5)を直接確認＝相手名が実名で明記。関西側=kansai p1 を x150-400/y580-720 で6倍描画：⊗記号(無名p1-2, ≈229.7,6 | 終点は変換所記号ノード無名p1-3(eda080c6)とした。連5の打切り記号自体は隣の⊗無名p1-2(db5d7dbb)に付いており、これは紀伊水道横断の陸揚/開閉点と解釈（＝連5＝本DCの引込）。この解釈が正しければ関西図に西淡向けの連",,inter_area
4e7f5014-c292-4440-8257-374f50b5efe5,本四連系線,shikoku<->chugoku,inter,500,bbcd2d96-3b26-4980-9158-3ab3e48bf160,5b90df00-f003-4b2e-97b7-1d9bae411cd2,,,,active,,,interconnect-pass-20260803,inferred,2026-08-03,"link_class=inter_ac | R2:四国側=shikoku kikan p1 テキスト層に『本四連系線』(451.6,96.0)＋『中国エリア』『東岡山(変)』(486.5,62-81)、および『讃岐』(524.3,191.7)。相手が実名で明記されている唯一の連系線。中国側=9倍描画で基S21から南東へ太破線が海岸線を越えて（四国）(672.6,405.3)へ延びるのを確認。基S1/基S21 | 輪1と同結論だが、根拠が『消去法の推論』から『四国図の実名＋中国図の地理照合』に格上げされた。中国側は依然匿名コードのため confidence=inferred。回線数・容量は他社所有で不明",,inter_ac
9de750cc-2c67-44e9-b5d9-3ffc5340878b,関門連系線,kyushu<->chugoku,inter,500,09a9d654-fe2d-4ddf-9a98-497aa87edb79,369aa4ca-97d0-4152-9558-0e2521a111cd,,,,active,,,interconnect-pass-20260803,inferred,2026-08-03,"link_class=inter_ac | R2:中国側=chugoku kikan p1 を x95-260/y360-480 で9倍描画：海岸線形状が山口県西部（響灘・周防灘）と一致し、基S1(○)から南西へ太破線が関門海峡を越え（九州）(101.4,454.5)へ延びる。AJG lines_all の『関門連系線』500kV は (131.0928,34.1638)=新山口変電所 と (130.804 | 裁定②：本州側=基S1=新山口変電所。stub 新設は不要になった。confidence=inferred（中国図は全面匿名、AJG は OSM 由来）",,inter_ac
65b77f5a-775c-4e69-8da7-a51182475072,,tohoku<->tokyo,inter,275,f908bdbf-f62b-4246-8942-45bcfa8bfb40,8580f6bc-4ff5-44b3-b55e-1a71c524faef,,,,active,,,interconnect-pass-20260803,verified,2026-08-03,"link_class=inter_ac | R2:東京側=tepco kikan275kv p2 native(8300-9600,0-800) 描画：新福島の275kV母線から出た2条が下方へ回り込み、水平に東進して変電所（東北電力）の275kV層へ着地し、経路上に『いわき幹線』ラベルが2箇所（新福島側と境界側）と『↑1140』。500kV層の『相馬双葉幹線』とは母線層が明確に別。東北側=tohoku k | 裁定①の対になる行。線名『いわき幹線』は名从东京侧图。OCCTO清单外。東北図の他社破線は電圧に依らず一律5.0pt幅で描かれており（500kV側の破線も同幅）、破線幅から電圧は読めない＝自社側実線幅(3.0)を採用。__X39 の reg",,inter_ac
7d10971b-d966-48d4-b0b6-30273a8a3e44,,hokkaido<->tohoku,inter,275,3d4fcf19-4a34-428a-aa0c-acc95a65a437,2f53b0af-75a4-48f2-8126-64956bb99c3e,,,,active,,,interconnect-pass-20260803,verified,2026-08-03,"link_class=inter_ac | R2:東北側=tohoku kikan p1 を x480-700/y120-300 で4倍描画：青森(白丸)から北西へ線が延び、途中2つの黒丸『他社変電所』(≈(150,150)/(150,240)px 相当)を経て図の北端へ抜ける。線番 0155/0101/0523 が引出線で付されている。北海道側=hepco 187kV 図に今別変換所（実線・交直変換所記号 | OCCTO清单外（新北本DCのAC引込に相当）。線名は原図に無し。今別変換所(電圧欄空)と東北側 __X31(f2a24b94,275kV) の同一性は依然未決。方位一致のみの推定なので confidence=medium 相当",,inter_ac
828d13f6-a0db-4145-8c24-889e5e4bb400,,tokyo<->tohoku,inter,275,1d63c8c4-f545-442c-9da8-104655e6b21c,0042b02a-eb79-4fea-891e-0fe8d8ebed86,,,,active,,,interconnect-pass-20260803,verified,2026-08-03,"link_class=inter_ac | R2:東北側=tohoku kikan p1 を x430-530/y880-960 で9倍描画＋ベクタ走査：本名(白丸)から南西へ w=3.0pt の破線(他社送電線)((449.0,931.6)->(457.4,922.4) を含む)が延び、他社番号ノード『（160005）』へ着地。16系番号＝東京電力管内設備を指す東北図の慣例と一致。東京側=既存 route | 輪1より根拠が強化（東北側に東京系番号ノードへの他社破線を確認）。ただし（160005）が発電所1002038(田子倉,電源開発)か 変電所（東北電力）#4 のどちらに対応するかは図から一意でない。線名は東京側図のラベルによる",,inter_ac
a6db6d6c-0132-4ddc-b44d-e8eda54476e3,860/341,中部電力パワーグリッド,chubu,275,5e412308-6aa5-4bed-8ac0-89e28ceae1df,413d74af-14eb-4907-aceb-035a9a73e599,,,,active,,,chubu-keitozu-chubu_kikan154,extracted,2026-08-04,"孤立站の原図照合で補完 2026-08-04; agent_conf=uncertain; ev:kikan p1(=tougou p1)「500kV・275kV系統構成図」。関開閉所の母線 H(138.1,336.3)-(171.8,336.3) w=2.0(=275kV凡例幅)。母線から V(153.0,335.7→346.2) → 斜線 D(153.0,345.9)->(182.9,373",tier2,intra
6972ad9b-e133-490a-9f1e-fb7401d1dde8,340,中部電力パワーグリッド,chubu,275,5e412308-6aa5-4bed-8ac0-89e28ceae1df,de290d2a-fb1e-41e5-b06c-3170d9455f14,,,,active,,,chubu-keitozu-chubu_kikan154,extracted,2026-08-04,"孤立站の原図照合で補完 2026-08-04; agent_conf=uncertain; ev:同上の y=373.4 導体から x=211.9 で分岐 V(211.9,372.9→388.0) し中濃変電所の母線(y≈388.7、円4007)に入る。番号「340」(198.2,378.6)",tier2,intra
6434c4d5-b46d-4790-a490-0600c8e1f0ff,271,中部電力パワーグリッド,chubu,275,dcce08ed-ad7c-4a38-bf08-e9d12f8878e2,9d1e939c-738b-46ca-aef4-279a6bbe68d0,,,,active,,,chubu-keitozu-chubu_kikan154,extracted,2026-08-04,"孤立站の原図照合で補完 2026-08-04; agent_conf=verified; ev:tougou p1(予想潮流断面)のみに存在(kikan 基本系統版には記載なし)。北四日市変電所=站番号3618、円(140.8,364.1)。円下 V(140.5,370.0→376.7) → 母線 H(128.2,377.2)-(149.4,377.2) w=1.56(tougou は kik",tier2,intra
b9284cf7-d1e7-4ff1-9609-d1928105fad2,760,中部電力パワーグリッド,chubu,275,930ea9ca-355d-4bae-9295-10c786469c93,8afda5fd-3196-4011-bc0c-85c636aa1985,,,,active,,,chubu-keitozu-chubu_kikan154,extracted,2026-08-04,"孤立站の原図照合で補完 2026-08-04; agent_conf=verified; ev:kikan p1。東清水変電所母線 H(804.1,679.5)-(847.2,679.5) w=2.0(275kV)、站番号2033(円815.1,694.2)。母線から V(837.2,679.0→568.4) が北上し、y=568.3 の短母線(823.7-838.0)→V(824.2,577",tier2,intra
59ec6539-049d-4af5-bb26-9532d37beddf,,中部電力パワーグリッド,chubu,275,930ea9ca-355d-4bae-9295-10c786469c93,db5c1b52-e0e3-4fbf-94e7-4ab902e6f9cb,,,,active,,,chubu-keitozu-chubu_kikan154,extracted,2026-08-04,"孤立站の原図照合で補完 2026-08-04; agent_conf=verified; ev:同母線から V(837.3,678.9→688.1) で FC/BTB 記号(三角対 833.4-841.9, 692.4-699.7)へ。凡例の「FC、BTB」記号と一致。線番号の記載なし(所内接続)",tier2,intra
758b4f89-2837-49d7-8458-0ff055f2101b,753/751/780,中部電力パワーグリッド,chubu,275,8afda5fd-3196-4011-bc0c-85c636aa1985,ddc4608e-8b38-481b-ae39-1dd112dc51e9,,,,active,,,chubu-keitozu-chubu_kikan154,extracted,2026-08-04,"孤立站の原図照合で補完 2026-08-04; agent_conf=uncertain; ev:駿河母線から V(798.6,577.0→567.9) が線751の水平導体 H(751.1,567.4)-(799.3,567.4) w=2.0 に接続。その導体は V(769.4,566.9→541.4)(番号780)で静岡変電所の275kV母線(y≈541)へ。番号「753」(801.9,56",tier2,intra
21951614-72db-44d1-abcb-9df616dc4d77,752/751/780,中部電力パワーグリッド,chubu,275,6d81f95b-7869-4937-b372-7ca3163326fd,ddc4608e-8b38-481b-ae39-1dd112dc51e9,,,,active,,,chubu-keitozu-chubu_kikan154,extracted,2026-08-04,"孤立站の原図照合で補完 2026-08-04; agent_conf=uncertain; ev:kikan p1。安倍変電所=站番号2031(円776.8,589.2)、母線 H(768.9,578.0)-(785.7,578.0) w=2.0。V(776.5,581.8→567.9) が線751の水平導体 y=567.4 に接続、そこから 780 で静岡変電所275kV母線へ。番号「752」",tier2,intra
85827383-b463-4f28-83c5-cfd81885e62f,750,中部電力パワーグリッド,chubu,275,6d81f95b-7869-4937-b372-7ca3163326fd,a178f70b-a7a2-4a6c-8919-a6a2176395e8,,,,active,,,chubu-keitozu-chubu_kikan154,extracted,2026-08-04,"孤立站の原図照合で補完 2026-08-04; agent_conf=uncertain; ev:同じ分岐点(751水平導体)の左端 x=751.1 から D(752.1,567.3)->(715.7,588.5) → V(715.8,587.7→603.0) → 駿遠変電所の275kV母線 y=603.0(x651.7-723.3)。番号「750」(742.4,559.0)",tier2,intra
ba83c3b5-b8a8-4f86-8bf7-617f4d6ed2f8,730,中部電力パワーグリッド,chubu,275,6de51074-15b0-47b3-8997-19a3cd5fe44b,a178f70b-a7a2-4a6c-8919-a6a2176395e8,,,,active,,,chubu-keitozu-chubu_kikan154,extracted,2026-08-04,"孤立站の原図照合で補完 2026-08-04; agent_conf=verified; ev:kikan p1。新佐倉変電所=站番号2022(円686.2,661.9)、母線 H(659.8,679.2)-(701.7,679.2) w=2.0(275kV)。V(668.9,679.1→602.5) len76.6 が駿遠変電所の275kV母線 y=603.0 に直結。番号「730」(655",tier2,intra
e2d74f2e-34a8-4ed0-bb6b-f7d7df4b3c11,10021,中部電力パワーグリッド,chubu,154,ebcbee1f-e9e2-4638-bb2d-70a9f7a2e3f6,52142173-95c1-4413-9694-3ec24e9b645b,,,,active,,,chubu-keitozu-chubu_kikan154,extracted,2026-08-04,"孤立站の原図照合で補完 2026-08-04; agent_conf=verified; ev:local p1(=tougou p2)「154kV系統構成図」。凡例(local p1 右)で w=3.0→500kV母線 / w=2.0→275kV母線 / w=1.0→154kV送電線・母線。岩倉変電所=站番号1015(円259.6,319.9)、母線 H(227.0,302.5)-(270.",tier3,intra
c020ca4e-5cd8-4853-9b55-fb81585d2ef5,10011,中部電力パワーグリッド,chubu,154,ebcbee1f-e9e2-4638-bb2d-70a9f7a2e3f6,e31d857c-17b9-4122-97d7-70a22d04f11d,,,,active,,,chubu-keitozu-chubu_kikan154,extracted,2026-08-04,"孤立站の原図照合で補完 2026-08-04; agent_conf=verified; ev:岩倉母線から V(232.5,303.0→310.1)→H(211.9,309.8)-(232.5,309.8) w=1.0 が西へ。番号「10011」(211.5,310.8)。稲沢変電所の円(204.1,289.4)へ到達",tier3,intra
e794f2c4-5862-40ee-9d3c-64b2501af242,10321,中部電力パワーグリッド,chubu,154,ebcbee1f-e9e2-4638-bb2d-70a9f7a2e3f6,413d74af-14eb-4907-aceb-035a9a73e599,,,,active,,,chubu-keitozu-chubu_kikan154,extracted,2026-08-04,"孤立站の原図照合で補完 2026-08-04; agent_conf=verified; ev:岩倉母線から V(250.1,302.5→277.3)→H(250.1,277.9)-(302.0,277.9)→V(301.7,277.3→252.1)→犬山変電所の154kV母線 H(287.8,251.6)-(342.3,251.6)(275/154kV変圧器 円296.8/314.8/332",tier3,intra
a8fe0e0d-daf7-4e25-a215-599195cd0929,40010,中部電力パワーグリッド,chubu,154,66dc651d-c958-4ace-b340-bdf797c74e8b,2cae2d77-39ae-4238-885a-700a9e2b9f5e,,,,active,,,chubu-keitozu-chubu_kikan154,extracted,2026-08-04,"孤立站の原図照合で補完 2026-08-04; agent_conf=verified; ev:local p1。加納変電所の母線 H(152.3,186.1)-(199.7,186.1) w=1.0(名称ラベル(141.5,176.3)が母線直上)。V(175.0,185.8→146.5) len39.4 が西濃変電所の154kV母線 H(141.6,147.1)-(206.8,147.1)",tier3,intra
f8434522-af84-4e05-a445-18efa1bc9c4a,20100,中部電力パワーグリッド,chubu,154,b0817908-53a9-42e8-ac78-acf58a2c5be0,f9d97bea-a3b0-476a-927a-535dfc4f69e9,,,,active,,,chubu-keitozu-chubu_kikan154,extracted,2026-08-04,"孤立站の原図照合で補完 2026-08-04; agent_conf=verified; ev:local p1。浜松変電所=站番号2003(円727.9,560.0)、母線 V(715.0,545.3)->(715.0,576.0)。H(704.6,551.0)-(715.0,551.0) と H(704.4,569.6)-(714.8,569.6) の2本で縦導体 x=704.6 に接続。",tier3,intra
a1d9f43d-1b88-45be-bb8e-50955c809e07,20100,中部電力パワーグリッド,chubu,154,b0817908-53a9-42e8-ac78-acf58a2c5be0,b99eecb9-6097-4d3b-bf60-b0ce72009124,,,,active,,,chubu-keitozu-chubu_kikan154,extracted,2026-08-04,"孤立站の原図照合で補完 2026-08-04; agent_conf=uncertain; ev:浜松母線の下側 H(704.4,569.6)-(714.8,569.6) から V(704.6,569.0→631.3) が南下。遠江変電所の円群(721.6/739.6/756.9 @607.4)へ到達",tier3,intra
7c3cb9de-b395-4183-a156-e51a28223c83,50030,中部電力パワーグリッド,chubu,154,bcb5a1c3-05c3-4810-a24b-6e751a7b5352,6dd76182-8e55-4ee1-bde1-392e42436eb8,,,,active,,,chubu-keitozu-chubu_kikan154,extracted,2026-08-04,"孤立站の原図照合で補完 2026-08-04; agent_conf=uncertain; ev:local p1。諏訪変電所=站番号5011(円815.7,220.6)、母線 H(805.6,207.4)-(828.6,207.4) w=1.0。V(816.0,207.3→194.2)→H(764.8,194.3)-(816.5,194.3)→V(765.4,194.3→146.2)→中信変電",tier3,intra
c3a0c30e-0579-459e-9e51-69ade0420268,50100,中部電力パワーグリッド,chubu,154,13163b5b-5331-4dd7-b0ef-f5f812b10184,292dfbe7-f432-4515-9216-220dff012ecd,,,,active,,,chubu-keitozu-chubu_kikan154,extracted,2026-08-04,"孤立站の原図照合で補完 2026-08-04; agent_conf=verified; ev:local p1。飯島水力変電所=站番号5020(円539.4,462.8、右に発電所矩形)。V(539.1,455.5→445.5)→H(530.4,445.0)-(565.7,445.0)→V(565.8,445→456.5)→H(565.5,456.9)-(597.4,456.9)→北又渡水力",tier3,intra
3b871fb1-f844-4c73-96e3-8ca3086b17a6,20370,中部電力パワーグリッド,chubu,154,2b0c8354-15ba-43ce-9ca5-7ffcb772f7b3,2f9fb644-da7f-4443-bde9-5223de1664f3,,,,active,,,chubu-keitozu-chubu_kikan154,extracted,2026-08-04,"孤立站の原図照合で補完 2026-08-04; agent_conf=uncertain; ev:local p1。中沢変電所(円849.3,407.3)、母線 H(842.1,397.2)-(856.3,397.2)。V(849.5,400.6→387.5)→H(825.7,387.9)-(885.9,387.9)→V(826.0,387.5→492.9) が南下し清水変電所(円790.9,5",tier3,intra
b516a177-32e7-4a95-842e-e1d2d62b9300,20330/20340,中部電力パワーグリッド,chubu,154,7fc03738-36f1-49e0-9c6f-e4962cd2ea2c,ba06b60d-8692-4be6-b93f-e62e574d70cf,,,,active,,,chubu-keitozu-chubu_kikan154,extracted,2026-08-04,"孤立站の原図照合で補完 2026-08-04; agent_conf=uncertain; ev:local p1。大井川水力変電所=站番号2035(円851.8,331.4、右に発電所矩形)。H(833.8,332.1)-(844.4,332.1)→V(833.8,322.7→352.1) w=1.0。この縦線は y≈346 の水平導体と切れ目なく交差(=接続)し、その導体から V(857.5",tier3,intra
6764f581-d4ba-4d47-a6f5-9252d48ef0d1,40170,中部電力パワーグリッド,chubu,154,a2737f0e-86bb-4955-a508-dcff44e1afdc,5bf54101-99d3-4c25-9bff-0d318e6d991b,,,,active,,,chubu-keitozu-chubu_kikan154,extracted,2026-08-04,"孤立站の原図照合で補完 2026-08-04; agent_conf=uncertain; ev:local p1。根方水力変電所(円624.6,160.7)。V(624.8,153.9→144.3)→H(616.6,144.3)-(634.5,144.3)→V(624.8,144.3→118.6)→母線 H(592.3,118.4)-(634.8,118.4) w=1.0。この母線の直上に 高",tier3,intra
24770674-258d-4942-9180-5cc33d245969,,東北電力ネットワーク,tohoku,154,d5baad20-d17d-4b44-a2e3-5b3ba4961fc7,1c3e6d27-7d0f-46e5-ae17-df5d1b76fdb3,,,,active,,,tohoku-keitozu-tohoku_kikan,extracted,2026-08-04,"孤立站の原図照合で補完 2026-08-04; agent_conf=uncertain; ev:tohoku-keitozu-kikan-202402.pdf p1。刈羽＝○(白丸 r=4.0, 中心(310.2,936.8))、ラベル『刈羽』(287–303,933–941)は左隣。凡例：線幅 5.0/3.0/1.5pt＝500/275/154kV、○＝変電所、●＝他社変電所。刈羽から幅1.",tier3,intra
c076cb69-7dc1-44af-bd80-20e4cea36b5b,,関西電力送配電,kansai,154,1c5346c8-6c9b-489b-97a7-64c72f7a1d12,de90b20e-324f-4671-b38e-7a63d15506a2,,,,active,,,kansai-keitozu-kansai_kikan154,extracted,2026-08-04,孤立站の原図照合で補完 2026-08-04; agent_conf=verified; ev:kansai-keitozu-154kVijou-202404.pdf p2（大阪湾周辺別図）。p2 凡例の線幅は縮小されており本体と縮尺が異なる（凡例:275kV=1.08pt/154kV=0.72pt、本体:275kV=1.8pt/154kV=1.08pt）。裏取り：275kV開閉所『開G』(記,tier3,intra
93797f9e-d75c-4c74-8479-4b8ad658aa1e,北鳩線3・4L,東京電力パワーグリッド,tokyo,154,ebc41f12-4248-421c-b1fe-1c21abbc7f96,80d54fb6-2d71-4f5a-b4f1-f8a1a732c7b0,2,,,active,,,tokyo-keitozu-tokyo_kikan154,extracted,2026-08-04,"孤立站の原図照合で補完 2026-08-04; agent_conf=verified; ev:tepco-keitozu-154kv-fy2024.pdf p2 tile r1c4 + 原寸ズーム(px x3560-3960/y630-950, x3150-3900/y240-560, x3550-4400/y1450-1850)。北東京154kV母線の下側 bay に「北鳩線3,4L ↓4",tier3,intra
93e208f6-5353-42b0-b5c7-3885054a534f,北鳩線3・4L,東京電力パワーグリッド,tokyo,154,ebc41f12-4248-421c-b1fe-1c21abbc7f96,63fa0537-64ae-47fd-a8a0-657008a7d706,2,,,active,,,tokyo-keitozu-tokyo_kikan154,extracted,2026-08-04,"孤立站の原図照合で補完 2026-08-04; agent_conf=verified; ev:同上。鳩ケ谷154kV母線 bay「北鳩線3,4L ↓404」(p2 px x3550-4400/y1450-1850)",tier3,intra
84cd53b6-13cd-43f4-a122-4f8ddaa55aa2,片山線,東京電力パワーグリッド,tokyo,154,f339760c-0f43-48a6-9774-3a2eef4e4545,d669de8a-30b0-4b1f-a626-4cf4a9410bd2,2,,,active,,,tokyo-keitozu-tokyo_kikan154,extracted,2026-08-04,"孤立站の原図照合で補完 2026-08-04; agent_conf=verified; ev:tepco-keitozu-154kv-fy2024.pdf p2 tile r2c2 + 原寸ズーム(px x1200-1900/y1050-1800, x1250-1950/y700-1120)。新座154kV母線の下側 bay「片山線 ↓1320」から2条の導体が南下し、途中 px y≈136",tier3,intra
810ae73a-15b2-4d4d-831f-67d8d30b2143,片山線,東京電力パワーグリッド,tokyo,154,f339760c-0f43-48a6-9774-3a2eef4e4545,64fb3fe6-e618-400e-88c4-41889c195a28,2,,,active,,,tokyo-keitozu-tokyo_kikan154,extracted,2026-08-04,孤立站の原図照合で補完 2026-08-04; agent_conf=verified; ev:同上。武蔵野154kV bay「片山線 ↓1290」(p2 tile r2c2),tier3,intra
06be4f33-5763-43c0-ba1a-a6363498399a,桜ケ丘線,東京電力パワーグリッド,tokyo,154,7431187a-865a-4c7d-bb3b-dc824bc810d9,f95a1aea-3f78-4e91-a83b-41a614e144ff,2,,,active,,,tokyo-keitozu-tokyo_kikan154,extracted,2026-08-04,孤立站の原図照合で補完 2026-08-04; agent_conf=verified; ev:tepco-keitozu-154kv-fy2024.pdf p4 tile r1c1 + 原寸ズーム(px x380-1400/y620-1300)。昭島154kV母線の下側 bay「桜ヶ丘線 ↑273」から上がる導体が px y≈808 で西へ折れ、x≈615-660 で2本のスタブを下ろして郷,tier3,intra
b0872ab1-5dc6-4ff7-9103-7132fe48bfca,桜ケ丘線,東京電力パワーグリッド,tokyo,154,7431187a-865a-4c7d-bb3b-dc824bc810d9,da60f3c8-00f8-4ac1-b3d8-e7afe6b88d0c,2,,,active,,,tokyo-keitozu-tokyo_kikan154,extracted,2026-08-04,孤立站の原図照合で補完 2026-08-04; agent_conf=verified; ev:同上。聖蹟桜ヶ丘154kV bay「桜ケ丘線 ↓244」(p4 tile r1c1),tier3,intra
2c761a2c-68c3-4a3b-a371-2d23e753dd73,阿武隈線,東京電力パワーグリッド,tokyo,275,f64614bf-a969-4c65-bdf5-c2afaa0980f4,6442e05d-05d3-497e-8471-6fc8f17c5261,2,unknown,,active,,,tokyo-keitozu-tokyo_kikan154,extracted,2026-08-04,"孤立站の原図照合で補完 2026-08-04; agent_conf=verified; ev:kikan_p2 tile t_x7840_y780 / page(8390,1272)に「常磐 電圧階級275kV」。母線上のbayは『十王線 ↓200』1組(2回線)のみ、下は3B↓100・2B↓101・バンク合計↓201で66kVへ。この2回線を上へ辿ると page y=1128とy=1145",tier2,intra
bb8344cf-dbf3-45e7-90d0-af2462844c39,阿武隈線,東京電力パワーグリッド,tokyo,275,f64614bf-a969-4c65-bdf5-c2afaa0980f4,3b2f7ed5-68df-45a2-baed-8b32eef67cb2,2,unknown,,active,,,tokyo-keitozu-tokyo_kikan154,extracted,2026-08-04,孤立站の原図照合で補完 2026-08-04; agent_conf=verified; ev:同上。常磐の十王線bay右回線 → cid3966(page y=1128の水平)→ x8736で下降 → 発電所1002016の母線(cyan)、bay名『阿武隈線 ↑810』。同じ母線から『勿来幹線』も出る。tile t_x7840_y780 / t_x8820_y780。,tier2,intra
24e0d336-a030-4066-b63d-9e36d80bde98,北千葉線(花見川線分岐),東京電力パワーグリッド,tokyo,275,f87334a9-02d5-416f-b837-59dd86da130e,97aab4aa-562b-48bf-bd0f-ce91f69599f8,2,,,active,,,tokyo-keitozu-tokyo_kikan154,extracted,2026-08-04,"孤立站の原図照合で補完 2026-08-04; agent_conf=verified; ev:kikan_p2 tile t_x7840_y3900 (abs 7900-8100,4560-4620): 花見川 275kV 母線に bay は「花見川線 ↓750」1本のみ。導体ID 18778/18779 (2回線) を追跡すると、この2本は 新京葉 275kV 母線の「北千葉線 ↓2610",tier2,intra
19e05a99-2378-413c-b269-f3dd0b58a882,北千葉線(花見川線分岐),東京電力パワーグリッド,tokyo,275,f87334a9-02d5-416f-b837-59dd86da130e,4729dba8-54ae-4a0f-83c2-7bf2f78b6382,2,,,active,,,tokyo-keitozu-tokyo_kikan154,extracted,2026-08-04,"孤立站の原図照合で補完 2026-08-04; agent_conf=verified; ev:同上。幹線のもう一方の端は 房総 275kV 母線「北千葉線 ↓1040」bay (tile t_x8820_y3900, abs 9000/9016,4081)。全体の潮流収支: 流入 千葉中央線↑2830 + 房総↓1040 = 3870 / 流出 新京葉↓2610 + 花見川↓750 + 北総",tier2,intra
d2a0c76b-f06a-4421-b2d0-1d801aa91ce8,北千葉線(北総線分岐),東京電力パワーグリッド,tokyo,275,e5513501-dbec-4360-9ba2-08de2b709cc9,97aab4aa-562b-48bf-bd0f-ce91f69599f8,2,,,active,,,tokyo-keitozu-tokyo_kikan154,extracted,2026-08-04,"孤立站の原図照合で補完 2026-08-04; agent_conf=verified; ev:kikan_p2 tile t_x7840_y3900 (abs 8300-8500,3990-4090): 北総 275kV 母線に bay は「北総線 ↓450」1本のみ。その立上りを4倍拡大 (abs 8300-8400,3820-3920) で確認すると、幹線水平線 (y=3864 mage",tier2,intra
0027f881-6350-4d00-8a86-d5a2c291bcd4,北千葉線(北総線分岐),東京電力パワーグリッド,tokyo,275,e5513501-dbec-4360-9ba2-08de2b709cc9,4729dba8-54ae-4a0f-83c2-7bf2f78b6382,2,,,active,,,tokyo-keitozu-tokyo_kikan154,extracted,2026-08-04,"孤立站の原図照合で補完 2026-08-04; agent_conf=verified; ev:同上。幹線のもう一方の端は 房総 275kV「北千葉線 ↓1040」bay (tile t_x8820_y3900, abs 9000/9016,4081)。2回線とも 房総側 bay の遮断器2個に終端することを4倍拡大 (abs 8900-9060,4000-4200) で確認",tier2,intra
15ba7147-282d-47ca-b741-858e70d56f59,黒部幹線,東京電力パワーグリッド,tokyo,154,fc15fbcc-d1c3-445b-b659-f060a1e70f8a,319c4970-420b-484e-a186-d65bc309eeb6,2,,,active,,,tokyo-keitozu-tokyo_kikan154,extracted,2026-08-04,"孤立站の原図照合で補完 2026-08-04; agent_conf=verified; ev:p2 tile(0,0)+(0,780): 上野村(995,742)・両神(995,902) とも bay 無しの bank のみ tap。両站のスタブは導体 cid=2931 (bbox x[887,1032] y[320,1103], 2回線目 cid=3480) に接続。同導体の上端(887,",tier3,intra
66cf9026-7a19-4356-a1c4-d0cdbfdd3a65,黒部幹線,東京電力パワーグリッド,tokyo,154,fc15fbcc-d1c3-445b-b659-f060a1e70f8a,c62244cc-7b37-4972-b6f3-1098cf9a20fd,2,,,active,,,tokyo-keitozu-tokyo_kikan154,extracted,2026-08-04,"孤立站の原図照合で補完 2026-08-04; agent_conf=verified; ev:p2 tile(0,0)+(0,780): 上野村(995,742)・両神(995,902) とも bay 無しの bank のみ tap。両站のスタブは導体 cid=2931 (bbox x[887,1032] y[320,1103], 2回線目 cid=3480) に接続。同導体の上端(887,",tier3,intra
f1063a95-1d85-4435-a176-86c5286a0893,黒部幹線,東京電力パワーグリッド,tokyo,154,ef01ea15-2293-4b07-930b-a3ef00d59de4,319c4970-420b-484e-a186-d65bc309eeb6,2,,,active,,,tokyo-keitozu-tokyo_kikan154,extracted,2026-08-04,"孤立站の原図照合で補完 2026-08-04; agent_conf=verified; ev:p2 tile(0,0)+(0,780): 上野村(995,742)・両神(995,902) とも bay 無しの bank のみ tap。両站のスタブは導体 cid=2931 (bbox x[887,1032] y[320,1103], 2回線目 cid=3480) に接続。同導体の上端(887,",tier3,intra
9d502b33-209e-41de-ab1f-f4dcca948e1d,黒部幹線,東京電力パワーグリッド,tokyo,154,ef01ea15-2293-4b07-930b-a3ef00d59de4,c62244cc-7b37-4972-b6f3-1098cf9a20fd,2,,,active,,,tokyo-keitozu-tokyo_kikan154,extracted,2026-08-04,"孤立站の原図照合で補完 2026-08-04; agent_conf=verified; ev:p2 tile(0,0)+(0,780): 上野村(995,742)・両神(995,902) とも bay 無しの bank のみ tap。両站のスタブは導体 cid=2931 (bbox x[887,1032] y[320,1103], 2回線目 cid=3480) に接続。同導体の上端(887,",tier3,intra
9fc95b86-e942-4623-93a6-d94cc11bf460,奥秩父線,東京電力パワーグリッド,tokyo,154,2bf0bf5b-badc-4ae9-9b5b-61048efdda8a,8f0bc8dc-ad93-440c-9117-204d311bb3fe,2,,,active,,,tokyo-keitozu-tokyo_kikan154,extracted,2026-08-04,"孤立站の原図照合で補完 2026-08-04; agent_conf=verified; ev:p2: 名栗(620,1063) は bay 無し bank 2MWh のみ。スタブ導体 cid=4052(bbox x[503,760] y[384,1103], 2回線目 cid=4532)。上端(503,384)=中東京の「奥秩父線 ↑21」bay、下端(759,1103)=奥秩父の「奥秩父線",tier3,intra
9f9cb6d5-d255-43a6-8f73-96152667ba21,奥秩父線,東京電力パワーグリッド,tokyo,154,2bf0bf5b-badc-4ae9-9b5b-61048efdda8a,319c4970-420b-484e-a186-d65bc309eeb6,2,,,active,,,tokyo-keitozu-tokyo_kikan154,extracted,2026-08-04,"孤立站の原図照合で補完 2026-08-04; agent_conf=verified; ev:p2: 名栗(620,1063) は bay 無し bank 2MWh のみ。スタブ導体 cid=4052(bbox x[503,760] y[384,1103], 2回線目 cid=4532)。上端(503,384)=中東京の「奥秩父線 ↑21」bay、下端(759,1103)=奥秩父の「奥秩父線",tier3,intra
52fe6848-0868-4ae3-9d4a-fff191784125,狭山線,東京電力パワーグリッド,tokyo,154,3769b75c-a45a-48b0-899c-6a8fd7616ea9,a82f9389-32ae-47a2-8af3-c11b8d070499,2,,,active,,,tokyo-keitozu-tokyo_kikan154,extracted,2026-08-04,"孤立站の原図照合で補完 2026-08-04; agent_conf=verified; ev:p2 tile(980,0): 3站とも bay 無し bank のみ。スタブは導体 cid=2100(bbox x[1279,1800] y[384,495], 2回線目 cid=2025 x[1319,1816])。左端(1303,384)=豊岡の「狭山線 ↓0」bay、右端(1800,432)",tier3,intra
4a7b88f1-77f1-4824-89ee-9fa584b4b998,狭山線,東京電力パワーグリッド,tokyo,154,3769b75c-a45a-48b0-899c-6a8fd7616ea9,f6bf38a0-8e4e-4e58-b6af-9b027a3f5833,2,,,active,,,tokyo-keitozu-tokyo_kikan154,extracted,2026-08-04,"孤立站の原図照合で補完 2026-08-04; agent_conf=verified; ev:p2 tile(980,0): 3站とも bay 無し bank のみ。スタブは導体 cid=2100(bbox x[1279,1800] y[384,495], 2回線目 cid=2025 x[1319,1816])。左端(1303,384)=豊岡の「狭山線 ↓0」bay、右端(1800,432)",tier3,intra
7c57cc28-3b4b-48fd-a4cb-3f91ee8a8782,狭山線,東京電力パワーグリッド,tokyo,154,0c28c99d-7231-4229-a01d-ac0b71093a67,a82f9389-32ae-47a2-8af3-c11b8d070499,2,,,active,,,tokyo-keitozu-tokyo_kikan154,extracted,2026-08-04,"孤立站の原図照合で補完 2026-08-04; agent_conf=verified; ev:p2 tile(980,0): 3站とも bay 無し bank のみ。スタブは導体 cid=2100(bbox x[1279,1800] y[384,495], 2回線目 cid=2025 x[1319,1816])。左端(1303,384)=豊岡の「狭山線 ↓0」bay、右端(1800,432)",tier3,intra
c2ded9cb-d3a4-498d-8956-21b7476a2d43,狭山線,東京電力パワーグリッド,tokyo,154,0c28c99d-7231-4229-a01d-ac0b71093a67,f6bf38a0-8e4e-4e58-b6af-9b027a3f5833,2,,,active,,,tokyo-keitozu-tokyo_kikan154,extracted,2026-08-04,"孤立站の原図照合で補完 2026-08-04; agent_conf=verified; ev:p2 tile(980,0): 3站とも bay 無し bank のみ。スタブは導体 cid=2100(bbox x[1279,1800] y[384,495], 2回線目 cid=2025 x[1319,1816])。左端(1303,384)=豊岡の「狭山線 ↓0」bay、右端(1800,432)",tier3,intra
b42840bd-15e9-4db4-a969-408a7fe18dde,狭山線,東京電力パワーグリッド,tokyo,154,5ef8b84f-460e-49e2-b8c0-d7fa96d95bc0,a82f9389-32ae-47a2-8af3-c11b8d070499,2,,,active,,,tokyo-keitozu-tokyo_kikan154,extracted,2026-08-04,"孤立站の原図照合で補完 2026-08-04; agent_conf=verified; ev:p2 tile(980,0): 3站とも bay 無し bank のみ。スタブは導体 cid=2100(bbox x[1279,1800] y[384,495], 2回線目 cid=2025 x[1319,1816])。左端(1303,384)=豊岡の「狭山線 ↓0」bay、右端(1800,432)",tier3,intra
48cb719b-1f27-4f78-aa2e-bc1b4316d58c,狭山線,東京電力パワーグリッド,tokyo,154,5ef8b84f-460e-49e2-b8c0-d7fa96d95bc0,f6bf38a0-8e4e-4e58-b6af-9b027a3f5833,2,,,active,,,tokyo-keitozu-tokyo_kikan154,extracted,2026-08-04,"孤立站の原図照合で補完 2026-08-04; agent_conf=verified; ev:p2 tile(980,0): 3站とも bay 無し bank のみ。スタブは導体 cid=2100(bbox x[1279,1800] y[384,495], 2回線目 cid=2025 x[1319,1816])。左端(1303,384)=豊岡の「狭山線 ↓0」bay、右端(1800,432)",tier3,intra
afdfa16e-d9c0-4323-bd31-dd1cd4d970ff,豊昭線,東京電力パワーグリッド,tokyo,154,df7ef1e6-5602-4b97-8b7b-4d74c1b6ed40,a82f9389-32ae-47a2-8af3-c11b8d070499,2,,,active,,,tokyo-keitozu-tokyo_kikan154,extracted,2026-08-04,"孤立站の原図照合で補完 2026-08-04; agent_conf=verified; ev:p2: 残堀(1310,745) bay 無し bank 16/16 MWh。スタブ導体 cid=2023(bbox x[1223,1344] y[321,1135], 2回線目 cid=4538)。上端(1239,321)=豊岡の「豊昭線 ↓450」bay、下端(1223,1135)=昭島の「豊昭",tier3,intra
3ac1c691-7bec-4158-8f72-1511bfbbe0ca,豊昭線,東京電力パワーグリッド,tokyo,154,df7ef1e6-5602-4b97-8b7b-4d74c1b6ed40,f95a1aea-3f78-4e91-a83b-41a614e144ff,2,,,active,,,tokyo-keitozu-tokyo_kikan154,extracted,2026-08-04,"孤立站の原図照合で補完 2026-08-04; agent_conf=verified; ev:p2: 残堀(1310,745) bay 無し bank 16/16 MWh。スタブ導体 cid=2023(bbox x[1223,1344] y[321,1135], 2回線目 cid=4538)。上端(1239,321)=豊岡の「豊昭線 ↓450」bay、下端(1223,1135)=昭島の「豊昭",tier3,intra
b8ec798d-5839-45d2-ac63-c16abaefb31e,群馬幹線（里）,東京電力パワーグリッド,tokyo,154,7fdfd45d-a833-4f69-8d4d-8835c9b94148,f6bf38a0-8e4e-4e58-b6af-9b027a3f5833,2,,,active,,,tokyo-keitozu-tokyo_kikan154,inferred,2026-08-04,"孤立站の原図照合で補完 2026-08-04; agent_conf=likely; ev:p2 y≈425/438 の横コリドー。左側 cid=2102(x[1967,2367]) 上端(1991,384)=南川越の「群馬幹線(里) ↓90」bay。x≈2372 に切断記号。右側 cid=1595(x[2384,3024]) は x≈2987/3002 で上に伸びて群馬の「群馬幹線(里)",tier3,intra
ab6e5694-8a16-4a51-9eca-9d8b678507d0,群馬幹線（里）,東京電力パワーグリッド,tokyo,154,7fdfd45d-a833-4f69-8d4d-8835c9b94148,2f3b0624-126c-49db-b67c-b86301805fab,2,,,active,,,tokyo-keitozu-tokyo_kikan154,inferred,2026-08-04,"孤立站の原図照合で補完 2026-08-04; agent_conf=likely; ev:p2 y≈425/438 の横コリドー。左側 cid=2102(x[1967,2367]) 上端(1991,384)=南川越の「群馬幹線(里) ↓90」bay。x≈2372 に切断記号。右側 cid=1595(x[2384,3024]) は x≈2987/3002 で上に伸びて群馬の「群馬幹線(里)",tier3,intra
efedbb55-39fa-432a-9b72-c5072a7cab48,群馬幹線（里）,東京電力パワーグリッド,tokyo,154,9d366755-ab6b-44ea-8f67-c9ccc6464704,f6bf38a0-8e4e-4e58-b6af-9b027a3f5833,2,,,active,,,tokyo-keitozu-tokyo_kikan154,inferred,2026-08-04,"孤立站の原図照合で補完 2026-08-04; agent_conf=likely; ev:p2 y≈425/438 の横コリドー。左側 cid=2102(x[1967,2367]) 上端(1991,384)=南川越の「群馬幹線(里) ↓90」bay。x≈2372 に切断記号。右側 cid=1595(x[2384,3024]) は x≈2987/3002 で上に伸びて群馬の「群馬幹線(里)",tier3,intra
c5d987a6-8664-4539-b85f-824ca0af748f,群馬幹線（里）,東京電力パワーグリッド,tokyo,154,9d366755-ab6b-44ea-8f67-c9ccc6464704,2f3b0624-126c-49db-b67c-b86301805fab,2,,,active,,,tokyo-keitozu-tokyo_kikan154,inferred,2026-08-04,"孤立站の原図照合で補完 2026-08-04; agent_conf=likely; ev:p2 y≈425/438 の横コリドー。左側 cid=2102(x[1967,2367]) 上端(1991,384)=南川越の「群馬幹線(里) ↓90」bay。x≈2372 に切断記号。右側 cid=1595(x[2384,3024]) は x≈2987/3002 で上に伸びて群馬の「群馬幹線(里)",tier3,intra
ebfaaf88-65d6-4271-b30e-c48866f6efa8,群馬幹線（里）,東京電力パワーグリッド,tokyo,154,a446bd13-b41e-4e56-8867-b6fea47aec4f,f6bf38a0-8e4e-4e58-b6af-9b027a3f5833,2,,,active,,,tokyo-keitozu-tokyo_kikan154,inferred,2026-08-04,"孤立站の原図照合で補完 2026-08-04; agent_conf=likely; ev:p2 y≈425/438 の横コリドー。左側 cid=2102(x[1967,2367]) 上端(1991,384)=南川越の「群馬幹線(里) ↓90」bay。x≈2372 に切断記号。右側 cid=1595(x[2384,3024]) は x≈2987/3002 で上に伸びて群馬の「群馬幹線(里)",tier3,intra
55121cb2-a156-40b0-abc6-4ad2cc1d15cf,群馬幹線（里）,東京電力パワーグリッド,tokyo,154,a446bd13-b41e-4e56-8867-b6fea47aec4f,2f3b0624-126c-49db-b67c-b86301805fab,2,,,active,,,tokyo-keitozu-tokyo_kikan154,inferred,2026-08-04,"孤立站の原図照合で補完 2026-08-04; agent_conf=likely; ev:p2 y≈425/438 の横コリドー。左側 cid=2102(x[1967,2367]) 上端(1991,384)=南川越の「群馬幹線(里) ↓90」bay。x≈2372 に切断記号。右側 cid=1595(x[2384,3024]) は x≈2987/3002 で上に伸びて群馬の「群馬幹線(里)",tier3,intra
54094560-ca70-4ec8-ad43-227e8e94aaec,群馬幹線（里）,東京電力パワーグリッド,tokyo,154,d5692ee9-eaed-4c96-8576-9a6fe68a4950,f6bf38a0-8e4e-4e58-b6af-9b027a3f5833,2,,,active,,,tokyo-keitozu-tokyo_kikan154,inferred,2026-08-04,"孤立站の原図照合で補完 2026-08-04; agent_conf=likely; ev:p2 y≈425/438 の横コリドー。左側 cid=2102(x[1967,2367]) 上端(1991,384)=南川越の「群馬幹線(里) ↓90」bay。x≈2372 に切断記号。右側 cid=1595(x[2384,3024]) は x≈2987/3002 で上に伸びて群馬の「群馬幹線(里)",tier3,intra
2de71e9d-bd23-49bf-9a23-f99b258082f0,群馬幹線（里）,東京電力パワーグリッド,tokyo,154,d5692ee9-eaed-4c96-8576-9a6fe68a4950,2f3b0624-126c-49db-b67c-b86301805fab,2,,,active,,,tokyo-keitozu-tokyo_kikan154,inferred,2026-08-04,"孤立站の原図照合で補完 2026-08-04; agent_conf=likely; ev:p2 y≈425/438 の横コリドー。左側 cid=2102(x[1967,2367]) 上端(1991,384)=南川越の「群馬幹線(里) ↓90」bay。x≈2372 に切断記号。右側 cid=1595(x[2384,3024]) は x≈2987/3002 で上に伸びて群馬の「群馬幹線(里)",tier3,intra
ea4fb16e-6395-4a52-8bc1-11c73cb15107,群馬幹線（里）,東京電力パワーグリッド,tokyo,154,e34b4e5a-bae0-42e8-98a0-cca366028ecb,f6bf38a0-8e4e-4e58-b6af-9b027a3f5833,2,,,active,,,tokyo-keitozu-tokyo_kikan154,inferred,2026-08-04,"孤立站の原図照合で補完 2026-08-04; agent_conf=likely; ev:p2 y≈425/438 の横コリドー。左側 cid=2102(x[1967,2367]) 上端(1991,384)=南川越の「群馬幹線(里) ↓90」bay。x≈2372 に切断記号。右側 cid=1595(x[2384,3024]) は x≈2987/3002 で上に伸びて群馬の「群馬幹線(里)",tier3,intra
4097ae9f-7d24-4c1b-a938-fa8f4371634f,群馬幹線（里）,東京電力パワーグリッド,tokyo,154,e34b4e5a-bae0-42e8-98a0-cca366028ecb,2f3b0624-126c-49db-b67c-b86301805fab,2,,,active,,,tokyo-keitozu-tokyo_kikan154,extracted,2026-08-04,"孤立站の原図照合で補完 2026-08-04; agent_conf=verified; ev:p2 y≈425/438 の横コリドー。左側 cid=2102(x[1967,2367]) 上端(1991,384)=南川越の「群馬幹線(里) ↓90」bay。x≈2372 に切断記号。右側 cid=1595(x[2384,3024]) は x≈2987/3002 で上に伸びて群馬の「群馬幹線(里)",tier3,intra
4922e9f9-b95c-439c-9069-8aba8b3dc818,北埼玉線,東京電力パワーグリッド,tokyo,154,7b8ea9d8-07ae-43e0-ac3a-98e484152050,7cdfbd99-a29b-42a2-822b-cbee06d82644,2,,,active,,,tokyo-keitozu-tokyo_kikan154,extracted,2026-08-04,"孤立站の原図照合で補完 2026-08-04; agent_conf=verified; ev:p2: 上柴(2140,858) bay 無し bank 12/13/8 MWh 逆潮流あり。スタブ導体 cid=3952(bbox x[2159,2600] y[272,1007])、上端(2599,272)=新岡部の「北埼玉線 ↓523」bay、下端(2599,1007)=埼玉の「北埼玉線 ↓4",tier3,intra
eb1f3aa3-8232-4045-afe0-195472fb2203,北埼玉線,東京電力パワーグリッド,tokyo,154,7b8ea9d8-07ae-43e0-ac3a-98e484152050,17c870f0-d9c9-41f9-ab62-7be36b8499b1,2,,,active,,,tokyo-keitozu-tokyo_kikan154,extracted,2026-08-04,"孤立站の原図照合で補完 2026-08-04; agent_conf=verified; ev:p2: 上柴(2140,858) bay 無し bank 12/13/8 MWh 逆潮流あり。スタブ導体 cid=3952(bbox x[2159,2600] y[272,1007])、上端(2599,272)=新岡部の「北埼玉線 ↓523」bay、下端(2599,1007)=埼玉の「北埼玉線 ↓4",tier3,intra
ba467a5b-2cb0-401b-8489-e753b25548b5,志木線,東京電力パワーグリッド,tokyo,154,3061ba6a-ef12-4263-a93b-f0f3a936e3e3,f6bf38a0-8e4e-4e58-b6af-9b027a3f5833,2,,,active,,,tokyo-keitozu-tokyo_kikan154,extracted,2026-08-04,"孤立站の原図照合で補完 2026-08-04; agent_conf=verified; ev:p2: 3站とも bay 無し bank のみ。スタブ導体 cid=3950(bbox x[1863,2184] y[384,1535], 2回線目 cid=4830 x[1879,2200] y[856,1535])。上端(1863,384)=南川越の「志木線 ↓462」bay、下端(2183,1",tier3,intra
147b21f8-9e57-4a47-9bd1-d4703a63abf7,志木線,東京電力パワーグリッド,tokyo,154,3061ba6a-ef12-4263-a93b-f0f3a936e3e3,b99b702b-d700-4c79-91f4-db44f8ec7f5e,2,,,active,,,tokyo-keitozu-tokyo_kikan154,extracted,2026-08-04,"孤立站の原図照合で補完 2026-08-04; agent_conf=verified; ev:p2: 3站とも bay 無し bank のみ。スタブ導体 cid=3950(bbox x[1863,2184] y[384,1535], 2回線目 cid=4830 x[1879,2200] y[856,1535])。上端(1863,384)=南川越の「志木線 ↓462」bay、下端(2183,1",tier3,intra
fe591956-e0e9-4007-b337-7323c6ff59f5,志木線,東京電力パワーグリッド,tokyo,154,ec820e1f-7841-4d6c-8eb3-6dc9bb6d36ce,f6bf38a0-8e4e-4e58-b6af-9b027a3f5833,2,,,active,,,tokyo-keitozu-tokyo_kikan154,extracted,2026-08-04,"孤立站の原図照合で補完 2026-08-04; agent_conf=verified; ev:p2: 3站とも bay 無し bank のみ。スタブ導体 cid=3950(bbox x[1863,2184] y[384,1535], 2回線目 cid=4830 x[1879,2200] y[856,1535])。上端(1863,384)=南川越の「志木線 ↓462」bay、下端(2183,1",tier3,intra
a0f681f4-70ce-46c3-9281-2770179a94ec,志木線,東京電力パワーグリッド,tokyo,154,ec820e1f-7841-4d6c-8eb3-6dc9bb6d36ce,b99b702b-d700-4c79-91f4-db44f8ec7f5e,2,,,active,,,tokyo-keitozu-tokyo_kikan154,extracted,2026-08-04,"孤立站の原図照合で補完 2026-08-04; agent_conf=verified; ev:p2: 3站とも bay 無し bank のみ。スタブ導体 cid=3950(bbox x[1863,2184] y[384,1535], 2回線目 cid=4830 x[1879,2200] y[856,1535])。上端(1863,384)=南川越の「志木線 ↓462」bay、下端(2183,1",tier3,intra
2f705041-df3c-40cf-a5da-0f9999db45b6,志木線,東京電力パワーグリッド,tokyo,154,4364d454-f36e-45b6-a58a-65e02e05459d,f6bf38a0-8e4e-4e58-b6af-9b027a3f5833,2,,,active,,,tokyo-keitozu-tokyo_kikan154,extracted,2026-08-04,"孤立站の原図照合で補完 2026-08-04; agent_conf=verified; ev:p2: 3站とも bay 無し bank のみ。スタブ導体 cid=3950(bbox x[1863,2184] y[384,1535], 2回線目 cid=4830 x[1879,2200] y[856,1535])。上端(1863,384)=南川越の「志木線 ↓462」bay、下端(2183,1",tier3,intra
d15dca4b-b4b7-4fda-9d60-801804e6145a,志木線,東京電力パワーグリッド,tokyo,154,4364d454-f36e-45b6-a58a-65e02e05459d,b99b702b-d700-4c79-91f4-db44f8ec7f5e,2,,,active,,,tokyo-keitozu-tokyo_kikan154,extracted,2026-08-04,"孤立站の原図照合で補完 2026-08-04; agent_conf=verified; ev:p2: 3站とも bay 無し bank のみ。スタブ導体 cid=3950(bbox x[1863,2184] y[384,1535], 2回線目 cid=4830 x[1879,2200] y[856,1535])。上端(1863,384)=南川越の「志木線 ↓462」bay、下端(2183,1",tier3,intra
c5af8752-36d9-4b6a-ba9b-88be66187a73,東埼玉線,東京電力パワーグリッド,tokyo,154,eb72040f-22ad-4c77-aa93-1b32aa097180,17c870f0-d9c9-41f9-ab62-7be36b8499b1,2,,,active,,,tokyo-keitozu-tokyo_kikan154,extracted,2026-08-04,"孤立站の原図照合で補完 2026-08-04; agent_conf=verified; ev:p2: 深作(2990,1000) bay 無し bank 12/12/16 MWh。スタブ導体 cid=3711(bbox x[2711,3424] y[919,975])。左端(2711,920)は上に伸びて埼玉の「東埼玉線 ↓0」bay、右端(3424,920)は下に伸びて岩槻の「東埼玉線 ↑",tier3,intra
2b5bcfb3-cc10-4321-b530-26cc6189321f,東埼玉線,東京電力パワーグリッド,tokyo,154,eb72040f-22ad-4c77-aa93-1b32aa097180,150fe35a-6c35-4fbb-96f0-7bad74e6467d,2,,,active,,,tokyo-keitozu-tokyo_kikan154,extracted,2026-08-04,"孤立站の原図照合で補完 2026-08-04; agent_conf=verified; ev:p2: 深作(2990,1000) bay 無し bank 12/12/16 MWh。スタブ導体 cid=3711(bbox x[2711,3424] y[919,975])。左端(2711,920)は上に伸びて埼玉の「東埼玉線 ↓0」bay、右端(3424,920)は下に伸びて岩槻の「東埼玉線 ↑",tier3,intra
c0ea0b0c-6aad-4549-84ce-851156ebe0ad,京北線,東京電力パワーグリッド,tokyo,154,7b3a5f9b-39b2-41d1-8e7e-ae446ef61cd5,f6bf38a0-8e4e-4e58-b6af-9b027a3f5833,2,,,active,,,tokyo-keitozu-tokyo_kikan154,extracted,2026-08-04,"孤立站の原図照合で補完 2026-08-04; agent_conf=verified; ev:p2: 宮戸(2760,760)・新郷(3220,760) とも bay 無し bank のみ。スタブ導体 cid=2910(bbox x[1927,4152] y[384,799], 2回線目 cid=2030)。上端(1927,384)=南川越の「京北線 ↓99」bay、下端(4151,799)",tier3,intra
e8db71ad-e7fa-440d-b7bb-6dd5b762f96e,京北線,東京電力パワーグリッド,tokyo,154,7b3a5f9b-39b2-41d1-8e7e-ae446ef61cd5,3e2d6a42-21c3-4ea7-b1bf-d45301b1d606,2,,,active,,,tokyo-keitozu-tokyo_kikan154,extracted,2026-08-04,"孤立站の原図照合で補完 2026-08-04; agent_conf=verified; ev:p2: 宮戸(2760,760)・新郷(3220,760) とも bay 無し bank のみ。スタブ導体 cid=2910(bbox x[1927,4152] y[384,799], 2回線目 cid=2030)。上端(1927,384)=南川越の「京北線 ↓99」bay、下端(4151,799)",tier3,intra
477d5a24-3cf9-4e48-b09d-7af5fc2a7b9a,京北線,東京電力パワーグリッド,tokyo,154,63fb496e-9142-4b58-80ee-bed467464dc8,f6bf38a0-8e4e-4e58-b6af-9b027a3f5833,2,,,active,,,tokyo-keitozu-tokyo_kikan154,extracted,2026-08-04,"孤立站の原図照合で補完 2026-08-04; agent_conf=verified; ev:p2: 宮戸(2760,760)・新郷(3220,760) とも bay 無し bank のみ。スタブ導体 cid=2910(bbox x[1927,4152] y[384,799], 2回線目 cid=2030)。上端(1927,384)=南川越の「京北線 ↓99」bay、下端(4151,799)",tier3,intra
50190854-efa6-4c00-bb94-df428440964a,京北線,東京電力パワーグリッド,tokyo,154,63fb496e-9142-4b58-80ee-bed467464dc8,3e2d6a42-21c3-4ea7-b1bf-d45301b1d606,2,,,active,,,tokyo-keitozu-tokyo_kikan154,extracted,2026-08-04,"孤立站の原図照合で補完 2026-08-04; agent_conf=verified; ev:p2: 宮戸(2760,760)・新郷(3220,760) とも bay 無し bank のみ。スタブ導体 cid=2910(bbox x[1927,4152] y[384,799], 2回線目 cid=2030)。上端(1927,384)=南川越の「京北線 ↓99」bay、下端(4151,799)",tier3,intra
8c56dcde-c6a1-47fc-b3eb-2381dee1a7f2,久喜線,東京電力パワーグリッド,tokyo,154,9709ad15-1986-46f2-b6dd-f7368030c2a9,80d54fb6-2d71-4f5a-b4f1-f8a1a732c7b0,2,,,active,,,tokyo-keitozu-tokyo_kikan154,inferred,2026-08-04,"孤立站の原図照合で補完 2026-08-04; agent_conf=likely; ev:p2 y≈455/470 の横コリドー(図上ラベル「小北線」x≈4013)。左端は北東京の「久喜線 ↓123」bay(縦導体 x≈3383/3400 が y≈454/471 で右へ折れる, z_kohoku_left.png)。菖蒲(4020,102)・久喜(4020,243) は上下逆向き描画で、",tier3,intra
e7176ed5-fea3-446b-b40f-2a3e35f092df,久喜線,東京電力パワーグリッド,tokyo,154,830d0316-b5dd-41c0-8f5b-f48a2269a450,80d54fb6-2d71-4f5a-b4f1-f8a1a732c7b0,2,,,active,,,tokyo-keitozu-tokyo_kikan154,inferred,2026-08-04,"孤立站の原図照合で補完 2026-08-04; agent_conf=likely; ev:p2 y≈455/470 の横コリドー(図上ラベル「小北線」x≈4013)。左端は北東京の「久喜線 ↓123」bay(縦導体 x≈3383/3400 が y≈454/471 で右へ折れる, z_kohoku_left.png)。菖蒲(4020,102)・久喜(4020,243) は上下逆向き描画で、",tier3,intra
3e3b6a49-34a5-4ec4-a05b-3e7b4ca322f5,久喜線／小北線,東京電力パワーグリッド,tokyo,154,7d541717-062c-48fe-8b0f-6e31e1624899,80d54fb6-2d71-4f5a-b4f1-f8a1a732c7b0,2,,,active,,,tokyo-keitozu-tokyo_kikan154,inferred,2026-08-04,"孤立站の原図照合で補完 2026-08-04; agent_conf=likely; ev:p2 y≈455/470 の横コリドー(図上ラベル「小北線」x≈4013)。左端は北東京の「久喜線 ↓123」bay(縦導体 x≈3383/3400 が y≈454/471 で右へ折れる, z_kohoku_left.png)。菖蒲(4020,102)・久喜(4020,243) は上下逆向き描画で、",tier3,intra
1dd4f24b-c76e-4015-a4d1-4cf3fe5665df,小北線,東京電力パワーグリッド,tokyo,154,8665cd7e-56e3-450f-a590-af45fed09ca8,0650d830-44e3-4d55-9174-bdb1fa458e8f,2,,,active,,,tokyo-keitozu-tokyo_kikan154,inferred,2026-08-04,"孤立站の原図照合で補完 2026-08-04; agent_conf=likely; ev:p2 y≈455/470 の横コリドー(図上ラベル「小北線」x≈4013)。左端は北東京の「久喜線 ↓123」bay(縦導体 x≈3383/3400 が y≈454/471 で右へ折れる, z_kohoku_left.png)。菖蒲(4020,102)・久喜(4020,243) は上下逆向き描画で、",tier3,intra
7d644ef7-6cd8-48e9-a8c6-d7e4b7408498,小北線,東京電力パワーグリッド,tokyo,154,8665cd7e-56e3-450f-a590-af45fed09ca8,76cd5518-fd7e-46d1-81cd-720ccb76e85c,2,,,active,,,tokyo-keitozu-tokyo_kikan154,inferred,2026-08-04,"孤立站の原図照合で補完 2026-08-04; agent_conf=uncertain; ev:p2 y≈455/470 の横コリドー(図上ラベル「小北線」x≈4013)。左端は北東京の「久喜線 ↓123」bay(縦導体 x≈3383/3400 が y≈454/471 で右へ折れる, z_kohoku_left.png)。菖蒲(4020,102)・久喜(4020,243) は上下逆向き描画で、",tier3,intra
0a22eb9d-e3c9-4296-8774-ffd6ef0bb633,八千代線,東京電力パワーグリッド,tokyo,154,5f79fc2c-5e1b-460b-9545-34fb2f5edc20,27f314e0-a83f-4666-bcfe-2abb18f7c9cc,2,,,active,,,tokyo-keitozu-tokyo_kikan154,inferred,2026-08-04,"孤立站の原図照合で補完 2026-08-04; agent_conf=likely; ev:p2 z_yachi2.png(4900,420 起点 6倍): 八千代(4970,578) の2本のスタブは x≈4968/4983 の縦導体に直結し、その縦導体は上へ新筑波の「八千代線 ↓480」bay(x≈4960/4978, y≈270-300)まで連続。小北線コリドー(y≈455/470)",tier3,intra
00cccd8a-1ff0-44fd-8583-1d7522b4bebd,猪苗代新幹線,東京電力パワーグリッド,tokyo,154,7c50bd70-3af5-42f2-a1f9-f9beb6024acf,76cd5518-fd7e-46d1-81cd-720ccb76e85c,2,,,active,,,tokyo-keitozu-tokyo_kikan154,inferred,2026-08-04,"孤立站の原図照合で補完 2026-08-04; agent_conf=likely; ev:p2 y≈501/519 の横コリドー(図上ラベル「猪苗代新幹線」x≈4020)。上吉羽(3900,583)・五霞(4090,583) のスタブは cid=2916(x[3319,4207] y[384,1567])。x≈4213 に切断記号。切断の右は cid=2475(x[4224,4696] ",tier3,intra
14e0f992-e53d-49ae-aea5-e3b992a4cbd2,猪苗代新幹線,東京電力パワーグリッド,tokyo,154,a7ae08dc-821c-49c9-8537-70002e8c3223,76cd5518-fd7e-46d1-81cd-720ccb76e85c,2,,,active,,,tokyo-keitozu-tokyo_kikan154,inferred,2026-08-04,"孤立站の原図照合で補完 2026-08-04; agent_conf=likely; ev:p2 y≈501/519 の横コリドー(図上ラベル「猪苗代新幹線」x≈4020)。上吉羽(3900,583)・五霞(4090,583) のスタブは cid=2916(x[3319,4207] y[384,1567])。x≈4213 に切断記号。切断の右は cid=2475(x[4224,4696] ",tier3,intra
c0016daf-3b12-4560-a6d4-9da1af6cb6a2,猪苗代新幹線,東京電力パワーグリッド,tokyo,154,4b1af2df-65ec-4053-9f82-4486a80e5008,76cd5518-fd7e-46d1-81cd-720ccb76e85c,2,,,active,,,tokyo-keitozu-tokyo_kikan154,inferred,2026-08-04,"孤立站の原図照合で補完 2026-08-04; agent_conf=likely; ev:p2 y≈501/519 の横コリドー(図上ラベル「猪苗代新幹線」x≈4020)。上吉羽(3900,583)・五霞(4090,583) のスタブは cid=2916(x[3319,4207] y[384,1567])。x≈4213 に切断記号。切断の右は cid=2475(x[4224,4696] ",tier3,intra
3bf4ed78-d2dc-4397-93c6-f3bc2cf0f2a4,川世線,東京電力パワーグリッド,tokyo,154,52645027-038b-47bb-9c4e-48bd4f141aeb,db0fa004-7406-430e-8398-8dff3cfc209a,2,,,active,,,tokyo-keitozu-tokyo_kikan154,extracted,2026-08-04,"孤立站の原図照合で補完 2026-08-04; agent_conf=verified; ev:p2 z_kuji.png: 久地(640,1638) bay 無し bank 3台。スタブ導体 cid=5522(bbox x[519,1128] y[1567,1855])。左端(519,1855)=南武の「川世線」bay、右端(1128,1568)=千歳の「川世線 ↓195」bay。中富線の縦",tier3,intra
03026c70-f84c-4db2-91bf-df9b559d6238,川世線,東京電力パワーグリッド,tokyo,154,52645027-038b-47bb-9c4e-48bd4f141aeb,32d13d32-f4e1-4182-9b47-23d2c2c34920,2,,,active,,,tokyo-keitozu-tokyo_kikan154,extracted,2026-08-04,"孤立站の原図照合で補完 2026-08-04; agent_conf=verified; ev:p2 z_kuji.png: 久地(640,1638) bay 無し bank 3台。スタブ導体 cid=5522(bbox x[519,1128] y[1567,1855])。左端(519,1855)=南武の「川世線」bay、右端(1128,1568)=千歳の「川世線 ↓195」bay。中富線の縦",tier3,intra
7332a843-3d12-4203-9816-584ce8663f6d,小松川線,東京電力パワーグリッド,tokyo,154,91e7e668-904d-4e30-a171-abf3d8e97553,3e2d6a42-21c3-4ea7-b1bf-d45301b1d606,2,,,active,,,tokyo-keitozu-tokyo_kikan154,inferred,2026-08-04,"孤立站の原図照合で補完 2026-08-04; agent_conf=likely; ev:p2 y≈1192/1207 の横コリドー(cid=4041, bbox x[4399,5024] y[1008,2136])。上端(4647,1008)=京北の「小松川線 ↓0」bay、下端(4400,2136)=北葛飾の「小松川線 ↓490」bay。伊原(4470,1285)・寄巻(4645,1",tier3,intra
fa56a556-90aa-4a38-b14e-20f3d1714196,小松川線,東京電力パワーグリッド,tokyo,154,91e7e668-904d-4e30-a171-abf3d8e97553,cbcbf289-0fbf-459a-9e09-15308bae5b69,2,,,active,,,tokyo-keitozu-tokyo_kikan154,inferred,2026-08-04,"孤立站の原図照合で補完 2026-08-04; agent_conf=likely; ev:p2 y≈1192/1207 の横コリドー(cid=4041, bbox x[4399,5024] y[1008,2136])。上端(4647,1008)=京北の「小松川線 ↓0」bay、下端(4400,2136)=北葛飾の「小松川線 ↓490」bay。伊原(4470,1285)・寄巻(4645,1",tier3,intra
fcb8bde7-51bc-4dd0-b40b-bf2bd83bd6f9,小松川線,東京電力パワーグリッド,tokyo,154,8bd0a821-a12e-4a54-a5bb-9824288b3f84,3e2d6a42-21c3-4ea7-b1bf-d45301b1d606,2,,,active,,,tokyo-keitozu-tokyo_kikan154,inferred,2026-08-04,"孤立站の原図照合で補完 2026-08-04; agent_conf=likely; ev:p2 y≈1192/1207 の横コリドー(cid=4041, bbox x[4399,5024] y[1008,2136])。上端(4647,1008)=京北の「小松川線 ↓0」bay、下端(4400,2136)=北葛飾の「小松川線 ↓490」bay。伊原(4470,1285)・寄巻(4645,1",tier3,intra
8a323e2c-6dd7-41d7-8fac-d64ffcbfe97d,小松川線,東京電力パワーグリッド,tokyo,154,8bd0a821-a12e-4a54-a5bb-9824288b3f84,cbcbf289-0fbf-459a-9e09-15308bae5b69,2,,,active,,,tokyo-keitozu-tokyo_kikan154,inferred,2026-08-04,"孤立站の原図照合で補完 2026-08-04; agent_conf=likely; ev:p2 y≈1192/1207 の横コリドー(cid=4041, bbox x[4399,5024] y[1008,2136])。上端(4647,1008)=京北の「小松川線 ↓0」bay、下端(4400,2136)=北葛飾の「小松川線 ↓490」bay。伊原(4470,1285)・寄巻(4645,1",tier3,intra
83120d75-d76d-4aa4-9036-bf3d2bbe0334,小松川線,東京電力パワーグリッド,tokyo,154,feaaf011-21c6-4960-b989-5bd9774b6810,3e2d6a42-21c3-4ea7-b1bf-d45301b1d606,2,,,active,,,tokyo-keitozu-tokyo_kikan154,inferred,2026-08-04,"孤立站の原図照合で補完 2026-08-04; agent_conf=likely; ev:p2 y≈1192/1207 の横コリドー(cid=4041, bbox x[4399,5024] y[1008,2136])。上端(4647,1008)=京北の「小松川線 ↓0」bay、下端(4400,2136)=北葛飾の「小松川線 ↓490」bay。伊原(4470,1285)・寄巻(4645,1",tier3,intra
0bbecb1c-edbd-4c1a-9155-35e5208286cd,小松川線,東京電力パワーグリッド,tokyo,154,feaaf011-21c6-4960-b989-5bd9774b6810,cbcbf289-0fbf-459a-9e09-15308bae5b69,2,,,active,,,tokyo-keitozu-tokyo_kikan154,inferred,2026-08-04,"孤立站の原図照合で補完 2026-08-04; agent_conf=likely; ev:p2 y≈1192/1207 の横コリドー(cid=4041, bbox x[4399,5024] y[1008,2136])。上端(4647,1008)=京北の「小松川線 ↓0」bay、下端(4400,2136)=北葛飾の「小松川線 ↓490」bay。伊原(4470,1285)・寄巻(4645,1",tier3,intra
81f6e470-9b5f-4f1b-a811-5f4039682372,北船橋線,東京電力パワーグリッド,tokyo,154,b5b26821-3824-46dc-b43a-54b144cbee0f,97aab4aa-562b-48bf-bd0f-ce91f69599f8,2,,,active,,,tokyo-keitozu-tokyo_kikan154,extracted,2026-08-04,"孤立站の原図照合で補完 2026-08-04; agent_conf=verified; ev:p3 tile t_x2940_y780 / abs(2760-3010,850-960)。二和東は線名bayを持たずMWh(16/11)のみ=tap。新京葉154kV bay「北船橋線 ↓489」abs(3000,512)から降りる2条(cid2263/2264,x=2983/2999)が abs",tier3,intra
aab58af7-2787-4c32-86c4-457fd3cbd617,北船橋線,東京電力パワーグリッド,tokyo,154,b5b26821-3824-46dc-b43a-54b144cbee0f,09f71510-b869-4765-95e0-56a93959a35e,2,,,active,,,tokyo-keitozu-tokyo_kikan154,extracted,2026-08-04,"孤立站の原図照合で補完 2026-08-04; agent_conf=verified; ev:同上。x=2983/2999 の縦2条は abs y=1295 以降も南下し、下総154kV bay「北船橋線 ↓266」abs(2982/3000,1400) に入る（hc_tsD2.png）。",tier3,intra
2bd84415-2cac-41c2-8b8e-3ee73ce2d43b,生実線,東京電力パワーグリッド,tokyo,154,9f49eb46-bb3b-4cfc-8a08-776b0e8dddf3,4729dba8-54ae-4a0f-83c2-7bf2f78b6382,,,,active,,,tokyo-keitozu-tokyo_kikan154,extracted,2026-08-04,"孤立站の原図照合で補完 2026-08-04; agent_conf=verified; ev:p3 abs(3639-3832,736-1087)。潤井戸は線名bay無し・「逆潮流あり」表記のみ=tap。stubは abs y=736 の横線→abs x=3831 の縦線に合流し、北は房総154kV bay「生実線 ↓109」へ、南は東千葉 bay「生実線 ↓114」へ（hc_p3uru.p",tier3,intra
e055478c-9900-4249-9da8-4750dd39e309,生実線,東京電力パワーグリッド,tokyo,154,9f49eb46-bb3b-4cfc-8a08-776b0e8dddf3,a3026d39-bbd7-40c9-b6ea-ecaed80d1a23,,,,active,,,tokyo-keitozu-tokyo_kikan154,extracted,2026-08-04,"孤立站の原図照合で補完 2026-08-04; agent_conf=verified; ev:同上。abs(3831,1087)で東千葉154kV bay「生実線 ↓114」に入る。",tier3,intra
62780d8a-2298-4304-a059-cddbef59094d,亀戸線,東京電力パワーグリッド,tokyo,154,1837cccc-b2d9-437e-9343-0388adcd3f54,cbcbf289-0fbf-459a-9e09-15308bae5b69,2,,,active,,,tokyo-keitozu-tokyo_kikan154,extracted,2026-08-04,"孤立站の原図照合で補完 2026-08-04; agent_conf=verified; ev:p3 abs(1279-1504,1680-1903)。松島は線名bay無し(12/10 MWh)=tap。stub→abs y=1680 の横線→abs x=1504 の縦線→亀戸154kV bay「亀戸線 ↓22」。並走する同一corridorのもう1条(cid3890)は北葛飾154kV ba",tier3,intra
348abc50-539d-4861-be26-5421e4cf8f16,亀戸線,東京電力パワーグリッド,tokyo,154,1837cccc-b2d9-437e-9343-0388adcd3f54,232a9642-b02e-4507-b7ae-2779c34720f3,2,,,active,,,tokyo-keitozu-tokyo_kikan154,extracted,2026-08-04,"孤立站の原図照合で補完 2026-08-04; agent_conf=verified; ev:同上。abs(1504,1839)付近で亀戸の「亀戸線 ↓22」bayへ。",tier3,intra
d333f7aa-8e2f-442b-9883-390f9b67c8f8,亀戸線,東京電力パワーグリッド,tokyo,154,2d8159fc-c76f-4f6d-9b6f-584f0796f682,cbcbf289-0fbf-459a-9e09-15308bae5b69,2,,,active,,,tokyo-keitozu-tokyo_kikan154,extracted,2026-08-04,"孤立站の原図照合で補完 2026-08-04; agent_conf=verified; ev:p3 abs(1054/1117,1542)。小合は線名bay無し(0/16 MWh)=tap。2 stubは abs y=1440 の横線(cid3890)にぶら下がる。cid3890 の北端 abs(1136,1057) は北葛飾154kV bay「亀戸線 ↓260」の降り口（hc_p3w3.p",tier3,intra
c83f2395-73c1-4765-b7ca-80d8bceb0bfe,亀戸線,東京電力パワーグリッド,tokyo,154,2d8159fc-c76f-4f6d-9b6f-584f0796f682,232a9642-b02e-4507-b7ae-2779c34720f3,2,,,active,,,tokyo-keitozu-tokyo_kikan154,inferred,2026-08-04,"孤立站の原図照合で補完 2026-08-04; agent_conf=likely; ev:同上。cid3890 の南端 abs(1503,1663) は亀戸「亀戸線 ↓22」bay の降り口直上で途切れる（同一corridorの並走回線が亀戸bayに入る）。",tier3,intra
d897e6ac-9c27-4113-944e-9acb171f9514,亀戸線,東京電力パワーグリッド,tokyo,154,2af3bff3-2fd1-4b89-8bff-fb7320d7da83,cbcbf289-0fbf-459a-9e09-15308bae5b69,2,,,active,,,tokyo-keitozu-tokyo_kikan154,extracted,2026-08-04,"孤立站の原図照合で補完 2026-08-04; agent_conf=verified; ev:p3 abs(1254/1308,1542)。水元も線名bay無し=tap。小合と同じ cid3890(abs y=1440 の横線)にぶら下がる。",tier3,intra
4132cdda-26a9-4b2d-a8aa-34fd10f4fc17,亀戸線,東京電力パワーグリッド,tokyo,154,2af3bff3-2fd1-4b89-8bff-fb7320d7da83,232a9642-b02e-4507-b7ae-2779c34720f3,2,,,active,,,tokyo-keitozu-tokyo_kikan154,inferred,2026-08-04,孤立站の原図照合で補完 2026-08-04; agent_conf=likely; ev:同上。,tier3,intra
a76498a8-b345-4e5c-8207-92e3dff76a42,小松川線,東京電力パワーグリッド,tokyo,154,feaaf011-21c6-4960-b989-5bd9774b6810,3e31e1c5-3935-4421-882a-ebb7835cdec8,,,,active,,,tokyo-keitozu-tokyo_kikan154,extracted,2026-08-04,"孤立站の原図照合で補完 2026-08-04; agent_conf=verified; ev:p3 abs(1687/1750,1642)。東小岩は線名bay無し(13/5/6 MWh)=tap。stub→abs y=1552 の横線→abs x=1847/1863 の縦線→小松川154kV bay「小松川線 ↓0」abs(1847,1839)（hc_p3west2.png）。",tier3,intra
3e93b42d-49f6-4f4d-aa1f-4f68ac50d0ca,小松川線,東京電力パワーグリッド,tokyo,154,91e7e668-904d-4e30-a171-abf3d8e97553,978f10b4-d4a3-4a23-a906-cc3042c4fde6,,,,active,,,tokyo-keitozu-tokyo_kikan154,extracted,2026-08-04,"孤立站の原図照合で補完 2026-08-04; agent_conf=verified; ev:p3 abs(600-700,860-960)。伊原は線名bay無し(12/15/14 MWh)=tap。stubは abs x=646 の縦線に直接乗り、その縦線は東八潮154kV bay「小松川線 ↓310」へ降りる（hc_p3ykN.png）。",tier3,intra
07354250-517f-4ac2-99ab-a102d64e4c75,花畑線,東京電力パワーグリッド,tokyo,154,b26ee6a2-ae3e-4d52-acb4-c0ed35d57af2,f13b5986-d49f-4bde-97d4-76bb32ec475f,2,,,active,,,tokyo-keitozu-tokyo_kikan154,extracted,2026-08-04,"孤立站の原図照合で補完 2026-08-04; agent_conf=verified; ev:p3 abs(671-840,1520-1823)。大瀬は線名bay無し(13/11 MWh)=tap。2 stub→abs y=1520 の横線→abs x=839/868 の縦線→花畑154kV bay「花畑線 ↓133」abs(839,1823)（hc_p3w3.png の青）。",tier3,intra
37688af0-16d4-4889-b413-b36736408915,(送電線なし・275/154 変圧器バンク 5B-8B 直結),東京電力パワーグリッド,tokyo,275,112208a7-a386-43c0-a202-51c04a87ca5a,739f1467-87ce-4459-989a-6bf594caf702,4,,,active,,,tokyo-keitozu-tokyo_kikan154,extracted,2026-08-04,"孤立站の原図照合で補完 2026-08-04; agent_conf=verified; ev:p3 abs(4380-5220,150-640)。新木更津 500kV→(1-2B 合計↓1440)→275kV母線、その 5B/6B/7B/8B バンクの下端が abs y≈470-490 の内房154kV母線に直結（z_p3uchi.png）。内房154kVには線名bayが一つも無く、下に 4",tier2,intra
8f3f455c-aa2e-4fd5-9a32-8a962acac231,基幹_送電線No.10,東京電力パワーグリッド,tokyo,154,6893899f-068a-48cf-ad9c-3f3fec7ff040,39a63c7d-a826-465a-9959-645c8e275379,2,,,active,,,tokyo-keitozu-tokyo_kikan154,extracted,2026-08-04,"孤立站の原図照合で補完 2026-08-04; agent_conf=verified; ev:p4 tile grid_k154_p4/t_x0_y0.png。西東京154kV母線の下に『基幹_送電線No.10 ↓104』bay(2回線)。導体cid=1571(bbox x[39,488] y[568,655])に東山田(17/13/15MWh)とセンター北(24/24MWh)のスタブが直付",tier3,intra
f0b09257-f424-413a-a51c-02f7827664ba,狭山線,東京電力パワーグリッド,tokyo,154,eeb1c308-77a9-4b1b-a0de-782cdb5da55f,a82f9389-32ae-47a2-8af3-c11b8d070499,2,,,active,,,tokyo-keitozu-tokyo_kikan154,extracted,2026-08-04,"孤立站の原図照合で補完 2026-08-04; agent_conf=verified; ev:p4 tiles t_x0_y0.png / t_x980_y0.png。導体cid=1364 (bbox x[975,1456] y[352,607]) の両端＝豊岡154kV『狭山線 ↓0』bay(abs 975,352) と 南川越154kV『狭山線 ↓95』bay(abs 1456,424,",tier3,intra
cb7f996d-7193-4095-aa28-acf9bffcd050,狭山線,東京電力パワーグリッド,tokyo,154,eeb1c308-77a9-4b1b-a0de-782cdb5da55f,f6bf38a0-8e4e-4e58-b6af-9b027a3f5833,2,,,active,,,tokyo-keitozu-tokyo_kikan154,extracted,2026-08-04,"孤立站の原図照合で補完 2026-08-04; agent_conf=verified; ev:p4 tiles t_x0_y0.png / t_x980_y0.png。導体cid=1364 (bbox x[975,1456] y[352,607]) の両端＝豊岡154kV『狭山線 ↓0』bay(abs 975,352) と 南川越154kV『狭山線 ↓95』bay(abs 1456,424,",tier3,intra
05a295ab-3c6f-487f-a23d-65d2db3639e0,基幹_送電線No.10,東京電力パワーグリッド,tokyo,154,803615f6-24eb-4a4c-9436-4c0837b75637,39a63c7d-a826-465a-9959-645c8e275379,,,,active,,,tokyo-keitozu-tokyo_kikan154,extracted,2026-08-04,"孤立站の原図照合で補完 2026-08-04; agent_conf=verified; ev:p5 導体cid=4533。両端bay: 西東京154kV『基幹_送電線No.10 ↓104』(page 3511,1560) と 東川崎154kV『基幹_送電線No.10 ↑127』(page 4311,2095)。同一導体上に線名bayを持たない5站がスタブでぶら下がる: 黒川(3580,202",tier3,intra
f3ef385a-40c6-4f63-8bfa-8752eaf49083,基幹_送電線No.10,東京電力パワーグリッド,tokyo,154,803615f6-24eb-4a4c-9436-4c0837b75637,2a37b228-4706-4553-be64-cbfbf98245b2,,,,active,,,tokyo-keitozu-tokyo_kikan154,extracted,2026-08-04,"孤立站の原図照合で補完 2026-08-04; agent_conf=verified; ev:p5 導体cid=4533。両端bay: 西東京154kV『基幹_送電線No.10 ↓104』(page 3511,1560) と 東川崎154kV『基幹_送電線No.10 ↑127』(page 4311,2095)。同一導体上に線名bayを持たない5站がスタブでぶら下がる: 黒川(3580,202",tier3,intra
b69db1ae-2b35-4fe7-8ca0-210354d8daa6,基幹_送電線No.10,東京電力パワーグリッド,tokyo,154,afdff41e-ebe5-4a03-91af-79f01beaf404,39a63c7d-a826-465a-9959-645c8e275379,,,,active,,,tokyo-keitozu-tokyo_kikan154,extracted,2026-08-04,"孤立站の原図照合で補完 2026-08-04; agent_conf=verified; ev:p5 導体cid=4533。両端bay: 西東京154kV『基幹_送電線No.10 ↓104』(page 3511,1560) と 東川崎154kV『基幹_送電線No.10 ↑127』(page 4311,2095)。同一導体上に線名bayを持たない5站がスタブでぶら下がる: 黒川(3580,202",tier3,intra
ce677a4a-bb3b-43f0-ab54-963e3169686f,基幹_送電線No.10,東京電力パワーグリッド,tokyo,154,afdff41e-ebe5-4a03-91af-79f01beaf404,2a37b228-4706-4553-be64-cbfbf98245b2,,,,active,,,tokyo-keitozu-tokyo_kikan154,extracted,2026-08-04,"孤立站の原図照合で補完 2026-08-04; agent_conf=verified; ev:p5 導体cid=4533。両端bay: 西東京154kV『基幹_送電線No.10 ↓104』(page 3511,1560) と 東川崎154kV『基幹_送電線No.10 ↑127』(page 4311,2095)。同一導体上に線名bayを持たない5站がスタブでぶら下がる: 黒川(3580,202",tier3,intra
b4534c8a-d043-4f31-8d80-c16abf037d78,基幹_送電線No.10,東京電力パワーグリッド,tokyo,154,9f2e37e1-af45-4755-89d5-577990f7e008,39a63c7d-a826-465a-9959-645c8e275379,,,,active,,,tokyo-keitozu-tokyo_kikan154,extracted,2026-08-04,"孤立站の原図照合で補完 2026-08-04; agent_conf=verified; ev:p5 導体cid=4533。両端bay: 西東京154kV『基幹_送電線No.10 ↓104』(page 3511,1560) と 東川崎154kV『基幹_送電線No.10 ↑127』(page 4311,2095)。同一導体上に線名bayを持たない5站がスタブでぶら下がる: 黒川(3580,202",tier3,intra
31895d3e-849d-4a70-a0b0-5c41f6606f4d,基幹_送電線No.10,東京電力パワーグリッド,tokyo,154,9f2e37e1-af45-4755-89d5-577990f7e008,2a37b228-4706-4553-be64-cbfbf98245b2,,,,active,,,tokyo-keitozu-tokyo_kikan154,extracted,2026-08-04,"孤立站の原図照合で補完 2026-08-04; agent_conf=verified; ev:p5 導体cid=4533。両端bay: 西東京154kV『基幹_送電線No.10 ↓104』(page 3511,1560) と 東川崎154kV『基幹_送電線No.10 ↑127』(page 4311,2095)。同一導体上に線名bayを持たない5站がスタブでぶら下がる: 黒川(3580,202",tier3,intra
da1bf78e-689d-4fc0-afbd-9d44b99a1891,浜岡線,東京電力パワーグリッド,tokyo,154,d2f00be2-e77d-44f4-8438-98047f58c468,80012152-88d3-4dd4-9ca1-21cd2c1a4819,,,,active,,,tokyo-keitozu-tokyo_kikan154,extracted,2026-08-04,"孤立站の原図照合で補完 2026-08-04; agent_conf=verified; ev:p5 導体cid=1118。京浜154kV『浜岡線 ↓179』(page 約700,300) と 旭154kV『浜岡線 ↓54』(約1575,820) を結ぶ。途中に線名bayを持たない tap: さちが丘(700,570) 白根(915,570) 東方(1250,615) 東方局配(1430,61",tier3,intra
0ea62a2c-2504-468e-9263-f1a7b8769131,浜岡線,東京電力パワーグリッド,tokyo,154,d2f00be2-e77d-44f4-8438-98047f58c468,c52eb17e-9e5a-4b2e-8d29-dee79fa98b74,,,,active,,,tokyo-keitozu-tokyo_kikan154,extracted,2026-08-04,"孤立站の原図照合で補完 2026-08-04; agent_conf=verified; ev:p5 導体cid=1118。京浜154kV『浜岡線 ↓179』(page 約700,300) と 旭154kV『浜岡線 ↓54』(約1575,820) を結ぶ。途中に線名bayを持たない tap: さちが丘(700,570) 白根(915,570) 東方(1250,615) 東方局配(1430,61",tier3,intra
884f362d-bef2-4688-ad51-53f8de47bd5b,浜岡線,東京電力パワーグリッド,tokyo,154,613e0a81-447c-4b56-bb92-1e7583c61388,80012152-88d3-4dd4-9ca1-21cd2c1a4819,,,,active,,,tokyo-keitozu-tokyo_kikan154,extracted,2026-08-04,"孤立站の原図照合で補完 2026-08-04; agent_conf=verified; ev:p5 導体cid=1118。京浜154kV『浜岡線 ↓179』(page 約700,300) と 旭154kV『浜岡線 ↓54』(約1575,820) を結ぶ。途中に線名bayを持たない tap: さちが丘(700,570) 白根(915,570) 東方(1250,615) 東方局配(1430,61",tier3,intra
4503fca5-50dc-4468-9784-2ad99c3acf38,浜岡線,東京電力パワーグリッド,tokyo,154,613e0a81-447c-4b56-bb92-1e7583c61388,c52eb17e-9e5a-4b2e-8d29-dee79fa98b74,,,,active,,,tokyo-keitozu-tokyo_kikan154,extracted,2026-08-04,"孤立站の原図照合で補完 2026-08-04; agent_conf=verified; ev:p5 導体cid=1118。京浜154kV『浜岡線 ↓179』(page 約700,300) と 旭154kV『浜岡線 ↓54』(約1575,820) を結ぶ。途中に線名bayを持たない tap: さちが丘(700,570) 白根(915,570) 東方(1250,615) 東方局配(1430,61",tier3,intra
9c69b428-89f6-4c36-aee3-1f9c376b1957,浜岡線,東京電力パワーグリッド,tokyo,154,d005ef21-34a1-4286-9b03-a0f930a45f37,80012152-88d3-4dd4-9ca1-21cd2c1a4819,,,,active,,,tokyo-keitozu-tokyo_kikan154,extracted,2026-08-04,"孤立站の原図照合で補完 2026-08-04; agent_conf=verified; ev:p5 導体cid=1118。京浜154kV『浜岡線 ↓179』(page 約700,300) と 旭154kV『浜岡線 ↓54』(約1575,820) を結ぶ。途中に線名bayを持たない tap: さちが丘(700,570) 白根(915,570) 東方(1250,615) 東方局配(1430,61",tier3,intra
b0e686dd-da16-4c74-b908-61af44f5a3ba,浜岡線,東京電力パワーグリッド,tokyo,154,d005ef21-34a1-4286-9b03-a0f930a45f37,c52eb17e-9e5a-4b2e-8d29-dee79fa98b74,,,,active,,,tokyo-keitozu-tokyo_kikan154,extracted,2026-08-04,"孤立站の原図照合で補完 2026-08-04; agent_conf=verified; ev:p5 導体cid=1118。京浜154kV『浜岡線 ↓179』(page 約700,300) と 旭154kV『浜岡線 ↓54』(約1575,820) を結ぶ。途中に線名bayを持たない tap: さちが丘(700,570) 白根(915,570) 東方(1250,615) 東方局配(1430,61",tier3,intra
62fb0d0b-69a3-46e9-94d8-68f79f6c1303,浜岡線,東京電力パワーグリッド,tokyo,154,596998df-5881-4f53-84d0-f943d7169239,80012152-88d3-4dd4-9ca1-21cd2c1a4819,,,,active,,,tokyo-keitozu-tokyo_kikan154,extracted,2026-08-04,"孤立站の原図照合で補完 2026-08-04; agent_conf=verified; ev:p5 導体cid=1118。京浜154kV『浜岡線 ↓179』(page 約700,300) と 旭154kV『浜岡線 ↓54』(約1575,820) を結ぶ。途中に線名bayを持たない tap: さちが丘(700,570) 白根(915,570) 東方(1250,615) 東方局配(1430,61",tier3,intra
e838491c-96f0-47e4-ac2e-9627f001ae8c,浜岡線,東京電力パワーグリッド,tokyo,154,596998df-5881-4f53-84d0-f943d7169239,c52eb17e-9e5a-4b2e-8d29-dee79fa98b74,,,,active,,,tokyo-keitozu-tokyo_kikan154,extracted,2026-08-04,"孤立站の原図照合で補完 2026-08-04; agent_conf=verified; ev:p5 導体cid=1118。京浜154kV『浜岡線 ↓179』(page 約700,300) と 旭154kV『浜岡線 ↓54』(約1575,820) を結ぶ。途中に線名bayを持たない tap: さちが丘(700,570) 白根(915,570) 東方(1250,615) 東方局配(1430,61",tier3,intra
8e861eb6-2b08-4dff-a67b-f2e7370b4596,大倉山線/北島線(図では『大倉山、北島線合計』),東京電力パワーグリッド,tokyo,154,99c7367e-3922-420a-a8a7-8584f737ddf2,406bb506-948c-4368-8c7f-a08f4ef79331,,,,active,,,tokyo-keitozu-tokyo_kikan154,extracted,2026-08-04,"孤立站の原図照合で補完 2026-08-04; agent_conf=verified; ev:p5 導体cid=1119。港北154kV『大倉山、北島線合計 ↑386』(約2110,325) と 綱島154kV『大倉山、北島線合計 ↑495』(約2390,825) を結ぶ。新羽(2210,540)が線名bay無しでtap。潮流差 495-386=109",tier3,intra
101ecc07-5440-4840-948b-ba9697ef413e,大倉山線/北島線(図では『大倉山、北島線合計』),東京電力パワーグリッド,tokyo,154,99c7367e-3922-420a-a8a7-8584f737ddf2,2634b1be-c3ad-470e-a1c5-e3f02e93c78c,,,,active,,,tokyo-keitozu-tokyo_kikan154,extracted,2026-08-04,"孤立站の原図照合で補完 2026-08-04; agent_conf=verified; ev:p5 導体cid=1119。港北154kV『大倉山、北島線合計 ↑386』(約2110,325) と 綱島154kV『大倉山、北島線合計 ↑495』(約2390,825) を結ぶ。新羽(2210,540)が線名bay無しでtap。潮流差 495-386=109",tier3,intra
2951662e-eb6d-40c3-a013-1f522178d624,橋本線,東京電力パワーグリッド,tokyo,154,3438c960-5746-4b7b-a995-76cc280982e6,406bb506-948c-4368-8c7f-a08f4ef79331,4,,,active,,,tokyo-keitozu-tokyo_kikan154,extracted,2026-08-04,"孤立站の原図照合で補完 2026-08-04; agent_conf=verified; ev:p5 導体cid=1827。港北154kV『橋本線3,4L ↑260』『橋本線1,2L ↑379』(約2200,300) と 橋本154kV『橋本線3,4L ↓266』『橋本線1,2L ↓216』(約3040,1970) を結ぶ南北の複線。途中に線名bay無しのtap: 恩田(3210,245) 成",tier3,intra
19d6b6ba-94c3-4fdc-bbb3-4796de643a63,橋本線,東京電力パワーグリッド,tokyo,154,3438c960-5746-4b7b-a995-76cc280982e6,e4ae640d-8e01-4ec7-b3df-5568b089e1f0,4,,,active,,,tokyo-keitozu-tokyo_kikan154,extracted,2026-08-04,"孤立站の原図照合で補完 2026-08-04; agent_conf=verified; ev:p5 導体cid=1827。港北154kV『橋本線3,4L ↑260』『橋本線1,2L ↑379』(約2200,300) と 橋本154kV『橋本線3,4L ↓266』『橋本線1,2L ↓216』(約3040,1970) を結ぶ南北の複線。途中に線名bay無しのtap: 恩田(3210,245) 成",tier3,intra
6f0956ab-bc4a-4821-ae95-e35abaae347a,橋本線,東京電力パワーグリッド,tokyo,154,24a69745-c7d4-41f5-92cc-732460bced93,406bb506-948c-4368-8c7f-a08f4ef79331,4,,,active,,,tokyo-keitozu-tokyo_kikan154,extracted,2026-08-04,"孤立站の原図照合で補完 2026-08-04; agent_conf=verified; ev:p5 導体cid=1827。港北154kV『橋本線3,4L ↑260』『橋本線1,2L ↑379』(約2200,300) と 橋本154kV『橋本線3,4L ↓266』『橋本線1,2L ↓216』(約3040,1970) を結ぶ南北の複線。途中に線名bay無しのtap: 恩田(3210,245) 成",tier3,intra
0d439ae6-c744-4fad-ae1f-98bcca73235b,橋本線,東京電力パワーグリッド,tokyo,154,24a69745-c7d4-41f5-92cc-732460bced93,e4ae640d-8e01-4ec7-b3df-5568b089e1f0,4,,,active,,,tokyo-keitozu-tokyo_kikan154,extracted,2026-08-04,"孤立站の原図照合で補完 2026-08-04; agent_conf=verified; ev:p5 導体cid=1827。港北154kV『橋本線3,4L ↑260』『橋本線1,2L ↑379』(約2200,300) と 橋本154kV『橋本線3,4L ↓266』『橋本線1,2L ↓216』(約3040,1970) を結ぶ南北の複線。途中に線名bay無しのtap: 恩田(3210,245) 成",tier3,intra
bcdaee49-8840-493e-ba9e-5277866a2521,橋本線,東京電力パワーグリッド,tokyo,154,058c65b3-d64c-4658-9efc-c5848737bf9c,406bb506-948c-4368-8c7f-a08f4ef79331,4,,,active,,,tokyo-keitozu-tokyo_kikan154,extracted,2026-08-04,"孤立站の原図照合で補完 2026-08-04; agent_conf=verified; ev:p5 導体cid=1827。港北154kV『橋本線3,4L ↑260』『橋本線1,2L ↑379』(約2200,300) と 橋本154kV『橋本線3,4L ↓266』『橋本線1,2L ↓216』(約3040,1970) を結ぶ南北の複線。途中に線名bay無しのtap: 恩田(3210,245) 成",tier3,intra
8d7dbd21-e110-46ed-a1c1-d43bfdb3461a,橋本線,東京電力パワーグリッド,tokyo,154,058c65b3-d64c-4658-9efc-c5848737bf9c,e4ae640d-8e01-4ec7-b3df-5568b089e1f0,4,,,active,,,tokyo-keitozu-tokyo_kikan154,extracted,2026-08-04,"孤立站の原図照合で補完 2026-08-04; agent_conf=verified; ev:p5 導体cid=1827。港北154kV『橋本線3,4L ↑260』『橋本線1,2L ↑379』(約2200,300) と 橋本154kV『橋本線3,4L ↓266』『橋本線1,2L ↓216』(約3040,1970) を結ぶ南北の複線。途中に線名bay無しのtap: 恩田(3210,245) 成",tier3,intra
a63efd5a-0587-4710-8c5a-5a0ce85f2d0e,橋本線,東京電力パワーグリッド,tokyo,154,b39e508c-ec7e-428d-8da1-399c1f4c44fd,406bb506-948c-4368-8c7f-a08f4ef79331,4,,,active,,,tokyo-keitozu-tokyo_kikan154,extracted,2026-08-04,"孤立站の原図照合で補完 2026-08-04; agent_conf=verified; ev:p5 導体cid=1827。港北154kV『橋本線3,4L ↑260』『橋本線1,2L ↑379』(約2200,300) と 橋本154kV『橋本線3,4L ↓266』『橋本線1,2L ↓216』(約3040,1970) を結ぶ南北の複線。途中に線名bay無しのtap: 恩田(3210,245) 成",tier3,intra
6abd08ed-b0ee-447f-81e7-8edee82b491d,橋本線,東京電力パワーグリッド,tokyo,154,b39e508c-ec7e-428d-8da1-399c1f4c44fd,e4ae640d-8e01-4ec7-b3df-5568b089e1f0,4,,,active,,,tokyo-keitozu-tokyo_kikan154,extracted,2026-08-04,"孤立站の原図照合で補完 2026-08-04; agent_conf=verified; ev:p5 導体cid=1827。港北154kV『橋本線3,4L ↑260』『橋本線1,2L ↑379』(約2200,300) と 橋本154kV『橋本線3,4L ↓266』『橋本線1,2L ↓216』(約3040,1970) を結ぶ南北の複線。途中に線名bay無しのtap: 恩田(3210,245) 成",tier3,intra
af8e6671-4bb5-4b6d-9929-3fcacefe3c6d,橋本線,東京電力パワーグリッド,tokyo,154,3bf24977-0ef8-4c31-b029-36c02d8d15c4,406bb506-948c-4368-8c7f-a08f4ef79331,4,,,active,,,tokyo-keitozu-tokyo_kikan154,extracted,2026-08-04,"孤立站の原図照合で補完 2026-08-04; agent_conf=verified; ev:p5 導体cid=1827。港北154kV『橋本線3,4L ↑260』『橋本線1,2L ↑379』(約2200,300) と 橋本154kV『橋本線3,4L ↓266』『橋本線1,2L ↓216』(約3040,1970) を結ぶ南北の複線。途中に線名bay無しのtap: 恩田(3210,245) 成",tier3,intra
756f17b6-8608-479a-acda-ea5f70ea4854,橋本線,東京電力パワーグリッド,tokyo,154,3bf24977-0ef8-4c31-b029-36c02d8d15c4,e4ae640d-8e01-4ec7-b3df-5568b089e1f0,4,,,active,,,tokyo-keitozu-tokyo_kikan154,extracted,2026-08-04,"孤立站の原図照合で補完 2026-08-04; agent_conf=verified; ev:p5 導体cid=1827。港北154kV『橋本線3,4L ↑260』『橋本線1,2L ↑379』(約2200,300) と 橋本154kV『橋本線3,4L ↓266』『橋本線1,2L ↓216』(約3040,1970) を結ぶ南北の複線。途中に線名bay無しのtap: 恩田(3210,245) 成",tier3,intra
8eb80dc0-1e29-490a-8e61-57c8d7849f99,基幹_送電線No.12 / 基幹_送電線No.13,東京電力パワーグリッド,tokyo,154,ff6a8690-a84c-462b-b530-b1cae3863683,c52eb17e-9e5a-4b2e-8d29-dee79fa98b74,2,,,active,,,tokyo-keitozu-tokyo_kikan154,extracted,2026-08-04,"孤立站の原図照合で補完 2026-08-04; agent_conf=verified; ev:p5 導体cid=4147。旭154kV『基幹_送電線No.12 ↑55』『基幹_送電線No.13 ↓12』(約1535/1605,935)から2本の縦線が下り、鳥山(1620,1180)と岸根(1760,1180)がそれぞれ両回線からtapされる(page 1520-2000,950-1250 の",tier3,intra
f0bddb91-876d-4b7c-9ea2-a94a730f9d5c,基幹_送電線No.12 / 基幹_送電線No.13,東京電力パワーグリッド,tokyo,154,ff6a8690-a84c-462b-b530-b1cae3863683,12634b78-5593-4be0-a70a-76096bc5605e,2,,,active,,,tokyo-keitozu-tokyo_kikan154,inferred,2026-08-04,"孤立站の原図照合で補完 2026-08-04; agent_conf=likely; ev:p5 導体cid=4147。旭154kV『基幹_送電線No.12 ↑55』『基幹_送電線No.13 ↓12』(約1535/1605,935)から2本の縦線が下り、鳥山(1620,1180)と岸根(1760,1180)がそれぞれ両回線からtapされる(page 1520-2000,950-1250 の",tier3,intra
f56d71f1-1715-4cc2-85e1-ff19673d3c2a,基幹_送電線No.12 / 基幹_送電線No.13,東京電力パワーグリッド,tokyo,154,36942346-231f-473b-b06e-c7742aaab35e,c52eb17e-9e5a-4b2e-8d29-dee79fa98b74,2,,,active,,,tokyo-keitozu-tokyo_kikan154,extracted,2026-08-04,"孤立站の原図照合で補完 2026-08-04; agent_conf=verified; ev:p5 導体cid=4147。旭154kV『基幹_送電線No.12 ↑55』『基幹_送電線No.13 ↓12』(約1535/1605,935)から2本の縦線が下り、鳥山(1620,1180)と岸根(1760,1180)がそれぞれ両回線からtapされる(page 1520-2000,950-1250 の",tier3,intra
01c6618b-88ff-4bbb-9e90-cc783c4485bc,基幹_送電線No.12 / 基幹_送電線No.13,東京電力パワーグリッド,tokyo,154,36942346-231f-473b-b06e-c7742aaab35e,12634b78-5593-4be0-a70a-76096bc5605e,2,,,active,,,tokyo-keitozu-tokyo_kikan154,inferred,2026-08-04,"孤立站の原図照合で補完 2026-08-04; agent_conf=likely; ev:p5 導体cid=4147。旭154kV『基幹_送電線No.12 ↑55』『基幹_送電線No.13 ↓12』(約1535/1605,935)から2本の縦線が下り、鳥山(1620,1180)と岸根(1760,1180)がそれぞれ両回線からtapされる(page 1520-2000,950-1250 の",tier3,intra
d69d922b-2dd7-43ae-8ca1-1ea7f7079835,都留線,東京電力パワーグリッド,tokyo,154,2fe84292-e9ee-46be-9c59-0a52327595fb,263fc187-c584-47b0-8cf1-aac09270d46f,,,,active,,,tokyo-keitozu-tokyo_kikan154,extracted,2026-08-04,"孤立站の原図照合で補完 2026-08-04; agent_conf=verified; ev:p5 導体cid=4466→(切断記号 page約2799,1880)→cid=3534。東山梨154kV『都留線 ↓0』(約2480,1745) と 小倉154kV『都留線 ↑91』(3205,1810) を結ぶ。根小屋(2900,1610, bank 0+17)が線名bay無しでtap",tier3,intra
7fcca55c-0366-4703-a4e7-3ac87dbc6392,都留線,東京電力パワーグリッド,tokyo,154,2fe84292-e9ee-46be-9c59-0a52327595fb,22577b3d-dcc5-4f27-8674-3e9d582e8d9c,,,,active,,,tokyo-keitozu-tokyo_kikan154,extracted,2026-08-04,"孤立站の原図照合で補完 2026-08-04; agent_conf=verified; ev:p5 導体cid=4466→(切断記号 page約2799,1880)→cid=3534。東山梨154kV『都留線 ↓0』(約2480,1745) と 小倉154kV『都留線 ↑91』(3205,1810) を結ぶ。根小屋(2900,1610, bank 0+17)が線名bay無しでtap",tier3,intra
24eab891-6576-4b7c-b6a9-b09301c73b39,禾生線,東京電力パワーグリッド,tokyo,154,c89b3adb-c3ad-4a40-b6c8-beb60102ed7f,22577b3d-dcc5-4f27-8674-3e9d582e8d9c,2,,,active,,,tokyo-keitozu-tokyo_kikan154,inferred,2026-08-04,"孤立站の原図照合で補完 2026-08-04; agent_conf=likely; ev:p5 谷村154kV(約2760,2230)は『禾生線』という線名bayを持つ(page 2730,2160)。禾生線の2条は北上して 東山梨154kVから下る都留線(cid4466)/御坂線(cid4196)の走行帯(page 2480-2800, 1740-2160)に接続する",tier3,intra
0e63d17b-2fa0-4788-a404-d1e3c5fb8689,柿生線,東京電力パワーグリッド,tokyo,154,6893899f-068a-48cf-ad9c-3f3fec7ff040,39a63c7d-a826-465a-9959-645c8e275379,2,,,active,,,tokyo-keitozu-tokyo_kikan154,inferred,2026-08-04,"孤立站の原図照合で補完 2026-08-04; agent_conf=likely; ev:p5 導体cid=3593。西東京154kV『柿生線 ↓86』(約3585,1500)から東進する水平線に、線名bay無しで センター北(4000,1670) 東山田(4230,1670) 郷地(4460,1670) がぶら下がる。潮流: 西東京 86 対 センター北48+東山田45=93",tier3,intra
b0b66fed-b7ea-4d04-93f3-d1bccf2f026a,柿生線,東京電力パワーグリッド,tokyo,154,cdbe05ec-f5a3-4f78-8f90-9a20bbb49076,39a63c7d-a826-465a-9959-645c8e275379,2,,,active,,,tokyo-keitozu-tokyo_kikan154,inferred,2026-08-04,"孤立站の原図照合で補完 2026-08-04; agent_conf=likely; ev:p5 導体cid=3593。西東京154kV『柿生線 ↓86』(約3585,1500)から東進する水平線に、線名bay無しで センター北(4000,1670) 東山田(4230,1670) 郷地(4460,1670) がぶら下がる。潮流: 西東京 86 対 センター北48+東山田45=93",tier3,intra
3b0e7909-6a2f-4a89-94f3-bf08fc7aa967,,東京電力パワーグリッド,tokyo,154,c71fd78d-5d22-4b60-a78e-6d7d7147d5f9,f86398eb-477a-49e4-b74b-ede805ba4614,,,,active,,,tokyo-keitozu-tokyo_kikan154,extracted,2026-08-04,"孤立站の原図照合で補完 2026-08-04; agent_conf=verified; ev:p5 導体cid=2394。戸塚154kV母線の無名bay(約665,900)から南下し、南横浜154kV母線の無名bay(893,1215)へ至る。港南台(700,1090)が線名bay無しでtap",tier3,intra
fb5fa745-4fa4-4798-b46f-8eb2e7a38fa2,,東京電力パワーグリッド,tokyo,154,c71fd78d-5d22-4b60-a78e-6d7d7147d5f9,9956dabf-4d53-4497-9015-32925f839480,,,,active,,,tokyo-keitozu-tokyo_kikan154,extracted,2026-08-04,"孤立站の原図照合で補完 2026-08-04; agent_conf=verified; ev:p5 導体cid=2394。戸塚154kV母線の無名bay(約665,900)から南下し、南横浜154kV母線の無名bay(893,1215)へ至る。港南台(700,1090)が線名bay無しでtap",tier3,intra
c8e30ca8-f274-405c-af21-a89a6a121acc,基幹_送電線No.11,東京電力パワーグリッド,tokyo,154,22d3466c-1282-416d-b78e-8ab5ff9b0da3,80012152-88d3-4dd4-9ca1-21cd2c1a4819,,,,active,,,tokyo-keitozu-tokyo_kikan154,extracted,2026-08-04,"孤立站の原図照合で補完 2026-08-04; agent_conf=verified; ev:p5 導体cid=1550。京浜154kV『基幹_送電線No.11 ↓90』(約415,325)から南下し、戸塚154kV母線のbay(410,880)へ分岐しつつ、東へ伸びる水平線に 幸浦(585,775) 福浦(790,775) が線名bay無しでtapされ、南横浜154kV母線のbay(980",tier3,intra
c79258e1-21e9-4720-9ac0-6417281e458c,基幹_送電線No.11,東京電力パワーグリッド,tokyo,154,22d3466c-1282-416d-b78e-8ab5ff9b0da3,9956dabf-4d53-4497-9015-32925f839480,,,,active,,,tokyo-keitozu-tokyo_kikan154,inferred,2026-08-04,"孤立站の原図照合で補完 2026-08-04; agent_conf=likely; ev:p5 導体cid=1550。京浜154kV『基幹_送電線No.11 ↓90』(約415,325)から南下し、戸塚154kV母線のbay(410,880)へ分岐しつつ、東へ伸びる水平線に 幸浦(585,775) 福浦(790,775) が線名bay無しでtapされ、南横浜154kV母線のbay(980",tier3,intra
df76ef5c-8ca9-4169-bf2b-b2d5feb18cc0,基幹_送電線No.11,東京電力パワーグリッド,tokyo,154,9f95ea46-94e1-43f7-a4d7-189f06d4aa37,80012152-88d3-4dd4-9ca1-21cd2c1a4819,,,,active,,,tokyo-keitozu-tokyo_kikan154,extracted,2026-08-04,"孤立站の原図照合で補完 2026-08-04; agent_conf=verified; ev:p5 導体cid=1550。京浜154kV『基幹_送電線No.11 ↓90』(約415,325)から南下し、戸塚154kV母線のbay(410,880)へ分岐しつつ、東へ伸びる水平線に 幸浦(585,775) 福浦(790,775) が線名bay無しでtapされ、南横浜154kV母線のbay(980",tier3,intra
03d3484a-f9fe-49fd-8a57-2fd56a9d078c,基幹_送電線No.11,東京電力パワーグリッド,tokyo,154,9f95ea46-94e1-43f7-a4d7-189f06d4aa37,9956dabf-4d53-4497-9015-32925f839480,,,,active,,,tokyo-keitozu-tokyo_kikan154,inferred,2026-08-04,"孤立站の原図照合で補完 2026-08-04; agent_conf=likely; ev:p5 導体cid=1550。京浜154kV『基幹_送電線No.11 ↓90』(約415,325)から南下し、戸塚154kV母線のbay(410,880)へ分岐しつつ、東へ伸びる水平線に 幸浦(585,775) 福浦(790,775) が線名bay無しでtapされ、南横浜154kV母線のbay(980",tier3,intra
cd35a8c8-b135-4ecd-9699-bc4044d1f1ab,基幹_送電線No.12 / 基幹_送電線No.13,東京電力パワーグリッド,tokyo,154,12634b78-5593-4be0-a70a-76096bc5605e,c52eb17e-9e5a-4b2e-8d29-dee79fa98b74,,,,active,,,tokyo-keitozu-tokyo_kikan154,inferred,2026-08-04,"孤立站の原図照合で補完 2026-08-04; agent_conf=likely; ev:p5 導体cid=4147。旭154kV『基幹_送電線No.12 ↑55』『基幹_送電線No.13 ↓12』(約1535/1605,935)から2本の縦線が下り、鳥山(1620,1180)と岸根(1760,1180)がそれぞれ両回線からtapされる(page 1520-2000,950-1250 の",tier3,intra
42b007ee-5de2-461d-a989-0db0e0ae05d0,子浜線,東京電力パワーグリッド,tokyo,154,12634b78-5593-4be0-a70a-76096bc5605e,6280927b-8ec1-4c4a-98d9-cff0b53664f6,,,,active,,,tokyo-keitozu-tokyo_kikan154,inferred,2026-08-04,"孤立站の原図照合で補完 2026-08-04; agent_conf=uncertain; ev:p5 子安154kV『↑88』(page 1925,1840)の導体cid=4306は西へ水平に伸び page(1463,1697)で終端。その直下に横浜154kVの『子浜線2L ↓63/↓44』bay が並ぶ",tier3,intra
7cfb08c6-848a-4c3d-a86d-9168592d0814,,東京電力パワーグリッド,tokyo,154,eb3c5df1-78ff-4dc7-828f-1d2b6a2e61c8,f5c28218-2f14-444b-a711-ac584e1e6fe0,,,,active,,,tokyo-keitozu-tokyo_kikan154,inferred,2026-08-04,"孤立站の原図照合で補完 2026-08-04; agent_conf=likely; ev:p5 導体cid=4912。生麦154kV(page 約1450,2385)の2本の引出しが北上し、水平線(page 1400-1835, y約2165)を経て 横浜大黒154kV母線(1835,2394)へ至る",tier3,intra
a38ab510-6cc5-4b3e-91c8-33c167909f33,禾生線(都留線からの分岐),東京電力パワーグリッド,tokyo,154,c89b3adb-c3ad-4a40-b6c8-beb60102ed7f,22577b3d-dcc5-4f27-8674-3e9d582e8d9c,2,false,,active,,,tokyo-keitozu-tokyo_kikan154,extracted,2026-08-04,"孤立站の原図照合で補完 2026-08-04; agent_conf=verified; ev:p6 幹線トレース: 小倉154kV「都留線↑91」bay(px x2495/2511,y240) → 2回線幹線 y415/431 を西進(x1920で切断記号⧸⧸を挟み連続) → 東山梨154kV「都留線↓0」bay(px x1359/1375,y312) で終端。cond ID 1735(東側",tier3,intra
399a74d4-d7a0-4f63-b88f-d32ec5dc15bc,禾生線(都留線からの分岐),東京電力パワーグリッド,tokyo,154,c89b3adb-c3ad-4a40-b6c8-beb60102ed7f,263fc187-c584-47b0-8cf1-aac09270d46f,2,false,,active,,,tokyo-keitozu-tokyo_kikan154,extracted,2026-08-04,"孤立站の原図照合で補完 2026-08-04; agent_conf=verified; ev:p6 幹線トレース: 小倉154kV「都留線↑91」bay(px x2495/2511,y240) → 2回線幹線 y415/431 を西進(x1920で切断記号⧸⧸を挟み連続) → 東山梨154kV「都留線↓0」bay(px x1359/1375,y312) で終端。cond ID 1735(東側",tier3,intra
c4c199b6-c2da-4c6a-a130-32e30d30db72,御坂線,東京電力パワーグリッド,tokyo,154,12581f48-6df2-4b1e-9d4a-b6217952f380,22577b3d-dcc5-4f27-8674-3e9d582e8d9c,2,false,,active,,,tokyo-keitozu-tokyo_kikan154,extracted,2026-08-04,"孤立站の原図照合で補完 2026-08-04; agent_conf=verified; ev:p6: 東山梨154kV「御坂線↓390」bay(px x1415/1431,y312-360) から2回線が真下に降り、山梨154kV「御坂線↓342」bay(px x1415/1431,y872-887) に至る。八代154kV は px x1255-1416,y475-490 で左回線 x14",tier3,intra
fe6a2d23-e195-4821-9690-69f4101b70f6,御坂線,東京電力パワーグリッド,tokyo,154,12581f48-6df2-4b1e-9d4a-b6217952f380,d3a05dc3-ab5f-4d7f-9cc5-619863f6224f,2,false,,active,,,tokyo-keitozu-tokyo_kikan154,extracted,2026-08-04,"孤立站の原図照合で補完 2026-08-04; agent_conf=verified; ev:p6: 東山梨154kV「御坂線↓390」bay(px x1415/1431,y312-360) から2回線が真下に降り、山梨154kV「御坂線↓342」bay(px x1415/1431,y872-887) に至る。八代154kV は px x1255-1416,y475-490 で左回線 x14",tier3,intra
55dd89d4-62f3-4036-9fad-cb5b4285771f,甲信幹線(中),東京電力パワーグリッド,tokyo,154,276d9202-f299-4273-a7fb-47904bae28fd,4d6c4271-06ae-4641-89cc-ad5e73a81f99,2,false,,active,,,tokyo-keitozu-tokyo_kikan154,inferred,2026-08-04,"孤立站の原図照合で補完 2026-08-04; agent_conf=likely; ev:p6: 塩尻154kV母線直下の「甲信幹線(中)」bay(px x872/951,y520-544)から2回線が px x903/919 を真下に降下。px y671/687 でT分岐して東進し(cond 2202/2357, y=687は x903→1639, y=671は x919→1655 が",tier3,intra
0a6304ba-4ad5-48ce-85db-33981160a435,甲信幹線(中),東京電力パワーグリッド,tokyo,154,276d9202-f299-4273-a7fb-47904bae28fd,d3a05dc3-ab5f-4d7f-9cc5-619863f6224f,2,false,,active,,,tokyo-keitozu-tokyo_kikan154,inferred,2026-08-04,"孤立站の原図照合で補完 2026-08-04; agent_conf=likely; ev:p6: 塩尻154kV母線直下の「甲信幹線(中)」bay(px x872/951,y520-544)から2回線が px x903/919 を真下に降下。px y671/687 でT分岐して東進し(cond 2202/2357, y=687は x903→1639, y=671は x919→1655 が",tier3,intra
15147eae-f226-4e8b-ade0-ed1886078dcf,釜無川線 (甲信幹線(中)から分岐),東京電力パワーグリッド,tokyo,154,1f088d90-2ae6-4c5f-960e-d4dff3e7a058,4d6c4271-06ae-4641-89cc-ad5e73a81f99,2,false,,active,,,tokyo-keitozu-tokyo_kikan154,inferred,2026-08-04,"孤立站の原図照合で補完 2026-08-04; agent_conf=likely; ev:p6: 塩尻154kV母線直下の「甲信幹線(中)」bay(px x872/951,y520-544)から2回線が px x903/919 を真下に降下。px y671/687 でT分岐して東進し(cond 2202/2357, y=687は x903→1639, y=671は x919→1655 が",tier3,intra
fe00c028-4879-42bf-8d49-4cf196a8be8f,釜無川線 (甲信幹線(中)から分岐),東京電力パワーグリッド,tokyo,154,1f088d90-2ae6-4c5f-960e-d4dff3e7a058,d3a05dc3-ab5f-4d7f-9cc5-619863f6224f,2,false,,active,,,tokyo-keitozu-tokyo_kikan154,inferred,2026-08-04,"孤立站の原図照合で補完 2026-08-04; agent_conf=likely; ev:p6: 塩尻154kV母線直下の「甲信幹線(中)」bay(px x872/951,y520-544)から2回線が px x903/919 を真下に降下。px y671/687 でT分岐して東進し(cond 2202/2357, y=687は x903→1639, y=671は x919→1655 が",tier3,intra
c1ea944d-9cf2-47d0-b30e-43aa23a5cd59,天竜東幹線,東京電力パワーグリッド,tokyo,154,df9c9dcb-e4d9-4761-bc5d-e2432330e5e9,63ed8947-6595-4bbf-b930-ab96beeec860,2,false,,active,,,tokyo-keitozu-tokyo_kikan154,inferred,2026-08-04,"孤立站の原図照合で補完 2026-08-04; agent_conf=uncertain; ev:p6: 釜無白根154kV「天竜東幹線↓43」bay の縦線 px x674/688 が北へ延び(cond 2349/3313, x688 で y1287→1192→1040→1023→760 と画素連続)、白根町154kV(px x740-830,y1080-1130)が px x674/688 ",tier3,intra
50b6c73c-42b1-4247-8e07-aae07ed8d16d,天竜南線,東京電力パワーグリッド,tokyo,154,ff80f846-6350-42d9-8c5a-e26b8bfeaf51,ed852fbc-02e8-497e-8882-e83128f20795,2,false,,active,,,tokyo-keitozu-tokyo_kikan154,inferred,2026-08-04,"孤立站の原図照合で補完 2026-08-04; agent_conf=likely; ev:p6 幹線トレース(全区間画素連続を確認): 新富士154kV「天竜南線↓6」bay(px x2864/2878,y376) → 南下 → y911/927 を西進(x1815→2880 / x1799→2864) → px x1799/1815 で降下 → y1167/1184 を西進(x592→",tier3,intra
329e0833-486d-4459-b497-e8d85cdc0f13,天竜南線,東京電力パワーグリッド,tokyo,154,ff80f846-6350-42d9-8c5a-e26b8bfeaf51,63ed8947-6595-4bbf-b930-ab96beeec860,2,false,,active,,,tokyo-keitozu-tokyo_kikan154,inferred,2026-08-04,"孤立站の原図照合で補完 2026-08-04; agent_conf=likely; ev:p6 幹線トレース(全区間画素連続を確認): 新富士154kV「天竜南線↓6」bay(px x2864/2878,y376) → 南下 → y911/927 を西進(x1815→2880 / x1799→2864) → px x1799/1815 で降下 → y1167/1184 を西進(x592→",tier3,intra
f2204484-1e7d-45b5-befc-22f5f186a75b,上曽根線 (天竜南線に接続),東京電力パワーグリッド,tokyo,154,b5c2e6c9-b356-4f98-82e1-121c11d60ca8,ed852fbc-02e8-497e-8882-e83128f20795,2,false,,active,,,tokyo-keitozu-tokyo_kikan154,inferred,2026-08-04,"孤立站の原図照合で補完 2026-08-04; agent_conf=likely; ev:p6 幹線トレース(全区間画素連続を確認): 新富士154kV「天竜南線↓6」bay(px x2864/2878,y376) → 南下 → y911/927 を西進(x1815→2880 / x1799→2864) → px x1799/1815 で降下 → y1167/1184 を西進(x592→",tier3,intra
13ee3aae-24d8-4eb3-9bf0-e63c3a494445,上曽根線 (天竜南線に接続),東京電力パワーグリッド,tokyo,154,b5c2e6c9-b356-4f98-82e1-121c11d60ca8,63ed8947-6595-4bbf-b930-ab96beeec860,2,false,,active,,,tokyo-keitozu-tokyo_kikan154,inferred,2026-08-04,"孤立站の原図照合で補完 2026-08-04; agent_conf=likely; ev:p6 幹線トレース(全区間画素連続を確認): 新富士154kV「天竜南線↓6」bay(px x2864/2878,y376) → 南下 → y911/927 を西進(x1815→2880 / x1799→2864) → px x1799/1815 で降下 → y1167/1184 を西進(x592→",tier3,intra
52bfa1d6-293e-41f4-a2f5-ff32165ed60e,田代幹線(中),東京電力パワーグリッド,tokyo,154,10bbae35-57fa-4323-a72f-fb25413dcc93,ed852fbc-02e8-497e-8882-e83128f20795,2,false,,active,,,tokyo-keitozu-tokyo_kikan154,inferred,2026-08-04,"孤立站の原図照合で補完 2026-08-04; agent_conf=likely; ev:p6: 須走154kV(px x3020-3180,y520-610)の2回線が px x3056/3072 を北上し、y416/433 で西へ折れて px x2929/2944 に至り、新富士154kV「田代幹線(中)↓466」bay へ上る(cond 1670, bbox x2927-3096 ",tier3,intra
3b8d7dbf-bb4a-4541-a107-e1fd920a0ea6,田代幹線(中),東京電力パワーグリッド,tokyo,154,10bbae35-57fa-4323-a72f-fb25413dcc93,b17ed605-bd7c-4c43-b6cf-517b6a13ff19,2,false,,active,,,tokyo-keitozu-tokyo_kikan154,inferred,2026-08-04,"孤立站の原図照合で補完 2026-08-04; agent_conf=uncertain; ev:p6: 須走154kV(px x3020-3180,y520-610)の2回線が px x3056/3072 を北上し、y416/433 で西へ折れて px x2929/2944 に至り、新富士154kV「田代幹線(中)↓466」bay へ上る(cond 1670, bbox x2927-3096 ",tier3,intra
324f9f39-1cb8-4c97-bed6-cc3bbf5fd0e5,藤沢線 (湘南線からの分岐),東京電力パワーグリッド,tokyo,154,ecee07bf-0eed-44dc-91e1-0ed4f77dbe2e,60852c42-dae4-4561-afc0-64865347bb3c,2,false,,active,,,tokyo-keitozu-tokyo_kikan154,extracted,2026-08-04,"孤立站の原図照合で補完 2026-08-04; agent_conf=verified; ev:p6: 新秦野154kV「湘南線↓534」bay(px x4343/4359,y344-376)から2回線が px x4375/4391 を南下し 湘南154kV「湘南線↓118」bay(y1304-)へ。途中 px y1200(cond 3547: x4375→4776) / y1184(cond",tier3,intra
ffe6f7d4-e5f1-4906-a85b-dd44b77945a2,藤沢線 (湘南線からの分岐),東京電力パワーグリッド,tokyo,154,ecee07bf-0eed-44dc-91e1-0ed4f77dbe2e,7e475ff1-4b5b-45d2-8957-b1a3a0e96ec4,2,false,,active,,,tokyo-keitozu-tokyo_kikan154,extracted,2026-08-04,"孤立站の原図照合で補完 2026-08-04; agent_conf=verified; ev:p6: 新秦野154kV「湘南線↓534」bay(px x4343/4359,y344-376)から2回線が px x4375/4391 を南下し 湘南154kV「湘南線↓118」bay(y1304-)へ。途中 px y1200(cond 3547: x4375→4776) / y1184(cond",tier3,intra
162453bd-2513-498b-81c9-41f71e5151df,群馬幹線(里),東京電力パワーグリッド,tokyo,154,e34b4e5a-bae0-42e8-98a0-cca366028ecb,2f3b0624-126c-49db-b67c-b86301805fab,2,,,active,,,tokyo-keitozu-tokyo_kikan154,extracted,2026-08-04,"孤立站の原図照合で補完 2026-08-04; agent_conf=verified; ev:p7 tile grid_k154_p7/t_x0_y1560.png. 群馬 154kV母線の最左bay「群馬幹線(里)」↑260 (abs x~247,y~1620) から2条の縦線が南下し、上里(abs 140,1810 / bank 5+6+5=16MWh)が左側へ2回線でタップ。z_gk_",tier3,intra
b3125adf-69c1-4fc8-b84a-1b8011fe6585,群馬幹線(里),東京電力パワーグリッド,tokyo,154,e34b4e5a-bae0-42e8-98a0-cca366028ecb,f6bf38a0-8e4e-4e58-b6af-9b027a3f5833,2,,,active,,,tokyo-keitozu-tokyo_kikan154,extracted,2026-08-04,"孤立站の原図照合で補完 2026-08-04; agent_conf=verified; ev:同上。南端 abs(378/394,2390) が南川越 154kV母線の「群馬幹線(里)」↑90 bay (z_c_kotsutsumi.png)",tier3,intra
a7a50721-89f6-4ac0-ba5b-0c7b5cb9a36b,群馬幹線(里),東京電力パワーグリッド,tokyo,154,d5692ee9-eaed-4c96-8576-9a6fe68a4950,2f3b0624-126c-49db-b67c-b86301805fab,2,,,active,,,tokyo-keitozu-tokyo_kikan154,extracted,2026-08-04,"孤立站の原図照合で補完 2026-08-04; agent_conf=verified; ev:p7 abs(140,2000) bank 0+3+0=3MWh。群馬幹線(里)の2条線へ左からタップ (z_gk_chain.png)",tier3,intra
241109f6-e6fd-44b6-9ac0-c18ccc60134c,群馬幹線(里),東京電力パワーグリッド,tokyo,154,d5692ee9-eaed-4c96-8576-9a6fe68a4950,f6bf38a0-8e4e-4e58-b6af-9b027a3f5833,2,,,active,,,tokyo-keitozu-tokyo_kikan154,extracted,2026-08-04,孤立站の原図照合で補完 2026-08-04; agent_conf=verified; ev:同上,tier3,intra
822528f8-ff0b-4a28-8ff5-9f2ec51fec5a,群馬幹線(里),東京電力パワーグリッド,tokyo,154,a446bd13-b41e-4e56-8867-b6fea47aec4f,2f3b0624-126c-49db-b67c-b86301805fab,2,,,active,,,tokyo-keitozu-tokyo_kikan154,extracted,2026-08-04,"孤立站の原図照合で補完 2026-08-04; agent_conf=verified; ev:p7 abs(140,2180) bank 9+9+7=25MWh。共和と寄居の間に切断記号 ⧸⧸ (abs ~260,2115) があるが同一2条線上",tier3,intra
077ce485-dd56-4c3b-b897-8805f5608c74,群馬幹線(里),東京電力パワーグリッド,tokyo,154,a446bd13-b41e-4e56-8867-b6fea47aec4f,f6bf38a0-8e4e-4e58-b6af-9b027a3f5833,2,,,active,,,tokyo-keitozu-tokyo_kikan154,extracted,2026-08-04,孤立站の原図照合で補完 2026-08-04; agent_conf=verified; ev:同上,tier3,intra
612d788f-1568-45c4-8622-0c14b472a5cc,群馬幹線(里),東京電力パワーグリッド,tokyo,154,9d366755-ab6b-44ea-8f67-c9ccc6464704,2f3b0624-126c-49db-b67c-b86301805fab,2,,,active,,,tokyo-keitozu-tokyo_kikan154,extracted,2026-08-04,"孤立站の原図照合で補完 2026-08-04; agent_conf=verified; ev:p7 abs(140,2360) bank 9+16+13=38MWh。群馬幹線(里)へタップ",tier3,intra
ba5e6bd3-f72b-406b-ab08-3a3ba758218c,群馬幹線(里),東京電力パワーグリッド,tokyo,154,9d366755-ab6b-44ea-8f67-c9ccc6464704,f6bf38a0-8e4e-4e58-b6af-9b027a3f5833,2,,,active,,,tokyo-keitozu-tokyo_kikan154,extracted,2026-08-04,孤立站の原図照合で補完 2026-08-04; agent_conf=verified; ev:同上,tier3,intra
fa51eea0-72ae-41a8-b21f-7bee5c81eeb5,群馬幹線(里),東京電力パワーグリッド,tokyo,154,7fdfd45d-a833-4f69-8d4d-8835c9b94148,2f3b0624-126c-49db-b67c-b86301805fab,2,,,active,,,tokyo-keitozu-tokyo_kikan154,extracted,2026-08-04,"孤立站の原図照合で補完 2026-08-04; agent_conf=verified; ev:p7 abs(250,2480) bank 14+0+15=29MWh。南川越直前で群馬幹線(里)2条線へタップ (z_c_kotsutsumi.png)",tier3,intra
27463f0a-8649-4753-9cf4-200187d5ee7b,群馬幹線(里),東京電力パワーグリッド,tokyo,154,7fdfd45d-a833-4f69-8d4d-8835c9b94148,f6bf38a0-8e4e-4e58-b6af-9b027a3f5833,2,,,active,,,tokyo-keitozu-tokyo_kikan154,extracted,2026-08-04,孤立站の原図照合で補完 2026-08-04; agent_conf=verified; ev:同上,tier3,intra
39ef7966-53d0-4d6b-9bcd-5fc44f3addb1,群馬幹線(山),東京電力パワーグリッド,tokyo,154,67ede344-5dde-49cd-baea-038436068d52,94f5d56b-c90f-4dc3-a37e-d0654e5014f7,2,,,active,,,tokyo-keitozu-tokyo_kikan154,extracted,2026-08-04,"孤立站の原図照合で補完 2026-08-04; agent_conf=verified; ev:p7 abs(196,1371) bank 9+9+7=25MWh。導体 cid3626/cid3765 が 金井 bay「群馬幹線(山)」↓107 (abs 407/424,1216) と 群馬 bay「群馬幹線(山)」↓76 (abs 359,1471) を結び、吉岡はその途中",tier3,intra
46612bd6-574e-4726-994b-174b9f23d63b,群馬幹線(山),東京電力パワーグリッド,tokyo,154,67ede344-5dde-49cd-baea-038436068d52,2f3b0624-126c-49db-b67c-b86301805fab,2,,,active,,,tokyo-keitozu-tokyo_kikan154,extracted,2026-08-04,孤立站の原図照合で補完 2026-08-04; agent_conf=verified; ev:同上 (z_gk_yama.png),tier3,intra
0bb4b994-038b-45c0-85ee-9b77bf4228b6,上越幹線,東京電力パワーグリッド,tokyo,154,3446b81a-30d7-44e0-b5b4-be5a092f9ee7,94f5d56b-c90f-4dc3-a37e-d0654e5014f7,1,,,active,,,tokyo-keitozu-tokyo_kikan154,inferred,2026-08-04,"孤立站の原図照合で補完 2026-08-04; agent_conf=likely; ev:p7 abs(880,1370)。単一縦スタブが abs y~1282 の水平導体 cid3767 に接続。cid3767 の起点は 金井 bay「上越幹線」↓91 (abs 503,1216)。z_sosha.png / z_kanai.png で確認",tier3,intra
eb917c1e-0557-43b2-adb7-ee91c87fa772,上越幹線,東京電力パワーグリッド,tokyo,154,3446b81a-30d7-44e0-b5b4-be5a092f9ee7,7eebb612-4fc5-4099-950f-3fae4e31ce97,1,,,active,,,tokyo-keitozu-tokyo_kikan154,inferred,2026-08-04,"孤立站の原図照合で補完 2026-08-04; agent_conf=likely; ev:上越幹線は abs(1127,1519)まで下り、佐波の bay「佐波線」↓191 直上の合流点 abs(1129/1144,1530-1545) で 新岡部からの佐波線と合流して佐波へ入る (z_sawa_join.png)",tier3,intra
5dd06232-c668-4573-abc9-cc32e978716c,佐野線,東京電力パワーグリッド,tokyo,154,c252a629-eef1-4988-918a-37e9eb9fabe9,f4c5a497-c6c2-4778-b435-97c8d602444b,,,,active,,,tokyo-keitozu-tokyo_kikan154,extracted,2026-08-04,"孤立站の原図照合で補完 2026-08-04; agent_conf=verified; ev:p7 abs(1180,1980) bank 6+11+5=22MWh。導体 cid5386 (x1031-1376,y1919-2015) の下端 abs(1031,2015) が 佐野 bay「佐野線」↓278",tier3,intra
dbe91b2a-8649-4001-8e5b-0c5772551d44,佐野線,東京電力パワーグリッド,tokyo,154,c252a629-eef1-4988-918a-37e9eb9fabe9,0650d830-44e3-4d55-9174-bdb1fa458e8f,,,,active,,,tokyo-keitozu-tokyo_kikan154,extracted,2026-08-04,"孤立站の原図照合で補完 2026-08-04; agent_conf=verified; ev:同上。野木 bay「佐野線」↑305 (abs ~1400,2020)",tier3,intra
41fcb3b3-d2db-4195-bd22-8dad478f082c,西宇都宮線,東京電力パワーグリッド,tokyo,154,8ba3ef2c-2b9f-4957-9b69-a84b4a03184a,496fb187-359d-4ea3-9a0b-3d494cd69d11,2,,,active,,,tokyo-keitozu-tokyo_kikan154,extracted,2026-08-04,"孤立站の原図照合で補完 2026-08-04; agent_conf=verified; ev:p7 abs(1650,750) bank 0+1MWh。導体 cid1808 (x1431-1816,y664-799) の右端 abs(1816,664) が 新栃木 154kV bay「西宇都宮線」",tier3,intra
3f53abc5-3199-4ba4-8df1-d38195e523ac,西宇都宮線,東京電力パワーグリッド,tokyo,154,8ba3ef2c-2b9f-4957-9b69-a84b4a03184a,6f6c513a-c4d7-4410-9e2b-a68532e24f03,2,,,active,,,tokyo-keitozu-tokyo_kikan154,extracted,2026-08-04,"孤立站の原図照合で補完 2026-08-04; agent_conf=verified; ev:同上。cid1808 の下端 abs(1431,799) が 西宇都宮 bay「西宇都宮線」↓304 (z_c_tokujira.png)",tier3,intra
27c2a1d7-e3f6-452a-a377-b64d10104513,猪苗代新幹線(中),東京電力パワーグリッド,tokyo,154,2eb4a630-5d36-4fa6-a36c-b514d6601622,a36be9d9-da35-445a-8195-9bb73f948ca3,,,,active,,,tokyo-keitozu-tokyo_kikan154,extracted,2026-08-04,"孤立站の原図照合で補完 2026-08-04; agent_conf=verified; ev:p7 abs(2600,690) bank 2+1+0=3MWh。導体 cid1722 (x2335-3416,y608-759) の下端 abs(2335,759) が 河内 bay「猪苗代新幹線(中)」↓157",tier3,intra
4001a3eb-5894-4bef-840d-82786578f186,猪苗代新幹線(中),東京電力パワーグリッド,tokyo,154,2eb4a630-5d36-4fa6-a36c-b514d6601622,c08693f2-1c58-42cc-ab19-de9162886793,,,,active,,,tokyo-keitozu-tokyo_kikan154,extracted,2026-08-04,"孤立站の原図照合で補完 2026-08-04; agent_conf=verified; ev:同上。cid1722 東端 abs(3416,608) 側が 膳棚 bay「猪苗代新幹線(中)」↓159 (grid_k154_p7/t_x2940_y0.png)",tier3,intra
4354e43f-0033-489a-8554-411d5ebaaec7,猪苗代旧幹線(里),東京電力パワーグリッド,tokyo,154,79cca1f7-04c0-43e3-a3e8-7291fe842c0d,79dce0fb-62e9-406a-a573-282b205f8326,,,,active,,,tokyo-keitozu-tokyo_kikan154,inferred,2026-08-04,"孤立站の原図照合で補完 2026-08-04; agent_conf=likely; ev:p7 abs(3290,750) bank 0+0+0MWh。導体 cid1823 (x3039-3544,y672-727) の左端 abs(3039,680) が 那須野 bay「猪苗代旧幹線(里)」↓130",tier3,intra
789686d3-6c8e-46eb-9712-34c347df71f8,猪苗代旧幹線(里),東京電力パワーグリッド,tokyo,154,79cca1f7-04c0-43e3-a3e8-7291fe842c0d,c08693f2-1c58-42cc-ab19-de9162886793,,,,active,,,tokyo-keitozu-tokyo_kikan154,inferred,2026-08-04,"孤立站の原図照合で補完 2026-08-04; agent_conf=likely; ev:同上。cid1823 右端 abs(3543,672) が 膳棚 bay「猪苗代旧幹線(里)」↓124",tier3,intra
8de9cc8b-cce1-4dd3-992e-16423e5b42d9,栃山線,東京電力パワーグリッド,tokyo,154,6afd7b6a-eb26-4ec0-aa77-7d6910397943,76cd5518-fd7e-46d1-81cd-720ccb76e85c,,,,active,,,tokyo-keitozu-tokyo_kikan154,inferred,2026-08-04,"孤立站の原図照合で補完 2026-08-04; agent_conf=likely; ev:p7 abs(1540,1100) bank 12+11=23MWh。導体 cid3045 (x1495-1744,y992-1359) に接続、その下端 abs(1727,1359) が 小山 bay「栃山線」",tier3,intra
a2ab9b05-b7e9-44fc-bebc-309688f5a0d0,栃山線,東京電力パワーグリッド,tokyo,154,6afd7b6a-eb26-4ec0-aa77-7d6910397943,496fb187-359d-4ea3-9a0b-3d494cd69d11,,,,active,,,tokyo-keitozu-tokyo_kikan154,inferred,2026-08-04,"孤立站の原図照合で補完 2026-08-04; agent_conf=uncertain; ev:同上。cid3045 上端 abs(1743,992) は 新栃木 154kV bay「栃山線」(abs 1575/1591) から下る回廊に接続",tier3,intra
ce020142-9b96-4820-bf58-d067a1ecb2f5,栃山線,東京電力パワーグリッド,tokyo,154,7e4bd3e2-b314-47d1-b6df-47f47aa5459e,76cd5518-fd7e-46d1-81cd-720ccb76e85c,,,,active,,,tokyo-keitozu-tokyo_kikan154,inferred,2026-08-04,"孤立站の原図照合で補完 2026-08-04; agent_conf=likely; ev:p7 abs(1724,1120) 緑⊠ のみ(母線・bank表記なし)＝線路上の開閉所。導体 cid3045 上に位置し、下端 abs(1727,1359) が 小山 bay「栃山線」",tier3,intra
466b22d9-3b9c-479d-81cd-ab463509ff5a,芳賀線,東京電力パワーグリッド,tokyo,154,8b5a56d6-6436-431f-b367-7f3f4297cd91,61788b7a-0414-4fbc-8767-88edb025d638,2,,,active,,,tokyo-keitozu-tokyo_kikan154,inferred,2026-08-04,"孤立站の原図照合で補完 2026-08-04; agent_conf=likely; ev:p7 abs(2030,1050)。2条スタブが abs y~976/997 の水平導体 (cid3048/cid2891) に接続し、その東端 abs(2320/2336,1079) が 芳賀 bay「芳賀線」↓338",tier3,intra
f64bf73e-45d4-4ef3-85f2-27b02608d79a,湖西線,東京電力パワーグリッド,tokyo,154,67cc5323-f970-4654-a2a0-72d4f169da51,2d34b9f6-f8a0-4d18-9a01-2d815c46325b,,,,active,,,tokyo-keitozu-tokyo_kikan154,extracted,2026-08-04,"孤立站の原図照合で補完 2026-08-04; agent_conf=verified; ev:p7 abs(2880,2380) bank 13+13+15=41MWh。abs y~2291 の1本の水平導体 cid6060 (x2791-3872) に 学園都市・筑波西部・東光台・需要家 が並んでタップ。同導体の下端 abs(3871,2351) が 新野田 bay「湖西線」↑86",tier3,intra
87e44cf1-7595-4d9d-824a-23bd9e7c83db,湖西線,東京電力パワーグリッド,tokyo,154,67cc5323-f970-4654-a2a0-72d4f169da51,c5b7f28c-f53a-442e-b727-d7a5625a121c,,,,active,,,tokyo-keitozu-tokyo_kikan154,extracted,2026-08-04,"孤立站の原図照合で補完 2026-08-04; agent_conf=verified; ev:同上。cid6060 の上端 abs(2791,2024) 側が 霞ケ浦 bay「湖西線」↓0",tier3,intra
0f3fb6af-d9f6-4a05-9d97-bd1effe05a38,湖西線,東京電力パワーグリッド,tokyo,154,38412230-03f2-41d7-a58b-043a72afbbe7,2d34b9f6-f8a0-4d18-9a01-2d815c46325b,,,,active,,,tokyo-keitozu-tokyo_kikan154,extracted,2026-08-04,"孤立站の原図照合で補完 2026-08-04; agent_conf=verified; ev:p7 abs(3120,2380) bank 9+10=19MWh。学園都市と同じ cid6060 上のタップ",tier3,intra
2319373a-d608-4dce-be69-1dbfab7076b9,湖西線,東京電力パワーグリッド,tokyo,154,38412230-03f2-41d7-a58b-043a72afbbe7,c5b7f28c-f53a-442e-b727-d7a5625a121c,,,,active,,,tokyo-keitozu-tokyo_kikan154,extracted,2026-08-04,孤立站の原図照合で補完 2026-08-04; agent_conf=verified; ev:同上,tier3,intra
03ef958d-1d25-46a8-8d58-2590f816ad76,湖西線,東京電力パワーグリッド,tokyo,154,28970f62-a7b3-4453-aa4a-41ae86e2da9f,2d34b9f6-f8a0-4d18-9a01-2d815c46325b,,,,active,,,tokyo-keitozu-tokyo_kikan154,extracted,2026-08-04,"孤立站の原図照合で補完 2026-08-04; agent_conf=verified; ev:p7 abs(3390,2380) bank表記なし。学園都市・筑波西部と同じ cid6060 上のタップ",tier3,intra
b5c36547-de1a-457f-8f24-e59557fb451e,湖西線,東京電力パワーグリッド,tokyo,154,28970f62-a7b3-4453-aa4a-41ae86e2da9f,c5b7f28c-f53a-442e-b727-d7a5625a121c,,,,active,,,tokyo-keitozu-tokyo_kikan154,extracted,2026-08-04,孤立站の原図照合で補完 2026-08-04; agent_conf=verified; ev:同上,tier3,intra
2c97eb15-375c-4c4f-8b97-5725e9e46363,久喜線,東京電力パワーグリッド,tokyo,154,7d541717-062c-48fe-8b0f-6e31e1624899,80d54fb6-2d71-4f5a-b4f1-f8a1a732c7b0,2,,,active,,,tokyo-keitozu-tokyo_kikan154,inferred,2026-08-04,"孤立站の原図照合で補完 2026-08-04; agent_conf=likely; ev:p7 abs(1790,2200) bank 13+7+10=30MWh。北東京へ下る縦回廊 (abs x~1900/1912) にタップ。同回廊は cid6072 経由で 北東京 bay「久喜線」に達する",tier3,intra
d30316cd-2a8a-40f5-addf-7659faec7c0b,猪苗代新幹線,東京電力パワーグリッド,tokyo,154,a7ae08dc-821c-49c9-8537-70002e8c3223,80d54fb6-2d71-4f5a-b4f1-f8a1a732c7b0,2,,,active,,,tokyo-keitozu-tokyo_kikan154,inferred,2026-08-04,"孤立站の原図照合で補完 2026-08-04; agent_conf=uncertain; ev:p7 abs(2065,2005) bank 9+4=13MWh。縦書きラベル「猪苗代新幹線」の付いた縦回廊 (abs x~1959/1967) にタップ。導体 cid6058 (x1959-2480,y1904-2439) の下端 abs(1959,2439) は 北東京 bay「北鳩線3,4L」",tier3,intra
7312d9e7-008e-46ac-b1e7-e5aeeaae08b1,猪苗代新幹線,東京電力パワーグリッド,tokyo,154,7c50bd70-3af5-42f2-a1f9-f9beb6024acf,80d54fb6-2d71-4f5a-b4f1-f8a1a732c7b0,2,,,active,,,tokyo-keitozu-tokyo_kikan154,inferred,2026-08-04,"孤立站の原図照合で補完 2026-08-04; agent_conf=uncertain; ev:p7 abs(2070,2190) bank 12+9=21MWh。五霞と同じ cid6058 上のタップ (z_c_kitahato.png)",tier3,intra
9d0e6e8a-4c51-4332-aebf-0b2393cbe949,茨城線,東京電力パワーグリッド,tokyo,154,cdc46764-3be0-4fc3-a4f4-93e5527ce2d0,c4fa51b8-fbdb-4b06-8964-032267af7ab4,,,,active,,,tokyo-keitozu-tokyo_kikan154,inferred,2026-08-04,"孤立站の原図照合で補完 2026-08-04; agent_conf=uncertain; ev:p7 abs(2570,1120) bank 1+1+0MWh。abs y~992 の長い水平導体(ラベル「茨城線」abs 3110-3190,1000)にタップ。導体 cid2945 (x2543-3720,y1000-1351) の下端 abs(3719,1351) が 茨城 station の",tier3,intra
a8d60fd1-cc45-41c6-ba2a-a6242db61a1d,茨城線/小野線,東京電力パワーグリッド,tokyo,154,cdc46764-3be0-4fc3-a4f4-93e5527ce2d0,e0491908-dce3-4897-aa06-8a0e3cb741c6,,,,active,,,tokyo-keitozu-tokyo_kikan154,inferred,2026-08-04,"孤立站の原図照合で補完 2026-08-04; agent_conf=uncertain; ev:水戸北部 bay「小野線」↑124 (abs 2871,1016 から上へ) が同じ abs y~992-1080 の回廊に接続 (z_c_ibaraki.png)",tier3,intra
66077821-cb96-4448-bcc7-61ed85737493,茨城線,東京電力パワーグリッド,tokyo,154,b0e97445-2f75-43e0-a651-fb7968bb2f6a,c4fa51b8-fbdb-4b06-8964-032267af7ab4,,,,active,,,tokyo-keitozu-tokyo_kikan154,inferred,2026-08-04,"孤立站の原図照合で補完 2026-08-04; agent_conf=uncertain; ev:p7 abs(3210,1110) bank 1+2MWh。茂木と同じ cid2945(茨城線)にタップ",tier3,intra
77cd9bac-02e5-49c8-adf3-4c3c7e1aa76b,茨城線/小野線,東京電力パワーグリッド,tokyo,154,b0e97445-2f75-43e0-a651-fb7968bb2f6a,e0491908-dce3-4897-aa06-8a0e3cb741c6,,,,active,,,tokyo-keitozu-tokyo_kikan154,inferred,2026-08-04,孤立站の原図照合で補完 2026-08-04; agent_conf=uncertain; ev:同上回廊上に 水戸北部 の小野線が接続,tier3,intra
33b2568c-b152-4d4b-8f8c-89f5f3413453,小野線,東京電力パワーグリッド,tokyo,154,fb54f931-8708-4899-9677-6d0b20ac088a,e0491908-dce3-4897-aa06-8a0e3cb741c6,2,,,active,,,tokyo-keitozu-tokyo_kikan154,inferred,2026-08-04,"孤立站の原図照合で補完 2026-08-04; agent_conf=likely; ev:p7 abs(2745,1360) bank表記なし。2条スタブが abs y~1080 の水平導体 cid3222 (x2711-3151,y1016-1327) に接続、その上端 abs(2871,1016) が 水戸北部 bay「小野線」↑124",tier3,intra
1130a197-b956-4eee-9ea2-197d74fc53a3,小野線/茨城線,東京電力パワーグリッド,tokyo,154,e0491908-dce3-4897-aa06-8a0e3cb741c6,c4fa51b8-fbdb-4b06-8964-032267af7ab4,,,,active,,,tokyo-keitozu-tokyo_kikan154,inferred,2026-08-04,孤立站の原図照合で補完 2026-08-04; agent_conf=uncertain; ev:小野線回廊 cid3222 は abs y~992 の茨城線回廊に接続し、茨城 station に達する,tier3,intra
8448366a-fe32-4497-8424-efd622c9e584,上毛幹線,東京電力パワーグリッド,tokyo,154,60f106d3-f934-4b0d-8451-9a4b78091cb1,94f5d56b-c90f-4dc3-a37e-d0654e5014f7,2,,,active,,,tokyo-keitozu-tokyo_kikan154,inferred,2026-08-04,"孤立站の原図照合で補完 2026-08-04; agent_conf=likely; ev:p7 abs(450,920) bank -3, -7MWh。導体 cid2501 (x207-928,y729-1039) の下端 abs(207,1039) が 金井 154kV bay「上毛幹線」↓70",tier3,intra
035abbdc-67a3-43ac-a147-8ac6477b8397,上毛幹線,東京電力パワーグリッド,tokyo,154,172f6d83-3440-4345-a19b-30c095c98d71,94f5d56b-c90f-4dc3-a37e-d0654e5014f7,,,,active,,,tokyo-keitozu-tokyo_kikan154,inferred,2026-08-04,"孤立站の原図照合で補完 2026-08-04; agent_conf=likely; ev:p7 abs(620,930) bank 0+0MWh。幡谷と同じ cid2501 上のタップ",tier3,intra
a3d4f2c1-104c-4573-8133-7e1d8c42959e,線87（西淡連系）,kansai<->shikoku,inter,187,33683439-a49c-4253-b191-8356c295b6e7,967bca7f-265a-4712-a642-6c7a57eafc57,,,,active,,,shikoku-keitozu-shikoku_kikan,extracted,2026-08-05,link_class=inter_ac | 関西図 p1 で EA から線番87 が南西へ延び打切り波線で域外流出。四国図 p4 表の鳴門変電所欄に『関西エリア西淡(変)への連系点』と明記。⚠️ AJG は松帆西路→撫養変電所 187kV 4回線と示しており相手が異なる。一次資料（四国図）を採った。PROVENANCE S21,,inter_ac
5fae68d1-11a0-4898-afbf-b570f4127773,信濃東信線,chubu,chubu,275,e5e932e9-a8fa-4f94-8a51-ccdadb0034b4,68e37a7e-1978-436c-950b-6d0a4f0df47b,,,,active,,,occto-chinai-kikan-jisseki,extracted,2026-08-05,OCCTO 地内基幹送電線潮流実績に『信濃東信線』275kV 信濃 → 東信 として記載。我方グラフ上で両端が**非連結**（コリドーではない）ため、抽出漏れと判断して追加。⚠️ 我方の系統図 PDF では未確認。PROVENANCE S29,,intra
77a8f821-4c49-4462-bb13-e98644069c39,知多火力線,chubu,chubu,275,f39958db-536b-4795-87cc-58608e9f5a11,98d127c9-fc99-455f-ac41-3225d57d6349,,,,active,,,occto-chinai-kikan-jisseki,extracted,2026-08-05,OCCTO 地内基幹送電線潮流実績に『知多火力線』275kV 東名古屋 → 知多火力 として記載。我方グラフ上で両端が**非連結**（コリドーではない）ため、抽出漏れと判断して追加。⚠️ 我方の系統図 PDF では未確認。PROVENANCE S29,,intra
8633eabd-63c7-4f13-86ae-7672b38f34d6,北豊田梅森線,chubu,chubu,275,7e58d0d7-a2b0-46b7-9779-b67f9bd386f4,6022bb69-bebe-4f58-bcd5-b3d032614a1e,,,,active,,,occto-chinai-kikan-jisseki,extracted,2026-08-05,OCCTO 地内基幹送電線潮流実績に『北豊田梅森線』275kV 北豊田 → 梅森 として記載。我方グラフ上で両端が**非連結**（コリドーではない）ため、抽出漏れと判断して追加。⚠️ 我方の系統図 PDF では未確認。PROVENANCE S29,,intra
d50d51fb-9f94-441a-9118-3440ae348ffb,信貴線,kansai,kansai,500,01fdf044-cd8b-4f69-bb82-306cbe0bb297,c7886323-c801-4fdf-bedc-b86bd1e77380,,,,active,,,occto-chinai-kikan-jisseki,extracted,2026-08-05,OCCTO 地内基幹送電線潮流実績に『信貴線』500kV 新生駒変電所 → 信貴変電所 として記載。我方グラフ上で両端が**非連結**（コリドーではない）ため、抽出漏れと判断して追加。⚠️ 我方の系統図 PDF では未確認。PROVENANCE S29,,intra
1cabb184-6764-4ea5-80cc-5911c47b78b2,伊丹線,kansai,kansai,275,e56f4be9-cf61-44bd-a822-b8139388e320,e738d0a7-38d6-4289-9399-5c5df706168a,,,,active,,,occto-chinai-kikan-jisseki,extracted,2026-08-05,OCCTO 地内基幹送電線潮流実績に『伊丹線』275kV 宝塚開閉所 → 伊丹変電所 として記載。我方グラフ上で両端が**非連結**（コリドーではない）ため、抽出漏れと判断して追加。⚠️ 我方の系統図 PDF では未確認。PROVENANCE S29,,intra
0b20cfa7-dfb4-4cac-ba87-0ae0be4ee4c5,湖東線,kansai,kansai,275,3c3e5570-63ee-4374-8706-84bb43fc3e3b,37507885-cb3b-4e9a-8716-5c6eb79821de,,,,active,,,occto-chinai-kikan-jisseki,extracted,2026-08-05,OCCTO 地内基幹送電線潮流実績に『湖東線』275kV 嶺南変電所 → 湖東変電所 として記載。我方グラフ上で両端が**非連結**（コリドーではない）ため、抽出漏れと判断して追加。⚠️ 我方の系統図 PDF では未確認。PROVENANCE S29,,intra
2a13c0e1-5570-4b87-934e-0c4c5ae64785,新生駒線,kansai,kansai,275,01fdf044-cd8b-4f69-bb82-306cbe0bb297,e56f4be9-cf61-44bd-a822-b8139388e320,,,,active,,,occto-chinai-kikan-jisseki,extracted,2026-08-05,OCCTO 地内基幹送電線潮流実績に『新生駒線』275kV 新生駒変電所 → 宝塚開閉所 として記載。我方グラフ上で両端が**非連結**（コリドーではない）ため、抽出漏れと判断して追加。⚠️ 我方の系統図 PDF では未確認。PROVENANCE S29,,intra
05a40736-42ea-45c1-9309-a0ee32cecc99,宝塚線,kansai,kansai,275,77ba8483-4348-4521-99dc-035fe7173085,e56f4be9-cf61-44bd-a822-b8139388e320,,,,active,,,occto-chinai-kikan-jisseki,extracted,2026-08-05,OCCTO 地内基幹送電線潮流実績に『宝塚線』275kV 猪名川変電所 → 宝塚開閉所 として記載。我方グラフ上で両端が**非連結**（コリドーではない）ため、抽出漏れと判断して追加。⚠️ 我方の系統図 PDF では未確認。PROVENANCE S29,,intra
d112ac58-9fc4-4ef2-870b-ea201e05c15b,ひむか新日向線,kyushu,kyushu,220,3591a1fb-70e4-4daf-8433-d5b37fe8a920,e4e45084-f5d4-4261-ac3f-17c72e2d9b6e,,,,active,,,occto-chinai-kikan-jisseki,extracted,2026-08-05,OCCTO 地内基幹送電線潮流実績に『ひむか新日向線』220kV ひむかss → 新日向ss として記載。我方グラフ上で両端が**非連結**（コリドーではない）ため、抽出漏れと判断して追加。⚠️ 我方の系統図 PDF では未確認。PROVENANCE S29,,intra
11d1aeaf-710b-4928-b8d2-3b3da64342f1,熊本上椎葉線,kyushu,kyushu,220,904c9751-c632-4b33-a64b-c0d2e99c4691,a8932fd2-9a3e-4a02-bc51-c1401c64a3c2,,,,active,,,occto-chinai-kikan-jisseki,extracted,2026-08-05,OCCTO 地内基幹送電線潮流実績に『熊本上椎葉線』220kV 上椎葉ps → 熊本 として記載。我方グラフ上で両端が**非連結**（コリドーではない）ため、抽出漏れと判断して追加。⚠️ 我方の系統図 PDF では未確認。PROVENANCE S29,,intra
ac0f956f-8dd1-4383-a6ca-4d570b0c0cee,松　島　線,kyushu,kyushu,220,a83a4415-58a6-4780-b000-efc7fe6fcf74,490c0d23-59cb-483d-af1d-44bd56df626f,,,,active,,,occto-chinai-kikan-jisseki,extracted,2026-08-05,OCCTO 地内基幹送電線潮流実績に『松　島　線』220kV 松島ss → 東佐世保ss として記載。我方グラフ上で両端が**非連結**（コリドーではない）ため、抽出漏れと判断して追加。⚠️ 我方の系統図 PDF では未確認。PROVENANCE S29,,intra
a320c879-85e1-454c-a8cc-0cbd66e9d551,新鹿児島線,kyushu,kyushu,220,328293f2-7c1b-447d-9d9d-5678971a4d6e,fc4a455f-a002-43dc-951b-35cee1fb1776,,,,active,,,occto-chinai-kikan-jisseki,extracted,2026-08-05,OCCTO 地内基幹送電線潮流実績に『新鹿児島線』220kV 新鹿児島ss → 川薩ss として記載。我方グラフ上で両端が**非連結**（コリドーではない）ため、抽出漏れと判断して追加。⚠️ 我方の系統図 PDF では未確認。PROVENANCE S29,,intra
1b9138b0-a77c-4313-b38a-2dd9a41def3f,長　崎　幹線,kyushu,kyushu,220,cd1543e6-00d8-4b9b-8424-1abd36df3a31,e423863c-8726-4ee4-aaea-189cb85e03de,,,,active,,,occto-chinai-kikan-jisseki,extracted,2026-08-05,OCCTO 地内基幹送電線潮流実績に『長　崎　幹線』220kV 長崎ss → 武雄ss として記載。我方グラフ上で両端が**非連結**（コリドーではない）ため、抽出漏れと判断して追加。⚠️ 我方の系統図 PDF では未確認。PROVENANCE S29,,intra
b556f47e-c97b-440f-a93d-5217fc0a94d3,北長崎分岐線,kyushu,kyushu,220,19cd2c20-b0fb-405e-898e-be5b6476981e,490c0d23-59cb-483d-af1d-44bd56df626f,,,,active,,,occto-chinai-kikan-jisseki,extracted,2026-08-05,OCCTO 地内基幹送電線潮流実績に『北長崎分岐線』220kV 北長崎ss → 東佐世保ss として記載。我方グラフ上で両端が**非連結**（コリドーではない）ため、抽出漏れと判断して追加。⚠️ 我方の系統図 PDF では未確認。PROVENANCE S29,,intra
08bf1865-d515-44be-b0d0-630c34d7f22e,諫早分岐線,kyushu,kyushu,220,9ae5f65d-8b3c-4e66-a94c-00cf02dbd9c4,e423863c-8726-4ee4-aaea-189cb85e03de,,,,active,,,occto-chinai-kikan-jisseki,extracted,2026-08-05,OCCTO 地内基幹送電線潮流実績に『諫早分岐線』220kV 諫早ss → 武雄ss として記載。我方グラフ上で両端が**非連結**（コリドーではない）ため、抽出漏れと判断して追加。⚠️ 我方の系統図 PDF では未確認。PROVENANCE S29,,intra
