uuid,name_official,kind,operator,region,voltage_max_kv,merged_into,lat,lon,_src_geo,status,valid_from,valid_to,source_ref,confidence,updated_at,notes,sync_area
bad980e6-e8fc-4637-b7da-7a7b6dafbdf2,西名寄,substation,北海道電力ネットワーク,hokkaido,187,,,,,active,,,hokkaido-keitozu-hokkaido_kikan,extracted,2026-08-03,円記号=変電所。201は凡例上「送電線・変圧器番号」,hokkaido
705cd53e-9ada-47d3-bbb2-689363e5a7c6,西中川,substation,北海道電力ネットワーク,hokkaido,187,,,,,active,,,hokkaido-keitozu-hokkaido_kikan,extracted,2026-08-03,,hokkaido
8abf72d4-2323-4ab6-b17c-38d4fc254ad0,旭川嵐山,switching_station,北海道電力ネットワーク,hokkaido,187,,,,,active,,,hokkaido-keitozu-hokkaido_kikan,extracted,2026-08-03,母線表記のみ（凡例：開閉所または開閉器柱）。187kVの分岐ハブ、線61/62/63/66が集まる,hokkaido
38b37758-1edd-4eba-86ba-46e73a2d7a68,旭川,substation,北海道電力ネットワーク,hokkaido,187,,,,,active,,,hokkaido-keitozu-hokkaido_kikan,extracted,2026-08-03,,hokkaido
2dfe59c5-35e9-4450-bad2-9a999a97f400,西旭川,substation,北海道電力ネットワーク,hokkaido,187,,,,,active,,,hokkaido-keitozu-hokkaido_kikan,extracted,2026-08-03,旭川嵐山－西滝川の縦線上に接続,hokkaido
37a77da3-8f58-45b4-979e-30777082dde6,西滝川,substation,北海道電力ネットワーク,hokkaido,187,,,,,active,,,hokkaido-keitozu-hokkaido_kikan,extracted,2026-08-03,,hokkaido
8992a0d1-6e95-4287-b023-bde156eb02ef,篠路,substation,北海道電力ネットワーク,hokkaido,187,,,,,active,,,hokkaido-keitozu-hokkaido_kikan,extracted,2026-08-03,,hokkaido
2fd2d155-394f-435b-9dbe-d76ea0be66a0,西札幌,substation,北海道電力ネットワーク,hokkaido,187,,,,,active,,,hokkaido-keitozu-hokkaido_kikan,extracted,2026-08-03,,hokkaido
a806ef56-6d79-4dc6-bf4b-bb85986c1136,西小樽,substation,北海道電力ネットワーク,hokkaido,187,,,,,active,,,hokkaido-keitozu-hokkaido_kikan,extracted,2026-08-03,,hokkaido
2c23146d-0895-4c02-98be-efe9bac0b496,苗穂,substation,北海道電力ネットワーク,hokkaido,187,,,,,active,,,hokkaido-keitozu-hokkaido_kikan,extracted,2026-08-03,,hokkaido
15bc8926-ce1d-4619-8643-15fca1063117,南九条,substation,北海道電力ネットワーク,hokkaido,187,,,,,active,,,hokkaido-keitozu-hokkaido_kikan,extracted,2026-08-03,,hokkaido
d57e14b2-41d9-4be2-876a-939acdd6cb6c,北江別,substation,北海道電力ネットワーク,hokkaido,187,,,,,active,,,hokkaido-keitozu-hokkaido_kikan,extracted,2026-08-03,西当別－追分の縦線上,hokkaido
28ec472c-5d5b-4b72-91bb-d9b4a397bb84,南札幌,substation,北海道電力ネットワーク,hokkaido,187,,,,,active,,,hokkaido-keitozu-hokkaido_kikan,extracted,2026-08-03,西当別－追分の縦線上,hokkaido
428a1b46-73e6-4c87-9712-30331229dab8,恵庭,substation,北海道電力ネットワーク,hokkaido,187,,,,,active,,,hokkaido-keitozu-hokkaido_kikan,extracted,2026-08-03,西当別－追分の縦線上,hokkaido
96358fb6-8d7e-45c8-a004-3bbf37eb29d6,追分,switching_station,北海道電力ネットワーク,hokkaido,187,,,,,active,,,hokkaido-keitozu-hokkaido_kikan,extracted,2026-08-03,母線表記のみ,hokkaido
24d3b564-135a-46ad-ac93-bcc4e351669c,西奈井江,switching_station,北海道電力ネットワーク,hokkaido,187,,,,,active,,,hokkaido-keitozu-hokkaido_kikan,extracted,2026-08-03,北江別－西滝川の線上の分岐点。母線表記のみ。近傍に発電所番号(00058)の発電所記号あり;uncertain,hokkaido
0ac2023d-193c-434c-ad55-bfb34e1a9166,西当別,switching_station,北海道電力ネットワーク,hokkaido,275,,,,,active,,,hokkaido-keitozu-hokkaido_kikan,extracted,2026-08-03,母線表記のみ。275kVと187kVの結節点,hokkaido
8c6b44f2-975d-472e-9c1b-75a38b581450,西野,switching_station,北海道電力ネットワーク,hokkaido,275,,,,,active,,,hokkaido-keitozu-hokkaido_kikan,extracted,2026-08-03,母線表記のみ。275kV/187kV結節点。母線に番号3の表記あり（変圧器番号と推定、未確認）,hokkaido
55580219-56bd-449b-9f20-c01ed0e215b0,西双葉,switching_station,北海道電力ネットワーク,hokkaido,275,,,,,active,,,hokkaido-keitozu-hokkaido_kikan,extracted,2026-08-03,母線表記のみ。275kV系,hokkaido
ccc2966f-7ca4-4ba5-90ec-632289b32ac8,双葉,switching_station,北海道電力ネットワーク,hokkaido,187,,,,,active,,,hokkaido-keitozu-hokkaido_kikan,extracted,2026-08-03,母線表記のみ。近傍に発電所番号(07101)の発電所記号あり,hokkaido
b5e88418-c9c0-42a6-99f9-b6a2444987b7,北新得,switching_station,北海道電力ネットワーク,hokkaido,275,,,,,active,,,hokkaido-keitozu-hokkaido_kikan,extracted,2026-08-03,母線表記のみ。道東側の275kV/187kVハブ,hokkaido
49261cc8-fb63-4b94-b176-5762189bf154,南早来,substation,北海道電力ネットワーク,hokkaido,275,,,,,active,,,hokkaido-keitozu-hokkaido_kikan,extracted,2026-08-03,275kV母線と187kV母線を持つ。母線間に番号116（変圧器と推定、未確認）,hokkaido
cd3eb2da-4914-4f4b-ba89-d1f25d3c1d78,岩清水,switching_station,北海道電力ネットワーク,hokkaido,187,,,,,active,,,hokkaido-keitozu-hokkaido_kikan,verified,2026-08-03,母線表記のみ。図の同区域に春別のラベルも近接しており、どの母線が岩清水でどれが春別かは断定できず;uncertain,hokkaido
7c2df56e-761b-4b9c-9017-27cef35d693d,新冠,switching_station,北海道電力ネットワーク,hokkaido,187,,,,,active,,,hokkaido-keitozu-hokkaido_kikan,verified,2026-08-03,母線表記のみ。線79/80と線74/75の結節点と読めるが、番号の割当は未確定;uncertain,hokkaido
c57f39cd-90f2-4128-b539-665119a434ce,春別,switching_station,北海道電力ネットワーク,hokkaido,187,,,,,active,,,hokkaido-keitozu-hokkaido_kikan,verified,2026-08-03,母線表記のみ。近傍に発電所番号(00050)の発電所記号あり。岩清水との区別が不確実;uncertain,hokkaido
c740e2af-85d1-4568-9697-438a0d10d637,高見,switching_station,北海道電力ネットワーク,hokkaido,187,,,,,active,,,hokkaido-keitozu-hokkaido_kikan,verified,2026-08-03,母線表記のみ。近傍に発電所番号(00012)の発電所記号あり;uncertain,hokkaido
4c2e7960-525c-459f-872b-e5edace17b3f,北静内,substation,北海道電力ネットワーク,hokkaido,187,,,,,active,,,hokkaido-keitozu-hokkaido_kikan,verified,2026-08-03,近傍に発電所番号(00052)の発電所記号あり,hokkaido
3d54a2e0-84e6-409f-addc-a254bd6b6aac,苫小牧,substation,北海道電力ネットワーク,hokkaido,187,,,,,active,,,hokkaido-keitozu-hokkaido_kikan,extracted,2026-08-03,,hokkaido
ecda9e4a-ff3b-4e1e-be02-fd6834c65f65,室蘭,substation,北海道電力ネットワーク,hokkaido,187,,,,,active,,,hokkaido-keitozu-hokkaido_kikan,extracted,2026-08-03,,hokkaido
71a288fa-5de4-40a0-8fb5-413dac861c8a,西室蘭,switching_station,北海道電力ネットワーク,hokkaido,187,,,,,active,,,hokkaido-keitozu-hokkaido_kikan,extracted,2026-08-03,母線表記のみ,hokkaido
959fa47c-def3-4b8c-9f9b-d9b38e18ded1,西伊達,substation,北海道電力ネットワーク,hokkaido,187,,,,,active,,,hokkaido-keitozu-hokkaido_kikan,extracted,2026-08-03,図中の表記は「西伊達」（ToUnicode欠落のため『達』は前後関係からの補完）。近傍に発電所番号(00004)の発電所記号あり;uncertain,hokkaido
05dfb24f-e8f8-4b96-b193-c390567c63ec,東苫小牧,substation,北海道電力ネットワーク,hokkaido,187,,,,,active,,,hokkaido-keitozu-hokkaido_kikan,extracted,2026-08-03,近傍に発電所番号(00006)(01301)(06501)の発電所記号あり,hokkaido
0f2648c6-35c0-46ed-9d4f-3fe792ea8b59,北七飯,substation,北海道電力ネットワーク,hokkaido,187,,,,,active,,,hokkaido-keitozu-hokkaido_kikan,extracted,2026-08-03,187kV母線を持つ,hokkaido
c9fbf84e-d811-43a2-8060-7d87b5b13897,大野,substation,北海道電力ネットワーク,hokkaido,275,,,,,active,,,hokkaido-keitozu-hokkaido_kikan,extracted,2026-08-03,275kV母線（y=169）と187kV母線（y=150）を別々に持つ,hokkaido
22cd6d50-1406-4e9f-b425-850879b840cc,知内,switching_station,北海道電力ネットワーク,hokkaido,187,,,,,active,,,hokkaido-keitozu-hokkaido_kikan,extracted,2026-08-03,母線表記のみ。近傍に発電所番号(00005)の発電所記号あり。『内』はToUnicode欠落のため補完;uncertain,hokkaido
12d4037d-527e-49c3-a6fa-18e079887a0a,北斗変換所,converter_station,北海道電力ネットワーク,hokkaido,275,,,,,active,,,hokkaido-keitozu-hokkaido_kikan,extracted,2026-08-03,北本連系の変換所。交流側は275kV（西双葉－大野の線上）、直流側は今別変換所へ,hokkaido
26e55d0d-f1fa-45d8-b329-43e18f37a45c,函館変換所,converter_station,北海道電力ネットワーク,hokkaido,187,,,,,active,,,hokkaido-keitozu-hokkaido_kikan,extracted,2026-08-03,記号が破線＝他社設備。直流線（破線・最太線）が図の下端外へ延びる,hokkaido
3d4fcf19-4a34-428a-aa0c-acc95a65a437,今別変換所,converter_station,北海道電力ネットワーク,hokkaido,,,,,,active,,,hokkaido-keitozu-hokkaido_kikan,extracted,2026-08-03,本州（青森）側。図内では直流線で北斗変換所と接続 | sync_area=east50: AC母線は本州(青森)側。運用者は北海道電力NWだが同期系統は東日本50Hz(缝合pass物理判定),east50
af2ade3f-d46b-4dde-843d-a17739570842,北芽室,substation,北海道電力ネットワーク,hokkaido,187,,,,,active,,,hokkaido-keitozu-hokkaido_kikan,extracted,2026-08-03,,hokkaido
fd34ecc0-612c-444e-ad74-c8242408a75d,西音更,substation,北海道電力ネットワーク,hokkaido,187,,,,,active,,,hokkaido-keitozu-hokkaido_kikan,extracted,2026-08-03,,hokkaido
79098c9a-10e2-4a7b-8dc8-7aa9a439be72,宇円別,substation,北海道電力ネットワーク,hokkaido,187,,,,,active,,,hokkaido-keitozu-hokkaido_kikan,extracted,2026-08-03,『円』はToUnicode欠落のため補完（図の字形未確認）;uncertain,hokkaido
598e6cef-7b50-4e03-9859-f4ff72216cb6,東釧路,substation,北海道電力ネットワーク,hokkaido,187,,,,,active,,,hokkaido-keitozu-hokkaido_kikan,extracted,2026-08-03,,hokkaido
b3535be4-91e3-4237-a29e-a21cba9c75f8,西春別,substation,北海道電力ネットワーク,hokkaido,187,,,,,active,,,hokkaido-keitozu-hokkaido_kikan,extracted,2026-08-03,,hokkaido
ec3f9369-b318-42f8-9501-7f90590b3d0f,留辺蘂,substation,北海道電力ネットワーク,hokkaido,187,,,,,active,,,hokkaido-keitozu-hokkaido_kikan,extracted,2026-08-03,,hokkaido
fceacba4-129b-41e5-b12d-dd534ca44c70,女満別,substation,北海道電力ネットワーク,hokkaido,187,,,,,active,,,hokkaido-keitozu-hokkaido_kikan,extracted,2026-08-03,,hokkaido
8f0bc8dc-ad93-440c-9117-204d311bb3fe,中東京,substation,東京電力パワーグリッド,tokyo,275,,,,,active,,,tokyo-keitozu-tokyo_kikan154,extracted,2026-08-03,"1-4B 母線群; 母线 1B-7B；左段有 5-7B合計 与 電圧階級66kV; 電圧階級: 275kV/154kV/66kV; 両PDFに出現: 154kv+kikan; tiles=p2_r1c1,r2c2,r2c3",east50
596a9e19-4b21-4b8a-9d08-54726e220a45,新町,substation,東京電力パワーグリッド,tokyo,154,,,,,active,,,tokyo-keitozu-tokyo_kikan154,extracted,2026-08-03,"逆潮流あり。p6 側に「至新町」の参照注記あり; 複数ページに出現: page 2,7; tiles=p2_r1c1,p7_r1c1,p7_r1c2",east50
c62244cc-7b37-4972-b6f3-1098cf9a20fd,島川原,substation,東京電力パワーグリッド,tokyo,154,,,,,active,,,tokyo-keitozu-tokyo_kikan154,extracted,2026-08-03,1B/2B; 電圧階級: 154kV/66kV; tiles=p2_r1c1,east50
fc15fbcc-d1c3-445b-b659-f060a1e70f8a,上野村,substation,東京電力パワーグリッド,tokyo,154,,,,,active,,,tokyo-keitozu-tokyo_kikan154,extracted,2026-08-03,逆潮流あり; tiles=p2_r1c1,east50
ef01ea15-2293-4b07-930b-a3ef00d59de4,両神,substation,東京電力パワーグリッド,tokyo,154,,,,,active,,,tokyo-keitozu-tokyo_kikan154,extracted,2026-08-03,逆潮流あり; tiles=p2_r1c1,east50
2bf0bf5b-badc-4ae9-9b5b-61048efdda8a,名栗,substation,東京電力パワーグリッド,tokyo,154,,,,,active,,,tokyo-keitozu-tokyo_kikan154,extracted,2026-08-03,tiles=p2_r1c1,east50
8e8aa032-bee5-423e-8109-ff051a1a3919,武蔵赤坂,substation,東京電力パワーグリッド,tokyo,154,,,,,active,,,tokyo-keitozu-tokyo_kikan154,extracted,2026-08-03,tiles=p2_r1c1,east50
319c4970-420b-484e-a186-d65bc309eeb6,奥秩父,substation,東京電力パワーグリッド,tokyo,154,,,,,active,,,tokyo-keitozu-tokyo_kikan154,extracted,2026-08-03,1-4B; 電圧階級: 154kV/66kV; tiles=p2_r1c1,east50
f95a1aea-3f78-4e91-a83b-41a614e144ff,昭島,substation,東京電力パワーグリッド,tokyo,154,,,,,active,,,tokyo-keitozu-tokyo_kikan154,extracted,2026-08-03,"重複ブロック; バンク合計144; 電圧階級: 154kV/66kV; 複数ページに出現: page 2,4,5; tiles=p2_r1c1,p2_r1c2,p4_r1c1,p4_r2c1,p5_r1c4,p5_r2c4",east50
bebcc521-7069-4062-b481-16be9f261fc6,発電所1123016,other,東京電力パワーグリッド,tokyo,,,,,,active,,,tokyo-keitozu-tokyo_kikan154,extracted,2026-08-03,匿名化ID; tiles=p2_r1c1;発電所,east50
f55079a5-f55f-481f-ac0d-36494366b0c8,発電所1123017,other,東京電力パワーグリッド,tokyo,,,,,,active,,,tokyo-keitozu-tokyo_kikan154,extracted,2026-08-03,匿名化ID; tiles=p2_r1c1;発電所,east50
dac9109a-0fe4-4c5f-9e38-3e5bca85d455,発電所1123018,other,東京電力パワーグリッド,tokyo,,,,,,active,,,tokyo-keitozu-tokyo_kikan154,extracted,2026-08-03,匿名化ID; tiles=p2_r1c1;発電所,east50
ea1b366e-9ad4-496a-bc9d-7448305c1d11,発電所1043001,other,東京電力パワーグリッド,tokyo,,,,,,active,,,tokyo-keitozu-tokyo_kikan154,extracted,2026-08-03,匿名化ID; tiles=p2_r1c1;発電所,east50
a82f9389-32ae-47a2-8af3-c11b8d070499,豊岡,substation,東京電力パワーグリッド,tokyo,275,,,,,active,,,tokyo-keitozu-tokyo_kikan154,extracted,2026-08-03,"2B/3B; バンク合計450; 母线 2B/3B; 電圧階級: 275kV/154kV; 複数ページに出現: page 2,4; 両PDFに出現: 154kv+kikan; tiles=p2_r1c1,p2_r1c2,p4_r1c1,r2c1,r2c2",east50
3769b75c-a45a-48b0-899c-6a8fd7616ea9,豊岡／局配,substation,東京電力パワーグリッド,tokyo,154,,,,,active,,,tokyo-keitozu-tokyo_kikan154,extracted,2026-08-03,"名称に「／局配」付き; tiles=p2_r1c1,p2_r1c2",east50
df7ef1e6-5602-4b97-8b7b-4d74c1b6ed40,残堀,substation,東京電力パワーグリッド,tokyo,154,,,,,active,,,tokyo-keitozu-tokyo_kikan154,extracted,2026-08-03,"MWh表示のみ; 複数ページに出現: page 2,4; tiles=p2_r1c1,p2_r1c2,p4_r1c1",east50
0c28c99d-7231-4229-a01d-ac0b71093a67,武蔵藤沢,substation,東京電力パワーグリッド,tokyo,154,,,,,active,,,tokyo-keitozu-tokyo_kikan154,extracted,2026-08-03,"重複域で二度出現、同一; 複数ページに出現: page 2,4; tiles=p2_r1c2,p4_r1c1,p4_r1c2",east50
5ef8b84f-460e-49e2-b8c0-d7fa96d95bc0,下清戸,substation,東京電力パワーグリッド,tokyo,154,,,,,active,,,tokyo-keitozu-tokyo_kikan154,extracted,2026-08-03,"MWh表示のみ; 複数ページに出現: page 2,4; tiles=p2_r1c2,p4_r1c2",east50
f6bf38a0-8e4e-4e58-b6af-9b027a3f5833,南川越,substation,東京電力パワーグリッド,tokyo,275,,,,,active,,,tokyo-keitozu-tokyo_kikan154,extracted,2026-08-03,"1B/2B/4B/5B/6B; バンク合計750、母線 1B-6B; 母线 1B-6B; 電圧階級: 275kV/154kV; 複数ページに出現: page 2,4,7; 両PDFに出現: 154kv+kikan; tiles=p2_r1c2,p4_r1c2,p7_r2c1,r2c3,r2c4",east50
7fdfd45d-a833-4f69-8d4d-8835c9b94148,小堤,substation,東京電力パワーグリッド,tokyo,154,,,,,active,,,tokyo-keitozu-tokyo_kikan154,extracted,2026-08-03,"複数ページに出現: page 2,7; tiles=p2_r1c2,p7_r2c1",east50
9d366755-ab6b-44ea-8f67-c9ccc6464704,北坂戸,substation,東京電力パワーグリッド,tokyo,154,,,,,active,,,tokyo-keitozu-tokyo_kikan154,extracted,2026-08-03,"複数ページに出現: page 2,7; tiles=p2_r1c2,p7_r2c1",east50
a446bd13-b41e-4e56-8867-b6fea47aec4f,寄居,substation,東京電力パワーグリッド,tokyo,154,,,,,active,,,tokyo-keitozu-tokyo_kikan154,extracted,2026-08-03,"逆潮流あり; 複数ページに出現: page 2,7; tiles=p2_r1c2,p2_r1c3,p7_r2c1",east50
3061ba6a-ef12-4263-a93b-f0f3a936e3e3,亀久保,substation,東京電力パワーグリッド,tokyo,154,,,,,active,,,tokyo-keitozu-tokyo_kikan154,extracted,2026-08-03,"MWh表示のみ; 複数ページに出現: page 2,4; tiles=p2_r1c2,p4_r2c3",east50
ec820e1f-7841-4d6c-8eb3-6dc9bb6d36ce,武蔵大井,substation,東京電力パワーグリッド,tokyo,154,,,,,active,,,tokyo-keitozu-tokyo_kikan154,extracted,2026-08-03,"MWh表示のみ; 複数ページに出現: page 2,4; tiles=p2_r1c2,p4_r2c3,p4_r2c4",east50
7b8ea9d8-07ae-43e0-ac3a-98e484152050,上柴,substation,東京電力パワーグリッド,tokyo,154,,,,,active,,,tokyo-keitozu-tokyo_kikan154,extracted,2026-08-03,"逆潮流あり; 複数ページに出現: page 2,7; tiles=p2_r1c2,p7_r2c1",east50
4364d454-f36e-45b6-a58a-65e02e05459d,宗岡,substation,東京電力パワーグリッド,tokyo,154,,,,,active,,,tokyo-keitozu-tokyo_kikan154,extracted,2026-08-03,"MWh表示のみ; 複数ページに出現: page 2,4; tiles=p2_r1c2,p4_r2c4",east50
d669de8a-30b0-4b1f-a626-4cf4a9410bd2,新座,substation,東京電力パワーグリッド,tokyo,275,,,,,active,,,tokyo-keitozu-tokyo_kikan154,extracted,2026-08-03,"1-4B; r3c5左端に重複描画; 電圧階級: 275kV/154kV; 両PDFに出現: 154kv+kikan; tiles=p2_r1c2,r3c4,r3c5",east50
7cdfbd99-a29b-42a2-822b-cbee06d82644,新岡部,substation,東京電力パワーグリッド,tokyo,500,,,,,active,,,tokyo-keitozu-tokyo_kikan154,extracted,2026-08-03,"6-8B 合計 990; 母线 1B/4B/6B/7B/8B; 電圧階級: 500kV/275kV/154kV; 複数ページに出現: page 2,7; 両PDFに出現: 154kv+kikan; tiles=p2_r1c2,p2_r1c3,p7_r2c1,r1c2,r2c2",east50
17c870f0-d9c9-41f9-ab62-7be36b8499b1,埼玉,substation,東京電力パワーグリッド,tokyo,154,,,,,active,,,tokyo-keitozu-tokyo_kikan154,extracted,2026-08-03,"1-4B; 4B〜1B・バンク合計461; 電圧階級: 154kV/66kV; 複数ページに出現: page 2,7; tiles=p2_r1c2,p2_r1c3,p7_r2c1",east50
2f3b0624-126c-49db-b67c-b86301805fab,群馬,substation,東京電力パワーグリッド,tokyo,154,,,,,active,,,tokyo-keitozu-tokyo_kikan154,extracted,2026-08-03,"9B; 4B〜1B・バンク合計343; 電圧階級: 154kV/66kV; 複数ページに出現: page 2,7; tiles=p2_r1c3,p7_r2c1",east50
80d54fb6-2d71-4f5a-b4f1-f8a1a732c7b0,北東京,substation,東京電力パワーグリッド,tokyo,275,,,,,active,,,tokyo-keitozu-tokyo_kikan154,extracted,2026-08-03,"1-6B 合計 1624; 母线 1B-6B、9B; 電圧階級: 275kV/154kV; 複数ページに出現: page 2,7; 両PDFに出現: 154kv+kikan; tiles=p2_r1c3,p2_r1c4,p7_r2c2,r2c5",east50
d5692ee9-eaed-4c96-8576-9a6fe68a4950,共和,substation,東京電力パワーグリッド,tokyo,154,,,,,active,,,tokyo-keitozu-tokyo_kikan154,extracted,2026-08-03,"逆潮流あり; 複数ページに出現: page 2,7; tiles=p2_r1c3,p7_r2c1",east50
e34b4e5a-bae0-42e8-98a0-cca366028ecb,上里,substation,東京電力パワーグリッド,tokyo,154,,,,,active,,,tokyo-keitozu-tokyo_kikan154,extracted,2026-08-03,"逆潮流あり; 複数ページに出現: page 2,7; tiles=p2_r1c3,p7_r2c1",east50
7b3a5f9b-39b2-41d1-8e7e-ae446ef61cd5,宮戸,substation,東京電力パワーグリッド,tokyo,154,,,,,active,,,tokyo-keitozu-tokyo_kikan154,extracted,2026-08-03,tiles=p2_r1c3,east50
63fb496e-9142-4b58-80ee-bed467464dc8,新郷,substation,東京電力パワーグリッド,tokyo,154,,,,,active,,,tokyo-keitozu-tokyo_kikan154,extracted,2026-08-03,tiles=p2_r1c3,east50
eb72040f-22ad-4c77-aa93-1b32aa097180,深作,substation,東京電力パワーグリッド,tokyo,154,,,,,active,,,tokyo-keitozu-tokyo_kikan154,extracted,2026-08-03,tiles=p2_r1c3,east50
150fe35a-6c35-4fbb-96f0-7bad74e6467d,岩槻,substation,東京電力パワーグリッド,tokyo,154,,,,,active,,,tokyo-keitozu-tokyo_kikan154,extracted,2026-08-03,1-4B; 電圧階級: 154kV/66kV; tiles=p2_r1c3,east50
9709ad15-1986-46f2-b6dd-f7368030c2a9,菖蒲,substation,東京電力パワーグリッド,tokyo,154,,,,,active,,,tokyo-keitozu-tokyo_kikan154,extracted,2026-08-03,"複数ページに出現: page 2,7; tiles=p2_r1c4,p7_r2c2",east50
830d0316-b5dd-41c0-8f5b-f48a2269a450,久喜,substation,東京電力パワーグリッド,tokyo,154,,,,,active,,,tokyo-keitozu-tokyo_kikan154,extracted,2026-08-03,"複数ページに出現: page 2,7; tiles=p2_r1c4,p7_r2c2",east50
7d541717-062c-48fe-8b0f-6e31e1624899,栗橋,substation,東京電力パワーグリッド,tokyo,154,,,,,active,,,tokyo-keitozu-tokyo_kikan154,extracted,2026-08-03,"複数ページに出現: page 2,7; tiles=p2_r1c4,p7_r2c2",east50
8665cd7e-56e3-450f-a590-af45fed09ca8,南赤塚,substation,東京電力パワーグリッド,tokyo,154,,,,,active,,,tokyo-keitozu-tokyo_kikan154,extracted,2026-08-03,"逆潮流あり; 複数ページに出現: page 2,7; tiles=p2_r1c4,p7_r2c2",east50
0650d830-44e3-4d55-9174-bdb1fa458e8f,野木,substation,東京電力パワーグリッド,tokyo,154,,,,,active,,,tokyo-keitozu-tokyo_kikan154,extracted,2026-08-03,"4B/3B・バンク合計283; 電圧階級: 154kV/66kV; 複数ページに出現: page 2,7; tiles=p2_r1c4,p7_r2c2",east50
27f314e0-a83f-4666-bcfe-2abb18f7c9cc,新筑波,substation,東京電力パワーグリッド,tokyo,500,,,,,active,,,tokyo-keitozu-tokyo_kikan154,extracted,2026-08-03,"1-4B, バンク合計 820; 3B/2B/1B・バンク合計820。p7_r2c2 右上端にも同クラスタの一部が写る; 母线 1B-4B; 電圧階級: 500kV/154kV; 複数ページに出現: page 2,7; 両PDFに出現: 154kv+kikan; tiles=p2_r1c4,p7_r2c2,p7_r2c3,r2c5,r2c6",east50
7c50bd70-3af5-42f2-a1f9-f9beb6024acf,上吉羽,substation,東京電力パワーグリッド,tokyo,154,,,,,active,,,tokyo-keitozu-tokyo_kikan154,extracted,2026-08-03,"複数ページに出現: page 2,7; tiles=p2_r1c4,p7_r2c2",east50
a7ae08dc-821c-49c9-8537-70002e8c3223,五霞,substation,東京電力パワーグリッド,tokyo,154,,,,,active,,,tokyo-keitozu-tokyo_kikan154,extracted,2026-08-03,"逆潮流あり; 複数ページに出現: page 2,7; tiles=p2_r1c4,p7_r2c2",east50
4b1af2df-65ec-4053-9f82-4486a80e5008,東野田,substation,東京電力パワーグリッド,tokyo,154,,,,,active,,,tokyo-keitozu-tokyo_kikan154,extracted,2026-08-03,"逆潮流あり; 複数ページに出現: page 2,7; tiles=p2_r1c4,p7_r2c2",east50
5f79fc2c-5e1b-460b-9545-34fb2f5edc20,八千代,substation,東京電力パワーグリッド,tokyo,154,,,,,active,,,tokyo-keitozu-tokyo_kikan154,extracted,2026-08-03,"逆潮流あり; 複数ページに出現: page 2,7; tiles=p2_r1c4,p7_r2c3",east50
ebc41f12-4248-421c-b1fe-1c21abbc7f96,慈恩寺,substation,東京電力パワーグリッド,tokyo,154,,,,,active,,,tokyo-keitozu-tokyo_kikan154,extracted,2026-08-03,"複数ページに出現: page 2,7; tiles=p2_r1c4,p7_r2c2",east50
76cd5518-fd7e-46d1-81cd-720ccb76e85c,小山,substation,東京電力パワーグリッド,tokyo,154,,,,,active,,,tokyo-keitozu-tokyo_kikan154,extracted,2026-08-03,"5B〜1B・バンク合計654; 電圧階級: 154kV/66kV; 複数ページに出現: page 2,7; tiles=p2_r1c4,p7_r1c2,p7_r2c2",east50
3e2d6a42-21c3-4ea7-b1bf-d45301b1d606,京北,substation,東京電力パワーグリッド,tokyo,275,,,,,active,,,tokyo-keitozu-tokyo_kikan154,extracted,2026-08-03,"1-3B/4-6B/7-8B、p2 と p3 の継ぎ目で同一クラスタが重複; 1-3B合計587、4-6B合計430、7-8B合計233; 1-3B合計587 / 4-6B合計430 / 7-8B合計233; 電圧階級: 275kV/154kV/66kV; 複数ページに出現: page 2,3,4; 両PDFに出現: 154kv+kikan; tiles=p2_r1c4,p3_r1c1,p4_r1c4,p4_r2c3,p4_r2c4,r3c5",east50
11f2cf54-c52f-466a-aac4-5d6c85b9152f,矢切,substation,東京電力パワーグリッド,tokyo,154,,,,,active,,,tokyo-keitozu-tokyo_kikan154,extracted,2026-08-03,"複数ページに出現: page 2,3; tiles=p2_r1c4,p3_r1c2,p3_r2c2",east50
84879905-cbe9-4d5a-95ca-5ea1fd7fab21,東松戸,substation,東京電力パワーグリッド,tokyo,154,,,,,active,,,tokyo-keitozu-tokyo_kikan154,extracted,2026-08-03,"複数ページに出現: page 2,3; tiles=p2_r1c4,p3_r1c2,p3_r2c2",east50
91e7e668-904d-4e30-a171-abf3d8e97553,伊原,substation,東京電力パワーグリッド,tokyo,154,,,,,active,,,tokyo-keitozu-tokyo_kikan154,extracted,2026-08-03,"複数ページに出現: page 2,3; tiles=p2_r1c4,p2_r2c4,p3_r1c1",east50
8bd0a821-a12e-4a54-a5bb-9824288b3f84,寄巻,substation,東京電力パワーグリッド,tokyo,154,,,,,active,,,tokyo-keitozu-tokyo_kikan154,verified,2026-08-03,"p3 側では「寄巻」と読めるが p2_r1c4 では 1 文字目が「宿」にも見える。同一位置・同一 MWh 値(12/12/13)なので同一局と判断; 複数ページに出現: page 2,3; tiles=p2_r1c4,p2_r2c4,p3_r1c1,p3_r2c1;uncertain",east50
feaaf011-21c6-4960-b989-5bd9774b6810,東小岩,substation,東京電力パワーグリッド,tokyo,154,,,,,active,,,tokyo-keitozu-tokyo_kikan154,extracted,2026-08-03,"複数ページに出現: page 2,3; tiles=p2_r1c4,p2_r2c4,p3_r2c2",east50
6fe8211c-0619-42be-b369-69bc6bed0ccd,発電所1083011,other,東京電力パワーグリッド,tokyo,,,,,,active,,,tokyo-keitozu-tokyo_kikan154,extracted,2026-08-03,匿名化ID; tiles=p2_r2c1;発電所,east50
474626ea-4038-435b-80d7-4970fe065f92,前沢,substation,東京電力パワーグリッド,tokyo,154,,,,,active,,,tokyo-keitozu-tokyo_kikan154,extracted,2026-08-03,tiles=p2_r2c1,east50
52645027-038b-47bb-9c4e-48bd4f141aeb,久地,substation,東京電力パワーグリッド,tokyo,154,,,,,active,,,tokyo-keitozu-tokyo_kikan154,extracted,2026-08-03,"MWh表示なし・小規模クラスタ; 複数ページに出現: page 2,4; tiles=p2_r2c1,p4_r1c2,p4_r2c2",east50
db0fa004-7406-430e-8398-8dff3cfc209a,千歳,substation,東京電力パワーグリッド,tokyo,154,,,,,active,,,tokyo-keitozu-tokyo_kikan154,extracted,2026-08-03,"1-4B, バンク合計 555; バンク合計555; 電圧階級: 154kV/66kV; 複数ページに出現: page 2,4; tiles=p2_r2c1,p2_r2c2,p4_r1c2,p4_r2c1,p4_r2c2",east50
32d13d32-f4e1-4182-9b47-23d2c2c34920,南武,substation,東京電力パワーグリッド,tokyo,154,,,,,active,,,tokyo-keitozu-tokyo_kikan154,extracted,2026-08-03,"1-4B, バンク合計 541; バンク合計541; 電圧階級: 154kV/66kV; 複数ページに出現: page 2,4,5; tiles=p2_r2c1,p4_r2c2,p5_r1c2",east50
3ccfd08b-3658-4033-9039-eec98bc458fc,川崎,substation,東京電力パワーグリッド,tokyo,154,,,,,active,,,tokyo-keitozu-tokyo_kikan154,extracted,2026-08-03,"1,3-4B 合計 288; 1,3-4B合計288; 電圧階級: 154kV/66kV/22kV; 複数ページに出現: page 2,4,5; tiles=p2_r2c1,p4_r2c1,p4_r2c2,p5_r1c3,p5_r1c4",east50
90a1e248-4e5a-4553-9341-85ed03658910,和田堀,substation,東京電力パワーグリッド,tokyo,154,,,,,active,,,tokyo-keitozu-tokyo_kikan154,extracted,2026-08-03,"1-3B, バンク合計 340; バンク合計340; 電圧階級: 154kV/66kV; 複数ページに出現: page 2,4; tiles=p2_r2c1,p4_r1c2",east50
f339760c-0f43-48a6-9774-3a2eef4e4545,堀ノ内,substation,東京電力パワーグリッド,tokyo,154,,,,,active,,,tokyo-keitozu-tokyo_kikan154,extracted,2026-08-03,逆潮流あり; tiles=p2_r2c2,east50
64fb3fe6-e618-400e-88c4-41889c195a28,武蔵野,substation,東京電力パワーグリッド,tokyo,154,,,,,active,,,tokyo-keitozu-tokyo_kikan154,extracted,2026-08-03,"1B,2B,4B,5B, バンク合計 693; 電圧階級: 154kV/66kV; tiles=p2_r2c2",east50
b99b702b-d700-4c79-91f4-db44f8ec7f5e,戸田,substation,東京電力パワーグリッド,tokyo,154,,,,,active,,,tokyo-keitozu-tokyo_kikan154,extracted,2026-08-03,"1-3B, バンク合計 351; バンク合計351; 電圧階級: 154kV/66kV; 複数ページに出現: page 2,4; tiles=p2_r2c2,p4_r2c4",east50
8ad34627-fc9b-4b44-8da9-ed2256c1559e,城南,substation,東京電力パワーグリッド,tokyo,275,,,,,active,,,tokyo-keitozu-tokyo_kikan154,extracted,2026-08-03,"5-7B 合計 371 / 1-3B 合計 400; 5-7B合計371(66kV)、1-3B合計400; 1-3B合計400 / 5-7B合計371; 電圧階級: 275kV/154kV/66kV; 複数ページに出現: page 2,4; 両PDFに出現: 154kv+kikan; tiles=p2_r2c2,p4_r1c2,p4_r1c3,r4c4",east50
14f029e6-5578-4a53-9d21-8f975627293c,角筈,substation,東京電力パワーグリッド,tokyo,154,,,,,active,,,tokyo-keitozu-tokyo_kikan154,extracted,2026-08-03,"1-3B, バンク合計 103; バンク合計103; 電圧階級: 154kV/66kV; 複数ページに出現: page 2,4; tiles=p2_r2c2,p4_r1c2",east50
3ecda95f-56fa-45c9-a5b1-401d2e3c249b,常盤台,substation,東京電力パワーグリッド,tokyo,154,,,,,active,,,tokyo-keitozu-tokyo_kikan154,extracted,2026-08-03,"1-3B, バンク合計 433; バンク合計433; 電圧階級: 154kV/66kV; 複数ページに出現: page 2,4; tiles=p2_r2c2,p2_r2c3,p4_r2c4",east50
66fba741-8f85-43d5-b1cf-c5ce38bc8d8d,笹目,substation,東京電力パワーグリッド,tokyo,154,,,,,active,,,tokyo-keitozu-tokyo_kikan154,extracted,2026-08-03,"1B,3B,4B, バンク合計 352; 電圧階級: 154kV/66kV; tiles=p2_r2c3",east50
8c71b736-2f41-4b75-af31-d7b23e4710af,豊島,substation,東京電力パワーグリッド,tokyo,275,,,,,active,,,tokyo-keitozu-tokyo_kikan154,extracted,2026-08-03,"5-7B 合計 410 / 1-3B 合計 433; 1-3B合計433、5-7B合計410(66kV); 1-3B合計433 / 5-7B合計410; 電圧階級: 275kV/154kV/66kV; 複数ページに出現: page 2,4; 両PDFに出現: 154kv+kikan; tiles=p2_r2c3,p4_r1c4,p4_r2c4,r3c5",east50
77b8fa3e-c6a4-451b-b7f1-49554b82d29d,鳩ヶ谷,substation,東京電力パワーグリッド,tokyo,154,63fa0537-64ae-47fd-a8a0-657008a7d706,,,,merged,,2026-08-03,tokyo-keitozu-tokyo_kikan154,extracted,2026-08-03,"1-4B, バンク合計 479; 電圧階級: 154kV/66kV; tiles=p2_r2c3,p2_r2c4",east50
978f10b4-d4a3-4a23-a906-cc3042c4fde6,東八潮,substation,東京電力パワーグリッド,tokyo,154,,,,,active,,,tokyo-keitozu-tokyo_kikan154,extracted,2026-08-03,"2-4B, バンク合計 312; 電圧階級: 154kV/66kV; 複数ページに出現: page 2,3; tiles=p2_r2c4,p3_r1c1",east50
3e31e1c5-3935-4421-882a-ebb7835cdec8,小松川,substation,東京電力パワーグリッド,tokyo,154,,,,,active,,,tokyo-keitozu-tokyo_kikan154,extracted,2026-08-03,"1-3B, バンク合計 314; バンク合計314; 電圧階級: 154kV/66kV; 複数ページに出現: page 2,3,4; tiles=p2_r2c4,p3_r2c2,p4_r1c4",east50
cbcbf289-0fbf-459a-9e09-15308bae5b69,北葛飾,substation,東京電力パワーグリッド,tokyo,275,,,,,active,,,tokyo-keitozu-tokyo_kikan154,extracted,2026-08-03,"1-3B, バンク合計 772; 電圧階級: 275kV/154kV; 複数ページに出現: page 2,3; 両PDFに出現: 154kv+kikan; tiles=p2_r2c4,p3_r1c1,p3_r1c2,r3c6",east50
2cbe3824-0aec-4df3-bfce-0074c1dc082d,田端,substation,東京電力パワーグリッド,tokyo,154,,,,,active,,,tokyo-keitozu-tokyo_kikan154,extracted,2026-08-03,"1-3B 合計 140、22kV 側母線も併記; 電圧階級: 154kV/66kV; tiles=p2_r2c3,p2_r2c4",east50
6070dcdf-ec57-44af-8fc6-e6e99afae0cf,真砂町,substation,東京電力パワーグリッド,tokyo,154,,,,,active,,,tokyo-keitozu-tokyo_kikan154,extracted,2026-08-03,"1B/2B, バンク合計 33; 電圧階級: 154kV/22kV; tiles=p2_r2c4",east50
2d34b9f6-f8a0-4d18-9a01-2d815c46325b,新野田,substation,東京電力パワーグリッド,tokyo,500,,,,,active,,,tokyo-keitozu-tokyo_kikan154,extracted,2026-08-03,"1-4B(500kV) と 11-17B(275/154kV) が同一クラスタ、11-17B 合計 1131; 母线 1B-3B（500侧）与 11B-17B（154侧）; 電圧階級: 500kV/275kV/154kV; 複数ページに出現: page 2,3,7; 両PDFに出現: 154kv+kikan; tiles=p3_r1c1,p3_r1c2,p7_r2c3,p7_r2c4,r2c5,r2c6",east50
6c9f002a-e2f7-4fe8-8a45-5410f68e204a,中曽根,substation,東京電力パワーグリッド,tokyo,154,,,,,active,,,tokyo-keitozu-tokyo_kikan154,extracted,2026-08-03,tiles=p3_r1c2,east50
6117d971-0013-4f12-a27b-e4c27cf1c95d,酒井根,substation,東京電力パワーグリッド,tokyo,154,,,,,active,,,tokyo-keitozu-tokyo_kikan154,extracted,2026-08-03,tiles=p3_r1c2,east50
5cc62dbc-6135-4691-ad53-1f2b2c45ad8d,東葛,substation,東京電力パワーグリッド,tokyo,154,,,,,active,,,tokyo-keitozu-tokyo_kikan154,extracted,2026-08-03,"1-4B, バンク合計 493; 電圧階級: 154kV/66kV; tiles=p3_r1c2",east50
18caf0e6-c93b-4174-87a4-7fcca78889a7,千葉ニュータウン,substation,東京電力パワーグリッド,tokyo,154,,,,,active,,,tokyo-keitozu-tokyo_kikan154,extracted,2026-08-03,"1-3B, バンク合計 183; 電圧階級: 154kV/66kV; tiles=p3_r1c2,p3_r1c3",east50
57bc3ade-12b5-4852-831e-a716e06adbe4,江東,substation,東京電力パワーグリッド,tokyo,275,,,,,active,,,tokyo-keitozu-tokyo_kikan154,extracted,2026-08-03,"1-3B 合計 564；66kV 側に 1LB-4LB(3-4LB 合計 530 / 1-2LB 合計 230); 1-3B合計564、5-7B合計339; 1-3B合計564 / 5-7B合計339。r4c5右端に部分描画; 電圧階級: 275kV/154kV/66kV; 複数ページに出現: page 2,3,4; 両PDFに出現: 154kv+kikan; tiles=p3_r1c2,p3_r1c3,p3_r2c2,p4_r1c4,r4c5,r4c6",east50
97aab4aa-562b-48bf-bd0f-ce91f69599f8,新京葉,substation,東京電力パワーグリッド,tokyo,500,,,,,active,,,tokyo-keitozu-tokyo_kikan154,extracted,2026-08-03,"1-3B 合計 1540 / 5-8B 合計 878; 500kV母線に站名。275kV/154kV母線は横に長く伸び、右側の千葉印西線・北千葉線・千葉ニュータウン線等も同一母線上（電圧階級のみ表記）。r3c6右端に東京東線/江東線側が部分描画; 電圧階級: 500kV/275kV/154kV/66kV; 複数ページに出現: page 2,3; 両PDFに出現: 154kv+kikan; tiles=p3_r1c3,r3c6,r3c7",east50
4729dba8-54ae-4a0f-83c2-7bf2f78b6382,房総,substation,東京電力パワーグリッド,tokyo,500,,,,,active,,,tokyo-keitozu-tokyo_kikan154,extracted,2026-08-03,"1,3,4,9B 合計 2430 / 5-8B 合計 267; 500kV母線に站名。1,3,4,9B合計2430 / 5-8B合計267。r3c8最下部と r4c7右端に部分描画; 電圧階級: 500kV/275kV/154kV; 複数ページに出現: page 2,3; 両PDFに出現: 154kv+kikan; tiles=p3_r1c3,p3_r1c4,r3c8,r4c7,r4c8",east50
9f49eb46-bb3b-4cfc-8a08-776b0e8dddf3,潤井戸,substation,東京電力パワーグリッド,tokyo,154,,,,,active,,,tokyo-keitozu-tokyo_kikan154,extracted,2026-08-03,"逆潮流あり; tiles=p3_r1c3,p3_r1c4",east50
18c98bb2-5057-4bfd-a906-4d5a9aa79002,鷹の台,substation,東京電力パワーグリッド,tokyo,154,,,,,active,,,tokyo-keitozu-tokyo_kikan154,extracted,2026-08-03,tiles=p3_r1c3,east50
b5b26821-3824-46dc-b43a-54b144cbee0f,二和東,substation,東京電力パワーグリッド,tokyo,154,,,,,active,,,tokyo-keitozu-tokyo_kikan154,extracted,2026-08-03,tiles=p3_r1c3,east50
b92d213f-74f1-48c4-a403-9ddd7d261566,坪井,substation,東京電力パワーグリッド,tokyo,154,,,,,active,,,tokyo-keitozu-tokyo_kikan154,extracted,2026-08-03,tiles=p3_r1c3,east50
2b78ab1b-ed1b-498b-b174-ee48417a2274,長沼,substation,東京電力パワーグリッド,tokyo,154,,,,,active,,,tokyo-keitozu-tokyo_kikan154,extracted,2026-08-03,tiles=p3_r1c3,east50
267b8ea3-25da-4df9-959a-3f78a24241f9,鎌ヶ谷,substation,東京電力パワーグリッド,tokyo,154,,,,,active,,,tokyo-keitozu-tokyo_kikan154,extracted,2026-08-03,"tiles=p3_r1c3,p3_r2c3",east50
249acbfe-b23b-4d4e-8a1d-a1076756c23d,柏井,substation,東京電力パワーグリッド,tokyo,154,,,,,active,,,tokyo-keitozu-tokyo_kikan154,extracted,2026-08-03,"tiles=p3_r1c3,p3_r2c3",east50
a3026d39-bbd7-40c9-b6ea-ecaed80d1a23,東千葉,substation,東京電力パワーグリッド,tokyo,154,,,,,active,,,tokyo-keitozu-tokyo_kikan154,extracted,2026-08-03,"1B,3B,4B,5B, バンク合計 192; 電圧階級: 154kV/66kV; tiles=p3_r1c3,p3_r1c4,p3_r2c4",east50
739f1467-87ce-4459-989a-6bf594caf702,新木更津,substation,東京電力パワーグリッド,tokyo,500,,,,,active,,,tokyo-keitozu-tokyo_kikan154,extracted,2026-08-03,"1-2B 合計 1440、5B-8B; 1-2B合計1440 / 5-8B合計514。r3c7右端に部分描画; 電圧階級: 500kV/275kV; 複数ページに出現: page 2,3; 両PDFに出現: 154kv+kikan; tiles=p3_r1c4,r3c7,r3c8",east50
112208a7-a386-43c0-a202-51c04a87ca5a,内房,substation,東京電力パワーグリッド,tokyo,154,,,,,active,,,tokyo-keitozu-tokyo_kikan154,verified,2026-08-03,"2B,3B,4B; 新木更津クラスタ直下の154kV母線に「内房」と站名表記。新木更津の154kV側なのか独立站なのかは図から断定できない; 電圧階級: 154kV/66kV; 複数ページに出現: page 2,3; 両PDFに出現: 154kv+kikan; tiles=p3_r1c4,r3c7,r3c8;uncertain | 物理的には新木更津と同一構内。新木更津500kV母線→1-2B(合計↓1440)→275kV母線→5B-8B変圧器 と降圧した先の154kV母線の右端に『内房 電圧階級154kV』と站名表記＝新木更津構内の154kV母線に付された別站名。図面が別名で母線を呼ぶため別站として記録",east50
933c642d-8f11-4575-b259-6a7891f04012,発電所1053005,other,東京電力パワーグリッド,tokyo,,,,,,active,,,tokyo-keitozu-tokyo_kikan154,extracted,2026-08-03,"匿名化ID; tiles=p3_r1c3,p3_r1c4;発電所",east50
2b8d0139-3238-4b0e-a798-3297e038da1c,発電所1053004,other,東京電力パワーグリッド,tokyo,,,,,,active,,,tokyo-keitozu-tokyo_kikan154,extracted,2026-08-03,匿名化ID; tiles=p3_r1c4;発電所,east50
75429822-f317-4212-b36d-bd801788cd45,発電所1053003,other,東京電力パワーグリッド,tokyo,,,,,,active,,,tokyo-keitozu-tokyo_kikan154,extracted,2026-08-03,匿名化ID; tiles=p3_r1c4;発電所,east50
4a94462a-acc9-4541-bbb3-bc1b920cd1ef,発電所1053002,other,東京電力パワーグリッド,tokyo,,,,,,active,,,tokyo-keitozu-tokyo_kikan154,extracted,2026-08-03,匿名化ID; tiles=p3_r1c4;発電所,east50
a88d3fd4-79a2-44a3-8ca2-46bbd8fc3324,発電所1053001,other,東京電力パワーグリッド,tokyo,,,,,,active,,,tokyo-keitozu-tokyo_kikan154,extracted,2026-08-03,匿名化ID; tiles=p3_r1c4;発電所,east50
b26ee6a2-ae3e-4d52-acb4-c0ed35d57af2,大瀬,substation,東京電力パワーグリッド,tokyo,154,,,,,active,,,tokyo-keitozu-tokyo_kikan154,extracted,2026-08-03,tiles=p3_r2c1,east50
2d8159fc-c76f-4f6d-9b6f-584f0796f682,小合,substation,東京電力パワーグリッド,tokyo,154,,,,,active,,,tokyo-keitozu-tokyo_kikan154,extracted,2026-08-03,tiles=p3_r2c1,east50
2af3bff3-2fd1-4b89-8bff-fb7320d7da83,水元,substation,東京電力パワーグリッド,tokyo,154,,,,,active,,,tokyo-keitozu-tokyo_kikan154,extracted,2026-08-03,"tiles=p3_r2c1,p3_r2c2",east50
eaa8e229-08f2-43bc-a451-c06435d70efb,江戸川,substation,東京電力パワーグリッド,tokyo,154,,,,,active,,,tokyo-keitozu-tokyo_kikan154,verified,2026-08-03,"局名の下に「電圧階級 66kV」のみ確認。1B/2B, バンク合計 132。154kV 母線の有無は当該ブロックでは判別不可; tiles=p3_r2c1;uncertain",east50
f13b5986-d49f-4bde-97d4-76bb32ec475f,花畑,substation,東京電力パワーグリッド,tokyo,154,,,,,active,,,tokyo-keitozu-tokyo_kikan154,extracted,2026-08-03,"1B,2B,3B,5B, バンク合計 473; 電圧階級: 154kV/66kV; tiles=p3_r2c1",east50
1837cccc-b2d9-437e-9343-0388adcd3f54,松島,substation,東京電力パワーグリッド,tokyo,154,,,,,active,,,tokyo-keitozu-tokyo_kikan154,extracted,2026-08-03,"tiles=p3_r2c1,p3_r2c2",east50
232a9642-b02e-4507-b7ae-2779c34720f3,亀戸,substation,東京電力パワーグリッド,tokyo,154,,,,,active,,,tokyo-keitozu-tokyo_kikan154,extracted,2026-08-03,"1-3B, バンク合計 25; 電圧階級: 154kV/22kV; tiles=p3_r2c2",east50
09f71510-b869-4765-95e0-56a93959a35e,下総,substation,東京電力パワーグリッド,tokyo,154,,,,,active,,,tokyo-keitozu-tokyo_kikan154,extracted,2026-08-03,"1-4B, バンク合計 473; 電圧階級: 154kV/66kV; tiles=p3_r2c3",east50
05593fa2-e546-450e-9f5c-b591511198f2,外房,substation,東京電力パワーグリッド,tokyo,154,,,,,active,,,tokyo-keitozu-tokyo_kikan154,extracted,2026-08-03,"1B,2B,3B, バンク合計 27; 電圧階級: 154kV/66kV; tiles=p3_r2c4",east50
39a63c7d-a826-465a-9959-645c8e275379,西東京,substation,東京電力パワーグリッド,tokyo,275,,,,,active,,,tokyo-keitozu-tokyo_kikan154,extracted,2026-08-03,"p4 左上と p5 右下に同一クラスタが重複描画。バンク合計104; r3c3左端に重複描画; 電圧階級: 275kV/154kV; 複数ページに出現: page 2,4,5; 両PDFに出現: 154kv+kikan; tiles=p4_r1c1,p5_r1c3,p5_r1c4,p5_r2c3,r3c2,r3c3",east50
eeb1c308-77a9-4b1b-a0de-782cdb5da55f,豊岡局配,substation,東京電力パワーグリッド,tokyo,154,,,,,active,,,tokyo-keitozu-tokyo_kikan154,extracted,2026-08-03,MWh表示のみ、線路名なし; tiles=p4_r1c1,east50
cdbe05ec-f5a3-4f78-8f90-9a20bbb49076,東山田,substation,東京電力パワーグリッド,tokyo,154,,,,,active,,,tokyo-keitozu-tokyo_kikan154,extracted,2026-08-03,"MWh表示のみ; 複数ページに出現: page 4,5; tiles=p4_r1c1,p5_r2c4",east50
6893899f-068a-48cf-ad9c-3f3fec7ff040,センター北,substation,東京電力パワーグリッド,tokyo,154,,,,,active,,,tokyo-keitozu-tokyo_kikan154,extracted,2026-08-03,"MWh表示のみ; 複数ページに出現: page 4,5; tiles=p4_r1c1,p5_r2c4",east50
7431187a-865a-4c7d-bb3b-dc824bc810d9,郷地,substation,東京電力パワーグリッド,tokyo,154,,,,,active,,,tokyo-keitozu-tokyo_kikan154,extracted,2026-08-03,"MWh表示のみ; 複数ページに出現: page 4,5; tiles=p4_r1c1,p4_r1c2,p5_r2c4",east50
da60f3c8-00f8-4ac1-b3d8-e7afe6b88d0c,聖蹟桜ヶ丘,substation,東京電力パワーグリッド,tokyo,154,,,,,active,,,tokyo-keitozu-tokyo_kikan154,extracted,2026-08-03,"バンク合計244; 電圧階級: 154kV/66kV; 複数ページに出現: page 4,5; tiles=p4_r1c1,p4_r2c1,p5_r1c4,p5_r2c4",east50
917b0593-c3bd-4d3f-bd85-7a6658d344cb,北渋谷,substation,東京電力パワーグリッド,tokyo,154,,,,,active,,,tokyo-keitozu-tokyo_kikan154,extracted,2026-08-03,"1-3B合計252、5-7B合計72(22kV); 電圧階級: 154kV/66kV/22kV; tiles=p4_r1c2,p4_r1c3",east50
b4ba9423-9b7e-439e-a614-84559a459635,大井ふ頭,substation,東京電力パワーグリッド,tokyo,275,,,,,active,,,tokyo-keitozu-tokyo_kikan154,extracted,2026-08-03,"上方に「至大井ふ頭 電圧階級275kV」の引出しあり; 下段に「至大井ふ頭 電圧階級154kV」の引出しあり; 電圧階級: 275kV/154kV; 複数ページに出現: page 2,4; 両PDFに出現: 154kv+kikan; tiles=p4_r1c3,r4c5",east50
a61241e5-7aa6-4e9f-9bb6-551ff6e52d4f,天王洲,substation,東京電力パワーグリッド,tokyo,154,,,,,active,,,tokyo-keitozu-tokyo_kikan154,extracted,2026-08-03,"バンク合計324、発電所1063001が3ユニット接続; 電圧階級: 154kV/66kV; tiles=p4_r1c3,p4_r2c3",east50
438db1d7-ee3b-4d67-a500-a681690a72ec,常盤橋,substation,東京電力パワーグリッド,tokyo,154,,,,,active,,,tokyo-keitozu-tokyo_kikan154,extracted,2026-08-03,"1-3B合計237、5-7B(22kV)群あり; 電圧階級: 154kV/66kV/22kV; tiles=p4_r1c3,p4_r1c4",east50
b9ca67b9-faaf-443e-88ce-8206470225c9,八重洲,substation,東京電力パワーグリッド,tokyo,154,,,,,active,,,tokyo-keitozu-tokyo_kikan154,extracted,2026-08-03,1-3B合計225。左隣の22kV 5-7B(合計18)群は名称なしで同一站の別電圧と判断; 電圧階級: 154kV/66kV/22kV; tiles=p4_r1c4,east50
406bb506-948c-4368-8c7f-a08f4ef79331,港北,substation,東京電力パワーグリッド,tokyo,275,,,,,active,,,tokyo-keitozu-tokyo_kikan154,extracted,2026-08-03,"1-2,5B合計527、3-4B合計181; r3c2右下隅と r4c3左端に部分描画。1-2,5B合計527 / 3-4B合計181; 電圧階級: 275kV/154kV; 複数ページに出現: page 2,4,5; 両PDFに出現: 154kv+kikan; tiles=p4_r2c1,p4_r2c2,p5_r1c2,r3c2,r4c2,r4c3",east50
a8a3e72b-a7cb-4c8f-a927-8a3228851f84,戸越,substation,東京電力パワーグリッド,tokyo,154,,,,,active,,,tokyo-keitozu-tokyo_kikan154,extracted,2026-08-03,"1-3B合計167; 電圧階級: 154kV/66kV/22kV; tiles=p4_r2c2,p4_r2c3",east50
e37ae671-1fa4-42d8-b747-ee38bb69f328,南川崎,substation,東京電力パワーグリッド,tokyo,275,,,,,active,,,tokyo-keitozu-tokyo_kikan154,extracted,2026-08-03,"バンク合計113; r4c1右端に部分描画; 電圧階級: 275kV/154kV; 複数ページに出現: page 2,4,5; 両PDFに出現: 154kv+kikan; tiles=p4_r2c2,p4_r2c3,p5_r1c3,p5_r1c4,r4c1,r4c2",east50
8e26718f-cd3d-4615-a90a-16fb1cd5786f,南大田,substation,東京電力パワーグリッド,tokyo,154,,,,,active,,,tokyo-keitozu-tokyo_kikan154,extracted,2026-08-03,1-3B合計394; 電圧階級: 154kV/66kV; tiles=p4_r2c3,east50
27f5b3f4-2482-45e9-aac1-270ed7f9c066,南新橋,substation,東京電力パワーグリッド,tokyo,154,,,,,active,,,tokyo-keitozu-tokyo_kikan154,extracted,2026-08-03,"5-7B合計49(22kV)。p4_r2c3右端の基幹_送電線No.5配下 66kV 1-3B合計146 群を同一站の別母線と判断（uncertain要素あり）; 電圧階級: 154kV/66kV/22kV; tiles=p4_r2c3,p4_r2c4",east50
4dff8936-2193-43bc-baa0-391fbf7bebb5,北新橋,substation,東京電力パワーグリッド,tokyo,154,,,,,active,,,tokyo-keitozu-tokyo_kikan154,extracted,2026-08-03,1-3B合計237。左隣の基幹_送電線No.6配下 22kV 5-7B合計33 群を同一站の別母線と判断; 電圧階級: 154kV/66kV/22kV; tiles=p4_r2c4,east50
80012152-88d3-4dd4-9ca1-21cd2c1a4819,京浜,substation,東京電力パワーグリッド,tokyo,275,,,,,active,,,tokyo-keitozu-tokyo_kikan154,extracted,2026-08-03,"1-2B合計188、3-4B合計302; 站名は r4c2 側の275kV母線脇。1-2B合計188 / 3-4B合計302; 電圧階級: 275kV/154kV; 複数ページに出現: page 2,5; 両PDFに出現: 154kv+kikan; tiles=p5_r1c1,r4c1,r4c2",east50
d2f00be2-e77d-44f4-8438-98047f58c468,さちが丘,substation,東京電力パワーグリッド,tokyo,154,,,,,active,,,tokyo-keitozu-tokyo_kikan154,extracted,2026-08-03,MWh表示のみ; tiles=p5_r1c1,east50
613e0a81-447c-4b56-bb92-1e7583c61388,白根,substation,東京電力パワーグリッド,tokyo,154,,,,,active,,,tokyo-keitozu-tokyo_kikan154,extracted,2026-08-03,MWh表示なし; tiles=p5_r1c1,east50
d005ef21-34a1-4286-9b03-a0f930a45f37,東方,substation,東京電力パワーグリッド,tokyo,154,,,,,active,,,tokyo-keitozu-tokyo_kikan154,extracted,2026-08-03,"1B/2B、22kV あり; 電圧階級: 154kV/22kV; tiles=p5_r1c1,p5_r1c2",east50
596998df-5881-4f53-84d0-f943d7169239,東方局配,substation,東京電力パワーグリッド,tokyo,154,,,,,active,,,tokyo-keitozu-tokyo_kikan154,extracted,2026-08-03,MWh表示のみ; tiles=p5_r1c2,east50
22d3466c-1282-416d-b78e-8ab5ff9b0da3,幸浦,substation,東京電力パワーグリッド,tokyo,154,,,,,active,,,tokyo-keitozu-tokyo_kikan154,extracted,2026-08-03,MWh表示のみ; tiles=p5_r1c1,east50
9f95ea46-94e1-43f7-a4d7-189f06d4aa37,福浦,substation,東京電力パワーグリッド,tokyo,154,,,,,active,,,tokyo-keitozu-tokyo_kikan154,extracted,2026-08-03,MWh表示のみ; tiles=p5_r1c1,east50
f86398eb-477a-49e4-b74b-ede805ba4614,戸塚,substation,東京電力パワーグリッド,tokyo,154,,,,,active,,,tokyo-keitozu-tokyo_kikan154,extracted,2026-08-03,1-2B合計294、3-5B合計411; 電圧階級: 154kV/66kV; tiles=p5_r1c1,east50
c71fd78d-5d22-4b60-a78e-6d7d7147d5f9,港南台,substation,東京電力パワーグリッド,tokyo,154,,,,,active,,,tokyo-keitozu-tokyo_kikan154,extracted,2026-08-03,MWh表示なし; tiles=p5_r1c1,east50
9956dabf-4d53-4497-9015-32925f839480,南横浜,substation,東京電力パワーグリッド,tokyo,154,,,,,active,,,tokyo-keitozu-tokyo_kikan154,extracted,2026-08-03,"バンク合計251。発電所1083004/1083005が接続; 電圧階級: 154kV/66kV; tiles=p5_r1c1,p5_r2c1",east50
99c7367e-3922-420a-a8a7-8584f737ddf2,新羽,substation,東京電力パワーグリッド,tokyo,154,,,,,active,,,tokyo-keitozu-tokyo_kikan154,extracted,2026-08-03,MWh表示なし; tiles=p5_r1c2,east50
c52eb17e-9e5a-4b2e-8d29-dee79fa98b74,旭,substation,東京電力パワーグリッド,tokyo,154,,,,,active,,,tokyo-keitozu-tokyo_kikan154,extracted,2026-08-03,1B/2B/3B; 電圧階級: 154kV/66kV; tiles=p5_r1c2,east50
ff6a8690-a84c-462b-b530-b1cae3863683,鳥山,substation,東京電力パワーグリッド,tokyo,154,,,,,active,,,tokyo-keitozu-tokyo_kikan154,extracted,2026-08-03,"MWh表示のみ; tiles=p5_r1c2,p5_r2c2",east50
36942346-231f-473b-b06e-c7742aaab35e,岸根,substation,東京電力パワーグリッド,tokyo,154,,,,,active,,,tokyo-keitozu-tokyo_kikan154,extracted,2026-08-03,"MWh表示のみ; tiles=p5_r1c2,p5_r2c2",east50
2634b1be-c3ad-470e-a1c5-e3f02e93c78c,綱島,substation,東京電力パワーグリッド,tokyo,154,,,,,active,,,tokyo-keitozu-tokyo_kikan154,extracted,2026-08-03,"バンク合計206; 電圧階級: 154kV/66kV; tiles=p5_r1c2,p5_r1c3",east50
3438c960-5746-4b7b-a995-76cc280982e6,恩田,substation,東京電力パワーグリッド,tokyo,154,,,,,active,,,tokyo-keitozu-tokyo_kikan154,extracted,2026-08-03,MWh表示のみ; tiles=p5_r1c3,east50
24a69745-c7d4-41f5-92cc-732460bced93,成瀬,substation,東京電力パワーグリッド,tokyo,154,,,,,active,,,tokyo-keitozu-tokyo_kikan154,extracted,2026-08-03,MWh表示のみ; tiles=p5_r1c3,east50
058c65b3-d64c-4658-9efc-c5848737bf9c,原町田,substation,東京電力パワーグリッド,tokyo,154,,,,,active,,,tokyo-keitozu-tokyo_kikan154,extracted,2026-08-03,MWh表示のみ; tiles=p5_r1c3,east50
b39e508c-ec7e-428d-8da1-399c1f4c44fd,古渕,substation,東京電力パワーグリッド,tokyo,154,,,,,active,,,tokyo-keitozu-tokyo_kikan154,extracted,2026-08-03,MWh表示のみ; tiles=p5_r1c3,east50
3bf24977-0ef8-4c31-b029-36c02d8d15c4,相模原,substation,東京電力パワーグリッド,tokyo,154,,,,,active,,,tokyo-keitozu-tokyo_kikan154,extracted,2026-08-03,MWh表示のみ; tiles=p5_r1c3,east50
b0d071aa-630d-4da3-a9b6-6a8a540ba2d9,関内,substation,東京電力パワーグリッド,tokyo,154,,,,,active,,,tokyo-keitozu-tokyo_kikan154,extracted,2026-08-03,1-3B合計257、5-7B合計58; 電圧階級: 154kV/66kV/22kV; tiles=p5_r2c1,east50
791f4c0e-a24d-4018-a248-e42bf5b2697d,横浜根岸,substation,東京電力パワーグリッド,tokyo,154,,,,,active,,,tokyo-keitozu-tokyo_kikan154,extracted,2026-08-03,1B/2B。発電所1083003が近接; 電圧階級: 154kV/66kV; tiles=p5_r2c1,east50
6280927b-8ec1-4c4a-98d9-cff0b53664f6,横浜,substation,東京電力パワーグリッド,tokyo,154,,,,,active,,,tokyo-keitozu-tokyo_kikan154,extracted,2026-08-03,"1-3B合計248、5-7B合計7; 電圧階級: 154kV/66kV/22kV; tiles=p5_r2c1,p5_r2c2",east50
12634b78-5593-4be0-a70a-76096bc5605e,子安,substation,東京電力パワーグリッド,tokyo,154,,,,,active,,,tokyo-keitozu-tokyo_kikan154,extracted,2026-08-03,小クラスタ、線路名ラベルは読み取れず(↑88 ↑81 のみ); tiles=p5_r2c2,east50
eb3c5df1-78ff-4dc7-828f-1d2b6a2e61c8,生麦,substation,東京電力パワーグリッド,tokyo,154,,,,,active,,,tokyo-keitozu-tokyo_kikan154,extracted,2026-08-03,1-2B合計38; 電圧階級: 154kV/22kV; tiles=p5_r2c2,east50
f5c28218-2f14-444b-a711-ac584e1e6fe0,横浜大黒,substation,東京電力パワーグリッド,tokyo,275,,,,,active,,,tokyo-keitozu-tokyo_kikan154,extracted,2026-08-03,1号連絡Tr/2号連絡Tr、連絡Tr合計109。発電所1002044・1083044が接続; 電圧階級: 275kV/154kV/66kV; tiles=p5_r2c2,east50
22577b3d-dcc5-4f27-8674-3e9d582e8d9c,東山梨,substation,東京電力パワーグリッド,tokyo,500,,,,,active,,,tokyo-keitozu-tokyo_kikan154,extracted,2026-08-03,"バンク合計390。500kV母線として表記; （西群馬側）（新富士側）の注記あり; 母线 1B-3B；西群馬幹線 分（西群馬側）（新富士側）; 電圧階級: 500kV/154kV; 複数ページに出現: page 2,5,6; 両PDFに出現: 154kv+kikan; tiles=p5_r2c2,p5_r2c3,p6_r1c2,r1c1",east50
2fe84292-e9ee-46be-9c59-0a52327595fb,根小屋,substation,東京電力パワーグリッド,tokyo,154,,,,,active,,,tokyo-keitozu-tokyo_kikan154,extracted,2026-08-03,"MWh表示のみ; 複数ページに出現: page 5,6; tiles=p5_r2c3,p6_r1c2",east50
263fc187-c584-47b0-8cf1-aac09270d46f,小倉,substation,東京電力パワーグリッド,tokyo,154,,,,,active,,,tokyo-keitozu-tokyo_kikan154,extracted,2026-08-03,"複数ページに出現: page 5,6; tiles=p5_r2c3,p6_r1c2,p6_r1c3",east50
e4ae640d-8e01-4ec7-b3df-5568b089e1f0,橋本,substation,東京電力パワーグリッド,tokyo,154,,,,,active,,,tokyo-keitozu-tokyo_kikan154,extracted,2026-08-03,"バンク合計484; 電圧階級: 154kV/66kV; 複数ページに出現: page 5,6; tiles=p5_r2c3,p6_r1c2",east50
803615f6-24eb-4a4c-9436-4c0837b75637,黒川,substation,東京電力パワーグリッド,tokyo,154,,,,,active,,,tokyo-keitozu-tokyo_kikan154,extracted,2026-08-03,MWh表示のみ; tiles=p5_r2c3,east50
afdff41e-ebe5-4a03-91af-79f01beaf404,百合ヶ丘,substation,東京電力パワーグリッド,tokyo,154,,,,,active,,,tokyo-keitozu-tokyo_kikan154,extracted,2026-08-03,"MWh表示のみ; tiles=p5_r2c3,p5_r2c4",east50
c89b3adb-c3ad-4a40-b6c8-beb60102ed7f,谷村,substation,東京電力パワーグリッド,tokyo,154,,,,,active,,,tokyo-keitozu-tokyo_kikan154,extracted,2026-08-03,"バンク合計121; 電圧階級: 154kV/66kV; 複数ページに出現: page 5,6; tiles=p5_r2c3,p6_r1c2",east50
0ecf65a7-6a5c-4fae-a7ae-c202b91f4a5f,水沢,substation,東京電力パワーグリッド,tokyo,154,,,,,active,,,tokyo-keitozu-tokyo_kikan154,extracted,2026-08-03,MWh表示のみ; tiles=p5_r2c4,east50
9f2e37e1-af45-4755-89d5-577990f7e008,高田,substation,東京電力パワーグリッド,tokyo,154,,,,,active,,,tokyo-keitozu-tokyo_kikan154,extracted,2026-08-03,MWh表示のみ; tiles=p5_r2c4,east50
5a7fe88f-45e1-47f1-966a-0c61f43f7ca7,有馬,substation,東京電力パワーグリッド,tokyo,154,,,,,active,,,tokyo-keitozu-tokyo_kikan154,extracted,2026-08-03,MWh表示のみ; tiles=p5_r2c4,east50
1a2c70b6-123b-4318-93fa-e89cb3c46594,塩浜,substation,東京電力パワーグリッド,tokyo,154,,,,,active,,,tokyo-keitozu-tokyo_kikan154,extracted,2026-08-03,1-2B合計44; 電圧階級: 154kV/66kV/22kV; tiles=p5_r2c4,east50
2a37b228-4706-4553-be64-cbfbf98245b2,東川崎,substation,東京電力パワーグリッド,tokyo,275,,,,,active,,,tokyo-keitozu-tokyo_kikan154,verified,2026-08-03,"「東川崎 電圧階級275kV」ラベルは 1-2B合計152 の小母線に付く。下段の154kV/66kV 大クラスタ(3-5B合計89)を同一站の別電圧と判断したが、別站の可能性を排除できず; 275kV母線に站名、下段は電圧階級のみ。1-2B合計152 / 3-5B合計89。r4c4左端に部分描画; 電圧階級: 275kV/154kV/66kV; 複数ページに出現: page 2,5; 両PDFに出現: 154kv+kikan; tiles=p5_r2c4,r4c3,r4c4;uncertain",east50
3b254dba-d5e3-49fd-abc9-2f8009f44eae,東扇島,substation,東京電力パワーグリッド,tokyo,154,,,,,active,,,tokyo-keitozu-tokyo_kikan154,extracted,2026-08-03,tiles=p5_r2c4,east50
3a399158-f972-4c46-9a1c-88f4f0f17980,発電所1063001,other,東京電力パワーグリッド,tokyo,154,,,,,active,,,tokyo-keitozu-tokyo_kikan154,extracted,2026-08-03,"匿名化ID。天王洲の 4B/3B/2B に同一IDで3ユニット表示; tiles=p4_r1c3,p4_r2c3;発電所",east50
8e8aa364-b106-47a2-8376-ba6481d523ec,発電所1083001,other,東京電力パワーグリッド,tokyo,154,,,,,active,,,tokyo-keitozu-tokyo_kikan154,extracted,2026-08-03,"匿名化ID; 複数ページに出現: page 5,6; tiles=p5_r2c3,p6_r1c2,p6_r1c3;発電所",east50
6e7be964-b37f-4375-a426-ab9682f825a8,発電所1083002,other,東京電力パワーグリッド,tokyo,154,,,,,active,,,tokyo-keitozu-tokyo_kikan154,extracted,2026-08-03,"匿名化ID; 複数ページに出現: page 5,6; tiles=p5_r2c3,p6_r1c2;発電所",east50
1ced4a8c-b942-4f6a-b0b9-30ff49c00682,発電所1083003,other,東京電力パワーグリッド,tokyo,154,,,,,active,,,tokyo-keitozu-tokyo_kikan154,extracted,2026-08-03,匿名化ID。横浜根岸の近傍; tiles=p5_r2c1;発電所,east50
0e293548-a12a-4447-9cef-f31f82d6f238,発電所1083004,other,東京電力パワーグリッド,tokyo,154,,,,,active,,,tokyo-keitozu-tokyo_kikan154,extracted,2026-08-03,"匿名化ID。南横浜クラスタ右端; tiles=p5_r1c1,p5_r2c1;発電所",east50
5820fddf-6e65-4799-9856-f11324c6e48c,発電所1083005,other,東京電力パワーグリッド,tokyo,154,,,,,active,,,tokyo-keitozu-tokyo_kikan154,extracted,2026-08-03,"匿名化ID。南横浜クラスタ左端; tiles=p5_r1c1,p5_r2c1;発電所",east50
e0c0f839-db50-485a-b1ba-8c6ddd042700,発電所1083006,other,東京電力パワーグリッド,tokyo,154,,,,,active,,,tokyo-keitozu-tokyo_kikan154,extracted,2026-08-03,匿名化ID; tiles=p5_r1c1;発電所,east50
2e32027d-2687-4ca8-890d-d02ec744c296,発電所1083007,other,東京電力パワーグリッド,tokyo,154,,,,,active,,,tokyo-keitozu-tokyo_kikan154,extracted,2026-08-03,匿名化ID; tiles=p5_r1c4;発電所,east50
a48b3d1d-f90a-4b9d-8848-996e80fbfcaf,発電所1083008,other,東京電力パワーグリッド,tokyo,154,,,,,active,,,tokyo-keitozu-tokyo_kikan154,extracted,2026-08-03,"匿名化ID。南川崎の下; tiles=p5_r1c3,p5_r1c4;発電所",east50
e78eb2f9-8a57-42d1-8358-42361c7ea82f,発電所1083009,other,東京電力パワーグリッド,tokyo,154,,,,,active,,,tokyo-keitozu-tokyo_kikan154,extracted,2026-08-03,匿名化ID; tiles=p5_r1c4;発電所,east50
874637a3-4601-4352-b6e8-fb767cef4fee,発電所1083010,other,東京電力パワーグリッド,tokyo,154,,,,,active,,,tokyo-keitozu-tokyo_kikan154,extracted,2026-08-03,匿名化ID; tiles=p5_r1c4;発電所,east50
0cbd6900-db30-425f-9cd1-ca99f2042293,発電所1002044,other,東京電力パワーグリッド,tokyo,275,,,,,active,,,tokyo-keitozu-tokyo_kikan154,extracted,2026-08-03,"匿名化ID。横浜大黒の連絡Tr側; 匿名化ID。横浜大里275kV側に接続; 複数ページに出現: page 2,5; 両PDFに出現: 154kv+kikan; tiles=p5_r2c2,r4c3;発電所",east50
74a7f39b-dc2b-42e1-9ce4-ced768da36f0,発電所1083044,other,東京電力パワーグリッド,tokyo,154,,,,,active,,,tokyo-keitozu-tokyo_kikan154,extracted,2026-08-03,"匿名化ID。横浜大黒154kV母線の左右2箇所に同一IDで表示; 匿名化ID。横浜大里の154kV側に接続; 複数ページに出現: page 2,5; 両PDFに出現: 154kv+kikan; tiles=p5_r2c2,p5_r2c3,r4c2,r4c3;発電所",east50
bb47e3aa-c6df-4a4c-b84b-41ad095ea69e,霞沢,substation,東京電力パワーグリッド,tokyo,154,,,,,active,,,tokyo-keitozu-tokyo_kikan154,extracted,2026-08-03,2B/1B 母線; tiles=p6_r1c1,east50
bf619bca-6c23-449b-869f-e902824a4e5e,変電所（中部電力）#1[p6_r1c1],substation,東京電力パワーグリッド,tokyo,154,,,,,active,,,tokyo-keitozu-tokyo_kikan154,extracted,2026-08-03,他社ノード・具体名なし。霞沢線と甲信幹線(山)の間、p6_r1c1 上部の位置; 他社ノード・具体名なし。天竜東幹線の左上、p6_r1c1 中段の位置（上記とは別ノード）; 図上原文名は「変電所（中部電力）」。同名他社ノードが複数あるため tiles で区別（p6_r1c1）; tiles=p6_r1c1;uncertain | S05分割: 本ノードは甲信幹線(山)/霞沢線側,east50
ed4c58d1-2044-41f3-a9f6-91467140cb75,変電所（中部電力）#2[p6_r1c3],substation,東京電力パワーグリッド,tokyo,154,,,,,active,,,tokyo-keitozu-tokyo_kikan154,extracted,2026-08-03,他社ノード・具体名なし。p6_r1c3 下部、田代幹線(山)/富士川線の上; 図上原文名は「変電所（中部電力）」。同名他社ノードが複数あるため tiles で区別（p6_r1c3）; tiles=p6_r1c3;uncertain,east50
9ec990b0-e62e-48a2-b537-5d6c44b7908a,発電所1123013,other,東京電力パワーグリッド,tokyo,,,,,,active,,,tokyo-keitozu-tokyo_kikan154,extracted,2026-08-03,匿名化ID; tiles=p6_r1c1;発電所,east50
d057a38f-afac-4853-8dce-806597bf628d,発電所1123015,other,東京電力パワーグリッド,tokyo,,,,,,active,,,tokyo-keitozu-tokyo_kikan154,extracted,2026-08-03,匿名化ID; tiles=p6_r1c1;発電所,east50
9ea9fa66-8178-4da4-9118-7b85964a265e,発電所1123014,other,東京電力パワーグリッド,tokyo,,,,,,active,,,tokyo-keitozu-tokyo_kikan154,extracted,2026-08-03,匿名化ID; tiles=p6_r1c1;発電所,east50
de38a94d-9d9d-4d76-8cab-a02fffd01240,発電所1123022,other,東京電力パワーグリッド,tokyo,,,,,,active,,,tokyo-keitozu-tokyo_kikan154,extracted,2026-08-03,匿名化ID; tiles=p6_r1c1;発電所,east50
04eb1cdc-83f1-4c69-b4e5-70887723d040,発電所1123021,other,東京電力パワーグリッド,tokyo,,,,,,active,,,tokyo-keitozu-tokyo_kikan154,extracted,2026-08-03,"匿名化ID; tiles=p6_r1c1,p6_r1c2;発電所",east50
4521fa1a-8211-4612-bd8e-d7ec14e80a1b,発電所1123020,other,東京電力パワーグリッド,tokyo,,,,,,active,,,tokyo-keitozu-tokyo_kikan154,extracted,2026-08-03,匿名化ID; tiles=p6_r1c1;発電所,east50
6b14f848-be48-4f62-bd76-a9a825a3936c,発電所1093001,other,東京電力パワーグリッド,tokyo,,,,,,active,,,tokyo-keitozu-tokyo_kikan154,extracted,2026-08-03,匿名化ID; tiles=p6_r1c1;発電所,east50
4f79e0fc-28d3-4aa4-8c44-5ef8a048f83e,松川,substation,東京電力パワーグリッド,tokyo,154,,,,,active,,,tokyo-keitozu-tokyo_kikan154,extracted,2026-08-03,tiles=p6_r1c1,east50
4d6c4271-06ae-4641-89cc-ad5e73a81f99,塩尻,substation,東京電力パワーグリッド,tokyo,154,,,,,active,,,tokyo-keitozu-tokyo_kikan154,extracted,2026-08-03,tiles=p6_r1c1,east50
1f088d90-2ae6-4c5f-960e-d4dff3e7a058,北巨摩,substation,東京電力パワーグリッド,tokyo,154,,,,,active,,,tokyo-keitozu-tokyo_kikan154,extracted,2026-08-03,電圧階級: 154kV/66kV; tiles=p6_r1c1,east50
df9c9dcb-e4d9-4761-bc5d-e2432330e5e9,白根町,substation,東京電力パワーグリッド,tokyo,154,,,,,active,,,tokyo-keitozu-tokyo_kikan154,extracted,2026-08-03,逆潮流あり; tiles=p6_r1c1,east50
63ed8947-6595-4bbf-b930-ab96beeec860,釜無白根,substation,東京電力パワーグリッド,tokyo,154,,,,,active,,,tokyo-keitozu-tokyo_kikan154,extracted,2026-08-03,"重複区で 2 タイルに出現; 電圧階級: 154kV/66kV; tiles=p6_r1c1,p6_r2c1",east50
12581f48-6df2-4b1e-9d4a-b6217952f380,八代,substation,東京電力パワーグリッド,tokyo,154,,,,,active,,,tokyo-keitozu-tokyo_kikan154,extracted,2026-08-03,"tiles=p6_r1c1,p6_r1c2",east50
276d9202-f299-4273-a7fb-47904bae28fd,徳行,substation,東京電力パワーグリッド,tokyo,154,,,,,active,,,tokyo-keitozu-tokyo_kikan154,extracted,2026-08-03,"tiles=p6_r1c1,p6_r1c2",east50
d3a05dc3-ab5f-4d7f-9cc5-619863f6224f,山梨,substation,東京電力パワーグリッド,tokyo,154,,,,,active,,,tokyo-keitozu-tokyo_kikan154,extracted,2026-08-03,電圧階級: 154kV/66kV; tiles=p6_r1c2,east50
ff80f846-6350-42d9-8c5a-e26b8bfeaf51,平野,substation,東京電力パワーグリッド,tokyo,154,,,,,active,,,tokyo-keitozu-tokyo_kikan154,extracted,2026-08-03,tiles=p6_r1c2,east50
b5c2e6c9-b356-4f98-82e1-121c11d60ca8,境川,substation,東京電力パワーグリッド,tokyo,154,,,,,active,,,tokyo-keitozu-tokyo_kikan154,extracted,2026-08-03,tiles=p6_r1c2,east50
94217db5-5903-4115-87dc-e4583ea2bda9,発電所1093031,other,東京電力パワーグリッド,tokyo,,,,,,active,,,tokyo-keitozu-tokyo_kikan154,extracted,2026-08-03,"匿名化ID; tiles=p6_r1c2,p6_r2c2;発電所",east50
33dd96e5-273b-40f3-abce-7c2d1c1a9438,"発電所1093030,1093002,1093003",other,東京電力パワーグリッド,tokyo,,,,,,active,,,tokyo-keitozu-tokyo_kikan154,extracted,2026-08-03,"匿名化ID・1ラベルに3ID併記; tiles=p6_r1c2,p6_r2c2;発電所",east50
1292a017-8124-462d-9683-31c5c5daa693,"発電所1093026,1093004",other,東京電力パワーグリッド,tokyo,,,,,,active,,,tokyo-keitozu-tokyo_kikan154,extracted,2026-08-03,"匿名化ID・1ラベルに2ID併記; tiles=p6_r1c2,p6_r2c2;発電所",east50
dfea73fc-7b68-4ff3-a22a-fbe65b09ab72,早川第三,other,東京電力パワーグリッド,tokyo,154,,,,,active,,,tokyo-keitozu-tokyo_kikan154,extracted,2026-08-03,"水力発電所名と推測されるが図上は母線クラスタ。2B/1B・バンク合計あり; tiles=p6_r1c2,p6_r2c2;発電所",east50
1b888a41-535b-43aa-b714-827045f799be,早川第一,other,東京電力パワーグリッド,tokyo,154,,,,,active,,,tokyo-keitozu-tokyo_kikan154,extracted,2026-08-03,"2B/1B・66kV 母線あり; 電圧階級: 154kV/66kV; tiles=p6_r1c2,p6_r2c2;発電所",east50
ed852fbc-02e8-497e-8882-e83128f20795,新富士,substation,東京電力パワーグリッド,tokyo,500,,,,,active,,,tokyo-keitozu-tokyo_kikan154,extracted,2026-08-03,"1-2B/5-6B/11-14B/15-16B の多母線; 500kV母線に站名、下段は電圧階級のみ(275kV/154kV)。1-2B/5-6B/11-14B/15-16B 等のバンク表記あり; 電圧階級: 500kV/275kV/154kV; 複数ページに出現: page 2,6; 両PDFに出現: 154kv+kikan; tiles=p6_r1c3,r3c1",east50
10bbae35-57fa-4323-a72f-fb25413dcc93,須走,substation,東京電力パワーグリッド,tokyo,154,,,,,active,,,tokyo-keitozu-tokyo_kikan154,extracted,2026-08-03,逆潮流あり; tiles=p6_r1c3,east50
8fc49525-e8ff-45f1-9e91-18104b89125a,湯船,substation,東京電力パワーグリッド,tokyo,154,,,,,active,,,tokyo-keitozu-tokyo_kikan154,extracted,2026-08-03,「湯船 電圧階級 66kV」のみ読取。上位側 154kV ラベルは確認できず; tiles=p6_r1c3;uncertain | vmax 66->154 derived from touching routes (Phase B gate3),east50
e273cf62-c52b-41ae-8ba8-753d3d4e13a0,駿東,substation,東京電力パワーグリッド,tokyo,154,,,,,active,,,tokyo-keitozu-tokyo_kikan154,extracted,2026-08-03,電圧階級: 154kV/66kV; tiles=p6_r1c3,east50
37ff2f2e-c335-426c-b209-9774ef52661b,北駿,substation,東京電力パワーグリッド,tokyo,154,,,,,active,,,tokyo-keitozu-tokyo_kikan154,extracted,2026-08-03,電圧階級: 154kV/66kV; tiles=p6_r1c3,east50
b17ed605-bd7c-4c43-b6cf-517b6a13ff19,駿河,substation,東京電力パワーグリッド,tokyo,154,,,,,active,,,tokyo-keitozu-tokyo_kikan154,extracted,2026-08-03,"站名は154kV母線脇。下段66kV; 電圧階級: 154kV/66kV; 複数ページに出現: page 2,6; 両PDFに出現: 154kv+kikan; tiles=p6_r1c3,p6_r2c3,r3c1",east50
04aa8529-9f52-4b7b-9b3e-88774423976a,岳南,substation,東京電力パワーグリッド,tokyo,154,,,,,active,,,tokyo-keitozu-tokyo_kikan154,extracted,2026-08-03,「岳南 電圧階級 66kV」のみ明記。上位母線ラベルは図中に見えず; tiles=p6_r2c3;uncertain | vmax 66->154 derived from touching routes (Phase B gate3),east50
fad9df24-8836-4644-9c36-fe0dd0d0f578,田方,substation,東京電力パワーグリッド,tokyo,154,,,,,active,,,tokyo-keitozu-tokyo_kikan154,extracted,2026-08-03,"電圧階級: 154kV/66kV; tiles=p6_r1c3,p6_r2c3",east50
60852c42-dae4-4561-afc0-64865347bb3c,新秦野,substation,東京電力パワーグリッド,tokyo,500,,,,,active,,,tokyo-keitozu-tokyo_kikan154,extracted,2026-08-03,"3-4B/5-7B 母線群; 母线 3B-7B；左侧标 3-4B合計 与 電圧階級275kV，右侧标 電圧階級154kV; 電圧階級: 500kV/275kV/154kV; 複数ページに出現: page 2,6; 両PDFに出現: 154kv+kikan; tiles=p6_r1c4,r2c1",east50
94005787-d907-46f0-a36c-0a96952bb572,西相模,substation,東京電力パワーグリッド,tokyo,154,,,,,active,,,tokyo-keitozu-tokyo_kikan154,extracted,2026-08-03,電圧階級: 154kV/66kV; tiles=p6_r1c4,east50
9ce90719-818f-4043-8545-46ad9ccf56d1,西厚木,substation,東京電力パワーグリッド,tokyo,154,,,,,active,,,tokyo-keitozu-tokyo_kikan154,extracted,2026-08-03,電圧階級: 154kV/66kV; tiles=p6_r1c4,east50
7e475ff1-4b5b-45d2-8957-b1a3a0e96ec4,湘南,substation,東京電力パワーグリッド,tokyo,154,,,,,active,,,tokyo-keitozu-tokyo_kikan154,extracted,2026-08-03,"電圧階級: 154kV/66kV; tiles=p6_r1c4,p6_r2c4",east50
ecee07bf-0eed-44dc-91e1-0ed4f77dbe2e,藤沢,substation,東京電力パワーグリッド,tokyo,154,,,,,active,,,tokyo-keitozu-tokyo_kikan154,extracted,2026-08-03,"電圧階級: 154kV/66kV; tiles=p6_r1c4,p6_r2c4",east50
45ec0225-f80b-4aaf-a104-3e648916a0dd,切明,substation,東京電力パワーグリッド,tokyo,154,,,,,active,,,tokyo-keitozu-tokyo_kikan154,extracted,2026-08-03,tiles=p7_r1c1,east50
f74f5594-7e7b-4c18-b5a6-a77c62cc42ea,中津川第二,substation,東京電力パワーグリッド,tokyo,154,,,,,active,,,tokyo-keitozu-tokyo_kikan154,extracted,2026-08-03,66kV ラベルは左隣に併記; 電圧階級: 154kV/66kV; tiles=p7_r1c1,east50
d1581953-6309-4090-9670-ee64c0a65e5a,中津川第一,substation,東京電力パワーグリッド,tokyo,154,,,,,active,,,tokyo-keitozu-tokyo_kikan154,extracted,2026-08-03,直下に 発電所1133002 の記載あり; tiles=p7_r1c1,east50
9e4b322b-3a14-436f-a24e-ee6cfd6ce980,発電所1133002,other,東京電力パワーグリッド,tokyo,,,,,,active,,,tokyo-keitozu-tokyo_kikan154,extracted,2026-08-03,匿名化ID・中津川第一に併記; tiles=p7_r1c1;発電所,east50
08a0a0dc-c1fb-4138-92bb-23c3a09d857b,発電所1133003,other,東京電力パワーグリッド,tokyo,66,,,,,active,,,tokyo-keitozu-tokyo_kikan154,extracted,2026-08-03,匿名化ID・電圧階級66kV併記; tiles=p7_r1c1;発電所,east50
6dd2a3d2-02f4-4ff8-b051-a7be40447bd7,清津川,substation,東京電力パワーグリッド,tokyo,154,,,,,active,,,tokyo-keitozu-tokyo_kikan154,extracted,2026-08-03,1B 母線; tiles=p7_r1c1,east50
9d1f29e7-ee3c-4210-9d11-ed146a339bd1,信濃川,substation,東京電力パワーグリッド,tokyo,275,,,,,active,,,tokyo-keitozu-tokyo_kikan154,extracted,2026-08-03,"2B/1B・バンク合計あり; 母线 1B/2B；バンク合計 150; 電圧階級: 275kV/154kV; 複数ページに出現: page 2,7; 両PDFに出現: 154kv+kikan; tiles=p7_r1c1,r1c2,r1c3",east50
88a3ba77-5e96-43a6-a079-34d4e6fcbc65,発電所1133001,other,東京電力パワーグリッド,tokyo,,,,,,active,,,tokyo-keitozu-tokyo_kikan154,extracted,2026-08-03,"匿名化ID; 匿名化ID；位于 信濃川 簇下方; 複数ページに出現: page 2,7; 両PDFに出現: 154kv+kikan; tiles=p7_r1c1,r1c2;発電所",east50
aa3bb853-54de-4aa5-893b-2aea4dbce532,変電所（東北電力）#1[p7_r1c1],substation,東京電力パワーグリッド,tokyo,154,,,,,active,,,tokyo-keitozu-tokyo_kikan154,extracted,2026-08-03,他社ノード・具体名なし。湯宿線の上、p7_r1c1 中央上寄りの位置; 他社ノード・具体名なし。信濃川連絡線下の左側ノード; 他社ノード・具体名なし。信濃川連絡線下の右側ノード; 図上原文名は「変電所（東北電力）」。同名他社ノードが複数あるため tiles で区別（p7_r1c1）; tiles=p7_r1c1;uncertain | S09分割: 本ノードは湯宿線側,east50
35d16083-7c1b-4469-b135-d4c0248cbb98,湯宿,substation,東京電力パワーグリッド,tokyo,154,,,,,active,,,tokyo-keitozu-tokyo_kikan154,extracted,2026-08-03,逆潮流あり; tiles=p7_r1c1,east50
5f352f52-3e43-42aa-8f89-f48e6a0b47c5,須田貝,substation,東京電力パワーグリッド,tokyo,154,,,,,active,,,tokyo-keitozu-tokyo_kikan154,extracted,2026-08-03,"tiles=p7_r1c1,p7_r1c2",east50
16ce65f1-4731-46c4-8c8c-ad5cb5bc97c1,水上,substation,東京電力パワーグリッド,tokyo,154,,,,,active,,,tokyo-keitozu-tokyo_kikan154,extracted,2026-08-03,"逆潮流あり; tiles=p7_r1c1,p7_r1c2",east50
0fcd3144-351d-47f1-b6fe-3909ab4c3d98,小松,substation,東京電力パワーグリッド,tokyo,154,,,,,active,,,tokyo-keitozu-tokyo_kikan154,extracted,2026-08-03,"1B/2B 母線; 電圧階級: 154kV/66kV; tiles=p7_r1c1,p7_r1c2",east50
60f106d3-f934-4b0d-8451-9a4b78091cb1,幡谷,substation,東京電力パワーグリッド,tokyo,154,,,,,active,,,tokyo-keitozu-tokyo_kikan154,extracted,2026-08-03,逆潮流あり; tiles=p7_r1c1,east50
172f6d83-3440-4345-a19b-30c095c98d71,片品,substation,東京電力パワーグリッド,tokyo,154,,,,,active,,,tokyo-keitozu-tokyo_kikan154,extracted,2026-08-03,逆潮流あり; tiles=p7_r1c1,east50
94f5d56b-c90f-4dc3-a37e-d0654e5014f7,金井,substation,東京電力パワーグリッド,tokyo,154,,,,,active,,,tokyo-keitozu-tokyo_kikan154,extracted,2026-08-03,2B/1B・バンク合計あり; 電圧階級: 154kV/66kV; tiles=p7_r1c1,east50
39956f60-c739-454b-9fec-8a46662df518,発電所1023003,other,東京電力パワーグリッド,tokyo,,,,,,active,,,tokyo-keitozu-tokyo_kikan154,extracted,2026-08-03,匿名化ID; tiles=p7_r1c1;発電所,east50
3c28dab7-dc2c-474f-9b74-9d4124f4a214,発電所1023009,other,東京電力パワーグリッド,tokyo,,,,,,active,,,tokyo-keitozu-tokyo_kikan154,extracted,2026-08-03,"匿名化ID; tiles=p7_r1c1,p7_r1c2;発電所",east50
b34213fe-e287-4394-9d4f-20012e6deaaa,発電所1023007,other,東京電力パワーグリッド,tokyo,,,,,,active,,,tokyo-keitozu-tokyo_kikan154,extracted,2026-08-03,"匿名化ID; tiles=p7_r1c1,p7_r1c2;発電所",east50
aec02fdd-a2ac-4622-b780-5e6e6ced7f4a,発電所1023008,other,東京電力パワーグリッド,tokyo,,,,,,active,,,tokyo-keitozu-tokyo_kikan154,extracted,2026-08-03,"匿名化ID; tiles=p7_r1c1,p7_r1c2;発電所",east50
624913dd-dbe5-4d89-961f-986abadf937b,発電所1023075,other,東京電力パワーグリッド,tokyo,,,,,,active,,,tokyo-keitozu-tokyo_kikan154,extracted,2026-08-03,匿名化ID; tiles=p7_r1c1;発電所,east50
6ec297de-090f-46d2-b54e-60e9457eaad6,発電所1023010,other,東京電力パワーグリッド,tokyo,,,,,,active,,,tokyo-keitozu-tokyo_kikan154,extracted,2026-08-03,匿名化ID; tiles=p7_r1c1;発電所,east50
09c79060-6082-4dd5-a8e6-f4d238280c03,発電所1023015,other,東京電力パワーグリッド,tokyo,,,,,,active,,,tokyo-keitozu-tokyo_kikan154,extracted,2026-08-03,匿名化ID; tiles=p7_r1c1;発電所,east50
38d6585e-be93-4f6a-a507-dabb44e92a44,発電所1023017,other,東京電力パワーグリッド,tokyo,,,,,,active,,,tokyo-keitozu-tokyo_kikan154,extracted,2026-08-03,匿名化ID; tiles=p7_r1c1;発電所,east50
19b5fe64-ef73-41cf-8dc3-8540e3f385e5,発電所1023005,other,東京電力パワーグリッド,tokyo,,,,,,active,,,tokyo-keitozu-tokyo_kikan154,extracted,2026-08-03,匿名化ID; tiles=p7_r1c1;発電所,east50
81e1ffa2-a513-43d1-b8df-7637293a9ca2,発電所1023006,other,東京電力パワーグリッド,tokyo,,,,,,active,,,tokyo-keitozu-tokyo_kikan154,extracted,2026-08-03,匿名化ID; tiles=p7_r1c1;発電所,east50
be65c211-85c5-4fdd-961a-eadf6c2a3076,発電所1023013,other,東京電力パワーグリッド,tokyo,,,,,,active,,,tokyo-keitozu-tokyo_kikan154,extracted,2026-08-03,匿名化ID; tiles=p7_r1c1;発電所,east50
c4788197-7499-4bb2-96a8-8ab1c81f1d04,発電所1023002,other,東京電力パワーグリッド,tokyo,,,,,,active,,,tokyo-keitozu-tokyo_kikan154,extracted,2026-08-03,匿名化ID; tiles=p7_r1c1;発電所,east50
f3b9865b-2245-44d4-a5fe-dcc585e6690f,発電所1023016,other,東京電力パワーグリッド,tokyo,,,,,,active,,,tokyo-keitozu-tokyo_kikan154,extracted,2026-08-03,匿名化ID; tiles=p7_r1c1;発電所,east50
496fb187-359d-4ea3-9a0b-3d494cd69d11,新栃木,substation,東京電力パワーグリッド,tokyo,500,,,,,active,,,tokyo-keitozu-tokyo_kikan154,extracted,2026-08-03,"3B〜8B の多母線; 母线 2B-8B; 電圧階級: 500kV/275kV/154kV; 複数ページに出現: page 2,7; 両PDFに出現: 154kv+kikan; tiles=p7_r1c2,r1c5",east50
7184944f-ed0e-4d2f-8954-7419a0f90cd9,鬼怒川,substation,東京電力パワーグリッド,tokyo,154,,,,,active,,,tokyo-keitozu-tokyo_kikan154,extracted,2026-08-03,5B 母線、発電所1013001 が隣接; 電圧階級: 154kV/66kV; tiles=p7_r1c2,east50
1556bffd-4123-47f4-b57f-e6bd8540f05f,発電所1013001,other,東京電力パワーグリッド,tokyo,,,,,,active,,,tokyo-keitozu-tokyo_kikan154,extracted,2026-08-03,匿名化ID; tiles=p7_r1c2;発電所,east50
52585a33-e31a-4d05-a416-ed914bc72c67,発電所1013003,other,東京電力パワーグリッド,tokyo,,,,,,active,,,tokyo-keitozu-tokyo_kikan154,extracted,2026-08-03,匿名化ID; tiles=p7_r1c2;発電所,east50
82bc510b-063d-4c26-962e-9176c09255ec,発電所1013002,other,東京電力パワーグリッド,tokyo,,,,,,active,,,tokyo-keitozu-tokyo_kikan154,extracted,2026-08-03,"匿名化ID; tiles=p7_r1c2,p7_r2c2;発電所",east50
dd47bff0-b21b-41f8-9967-5050302a1216,下滝,substation,東京電力パワーグリッド,tokyo,154,,,,,active,,,tokyo-keitozu-tokyo_kikan154,extracted,2026-08-03,tiles=p7_r1c2,east50
8ba3ef2c-2b9f-4957-9b69-a84b4a03184a,徳次郎,substation,東京電力パワーグリッド,tokyo,154,,,,,active,,,tokyo-keitozu-tokyo_kikan154,extracted,2026-08-03,逆潮流あり; tiles=p7_r1c2,east50
6f6c513a-c4d7-4410-9e2b-a68532e24f03,西宇都宮,substation,東京電力パワーグリッド,tokyo,154,,,,,active,,,tokyo-keitozu-tokyo_kikan154,extracted,2026-08-03,電圧階級: 154kV/66kV; tiles=p7_r1c2,east50
a36be9d9-da35-445a-8195-9bb73f948ca3,河内,substation,東京電力パワーグリッド,tokyo,154,,,,,active,,,tokyo-keitozu-tokyo_kikan154,extracted,2026-08-03,電圧階級: 154kV/66kV; tiles=p7_r1c2,east50
8b5a56d6-6436-431f-b367-7f3f4297cd91,清原,substation,東京電力パワーグリッド,tokyo,154,,,,,active,,,tokyo-keitozu-tokyo_kikan154,extracted,2026-08-03,逆潮流あり; tiles=p7_r1c2,east50
6e8452a2-2c36-45f6-9c52-1aa9280eefb5,砂田,substation,東京電力パワーグリッド,tokyo,154,,,,,active,,,tokyo-keitozu-tokyo_kikan154,extracted,2026-08-03,逆潮流あり; tiles=p7_r1c2,east50
61788b7a-0414-4fbc-8767-88edb025d638,芳賀,substation,東京電力パワーグリッド,tokyo,154,,,,,active,,,tokyo-keitozu-tokyo_kikan154,extracted,2026-08-03,電圧階級: 154kV/66kV; tiles=p7_r1c2,east50
6afd7b6a-eb26-4ec0-aa77-7d6910397943,簗瀬町,substation,東京電力パワーグリッド,tokyo,154,,,,,active,,,tokyo-keitozu-tokyo_kikan154,verified,2026-08-03,「簗瀬町」と読めるが 1 文字目が潰れ気味。逆潮流あり; tiles=p7_r1c2;uncertain,east50
7e4bd3e2-b314-47d1-b6df-47f47aa5459e,栃山,substation,東京電力パワーグリッド,tokyo,154,,,,,active,,,tokyo-keitozu-tokyo_kikan154,extracted,2026-08-03,簗瀬町の右隣の小クラスタ; tiles=p7_r1c2,east50
c08693f2-1c58-42cc-ab19-de9162886793,膳棚,substation,東京電力パワーグリッド,tokyo,154,,,,,active,,,tokyo-keitozu-tokyo_kikan154,extracted,2026-08-03,tiles=p7_r1c3,east50
2eb4a630-5d36-4fa6-a36c-b514d6601622,宝積寺,substation,東京電力パワーグリッド,tokyo,154,,,,,active,,,tokyo-keitozu-tokyo_kikan154,extracted,2026-08-03,"逆潮流あり。p7_r1c2 右端では文字が切れている; tiles=p7_r1c2,p7_r1c3",east50
79dce0fb-62e9-406a-a573-282b205f8326,那須野,substation,東京電力パワーグリッド,tokyo,154,,,,,active,,,tokyo-keitozu-tokyo_kikan154,extracted,2026-08-03,4B〜1B; 電圧階級: 154kV/66kV; tiles=p7_r1c3,east50
79cca1f7-04c0-43e3-a3e8-7291fe842c0d,豊原,substation,東京電力パワーグリッド,tokyo,154,,,,,active,,,tokyo-keitozu-tokyo_kikan154,extracted,2026-08-03,逆潮流あり; tiles=p7_r1c3,east50
6442e05d-05d3-497e-8471-6fc8f17c5261,那珂,substation,東京電力パワーグリッド,tokyo,275,,,,,active,,,tokyo-keitozu-tokyo_kikan154,extracted,2026-08-03,"6B〜1B・バンク合計662; 母线 1B/2B/5B/6B; 電圧階級: 275kV/154kV; 複数ページに出現: page 2,7; 両PDFに出現: 154kv+kikan; tiles=p7_r1c3,p7_r1c4,r2c7",east50
cdc46764-3be0-4fc3-a4f4-93e5527ce2d0,茂木,substation,東京電力パワーグリッド,tokyo,154,,,,,active,,,tokyo-keitozu-tokyo_kikan154,extracted,2026-08-03,"逆潮流あり; tiles=p7_r1c2,p7_r1c3",east50
e0491908-dce3-4897-aa06-8a0e3cb741c6,水戸北部,substation,東京電力パワーグリッド,tokyo,154,,,,,active,,,tokyo-keitozu-tokyo_kikan154,extracted,2026-08-03,"2B/1B・バンク合計125; 電圧階級: 154kV/66kV; tiles=p7_r1c3,p7_r2c3",east50
fb54f931-8708-4899-9677-6d0b20ac088a,水戸北部局配,substation,東京電力パワーグリッド,tokyo,154,,,,,active,,,tokyo-keitozu-tokyo_kikan154,extracted,2026-08-03,"逆潮流あり。水戸北部とは別クラスタ; tiles=p7_r1c3,p7_r2c3",east50
b0e97445-2f75-43e0-a651-fb7968bb2f6a,桂,substation,東京電力パワーグリッド,tokyo,154,,,,,active,,,tokyo-keitozu-tokyo_kikan154,extracted,2026-08-03,逆潮流あり; tiles=p7_r1c3,east50
c4fa51b8-fbdb-4b06-8964-032267af7ab4,茨城,substation,東京電力パワーグリッド,tokyo,154,,,,,active,,,tokyo-keitozu-tokyo_kikan154,extracted,2026-08-03,"4 タイルの重複区にまたがる同一クラスタ; 電圧階級: 154kV/66kV; tiles=p7_r1c3,p7_r1c4,p7_r2c3,p7_r2c4",east50
2eeacc65-184a-4d92-aec5-f471f982f036,発電所1113013,other,東京電力パワーグリッド,tokyo,,,,,,active,,,tokyo-keitozu-tokyo_kikan154,extracted,2026-08-03,匿名化ID; tiles=p7_r1c3;発電所,east50
77b1bd66-9237-426e-b352-f0560793c2e4,発電所1113015,other,東京電力パワーグリッド,tokyo,,,,,,active,,,tokyo-keitozu-tokyo_kikan154,extracted,2026-08-03,匿名化ID; tiles=p7_r1c3;発電所,east50
0ce1805c-81e6-4e74-90f6-5d73e7aa045a,発電所1113014,other,東京電力パワーグリッド,tokyo,,,,,,active,,,tokyo-keitozu-tokyo_kikan154,extracted,2026-08-03,匿名化ID; tiles=p7_r1c3;発電所,east50
3009ac86-0c53-4407-8945-813d19df1057,発電所1113016,other,東京電力パワーグリッド,tokyo,,,,,,active,,,tokyo-keitozu-tokyo_kikan154,extracted,2026-08-03,匿名化ID; tiles=p7_r1c3;発電所,east50
bce3eb8f-f728-4c50-9906-b51da81d35fc,発電所1113018,other,東京電力パワーグリッド,tokyo,,,,,,active,,,tokyo-keitozu-tokyo_kikan154,extracted,2026-08-03,匿名化ID; tiles=p7_r1c3;発電所,east50
14a8fabf-11cd-4454-813b-c8d39f2e0ea1,発電所1113017,other,東京電力パワーグリッド,tokyo,,,,,,active,,,tokyo-keitozu-tokyo_kikan154,extracted,2026-08-03,"匿名化ID; tiles=p7_r1c3,p7_r1c4;発電所",east50
0a2923ef-544f-4b69-9f36-66cab3cd0e78,発電所1113019,other,東京電力パワーグリッド,tokyo,,,,,,active,,,tokyo-keitozu-tokyo_kikan154,extracted,2026-08-03,匿名化ID; tiles=p7_r1c4;発電所,east50
bb9be70c-9071-45d2-8fc3-fda2f917756e,発電所1113009,other,東京電力パワーグリッド,tokyo,,,,,,active,,,tokyo-keitozu-tokyo_kikan154,extracted,2026-08-03,匿名化ID; tiles=p7_r1c3;発電所,east50
9c5020bf-76ff-4c65-9a4f-78b51aad9913,発電所1113010,other,東京電力パワーグリッド,tokyo,,,,,,active,,,tokyo-keitozu-tokyo_kikan154,extracted,2026-08-03,匿名化ID; tiles=p7_r1c3;発電所,east50
492ece79-a8bc-4dfd-9e45-a482a02ae5e9,発電所1033076,other,東京電力パワーグリッド,tokyo,,,,,,active,,,tokyo-keitozu-tokyo_kikan154,extracted,2026-08-03,匿名化ID; tiles=p7_r1c3;発電所,east50
854cdb75-83f2-43ed-9ace-3da40d2c97d4,発電所1033001,other,東京電力パワーグリッド,tokyo,,,,,,active,,,tokyo-keitozu-tokyo_kikan154,extracted,2026-08-03,"匿名化ID; tiles=p7_r1c3,p7_r2c3;発電所",east50
5c7ad11a-d83c-4c20-b0e7-d7d028fd7c6b,発電所1002018,other,東京電力パワーグリッド,tokyo,,,,,,active,,,tokyo-keitozu-tokyo_kikan154,extracted,2026-08-03,"匿名化ID; 複数ページに出現: page 2,7; 両PDFに出現: 154kv+kikan; tiles=p7_r1c4,p7_r2c4,r2c7,r2c8;発電所",east50
67ede344-5dde-49cd-baea-038436068d52,吉岡,substation,東京電力パワーグリッド,tokyo,154,,,,,active,,,tokyo-keitozu-tokyo_kikan154,extracted,2026-08-03,"逆潮流あり; tiles=p7_r1c1,p7_r2c1",east50
3446b81a-30d7-44e0-b5b4-be5a092f9ee7,総社,substation,東京電力パワーグリッド,tokyo,154,,,,,active,,,tokyo-keitozu-tokyo_kikan154,extracted,2026-08-03,"逆潮流あり; tiles=p7_r1c1,p7_r2c1",east50
7eebb612-4fc5-4099-950f-3fae4e31ce97,佐波,substation,東京電力パワーグリッド,tokyo,154,,,,,active,,,tokyo-keitozu-tokyo_kikan154,extracted,2026-08-03,"3B/2B/1B・バンク合計191; 電圧階級: 154kV/66kV; tiles=p7_r2c1,p7_r2c2",east50
c252a629-eef1-4988-918a-37e9eb9fabe9,南佐野,substation,東京電力パワーグリッド,tokyo,154,,,,,active,,,tokyo-keitozu-tokyo_kikan154,extracted,2026-08-03,"逆潮流あり; tiles=p7_r2c1,p7_r2c2",east50
f4c5a497-c6c2-4778-b435-97c8d602444b,佐野,substation,東京電力パワーグリッド,tokyo,154,,,,,active,,,tokyo-keitozu-tokyo_kikan154,extracted,2026-08-03,"4B/3B/2B・バンク合計274; 電圧階級: 154kV/66kV; tiles=p7_r2c1,p7_r2c2",east50
63fa0537-64ae-47fd-a8a0-657008a7d706,鳩ケ谷,substation,東京電力パワーグリッド,tokyo,154,,,,,active,,,tokyo-keitozu-tokyo_kikan154,extracted,2026-08-03,"tiles=p7_r2c2,p7_r2c3",east50
ed7194aa-26c8-4455-8440-10e2ccf32225,西水戸,substation,東京電力パワーグリッド,tokyo,154,,,,,active,,,tokyo-keitozu-tokyo_kikan154,extracted,2026-08-03,3B/2B/1B・バンク合計207; 電圧階級: 154kV/66kV; tiles=p7_r2c3,east50
b301607b-79ae-4723-9f59-04ada33f10ac,石岡,substation,東京電力パワーグリッド,tokyo,154,,,,,active,,,tokyo-keitozu-tokyo_kikan154,extracted,2026-08-03,4B〜1B・バンク合計92; 電圧階級: 154kV/66kV; tiles=p7_r2c3,east50
c5b7f28c-f53a-442e-b727-d7a5625a121c,霞ケ浦,substation,東京電力パワーグリッド,tokyo,154,,,,,active,,,tokyo-keitozu-tokyo_kikan154,extracted,2026-08-03,4B〜1B・バンク合計324; 電圧階級: 154kV/66kV; tiles=p7_r2c3,east50
67cc5323-f970-4654-a2a0-72d4f169da51,学園都市,substation,東京電力パワーグリッド,tokyo,154,,,,,active,,,tokyo-keitozu-tokyo_kikan154,extracted,2026-08-03,tiles=p7_r2c3,east50
38412230-03f2-41d7-a58b-043a72afbbe7,筑波西部,substation,東京電力パワーグリッド,tokyo,154,,,,,active,,,tokyo-keitozu-tokyo_kikan154,extracted,2026-08-03,tiles=p7_r2c3,east50
28970f62-a7b3-4453-aa4a-41ae86e2da9f,東光台,substation,東京電力パワーグリッド,tokyo,154,,,,,active,,,tokyo-keitozu-tokyo_kikan154,extracted,2026-08-03,逆潮流あり; tiles=p7_r2c3,east50
ae074850-b425-4121-8b6f-19fefeee25ef,発電所1002028,other,東京電力パワーグリッド,tokyo,,,,,,active,,,tokyo-keitozu-tokyo_kikan154,extracted,2026-08-03,匿名化ID。新豊根佐久間線・佐久間FC 付近の母線に接続; tiles=r3c1;発電所,east50
4f71095d-b7fa-4215-ba05-3c1f9abcc2fb,佐久間FC,converter_station,東京電力パワーグリッド,tokyo,,,,,,active,,,tokyo-keitozu-tokyo_kikan154,verified,2026-08-03,FC(周波数変換)記号が2母線間に描かれ、ラベルは「佐久間FC →1」。站名として独立表記か線路名かは断定できない; tiles=r3c1;uncertain,east50
2b6e2cd6-0aa1-4b26-b966-099ed14368f6,発電所1002029/1002030/1002031/1002032/1002033,other,東京電力パワーグリッド,tokyo,,,,,,active,,,tokyo-keitozu-tokyo_kikan154,extracted,2026-08-03,匿名化ID。1本の母線に5個のIDがまとめて併記されている（佐久間側）; tiles=r3c1;発電所,east50
43a7a281-381a-4c76-a8e3-ff17f7f7681c,北相模,substation,東京電力パワーグリッド,tokyo,275,,,,,active,,,tokyo-keitozu-tokyo_kikan154,verified,2026-08-03,"「北相模」と読めるが1文字目が小さく、中相模/西相模との誤読可能性は否定できない。r3c2左端に重複描画; 電圧階級: 275kV/66kV; tiles=r3c1,r3c2;uncertain",east50
1a0c237d-7bf7-4044-9080-216ea10859eb,変電所（中部電力）#3[r3c1],other,東京電力パワーグリッド,tokyo,275,,,,,active,,,tokyo-keitozu-tokyo_kikan154,extracted,2026-08-03,"他社(中部電力)側の変電所。FC状記号あり、富士川線が接続; 電圧階級: 275kV/154kV; 図上原文名は「変電所（中部電力）」。同名他社ノードが複数あるため tiles で区別（r3c1,r4c1）; tiles=r3c1,r4c1",east50
03347097-999a-4800-a97d-b14b94833d6b,中相模,substation,東京電力パワーグリッド,tokyo,275,,,,,active,,,tokyo-keitozu-tokyo_kikan154,extracted,2026-08-03,電圧階級: 275kV/66kV; tiles=r3c2,east50
e95d991f-5448-4e8d-ba93-36595f05289b,西横浜,substation,東京電力パワーグリッド,tokyo,275,,,,,active,,,tokyo-keitozu-tokyo_kikan154,extracted,2026-08-03,電圧階級: 275kV/66kV; tiles=r3c2,east50
46cdfbaa-7479-486f-992e-a1b3db15c012,多摩,substation,東京電力パワーグリッド,tokyo,275,,,,,active,,,tokyo-keitozu-tokyo_kikan154,extracted,2026-08-03,電圧階級: 275kV/66kV; tiles=r3c3,east50
0eb051cb-1239-42c9-b614-94c8760f55de,北多摩,substation,東京電力パワーグリッド,tokyo,275,,,,,active,,,tokyo-keitozu-tokyo_kikan154,extracted,2026-08-03,電圧階級: 275kV/66kV; tiles=r3c3,east50
87c744d6-de73-4200-83fe-b552c4689224,荏田,substation,東京電力パワーグリッド,tokyo,275,,,,,active,,,tokyo-keitozu-tokyo_kikan154,extracted,2026-08-03,電圧階級: 275kV/66kV; tiles=r3c3,east50
ca25eddd-a6fa-4122-8438-e9cb3de7fc85,新宿,substation,東京電力パワーグリッド,tokyo,275,,,,,active,,,tokyo-keitozu-tokyo_kikan154,extracted,2026-08-03,電圧階級: 275kV/66kV; tiles=r3c3,east50
e7821f5b-a35d-4340-b630-9435cf704df7,東新宿,substation,東京電力パワーグリッド,tokyo,275,,,,,active,,,tokyo-keitozu-tokyo_kikan154,extracted,2026-08-03,"r3c3右端に部分、r3c4左端に全体; 電圧階級: 275kV/66kV; tiles=r3c3,r3c4",east50
b7c9bbfe-12df-43b5-a347-b88d48a12546,練馬,substation,東京電力パワーグリッド,tokyo,275,,,,,active,,,tokyo-keitozu-tokyo_kikan154,extracted,2026-08-03,電圧階級: 275kV/66kV; tiles=r3c4,east50
64afdd3f-36a8-439d-8bb4-05cdf7c297ac,水道橋,substation,東京電力パワーグリッド,tokyo,275,,,,,active,,,tokyo-keitozu-tokyo_kikan154,extracted,2026-08-03,電圧階級: 275kV/66kV; tiles=r3c4,east50
59625a08-492c-4cd4-bbcd-88fb89043604,上野,substation,東京電力パワーグリッド,tokyo,275,,,,,active,,,tokyo-keitozu-tokyo_kikan154,extracted,2026-08-03,電圧階級: 275kV/66kV; tiles=r3c5,east50
9049efef-9431-4f94-958a-0b52f96d4872,墨東,substation,東京電力パワーグリッド,tokyo,275,,,,,active,,,tokyo-keitozu-tokyo_kikan154,extracted,2026-08-03,墨東線に (北葛飾側)/(永代橋側) の注記あり; 電圧階級: 275kV/66kV; tiles=r3c6,east50
d85dc6de-57e3-4412-91dd-a2b70d0801e1,新豊洲,substation,東京電力パワーグリッド,tokyo,500,,,,,active,,,tokyo-keitozu-tokyo_kikan154,extracted,2026-08-03,"1,3B合計220 / 4、8B合計321; 電圧階級: 500kV/275kV/66kV; tiles=r3c6",east50
ff029ee7-3931-4b82-acaf-11e1f9dd5fe6,千葉印西,substation,東京電力パワーグリッド,tokyo,275,,,,,active,,,tokyo-keitozu-tokyo_kikan154,extracted,2026-08-03,電圧階級: 275kV/66kV; tiles=r3c7,east50
b037c861-6e2d-4142-8809-0ad024089329,発電所1001011,other,東京電力パワーグリッド,tokyo,,,,,,active,,,tokyo-keitozu-tokyo_kikan154,extracted,2026-08-03,匿名化ID; tiles=r3c8;発電所,east50
1b53d2f3-c0c6-44c1-a08e-56a73461baf7,発電所1001010,other,東京電力パワーグリッド,tokyo,,,,,,active,,,tokyo-keitozu-tokyo_kikan154,extracted,2026-08-03,匿名化ID。新袖ケ浦線が接続; tiles=r3c8;発電所,east50
243b1c75-7edf-465e-a263-481cbca949f8,新袖ケ浦,substation,東京電力パワーグリッド,tokyo,66,,,,,active,,,tokyo-keitozu-tokyo_kikan154,extracted,2026-08-03,発電所1001010 から連絡Tr(↓38)経由で66kV母線; tiles=r3c8,east50
de1f836f-adf3-4cbb-8ba5-44e19bf149bf,逗子,substation,東京電力パワーグリッド,tokyo,275,,,,,active,,,tokyo-keitozu-tokyo_kikan154,extracted,2026-08-03,電圧階級: 275kV/66kV; tiles=r4c1,east50
281e6b4e-6313-4f13-a490-89e186290efe,南横須賀,substation,東京電力パワーグリッド,tokyo,275,,,,,active,,,tokyo-keitozu-tokyo_kikan154,extracted,2026-08-03,電圧階級: 275kV/66kV; tiles=r4c1,east50
3a1bf065-8e61-4b99-b9fc-4d054257cb85,発電所1002043,other,東京電力パワーグリッド,tokyo,,,,,,active,,,tokyo-keitozu-tokyo_kikan154,extracted,2026-08-03,匿名化ID; tiles=r4c1;発電所,east50
db80e707-e06c-47e8-8b32-fcd3261ae24d,発電所1084038,other,東京電力パワーグリッド,tokyo,,,,,,active,,,tokyo-keitozu-tokyo_kikan154,extracted,2026-08-03,匿名化ID; tiles=r4c1;発電所,east50
e28ef737-1333-4b90-aa0d-03ec685fbd63,池上,substation,東京電力パワーグリッド,tokyo,275,,,,,active,,,tokyo-keitozu-tokyo_kikan154,extracted,2026-08-03,電圧階級: 275kV/66kV; tiles=r4c2,east50
89eb5209-2ff8-446c-a0ca-c4abdbe022d5,発電所1002047,other,東京電力パワーグリッド,tokyo,,,,,,active,,,tokyo-keitozu-tokyo_kikan154,extracted,2026-08-03,匿名化ID; tiles=r4c2;発電所,east50
a184f8dd-4533-435a-a691-cf5dad185281,世田谷,substation,東京電力パワーグリッド,tokyo,275,,,,,active,,,tokyo-keitozu-tokyo_kikan154,extracted,2026-08-03,電圧階級: 275kV/66kV; tiles=r4c3,east50
20b8b8ed-325f-41a9-88ed-b355d36b6475,横浜大里,substation,東京電力パワーグリッド,tokyo,275,f5c28218-2f14-444b-a711-ac584e1e6fe0,,,,merged,,2026-08-03,tokyo-keitozu-tokyo_kikan154,extracted,2026-08-03,1号連絡Tr/2号連絡Tr、連絡Tr合計109; 電圧階級: 275kV/154kV/66kV; tiles=r4c3,east50
a987cdcb-600a-46e3-b04c-d5701d35b736,発電所1002045,other,東京電力パワーグリッド,tokyo,,,,,,active,,,tokyo-keitozu-tokyo_kikan154,extracted,2026-08-03,匿名化ID。東川崎275kV母線に接続; tiles=r4c3;発電所,east50
038a47ad-21c0-4ef2-8840-a9c2417ea497,高輪,substation,東京電力パワーグリッド,tokyo,275,,,,,active,,,tokyo-keitozu-tokyo_kikan154,extracted,2026-08-03,電圧階級: 275kV/66kV; tiles=r4c4,east50
ea555041-72d7-46f4-b801-1467c4d5219b,東内幸町,substation,東京電力パワーグリッド,tokyo,275,,,,,active,,,tokyo-keitozu-tokyo_kikan154,extracted,2026-08-03,電圧階級: 275kV/66kV; tiles=r4c5,east50
3ede803f-5746-4f89-98d6-a9bb3a4b0e6c,永代橋,substation,東京電力パワーグリッド,tokyo,275,,,,,active,,,tokyo-keitozu-tokyo_kikan154,extracted,2026-08-03,"r3c6最下部に部分描画; 電圧階級: 275kV/66kV; tiles=r3c6,r4c6",east50
3495cd61-8a86-4f20-86cc-a26c07364562,葛南,substation,東京電力パワーグリッド,tokyo,275,,,,,active,,,tokyo-keitozu-tokyo_kikan154,extracted,2026-08-03,電圧階級: 275kV/66kV; tiles=r4c6,east50
e5513501-dbec-4360-9ba2-08de2b709cc9,北総,substation,東京電力パワーグリッド,tokyo,275,,,,,active,,,tokyo-keitozu-tokyo_kikan154,extracted,2026-08-03,"r3c7最下部に部分描画; 電圧階級: 275kV/66kV; tiles=r3c7,r4c7",east50
f87334a9-02d5-416f-b837-59dd86da130e,花見川,substation,東京電力パワーグリッド,tokyo,275,,,,,active,,,tokyo-keitozu-tokyo_kikan154,extracted,2026-08-03,1-2B合計441 / 3-4B合計315; 電圧階級: 275kV/66kV; tiles=r4c7,east50
8649d541-99fc-4040-9201-fc1d86f54c4c,千葉中央,substation,東京電力パワーグリッド,tokyo,275,,,,,active,,,tokyo-keitozu-tokyo_kikan154,extracted,2026-08-03,"同一タイル内に「千葉中央 275kV」表記の母線区間が左右2箇所あり、同一站の別母線区間と判断。r4c8左端に重複描画; 電圧階級: 275kV/66kV; tiles=r4c7,r4c8",east50
119543cb-e1ac-4289-8f11-40abe7c7e1e4,発電所1002014,other,東京電力パワーグリッド,tokyo,,,,,,active,,,tokyo-keitozu-tokyo_kikan154,extracted,2026-08-03,匿名化ID。千葉中央下部に2箇所同一IDで描画; tiles=r4c7;発電所,east50
dfbef9dd-5c86-4a89-a165-4565852c8a43,発電所1002013,other,東京電力パワーグリッド,tokyo,,,,,,active,,,tokyo-keitozu-tokyo_kikan154,extracted,2026-08-03,"匿名化ID; tiles=r4c7,r4c8;発電所",east50
f95bf5ac-2644-4fd0-bdc0-b96ec9306860,発電所1002012,other,東京電力パワーグリッド,tokyo,,,,,,active,,,tokyo-keitozu-tokyo_kikan154,extracted,2026-08-03,匿名化ID; tiles=r4c8;発電所,east50
a98bfada-ebf7-44a6-9b1d-8733c7786e75,発電所1002015,other,東京電力パワーグリッド,tokyo,,,,,,active,,,tokyo-keitozu-tokyo_kikan154,extracted,2026-08-03,"匿名化ID。同一IDが3箇所（姉崎線3,4L/1,2L 側）に描画; tiles=r4c8;発電所",east50
2fb34589-bb10-4086-9b92-41f444b98a0c,姉崎中央,substation,東京電力パワーグリッド,tokyo,275,,,,,active,,,tokyo-keitozu-tokyo_kikan154,extracted,2026-08-03,4B/3B/2B/1B の66kV母線; tiles=r4c8 | vmax 66->275 derived from touching routes (Phase B gate3),east50
adf40388-bbbc-4fa5-96cf-f82c3acbf66d,変換所（中部電力）,converter_station,東京電力パワーグリッド,tokyo,,,,,,active,,,tokyo-keitozu-tokyo_kikan154,extracted,2026-08-03,左上角。经 飛騨信濃直流幹線 与 新信濃FC 相连；电压未标注; tiles=r1c1,east50
f7697baf-9fac-49ea-9079-1f07d33bbbe7,新信濃,substation,東京電力パワーグリッド,tokyo,500,,,,,active,,,tokyo-keitozu-tokyo_kikan154,extracted,2026-08-03,含 新信濃FC（1FC/2FC）、飛騨信濃直流幹線 1極/2極 直流设备；母线 1B-5B; 電圧階級: 500kV/275kV/154kV; tiles=r1c1,east50
f8b466df-abbe-481d-907e-bd1209afecd1,発電所1002026,other,東京電力パワーグリッド,tokyo,,,,,,active,,,tokyo-keitozu-tokyo_kikan154,extracted,2026-08-03,匿名化ID; tiles=r1c1;発電所,east50
90e91b71-60fb-45a3-a9dd-cacf4b053597,発電所1002025,other,東京電力パワーグリッド,tokyo,,,,,,active,,,tokyo-keitozu-tokyo_kikan154,extracted,2026-08-03,匿名化ID; tiles=r1c1;発電所,east50
d3d272ac-fdac-4e21-ba4b-8d75091d84a7,発電所1002022,other,東京電力パワーグリッド,tokyo,,,,,,active,,,tokyo-keitozu-tokyo_kikan154,extracted,2026-08-03,匿名化ID; tiles=r1c1;発電所,east50
8192bf78-81f9-4035-b2d8-7fba9dbeba44,新秩父,substation,東京電力パワーグリッド,tokyo,500,,,,,active,,,tokyo-keitozu-tokyo_kikan154,extracted,2026-08-03,"tiles=r1c1,r2c1,r2c2",east50
83d6b45c-ed18-406c-83a1-81b1b2f88274,西群馬,substation,東京電力パワーグリッド,tokyo,500,,,,,active,,,tokyo-keitozu-tokyo_kikan154,extracted,2026-08-03,"tiles=r1c1,r1c2",east50
a89a2121-e53c-4beb-83a2-6b6a894618e1,新榛名,substation,東京電力パワーグリッド,tokyo,500,,,,,active,,,tokyo-keitozu-tokyo_kikan154,extracted,2026-08-03,"母线 1B-3B; 電圧階級: 500kV/275kV; tiles=r1c1,r1c2",east50
8e30ea78-0447-4379-8f70-7b38dc163a27,発電所1001019,other,東京電力パワーグリッド,tokyo,,,,,,active,,,tokyo-keitozu-tokyo_kikan154,extracted,2026-08-03,匿名化ID; tiles=r1c2;発電所,east50
85861658-693c-4697-aac2-82c54a0084b0,発電所1001020,other,東京電力パワーグリッド,tokyo,,,,,,active,,,tokyo-keitozu-tokyo_kikan154,extracted,2026-08-03,匿名化ID; tiles=r1c2;発電所,east50
1cd13682-60f4-4e42-ae26-e5d5ac7f785d,発電所1001021,other,東京電力パワーグリッド,tokyo,,,,,,active,,,tokyo-keitozu-tokyo_kikan154,extracted,2026-08-03,匿名化ID; tiles=r1c2;発電所,east50
f4bac2f1-ae5e-4f96-8041-3398a5a0830e,発電所1002024,other,東京電力パワーグリッド,tokyo,,,,,,active,,,tokyo-keitozu-tokyo_kikan154,extracted,2026-08-03,匿名化ID；旁标 玉原線; tiles=r1c2;発電所,east50
bbc043ef-4c3b-4be5-92ee-c0d7694fcf6c,矢木沢,other,東京電力パワーグリッド,tokyo,275,,,,,active,,,tokyo-keitozu-tokyo_kikan154,extracted,2026-08-03,标注为「矢木沢 電圧階級275kV 発電所1002035」，即匿名化ID 1002035 对应 矢木沢; tiles=r1c2;発電所,east50
c911af62-2ccf-4046-87bd-8973665723fe,変電所（東北電力）#2[r1c2],substation,東京電力パワーグリッド,tokyo,275,,,,,active,,,tokyo-keitozu-tokyo_kikan154,extracted,2026-08-03,"他社(東北電力)节点，无具体站名；位于 信濃川/中東京幹線 区域上方。图中同名节点多个，靠 tiles 区分; 図上原文名は「変電所（東北電力）」。同名他社ノードが複数あるため tiles で区別（r1c2,r1c3）; tiles=r1c2,r1c3;uncertain",east50
bb7a0498-ddca-43cb-a21f-5ce614689b6f,変電所（東北電力）#3[r1c3],substation,東京電力パワーグリッド,tokyo,154,,,,,active,,,tokyo-keitozu-tokyo_kikan154,extracted,2026-08-03,他社节点，无站名；接 信濃川連絡線（左侧那个）; 他社节点，无站名；接 清津川線（右侧那个）; 図上原文名は「変電所（東北電力）」。同名他社ノードが複数あるため tiles で区別（r1c3）; tiles=r1c3;uncertain,east50
579bc6db-631b-4cf5-8041-4c01f858d910,変電所（東北電力）#4[r1c3],substation,東京電力パワーグリッド,tokyo,275,,,,,active,,,tokyo-keitozu-tokyo_kikan154,extracted,2026-08-03,"他社节点，无站名；接 田子倉本名線; 図上原文名は「変電所（東北電力）」。同名他社ノードが複数あるため tiles で区別（r1c3,r1c4）; tiles=r1c3,r1c4;uncertain",east50
d21144b7-70ba-4187-8dbc-5a62d1867138,東群馬,substation,東京電力パワーグリッド,tokyo,500,,,,,active,,,tokyo-keitozu-tokyo_kikan154,extracted,2026-08-03,"母线 5B; 電圧階級: 500kV/275kV; tiles=r1c2,r1c3",east50
f2f958a2-820d-49ea-aca5-8eb623830c83,発電所1002034,other,東京電力パワーグリッド,tokyo,,,,,,active,,,tokyo-keitozu-tokyo_kikan154,extracted,2026-08-03,匿名化ID; tiles=r1c3;発電所,east50
a0e7baaa-12bf-4b68-a4ab-4a327bb3070c,発電所1002036,other,東京電力パワーグリッド,tokyo,,,,,,active,,,tokyo-keitozu-tokyo_kikan154,extracted,2026-08-03,匿名化ID；田子倉本名線/田子倉線; tiles=r1c3;発電所,east50
66f515ce-8f7f-4d20-8dfd-5e48a7ef774d,発電所1002037,other,東京電力パワーグリッド,tokyo,,,,,,active,,,tokyo-keitozu-tokyo_kikan154,extracted,2026-08-03,"匿名化ID; tiles=r1c3,r1c4;発電所",east50
1d63c8c4-f545-442c-9da8-104655e6b21c,発電所1002038,other,東京電力パワーグリッド,tokyo,,,,,,active,,,tokyo-keitozu-tokyo_kikan154,extracted,2026-08-03,匿名化ID；田子倉本名線; tiles=r1c4;発電所,east50
fd423420-6eae-418e-803d-97f4c51e7d37,発電所1002039,other,東京電力パワーグリッド,tokyo,,,,,,active,,,tokyo-keitozu-tokyo_kikan154,extracted,2026-08-03,匿名化ID；田子倉線; tiles=r1c3;発電所,east50
d7ab0087-3414-4f51-9261-f81956de9ac8,発電所1002040,other,東京電力パワーグリッド,tokyo,,,,,,active,,,tokyo-keitozu-tokyo_kikan154,extracted,2026-08-03,匿名化ID；田子倉線; tiles=r1c3;発電所,east50
499bbd98-16f4-4d81-8f89-fae4b6ff4e17,発電所1002041,other,東京電力パワーグリッド,tokyo,,,,,,active,,,tokyo-keitozu-tokyo_kikan154,extracted,2026-08-03,匿名化ID；奥只見線; tiles=r1c3;発電所,east50
f897a9d7-f661-4d8e-8629-6023bbcf29e7,新新田,substation,東京電力パワーグリッド,tokyo,500,,,,,active,,,tokyo-keitozu-tokyo_kikan154,extracted,2026-08-03,"母线 2B/3B/5B/7B; 電圧階級: 500kV/275kV/154kV; tiles=r1c3,r2c3",east50
850ca8c3-2c72-44f9-8849-7596b7644d5e,発電所1001002,other,東京電力パワーグリッド,tokyo,,,,,,active,,,tokyo-keitozu-tokyo_kikan154,extracted,2026-08-03,匿名化ID；今市線; tiles=r1c5;発電所,east50
d334f89e-c54f-41bf-b69a-6864c626ff7a,発電所1001001,other,東京電力パワーグリッド,tokyo,,,,,,active,,,tokyo-keitozu-tokyo_kikan154,extracted,2026-08-03,匿名化ID；下郷線; tiles=r1c5;発電所,east50
ec29a3e0-3a16-48b7-b14a-b84fd5120347,発電所1001003,other,東京電力パワーグリッド,tokyo,,,,,,active,,,tokyo-keitozu-tokyo_kikan154,extracted,2026-08-03,匿名化ID；塩原線; tiles=r1c5;発電所,east50
8cbd1ac0-5d5a-4fc3-833b-c5c0fdc9b66d,発電所1002046,other,東京電力パワーグリッド,tokyo,,,,,,active,,,tokyo-keitozu-tokyo_kikan154,extracted,2026-08-03,"匿名化ID；沼原線; tiles=r1c5,r1c6;発電所",east50
96c35141-c97e-4a59-8b81-c3cf6a8c3601,新今市,substation,東京電力パワーグリッド,tokyo,500,,,,,active,,,tokyo-keitozu-tokyo_kikan154,extracted,2026-08-03,该簇只有遮断器方块，无编号母线标注; tiles=r1c5,east50
ac39fb2f-1984-4214-99cd-49041584ed2e,南いわき,substation,東京電力パワーグリッド,tokyo,500,,,,,active,,,tokyo-keitozu-tokyo_kikan154,extracted,2026-08-03,tiles=r1c6,east50
23b45592-7716-4263-bcf3-99c13d9290d2,新いわき,substation,東京電力パワーグリッド,tokyo,500,,,,,active,,,tokyo-keitozu-tokyo_kikan154,extracted,2026-08-03,tiles=r1c6,east50
a0c97fd7-22f7-40d0-9113-e1c8b78c16bc,新茂木,substation,東京電力パワーグリッド,tokyo,500,,,,,active,,,tokyo-keitozu-tokyo_kikan154,extracted,2026-08-03,"母线 1B-4B；r1c5 右缘只露出 福島幹線(里) 引出线; 電圧階級: 500kV/275kV; tiles=r1c5,r1c6",east50
8580f6bc-4ff5-44b3-b55e-1a71c524faef,新福島,substation,東京電力パワーグリッド,tokyo,500,,,,,active,,,tokyo-keitozu-tokyo_kikan154,extracted,2026-08-03,母线 1B-4B，含 2次/3次 绕组标注; 電圧階級: 500kV/275kV/66kV; tiles=r1c7,east50
c671fc95-e3e9-4c9c-a03c-363b5a1b7c4d,変電所（東北電力）#5[r1c7],substation,東京電力パワーグリッド,tokyo,500,,,,,active,,,tokyo-keitozu-tokyo_kikan154,verified,2026-08-03,"他社节点，无站名；接 相馬双葉幹線 与 いわき幹線; 電圧階級: 500kV/275kV; 図上原文名は「変電所（東北電力）」。同名他社ノードが複数あるため tiles で区別（r1c7,r1c8）; tiles=r1c7,r1c8;uncertain | 500kV境界記号と275kV境界記号は同一クラスタの別電圧層。kikan_p2_r1c7 右端(native x≈8780)に他社境界記号(二重横棒)が上下2個あり上が『相馬双葉幹線』(500kV)・下が『いわき幹線』(275kV)。Phase D で東北電力側の実体(相馬/いわき)へマージ予定",east50
ff8b997b-c9ef-4137-85fb-32ff8acb140c,発電所1001004,other,東京電力パワーグリッド,tokyo,,,,,,active,,,tokyo-keitozu-tokyo_kikan154,extracted,2026-08-03,匿名化ID；富岡線; tiles=r1c7;発電所,east50
693e0351-2e47-4773-8e56-4f8f04d427ca,発電所1001050,other,東京電力パワーグリッド,tokyo,,,,,,active,,,tokyo-keitozu-tokyo_kikan154,extracted,2026-08-03,匿名化ID；富岡線; tiles=r1c7;発電所,east50
3b2f7ed5-68df-45a2-baed-8b32eef67cb2,発電所1002016,other,東京電力パワーグリッド,tokyo,,,,,,active,,,tokyo-keitozu-tokyo_kikan154,extracted,2026-08-03,"匿名化ID；阿武隈線 / 勿来幹線; tiles=r1c7,r2c7;発電所",east50
f64614bf-a969-4c65-bdf5-c2afaa0980f4,常磐,substation,東京電力パワーグリッド,tokyo,275,,,,,active,,,tokyo-keitozu-tokyo_kikan154,extracted,2026-08-03,"母线 2B/3B; 電圧階級: 275kV/66kV; tiles=r1c7,r2c7",east50
7a469207-9f09-4fde-b7b4-3a01117c2e4c,発電所1001027,other,東京電力パワーグリッド,tokyo,,,,,,active,,,tokyo-keitozu-tokyo_kikan154,extracted,2026-08-03,匿名化ID；葛野川線; tiles=r2c1;発電所,east50
66aaf71e-f1a5-4ddf-9057-51e764d6e890,発電所1001023,other,東京電力パワーグリッド,tokyo,,,,,,active,,,tokyo-keitozu-tokyo_kikan154,extracted,2026-08-03,匿名化ID；神流川線; tiles=r2c1;発電所,east50
218a454d-1981-4dcd-8ef6-747dfa34e395,新多摩,substation,東京電力パワーグリッド,tokyo,500,,,,,active,,,tokyo-keitozu-tokyo_kikan154,extracted,2026-08-03,"母线 1B-4B; 電圧階級: 500kV/275kV; tiles=r2c1,r2c2",east50
662a3fb8-5a61-4daa-9c6f-80f7436ab433,南多摩,substation,東京電力パワーグリッド,tokyo,275,,,,,active,,,tokyo-keitozu-tokyo_kikan154,extracted,2026-08-03,母线 1B-4B; 電圧階級: 275kV/66kV; tiles=r2c1,east50
ace4d751-028f-425a-9355-988ed16f6f81,北熊谷,substation,東京電力パワーグリッド,tokyo,275,,,,,active,,,tokyo-keitozu-tokyo_kikan154,extracted,2026-08-03,母线 2B-4B; 電圧階級: 275kV/66kV; tiles=r2c2,east50
8652a992-9288-4fa5-bece-f604ad9f84f1,西毛,substation,東京電力パワーグリッド,tokyo,275,,,,,active,,,tokyo-keitozu-tokyo_kikan154,extracted,2026-08-03,母线 1B-4B; 電圧階級: 275kV/66kV; tiles=r2c2,east50
465b98e6-1d1d-491a-948e-77d30f5dc51e,新飯能,substation,東京電力パワーグリッド,tokyo,500,,,,,active,,,tokyo-keitozu-tokyo_kikan154,extracted,2026-08-03,母线 1B/2B; 電圧階級: 500kV/275kV; tiles=r2c2,east50
cdc51193-b36c-497f-b189-9f30a04ae043,青梅,substation,東京電力パワーグリッド,tokyo,275,,,,,active,,,tokyo-keitozu-tokyo_kikan154,extracted,2026-08-03,母线 1B-3B; 電圧階級: 275kV/66kV; tiles=r2c2,east50
f6ad8cff-9b74-45b5-a79c-d69a7ffd666a,新所沢,substation,東京電力パワーグリッド,tokyo,500,,,,,active,,,tokyo-keitozu-tokyo_kikan154,extracted,2026-08-03,"母线 1B-5B; 電圧階級: 500kV/275kV; tiles=r2c2,r2c3",east50
4cdb66a8-dcec-4f8e-b4cb-6fd0ecda6283,東毛,substation,東京電力パワーグリッド,tokyo,275,,,,,active,,,tokyo-keitozu-tokyo_kikan154,extracted,2026-08-03,母线 1B-5B; 電圧階級: 275kV/66kV; tiles=r2c3,east50
ae50aa9f-4a2b-4b8e-9512-f6086f41f330,東太田,substation,東京電力パワーグリッド,tokyo,154,,,,,active,,,tokyo-keitozu-tokyo_kikan154,extracted,2026-08-03,母线 1B-3B; 電圧階級: 154kV/66kV; tiles=r2c3,east50
63ff9e5b-4a85-4dc6-9545-d4021017f82b,南狭山,substation,東京電力パワーグリッド,tokyo,275,,,,,active,,,tokyo-keitozu-tokyo_kikan154,extracted,2026-08-03,母线 1B-4B; 電圧階級: 275kV/66kV; tiles=r2c3,east50
830f6c03-2327-4ac9-b3ae-abd6ef1727d8,新坂戸,substation,東京電力パワーグリッド,tokyo,500,,,,,active,,,tokyo-keitozu-tokyo_kikan154,extracted,2026-08-03,母线 1B-3B（500侧）与 6B-8B（275侧）; 電圧階級: 500kV/275kV/66kV; tiles=r2c4,east50
4ffb73ca-5938-41d3-a4f7-620c3217eb0a,上尾,substation,東京電力パワーグリッド,tokyo,275,,,,,active,,,tokyo-keitozu-tokyo_kikan154,extracted,2026-08-03,母线 1B-3B; 電圧階級: 275kV/66kV; tiles=r2c4,east50
803c9702-ca61-4aa1-b506-0ede56506940,北与野,substation,東京電力パワーグリッド,tokyo,275,,,,,active,,,tokyo-keitozu-tokyo_kikan154,verified,2026-08-03,只看到 バンク合計352 与 電圧階級66kV，上层电压等级标签未露出；母线 2B/3B; tiles=r2c4;uncertain,east50
d486d5fd-4cad-4ec8-a574-cce5f3244dd5,新古河,substation,東京電力パワーグリッド,tokyo,500,,,,,active,,,tokyo-keitozu-tokyo_kikan154,extracted,2026-08-03,母线 2B-5B; 電圧階級: 500kV/275kV; tiles=r2c5,east50
aa43a9a8-2afc-49f1-ae95-cdc2c45d36ee,西越谷,substation,東京電力パワーグリッド,tokyo,275,,,,,active,,,tokyo-keitozu-tokyo_kikan154,extracted,2026-08-03,母线 1B-3B; 電圧階級: 275kV/66kV; tiles=r2c5,east50
33c8800b-2ce7-4ca7-b552-fbce758c89af,新佐原,substation,東京電力パワーグリッド,tokyo,500,,,,,active,,,tokyo-keitozu-tokyo_kikan154,extracted,2026-08-03,"母线 1B-3B; 電圧階級: 500kV/275kV; tiles=r2c5,r2c6",east50
e05933d6-b581-46d2-8439-07fc0dc8a4d6,常総,substation,東京電力パワーグリッド,tokyo,275,,,,,active,,,tokyo-keitozu-tokyo_kikan154,extracted,2026-08-03,母线 1B-5B；鹿島線 分（新野田側）（鹿島側）; 電圧階級: 275kV/66kV; tiles=r2c6,east50
68181737-e38d-4349-bba4-63644d01a07d,発電所1002048,other,東京電力パワーグリッド,tokyo,,,,,,active,,,tokyo-keitozu-tokyo_kikan154,extracted,2026-08-03,匿名化ID；位于 新佐原 右下; tiles=r2c6;発電所,east50
92d697e1-a80a-4e19-93de-dda64c15bc56,筑波南,substation,東京電力パワーグリッド,tokyo,275,,,,,active,,,tokyo-keitozu-tokyo_kikan154,extracted,2026-08-03,母线 2B/3B; 電圧階級: 275kV/66kV; tiles=r2c7,east50
019f125d-ef81-49ff-a590-4286f8494932,鹿島,substation,東京電力パワーグリッド,tokyo,275,,,,,active,,,tokyo-keitozu-tokyo_kikan154,extracted,2026-08-03,母线 1B/2B/5B-8B; 電圧階級: 275kV/154kV/66kV; tiles=r2c7,east50
dff3a414-8d89-44a8-b713-5c33830c8970,発電所1002017,other,東京電力パワーグリッド,tokyo,,,,,,active,,,tokyo-keitozu-tokyo_kikan154,extracted,2026-08-03,匿名化ID; tiles=r2c7;発電所,east50
75bc56de-0ec4-4162-b61c-a799223b3d8c,発電所1002049,other,東京電力パワーグリッド,tokyo,,,,,,active,,,tokyo-keitozu-tokyo_kikan154,extracted,2026-08-03,匿名化ID; tiles=r2c7;発電所,east50
a8e9b27c-7641-463b-851c-0df87ff08a59,発電所1034054,other,東京電力パワーグリッド,tokyo,,,,,,active,,,tokyo-keitozu-tokyo_kikan154,extracted,2026-08-03,匿名化ID；基幹_送電線No.2 下方; tiles=r2c7;発電所,east50
5a7a72cd-0f6f-42dd-a074-abc0f0438391,発電所1033080,other,東京電力パワーグリッド,tokyo,,,,,,active,,,tokyo-keitozu-tokyo_kikan154,extracted,2026-08-03,匿名化ID；基幹_送電線No.2 下方; tiles=r2c7;発電所,east50
834c8e31-51f1-4143-9c53-bfb7cf5f8d2b,発電所1002006,other,東京電力パワーグリッド,tokyo,,,,,,active,,,tokyo-keitozu-tokyo_kikan154,extracted,2026-08-03,匿名化ID；基幹_送電線No.1; tiles=r2c8;発電所,east50
197176f0-a712-4a18-a1fb-3a64029fba78,発電所1002007,other,東京電力パワーグリッド,tokyo,,,,,,active,,,tokyo-keitozu-tokyo_kikan154,extracted,2026-08-03,匿名化ID；基幹_送電線No.1; tiles=r2c8;発電所,east50
0f2a36ee-6dad-4484-85e9-8fff4b57201d,発電所1002008,other,東京電力パワーグリッド,tokyo,,,,,,active,,,tokyo-keitozu-tokyo_kikan154,extracted,2026-08-03,匿名化ID；东鹿島 下方; tiles=r2c8;発電所,east50
2cfc3a73-0a5b-49a3-a8a2-721195da7d20,発電所1002009,other,東京電力パワーグリッド,tokyo,,,,,,active,,,tokyo-keitozu-tokyo_kikan154,extracted,2026-08-03,匿名化ID；鹿島海浜線; tiles=r2c8;発電所,east50
19c61a64-2ea1-4d21-8608-945433640096,東鹿島,substation,東京電力パワーグリッド,tokyo,275,,,,,active,,,tokyo-keitozu-tokyo_kikan154,extracted,2026-08-03,tiles=r2c8,east50
54bdb188-15b6-48d7-8e14-17aa0242d1f2,基幹_送電線No.1 275kV母線,other,東京電力パワーグリッド,tokyo,275,,,,,active,,,tokyo-keitozu-tokyo_kikan154,verified,2026-08-03,只标「電圧階級275kV」无站名的母线簇，接 基幹_送電線No.1 与 発電所1002006/1002007; tiles=r2c8;uncertain,east50
0c2d856b-8359-412c-bbab-a0cdf49a3d5b,南福光,substation,北陸電力送配電,hokuriku,500,,,,,active,,,hokuriku-keitozu-hokuriku_kikan154,extracted,2026-08-03,275kV以上図。二重丸=500kV変電所記号。図中で唯一HSS番号が付されていない。中部方向へのH302開放端を持つ。実体は南福光連系所(BTB)と推定（未検証）,west60
9c177e4e-843c-40d0-9b98-0b6980851889,中能登,substation,北陸電力送配電,hokuriku,500,,,,,active,,,hokuriku-keitozu-hokuriku_kikan154,extracted,2026-08-03,275kV以上図。二重丸=500kV。同一サイトの275kV側はHSS002（別レコード） | 同一サイトの275kV側=HSS002。275kV以上図と154kV図の双方に出現（154kV図では二重丸=275kV変電所）,west60
b2f8bc47-32a8-4543-b037-2d5e0a452d54,新富山,substation,北陸電力送配電,hokuriku,275,,,,,active,,,hokuriku-keitozu-hokuriku_kikan154,extracted,2026-08-03,275kV以上図・154kV図の双方に出現,west60
0437cdc6-3edc-469d-a466-f605baa402c4,城端,switching_station,北陸電力送配電,hokuriku,275,,,,,active,,,hokuriku-keitozu-hokuriku_kikan154,extracted,2026-08-03,275kV以上図。三角記号=開閉所（凡例）。HSS番号なし,west60
33126264-2be7-4495-a3a1-393a47c17f50,加賀,substation,北陸電力送配電,hokuriku,500,,,,,active,,,hokuriku-keitozu-hokuriku_kikan154,extracted,2026-08-03,275kV以上図。二重丸=500kV。同一サイトの275kV側はHSS005（別レコード）。図上では275kV線H105/H106もこのHSS004記号に接続して描かれている | 275kV側HSS005は275kV以上図では線が1本も接続しない孤立記号。154kV図では二重丸(275kV変電所)としてH044/H045が接続,west60
7b7b4536-757f-4a99-9af3-8d4670459412,東金津,substation,北陸電力送配電,hokuriku,275,,,,,active,,,hokuriku-keitozu-hokuriku_kikan154,extracted,2026-08-03,275kV以上図のみ。154kV図には出現しない,west60
38f37ea2-f6fa-4359-aa65-25ca5faa51db,新福井,substation,北陸電力送配電,hokuriku,275,,,,,active,,,hokuriku-keitozu-hokuriku_kikan154,extracted,2026-08-03,275kV以上図・154kV図の双方に出現,west60
6a8fc1e7-79ab-4ad4-af30-626f11d25b83,越前,substation,北陸電力送配電,hokuriku,500,,,,,active,,,hokuriku-keitozu-hokuriku_kikan154,extracted,2026-08-03,275kV以上図。二重丸=500kV。同一サイトの275kV側はHSS009（別レコード）。図上では275kV線H108/H109もこのHSS008記号に接続して描かれている | 275kV側HSS009は275kV以上図で線が1本も接続しない孤立記号。154kV図には出現しない,west60
3cb00106-88e0-460c-9ce1-2b60624f7753,南条,substation,北陸電力送配電,hokuriku,275,,,,,active,,,hokuriku-keitozu-hokuriku_kikan154,extracted,2026-08-03,275kV以上図・154kV図の双方に出現,west60
13e23403-51c7-49a9-a21c-e3775d366e5f,敦賀火力,substation,北陸電力送配電,hokuriku,275,,,,,active,,,hokuriku-keitozu-hokuriku_kikan154,extracted,2026-08-03,275kV以上図。丸記号=275kV変電所として描かれ、隣接して発電所記号（矩形）が併記されている,west60
d3b6455c-fc95-4d81-8e5b-141b2a46cd07,⿊部,substation,北陸電力送配電,hokuriku,154,,,,,active,,,hokuriku-keitozu-hokuriku_kikan154,extracted,2026-08-03,含CJK互換/部首字（1文字目が通常の「黒」ではなく部首字。原文ママ）,west60
dcb30c30-35c3-4be6-869c-4bea33b24e93,江口,substation,北陸電力送配電,hokuriku,154,,,,,active,,,hokuriku-keitozu-hokuriku_kikan154,extracted,2026-08-03,,west60
0d1797dc-5bad-4fa1-986f-dcc37bd0a4b8,東魚津,substation,北陸電力送配電,hokuriku,154,,,,,active,,,hokuriku-keitozu-hokuriku_kikan154,extracted,2026-08-03,,west60
fe890b84-04a4-4734-b10c-7bf8a27e8e83,舟橋,substation,北陸電力送配電,hokuriku,154,,,,,active,,,hokuriku-keitozu-hokuriku_kikan154,extracted,2026-08-03,,west60
0b31cfa0-aba8-4ec1-9387-726d65c6e3e4,新中地山,substation,北陸電力送配電,hokuriku,154,,,,,active,,,hokuriku-keitozu-hokuriku_kikan154,extracted,2026-08-03,,west60
ef3b6ae0-8788-4b44-a53f-9266203e710c,和田川第一,substation,北陸電力送配電,hokuriku,154,,,,,active,,,hokuriku-keitozu-hokuriku_kikan154,extracted,2026-08-03,丸記号=154kV変電所。隣接して発電所記号（矩形）あり,west60
27388758-762f-452f-9600-ceb97bbeb266,折立,substation,北陸電力送配電,hokuriku,154,,,,,active,,,hokuriku-keitozu-hokuriku_kikan154,extracted,2026-08-03,,west60
77a85ca3-c2f8-4567-8dd8-d04c3c11e09d,富山,substation,北陸電力送配電,hokuriku,154,,,,,active,,,hokuriku-keitozu-hokuriku_kikan154,extracted,2026-08-03,,west60
23c0b48a-b06f-436b-9803-239e475ab124,富南,substation,北陸電力送配電,hokuriku,154,,,,,active,,,hokuriku-keitozu-hokuriku_kikan154,extracted,2026-08-03,,west60
479faf21-6f8a-4a3b-9126-ac0b2bdaee24,北笹津,substation,北陸電力送配電,hokuriku,154,,,,,active,,,hokuriku-keitozu-hokuriku_kikan154,extracted,2026-08-03,テキスト層から「北笹津」「HSS021」とも完全に取得できた（過去の目視読み取りでの欠落は解消）,west60
bf3981f0-67ba-4010-a407-d43b87c26518,東町,substation,北陸電力送配電,hokuriku,154,,,,,active,,,hokuriku-keitozu-hokuriku_kikan154,extracted,2026-08-03,,west60
8289bb57-37ba-4fda-8437-32e1d9c5cb30,牧,substation,北陸電力送配電,hokuriku,154,,,,,active,,,hokuriku-keitozu-hokuriku_kikan154,extracted,2026-08-03,,west60
27a183ff-563d-48cb-a153-a66600708e75,塚原,substation,北陸電力送配電,hokuriku,154,,,,,active,,,hokuriku-keitozu-hokuriku_kikan154,extracted,2026-08-03,,west60
8a0e9ecd-c737-4508-a9a4-d4c9627d8583,南福岡,substation,北陸電力送配電,hokuriku,154,,,,,active,,,hokuriku-keitozu-hokuriku_kikan154,extracted,2026-08-03,,west60
2cb9aff2-fc57-4a43-8c0b-0b9f297800ce,伏木,substation,北陸電力送配電,hokuriku,154,,,,,active,,,hokuriku-keitozu-hokuriku_kikan154,extracted,2026-08-03,,west60
3f18d8a6-5813-4911-a312-32340554c337,新能登,substation,北陸電力送配電,hokuriku,154,,,,,active,,,hokuriku-keitozu-hokuriku_kikan154,extracted,2026-08-03,,west60
416c6728-8ae7-472d-8d94-3545fe81d939,鳳至,substation,北陸電力送配電,hokuriku,154,,,,,active,,,hokuriku-keitozu-hokuriku_kikan154,extracted,2026-08-03,,west60
46ed81a3-adcb-42ea-be90-2a64df00f949,北金沢,substation,北陸電力送配電,hokuriku,154,,,,,active,,,hokuriku-keitozu-hokuriku_kikan154,extracted,2026-08-03,,west60
91f84a5b-36f8-46d9-8146-29b30ddc8209,御所,substation,北陸電力送配電,hokuriku,154,,,,,active,,,hokuriku-keitozu-hokuriku_kikan154,extracted,2026-08-03,,west60
e4825924-e8ca-41ed-82cb-0a7004130867,南金沢,substation,北陸電力送配電,hokuriku,154,,,,,active,,,hokuriku-keitozu-hokuriku_kikan154,extracted,2026-08-03,,west60
438d527d-b332-430a-bb05-68c26682cdb9,新小松,substation,北陸電力送配電,hokuriku,154,,,,,active,,,hokuriku-keitozu-hokuriku_kikan154,extracted,2026-08-03,,west60
021ad720-a3c3-4fbb-a917-549ad338a245,北庄,substation,北陸電力送配電,hokuriku,154,,,,,active,,,hokuriku-keitozu-hokuriku_kikan154,extracted,2026-08-03,,west60
5c95f460-876d-4526-88a1-056215893070,松岡,substation,北陸電力送配電,hokuriku,154,,,,,active,,,hokuriku-keitozu-hokuriku_kikan154,extracted,2026-08-03,,west60
adc6d09d-04fd-4a5e-975b-82eff45aa07c,丹生,substation,北陸電力送配電,hokuriku,154,,,,,active,,,hokuriku-keitozu-hokuriku_kikan154,extracted,2026-08-03,,west60
60e56e54-a366-496e-b297-ec57ce443050,新武生,substation,北陸電力送配電,hokuriku,154,,,,,active,,,hokuriku-keitozu-hokuriku_kikan154,extracted,2026-08-03,,west60
de9c8d8e-25ec-4774-83af-970880fc19cc,新敦賀,substation,北陸電力送配電,hokuriku,154,,,,,active,,,hokuriku-keitozu-hokuriku_kikan154,extracted,2026-08-03,154kV図では南条とのH061のみが接続する末端,west60
42f68413-5464-4bcd-815a-7465d4c31839,和泉,substation,北陸電力送配電,hokuriku,154,,,,,active,,,hokuriku-keitozu-hokuriku_kikan154,extracted,2026-08-03,,west60
901237c2-8c01-46c2-aea4-b4e3932726d2,栃尾,substation,北陸電力送配電,hokuriku,154,,,,,active,,,hokuriku-keitozu-hokuriku_kikan154,extracted,2026-08-03,154kV図の北端。葛山とのH013のみが接続する末端,west60
a9ee6d12-e1cd-4779-939d-c584b8786925,富山火力,switching_station,北陸電力送配電,hokuriku,154,,,,,active,,,hokuriku-keitozu-hokuriku_kikan154,extracted,2026-08-03,三角記号＝凡例上は開閉所。隣接して発電所記号（矩形）あり。名称は発電所名だがノード記号は開閉所,west60
05ba6b8c-5787-45aa-8258-daa86c23d9c9,新港火力,switching_station,北陸電力送配電,hokuriku,154,,,,,active,,,hokuriku-keitozu-hokuriku_kikan154,extracted,2026-08-03,三角記号＝開閉所。発電所記号（矩形）を4個併設,west60
79a1a062-3da3-42eb-8da6-f10a590f2870,福井火力,switching_station,北陸電力送配電,hokuriku,154,,,,,active,,,hokuriku-keitozu-hokuriku_kikan154,extracted,2026-08-03,三角記号＝開閉所。隣接して発電所記号あり,west60
1a01bec0-2b99-4170-9730-410a605578a7,葛山,switching_station,北陸電力送配電,hokuriku,154,,,,,active,,,hokuriku-keitozu-hokuriku_kikan154,extracted,2026-08-03,三角記号＝開閉所。隣接して発電所記号あり（水力と推定、未検証）,west60
d06ea9a3-9a23-4ccb-a2d1-9513af124f2d,見座,switching_station,北陸電力送配電,hokuriku,154,,,,,active,,,hokuriku-keitozu-hokuriku_kikan154,extracted,2026-08-03,三角記号＝開閉所。隣接して発電所記号あり,west60
728b052d-9007-417b-bfae-4c18756c75e3,和田川第二,switching_station,北陸電力送配電,hokuriku,154,,,,,active,,,hokuriku-keitozu-hokuriku_kikan154,extracted,2026-08-03,三角記号＝開閉所。隣接して発電所記号あり。和田川第一(HSS017)は丸記号で別ノード,west60
1cd6591e-12cf-4a8f-adc2-a6471ee046ff,神通川第一,switching_station,北陸電力送配電,hokuriku,154,,,,,active,,,hokuriku-keitozu-hokuriku_kikan154,extracted,2026-08-03,三角記号＝開閉所。発電所記号2個が接続,west60
be8f01f6-904c-4777-b11f-4468f982d2c2,手取川第二,switching_station,北陸電力送配電,hokuriku,154,,,,,active,,,hokuriku-keitozu-hokuriku_kikan154,extracted,2026-08-03,三角記号＝開閉所。隣接して発電所記号あり,west60
c7e2cf98-f1d3-4fef-9dc0-203e9c1de080,手取川第三,switching_station,北陸電力送配電,hokuriku,154,,,,,active,,,hokuriku-keitozu-hokuriku_kikan154,extracted,2026-08-03,三角記号＝開閉所。隣接して発電所記号あり,west60
be68a932-08f6-4a42-b50d-c1411dc75c7f,⻄勝原第三,switching_station,北陸電力送配電,hokuriku,154,,,,,active,,,hokuriku-keitozu-hokuriku_kikan154,extracted,2026-08-03,含CJK互換/部首字（1文字目が通常の「西」ではなく部首字。原文ママ）。三角記号＝開閉所。隣接して発電所記号あり,west60
37971305-7548-456d-a595-010a454f6e3d,三重開閉所,switching_station,中部電力パワーグリッド,chubu,500,,,,,active,,,chubu-keitozu-chubu_kikan154,extracted,2026-08-03,,west60
e5e932e9-a8fa-4f94-8a51-ccdadb0034b4,信濃変電所,substation,中部電力パワーグリッド,chubu,500,,,,,active,,,chubu-keitozu-chubu_kikan154,extracted,2026-08-03,,west60
ce1eaf48-186e-433e-9db4-4c7f60f7a358,北部変電所,substation,中部電力パワーグリッド,chubu,500,,,,,active,,,chubu-keitozu-chubu_kikan154,extracted,2026-08-03,,west60
e427bdb0-11c7-467a-a59a-0c79ce210191,南福光変電所,substation,中部電力パワーグリッド,chubu,500,,,,,active,,,chubu-keitozu-chubu_kikan154,extracted,2026-08-03,kikan版では「南福光BTB」表記（北陸との交直連系点）;uncertain,west60
d9bcb28c-b971-45dc-b137-178ef8277d33,岐北開閉所,switching_station,中部電力パワーグリッド,chubu,500,,,,,active,,,chubu-keitozu-chubu_kikan154,extracted,2026-08-03,,west60
06ed3dc2-4e0e-454c-8e9d-fc281aa3f653,岐阜開閉所,switching_station,中部電力パワーグリッド,chubu,500,,,,,active,,,chubu-keitozu-chubu_kikan154,extracted,2026-08-03,,west60
1a188738-db36-43b8-8b5b-1440a9218007,愛知変電所,substation,中部電力パワーグリッド,chubu,500,,,,,active,,,chubu-keitozu-chubu_kikan154,extracted,2026-08-03,,west60
e64c2e77-a6ae-4013-a1df-81e0e2d91cd4,新三河変電所,substation,中部電力パワーグリッド,chubu,500,,,,,active,,,chubu-keitozu-chubu_kikan154,extracted,2026-08-03,,west60
5eee2701-40fe-4abe-849f-86a60b61e7ae,東栄変電所,substation,中部電力パワーグリッド,chubu,500,,,,,active,,,chubu-keitozu-chubu_kikan154,extracted,2026-08-03,,west60
9cd6af60-d69b-4993-941b-43f63d5ca333,東部変電所,substation,中部電力パワーグリッド,chubu,500,,,,,active,,,chubu-keitozu-chubu_kikan154,extracted,2026-08-03,,west60
8e8a726e-5935-4f68-abac-86a00772b37f,西部変電所,substation,中部電力パワーグリッド,chubu,500,,,,,active,,,chubu-keitozu-chubu_kikan154,extracted,2026-08-03,番号候補が複数（1/4002）—近接ラベル割当のため要確認,west60
a81cd9fe-287a-4c1c-99c1-134db27ecad7,豊根開閉所,switching_station,中部電力パワーグリッド,chubu,500,,,,,active,,,chubu-keitozu-chubu_kikan154,extracted,2026-08-03,,west60
cfc5e79f-59e4-48bb-820d-f283ca70058f,関ケ原開閉所,switching_station,中部電力パワーグリッド,chubu,500,,,,,active,,,chubu-keitozu-chubu_kikan154,extracted,2026-08-03,僅見於予想潮流断面版（kikan基本系統版には無し）,west60
ddc4608e-8b38-481b-ae39-1dd112dc51e9,静岡変電所,substation,中部電力パワーグリッド,chubu,500,,,,,active,,,chubu-keitozu-chubu_kikan154,extracted,2026-08-03,,west60
953a55b6-5cb0-4c94-ba8c-515e13c20d22,飛騨変換所,converter_station,中部電力パワーグリッド,chubu,500,,,,,active,,,chubu-keitozu-chubu_kikan154,extracted,2026-08-03,,west60
a178f70b-a7a2-4a6c-8919-a6a2176395e8,駿遠変電所,substation,中部電力パワーグリッド,chubu,500,,,,,active,,,chubu-keitozu-chubu_kikan154,extracted,2026-08-03,番号候補が複数（8/2020）—近接ラベル割当のため要確認,west60
6bed299d-9989-4626-909c-c6a08fedcc12,三好変電所,substation,中部電力パワーグリッド,chubu,275,,,,,active,,,chubu-keitozu-chubu_kikan154,extracted,2026-08-03,,west60
79820f1e-29c9-4cc6-b913-333d9954bc61,三河変電所,substation,中部電力パワーグリッド,chubu,275,,,,,active,,,chubu-keitozu-chubu_kikan154,extracted,2026-08-03,番号候補が複数（6002/6012）—近接ラベル割当のため要確認,west60
97f2ba84-fd25-4bd5-aa59-fb08b2637e85,下伊那変電所,substation,中部電力パワーグリッド,chubu,500,,,,,active,,,chubu-keitozu-chubu_kikan154,extracted,2026-08-03,僅見於予想潮流断面版（kikan基本系統版には無し） | vmax 275->500 derived from touching routes (Phase B gate3),west60
ae56f2e4-70b5-4403-85f1-fa064bd9627e,下広井変電所,substation,中部電力パワーグリッド,chubu,275,,,,,active,,,chubu-keitozu-chubu_kikan154,extracted,2026-08-03,,west60
6dd76182-8e55-4ee1-bde1-392e42436eb8,中信変電所,substation,中部電力パワーグリッド,chubu,275,,,,,active,,,chubu-keitozu-chubu_kikan154,extracted,2026-08-03,番号候補が複数（5006/5007）—近接ラベル割当のため要確認,west60
b0417001-393e-40e6-81af-08a94c862db3,中勢変電所,substation,中部電力パワーグリッド,chubu,275,,,,,active,,,chubu-keitozu-chubu_kikan154,extracted,2026-08-03,,west60
de290d2a-fb1e-41e5-b06c-3170d9455f14,中濃変電所,substation,中部電力パワーグリッド,chubu,275,,,,,active,,,chubu-keitozu-chubu_kikan154,extracted,2026-08-03,,west60
6759b8f3-6998-4cf0-90cc-c2ab7d8caaf3,亀山変電所,substation,中部電力パワーグリッド,chubu,275,,,,,active,,,chubu-keitozu-chubu_kikan154,extracted,2026-08-03,,west60
96ac1f48-e14a-4664-8bea-db26f687b9e5,伊勢開閉所,switching_station,中部電力パワーグリッド,chubu,275,,,,,active,,,chubu-keitozu-chubu_kikan154,extracted,2026-08-03,,west60
1e00913c-2516-4d0e-a144-7b9f3291aa6d,佐久変電所,substation,中部電力パワーグリッド,chubu,275,,,,,active,,,chubu-keitozu-chubu_kikan154,extracted,2026-08-03,,west60
51f9d26b-4984-490b-be1d-24a802b961d0,佐久間FC,converter_station,中部電力パワーグリッド,chubu,275,,,,,active,,,chubu-keitozu-chubu_kikan154,extracted,2026-08-03,,west60
dcce08ed-ad7c-4a38-bf08-e9d12f8878e2,北四日市変電所,substation,中部電力パワーグリッド,chubu,275,,,,,active,,,chubu-keitozu-chubu_kikan154,extracted,2026-08-03,僅見於予想潮流断面版（kikan基本系統版には無し）;uncertain,west60
09b00f7f-e115-4033-86f2-4fb2f13c5655,北松本変電所,substation,中部電力パワーグリッド,chubu,275,,,,,active,,,chubu-keitozu-chubu_kikan154,extracted,2026-08-03,,west60
7e58d0d7-a2b0-46b7-9779-b67f9bd386f4,北豊田変電所,substation,中部電力パワーグリッド,chubu,275,,,,,active,,,chubu-keitozu-chubu_kikan154,extracted,2026-08-03,,west60
1bc6eac9-9147-4231-b687-9e09fe514e88,南信変電所,substation,中部電力パワーグリッド,chubu,500,,,,,active,,,chubu-keitozu-chubu_kikan154,extracted,2026-08-03,vmax 275->500 derived from touching routes (Phase B gate3),west60
b2904dbc-2c7d-4f47-86a3-10f5d05e1281,南勢変電所,substation,中部電力パワーグリッド,chubu,275,,,,,active,,,chubu-keitozu-chubu_kikan154,extracted,2026-08-03,番号候補が複数（3611/3609）—近接ラベル割当のため要確認,west60
becbdf6d-3957-4f8c-8050-911e1ecdb2b9,南武平町変電所,substation,中部電力パワーグリッド,chubu,275,,,,,active,,,chubu-keitozu-chubu_kikan154,extracted,2026-08-03,番号候補が複数（1043/1036）—近接ラベル割当のため要確認,west60
1024b0a4-305e-467f-a3ea-6d5b0102f61e,名城変電所,substation,中部電力パワーグリッド,chubu,275,,,,,active,,,chubu-keitozu-chubu_kikan154,extracted,2026-08-03,,west60
6d81f95b-7869-4937-b372-7ca3163326fd,安倍変電所,substation,中部電力パワーグリッド,chubu,275,,,,,active,,,chubu-keitozu-chubu_kikan154,extracted,2026-08-03,,west60
c4093fc8-931a-4ede-a7ab-85f8649488c2,尾鷲変電所,substation,中部電力パワーグリッド,chubu,275,,,,,active,,,chubu-keitozu-chubu_kikan154,extracted,2026-08-03,,west60
1c96b886-5b5a-4e6e-9b52-a2760832012c,川根変電所,substation,中部電力パワーグリッド,chubu,275,,,,,active,,,chubu-keitozu-chubu_kikan154,extracted,2026-08-03,,west60
9d1e939c-738b-46ca-aef4-279a6bbe68d0,川越変電所,substation,中部電力パワーグリッド,chubu,275,,,,,active,,,chubu-keitozu-chubu_kikan154,extracted,2026-08-03,,west60
b6cfe4ad-06f5-49ad-bf00-d5f6b3947302,幸田変電所,substation,中部電力パワーグリッド,chubu,275,,,,,active,,,chubu-keitozu-chubu_kikan154,extracted,2026-08-03,,west60
17816a6b-8ddc-42b7-a1ee-8706d8172260,恵那変電所,substation,中部電力パワーグリッド,chubu,500,,,,,active,,,chubu-keitozu-chubu_kikan154,extracted,2026-08-03,僅見於予想潮流断面版（kikan基本系統版には無し） | vmax 275->500 derived from touching routes (Phase B gate3),west60
6de51074-15b0-47b3-8997-19a3cd5fe44b,新佐倉変電所,substation,中部電力パワーグリッド,chubu,275,,,,,active,,,chubu-keitozu-chubu_kikan154,extracted,2026-08-03,番号候補が複数（2021/2020/2022）—近接ラベル割当のため要確認,west60
4c3a7335-14ca-449c-a0a4-e143036eca9d,新信濃FC,converter_station,中部電力パワーグリッド,chubu,275,,,,,active,,,chubu-keitozu-chubu_kikan154,extracted,2026-08-03,,west60
556b91ea-2763-4e6b-b8dd-94660c2c3309,新北信変電所,substation,中部電力パワーグリッド,chubu,275,,,,,active,,,chubu-keitozu-chubu_kikan154,extracted,2026-08-03,,west60
57076582-4d32-4ffd-9555-02599469ae24,新鈴鹿変電所,substation,中部電力パワーグリッド,chubu,275,,,,,active,,,chubu-keitozu-chubu_kikan154,extracted,2026-08-03,,west60
68e37a7e-1978-436c-950b-6d0a4f0df47b,東信変電所,substation,中部電力パワーグリッド,chubu,275,,,,,active,,,chubu-keitozu-chubu_kikan154,extracted,2026-08-03,,west60
f39958db-536b-4795-87cc-58608e9f5a11,東名古屋変電所,substation,中部電力パワーグリッド,chubu,275,,,,,active,,,chubu-keitozu-chubu_kikan154,extracted,2026-08-03,,west60
d61ac779-2e0b-45f7-9ed9-1636fb1d9566,東浦開閉所,switching_station,中部電力パワーグリッド,chubu,275,,,,,active,,,chubu-keitozu-chubu_kikan154,extracted,2026-08-03,,west60
4d18a6e5-dab3-4407-ae78-674b792add0e,東海変電所,substation,中部電力パワーグリッド,chubu,275,,,,,active,,,chubu-keitozu-chubu_kikan154,extracted,2026-08-03,,west60
db5c1b52-e0e3-4fbf-94e7-4ab902e6f9cb,東清水FC,converter_station,中部電力パワーグリッド,chubu,275,,,,,active,,,chubu-keitozu-chubu_kikan154,extracted,2026-08-03,,west60
930ea9ca-355d-4bae-9295-10c786469c93,東清水変電所,substation,中部電力パワーグリッド,chubu,275,,,,,active,,,chubu-keitozu-chubu_kikan154,extracted,2026-08-03,,west60
d26ec0a6-6918-43ab-86af-d36232688cf1,東豊田変電所,substation,中部電力パワーグリッド,chubu,275,,,,,active,,,chubu-keitozu-chubu_kikan154,extracted,2026-08-03,,west60
63232ac5-c621-4585-a70d-7ee37d8954ab,松ヶ枝変電所,substation,中部電力パワーグリッド,chubu,275,,,,,active,,,chubu-keitozu-chubu_kikan154,extracted,2026-08-03,kikan版では「松ケ枝変電所」表記（ヶ/ケ の写法揺れ）。本file採用tougou原文,west60
6022bb69-bebe-4f58-bcd5-b3d032614a1e,梅森開閉所,switching_station,中部電力パワーグリッド,chubu,275,,,,,active,,,chubu-keitozu-chubu_kikan154,extracted,2026-08-03,,west60
daea7fa1-5276-43e3-a407-bd7511674716,海部開閉所,switching_station,中部電力パワーグリッド,chubu,275,,,,,active,,,chubu-keitozu-chubu_kikan154,extracted,2026-08-03,,west60
1635ec54-b8fd-4e7a-b86e-d32bf75ef461,湖西変電所,substation,中部電力パワーグリッド,chubu,275,,,,,active,,,chubu-keitozu-chubu_kikan154,extracted,2026-08-03,,west60
3b0fbecb-9712-467d-acd9-87c1e6f373e1,瀬戸変電所,substation,中部電力パワーグリッド,chubu,275,,,,,active,,,chubu-keitozu-chubu_kikan154,extracted,2026-08-03,,west60
843a9240-5d8b-4400-8198-7812aaa67cca,牛島町変電所,substation,中部電力パワーグリッド,chubu,275,,,,,active,,,chubu-keitozu-chubu_kikan154,extracted,2026-08-03,,west60
413d74af-14eb-4907-aceb-035a9a73e599,犬山変電所,substation,中部電力パワーグリッド,chubu,275,,,,,active,,,chubu-keitozu-chubu_kikan154,extracted,2026-08-03,,west60
1eda7e34-dbbc-43a8-8f1d-28de57b6247b,田原変電所,substation,中部電力パワーグリッド,chubu,275,,,,,active,,,chubu-keitozu-chubu_kikan154,extracted,2026-08-03,,west60
98d127c9-fc99-455f-ac41-3225d57d6349,知多火力変電所,substation,中部電力パワーグリッド,chubu,275,,,,,active,,,chubu-keitozu-chubu_kikan154,extracted,2026-08-03,番号候補が複数（1026/1008）—近接ラベル割当のため要確認,west60
923e38c9-635c-4b6f-9dc3-aafda6e95b09,碧南変電所,substation,中部電力パワーグリッド,chubu,275,,,,,active,,,chubu-keitozu-chubu_kikan154,extracted,2026-08-03,番号候補が複数（6001/6004）—近接ラベル割当のため要確認,west60
aef894ef-d15a-441d-aa8b-4f667606c7ae,西名古屋変電所,substation,中部電力パワーグリッド,chubu,275,,,,,active,,,chubu-keitozu-chubu_kikan154,extracted,2026-08-03,番号候補が複数（3601/3602）—近接ラベル割当のため要確認,west60
1a279b61-30e6-4734-86c0-1784269b8dfc,西尾張変電所,substation,中部電力パワーグリッド,chubu,275,,,,,active,,,chubu-keitozu-chubu_kikan154,extracted,2026-08-03,,west60
2cae2d77-39ae-4238-885a-700a9e2b9f5e,西濃変電所,substation,中部電力パワーグリッド,chubu,275,,,,,active,,,chubu-keitozu-chubu_kikan154,extracted,2026-08-03,番号候補が複数（4001/3618）—近接ラベル割当のため要確認,west60
b99eecb9-6097-4d3b-bf60-b0ce72009124,遠江変電所,substation,中部電力パワーグリッド,chubu,275,,,,,active,,,chubu-keitozu-chubu_kikan154,extracted,2026-08-03,番号候補が複数（2001/2002）—近接ラベル割当のため要確認,west60
1c2377c2-c3e3-40c0-910b-e94f6b4d89b1,金山変電所,substation,中部電力パワーグリッド,chubu,275,,,,,active,,,chubu-keitozu-chubu_kikan154,extracted,2026-08-03,,west60
35d3bd47-2a3e-4032-b6ef-e0c72c4d3279,鈴鹿開閉所,switching_station,中部電力パワーグリッド,chubu,275,,,,,active,,,chubu-keitozu-chubu_kikan154,extracted,2026-08-03,,west60
5e412308-6aa5-4bed-8ac0-89e28ceae1df,関開閉所,switching_station,中部電力パワーグリッド,chubu,275,,,,,active,,,chubu-keitozu-chubu_kikan154,extracted,2026-08-03,,west60
ebc8cc8c-6529-4b61-8c30-cb6b3553af5e,電源名古屋変電所,substation,中部電力パワーグリッド,chubu,275,,,,,active,,,chubu-keitozu-chubu_kikan154,extracted,2026-08-03,番号候補が複数（1012/1011）—近接ラベル割当のため要確認,west60
dfe13858-9d86-42cf-b56f-8b4d509ca735,額田開閉所,switching_station,中部電力パワーグリッド,chubu,275,,,,,active,,,chubu-keitozu-chubu_kikan154,extracted,2026-08-03,,west60
8afda5fd-3196-4011-bc0c-85c636aa1985,駿河変電所,substation,中部電力パワーグリッド,chubu,275,,,,,active,,,chubu-keitozu-chubu_kikan154,extracted,2026-08-03,,west60
88ad5d90-db7b-46bc-82ae-18e6d899f85c,七宝変電所,substation,中部電力パワーグリッド,chubu,154,,,,,active,,,chubu-keitozu-chubu_kikan154,extracted,2026-08-03,,west60
2b0c8354-15ba-43ce-9ca5-7ffcb772f7b3,中沢変電所,substation,中部電力パワーグリッド,chubu,154,,,,,active,,,chubu-keitozu-chubu_kikan154,extracted,2026-08-03,,west60
96f851b7-6753-4ff6-b1bd-89638c6b1dc5,久々野水力変電所,substation,中部電力パワーグリッド,chubu,154,,,,,active,,,chubu-keitozu-chubu_kikan154,extracted,2026-08-03,番号候補が複数（4719/4010/4011）—近接ラベル割当のため要確認,west60
442abf0f-1bff-4d2f-98ce-a6d11654817d,二軒小屋水力変電所,substation,中部電力パワーグリッド,chubu,154,,,,,active,,,chubu-keitozu-chubu_kikan154,extracted,2026-08-03,,west60
309d185e-e879-46e5-8696-318e60ef7565,井川水力変電所,substation,中部電力パワーグリッド,chubu,154,,,,,active,,,chubu-keitozu-chubu_kikan154,extracted,2026-08-03,uncertain,west60
66dc651d-c958-4ace-b340-bdf797c74e8b,加納変電所,substation,中部電力パワーグリッド,chubu,154,,,,,active,,,chubu-keitozu-chubu_kikan154,extracted,2026-08-03,,west60
52142173-95c1-4413-9694-3ec24e9b645b,北一宮変電所,substation,中部電力パワーグリッド,chubu,154,,,,,active,,,chubu-keitozu-chubu_kikan154,extracted,2026-08-03,番号候補が複数（1020/4701）—近接ラベル割当のため要確認,west60
9d4b124c-3886-4855-ac12-1b61c79e8453,北信変電所,substation,中部電力パワーグリッド,chubu,154,,,,,active,,,chubu-keitozu-chubu_kikan154,extracted,2026-08-03,,west60
99320cc9-7315-4b4b-9971-bca5adb207e6,北刈谷変電所,substation,中部電力パワーグリッド,chubu,154,,,,,active,,,chubu-keitozu-chubu_kikan154,extracted,2026-08-03,,west60
fc5cc419-96ce-4ea9-9d59-0529ab4822bf,北勢変電所,substation,中部電力パワーグリッド,chubu,154,,,,,active,,,chubu-keitozu-chubu_kikan154,extracted,2026-08-03,,west60
b6498c73-2d3f-4a15-92a4-54eb0dbf1603,北原変電所,substation,中部電力パワーグリッド,chubu,154,,,,,active,,,chubu-keitozu-chubu_kikan154,extracted,2026-08-03,local(2025年度基本系統)版のみに記載;uncertain,west60
292dfbe7-f432-4515-9216-220dff012ecd,北又渡水力変電所,substation,中部電力パワーグリッド,chubu,154,,,,,active,,,chubu-keitozu-chubu_kikan154,extracted,2026-08-03,,west60
f99a2c7f-2208-4a0b-a100-68579d8b76b9,北大出変電所,substation,中部電力パワーグリッド,chubu,154,,,,,active,,,chubu-keitozu-chubu_kikan154,extracted,2026-08-03,,west60
b4434fc3-fff7-4feb-8239-fc8bb2cd1199,北岐阜変電所,substation,中部電力パワーグリッド,chubu,154,,,,,active,,,chubu-keitozu-chubu_kikan154,extracted,2026-08-03,,west60
47bf65ea-de73-44a5-91a5-2de2914b8a96,南大垣変電所,substation,中部電力パワーグリッド,chubu,154,,,,,active,,,chubu-keitozu-chubu_kikan154,extracted,2026-08-03,,west60
11c4e95b-fcb6-4033-b0bd-d926addb50a3,南安城変電所,substation,中部電力パワーグリッド,chubu,154,,,,,active,,,chubu-keitozu-chubu_kikan154,extracted,2026-08-03,,west60
0c29f2cb-cfcc-435f-b711-fdbde972048f,南島変電所,substation,中部電力パワーグリッド,chubu,154,,,,,active,,,chubu-keitozu-chubu_kikan154,extracted,2026-08-03,,west60
79286ab8-a72f-49b0-97da-c2a337087c0e,南磐田変電所,substation,中部電力パワーグリッド,chubu,154,,,,,active,,,chubu-keitozu-chubu_kikan154,extracted,2026-08-03,,west60
f4d82001-e37d-4611-ad0a-3376636823b9,南箕輪変電所,substation,中部電力パワーグリッド,chubu,154,,,,,active,,,chubu-keitozu-chubu_kikan154,extracted,2026-08-03,僅見於予想潮流断面版（local基本系統版には無し）,west60
601debc7-f9fb-4d13-aa00-d895ac2be49a,名北変電所,substation,中部電力パワーグリッド,chubu,154,,,,,active,,,chubu-keitozu-chubu_kikan154,extracted,2026-08-03,,west60
057d43bf-bf5d-49e4-8ffa-48f567899ff0,名南変電所,substation,中部電力パワーグリッド,chubu,154,,,,,active,,,chubu-keitozu-chubu_kikan154,extracted,2026-08-03,uncertain,west60
736b08fb-c068-4ff0-a81f-a67da8593b58,四日市火力変電所,substation,中部電力パワーグリッド,chubu,154,,,,,active,,,chubu-keitozu-chubu_kikan154,extracted,2026-08-03,,west60
e2844e33-10d3-4243-b971-4d905277e0f3,夏山変電所,substation,中部電力パワーグリッド,chubu,154,,,,,active,,,chubu-keitozu-chubu_kikan154,extracted,2026-08-03,,west60
7fc03738-36f1-49e0-9c6f-e4962cd2ea2c,大井川水力変電所,substation,中部電力パワーグリッド,chubu,154,,,,,active,,,chubu-keitozu-chubu_kikan154,extracted,2026-08-03,,west60
d704e4e6-a0d0-4f40-9a48-93db04c37681,大原変電所,substation,中部電力パワーグリッド,chubu,154,,,,,active,,,chubu-keitozu-chubu_kikan154,extracted,2026-08-03,local(2025年度基本系統)版のみに記載;uncertain,west60
9c53fc49-0a4c-4182-935c-97b1f47bd7a2,大垣変電所,substation,中部電力パワーグリッド,chubu,154,,,,,active,,,chubu-keitozu-chubu_kikan154,extracted,2026-08-03,,west60
d9f3991a-13d0-47b3-9b20-f2e6a3a22198,大高変電所,substation,中部電力パワーグリッド,chubu,154,,,,,active,,,chubu-keitozu-chubu_kikan154,extracted,2026-08-03,,west60
93eeb3d4-91ad-4a34-91a5-ef73778e0893,天花寺変電所,substation,中部電力パワーグリッド,chubu,154,,,,,active,,,chubu-keitozu-chubu_kikan154,extracted,2026-08-03,,west60
ba06b60d-8692-4be6-b93f-e62e574d70cf,奥泉水力変電所,substation,中部電力パワーグリッド,chubu,154,,,,,active,,,chubu-keitozu-chubu_kikan154,extracted,2026-08-03,,west60
2d8accb2-cd91-4bdd-a0fe-80782fc66ecf,奥領家変電所,substation,中部電力パワーグリッド,chubu,154,,,,,active,,,chubu-keitozu-chubu_kikan154,extracted,2026-08-03,,west60
961b41a0-d7cb-445a-8007-8e13f01c346b,宮川第二水力変電所,substation,中部電力パワーグリッド,chubu,154,,,,,active,,,chubu-keitozu-chubu_kikan154,extracted,2026-08-03,,west60
4d0f2279-8cf1-489e-ab2c-8f03071440cf,宮田変電所,substation,中部電力パワーグリッド,chubu,154,,,,,active,,,chubu-keitozu-chubu_kikan154,extracted,2026-08-03,local(2025年度基本系統)版のみに記載;uncertain,west60
dc33e8c5-29d1-4d44-8b1b-9ac34bbfa6ff,寛政変電所,substation,中部電力パワーグリッド,chubu,154,,,,,active,,,chubu-keitozu-chubu_kikan154,extracted,2026-08-03,,west60
b62f6d15-a89f-4317-88b2-ae7b68e9ed46,小坂水力変電所,substation,中部電力パワーグリッド,chubu,154,,,,,active,,,chubu-keitozu-chubu_kikan154,extracted,2026-08-03,,west60
2d52544f-39d9-4458-93e3-43d6a714cfbf,岡崎変電所,substation,中部電力パワーグリッド,chubu,154,,,,,active,,,chubu-keitozu-chubu_kikan154,extracted,2026-08-03,,west60
ebcbee1f-e9e2-4638-bb2d-70a9f7a2e3f6,岩倉変電所,substation,中部電力パワーグリッド,chubu,154,,,,,active,,,chubu-keitozu-chubu_kikan154,extracted,2026-08-03,,west60
cfabd746-86fd-43ca-b48f-8031ac12e16f,岩塚変電所,substation,中部電力パワーグリッド,chubu,154,,,,,active,,,chubu-keitozu-chubu_kikan154,extracted,2026-08-03,,west60
670de171-a1a8-499f-86b2-79864ae174a1,川辺水力変電所,substation,中部電力パワーグリッド,chubu,154,,,,,active,,,chubu-keitozu-chubu_kikan154,extracted,2026-08-03,,west60
fa838941-5268-47ed-b970-f44dbd916759,布池変電所,substation,中部電力パワーグリッド,chubu,154,,,,,active,,,chubu-keitozu-chubu_kikan154,extracted,2026-08-03,,west60
1c26908f-cda1-47d4-b9e9-022c4e2f6512,平岡水力変電所,substation,中部電力パワーグリッド,chubu,154,,,,,active,,,chubu-keitozu-chubu_kikan154,extracted,2026-08-03,,west60
f818cfb6-3531-41a2-8439-a41e21b90125,志太変電所,substation,中部電力パワーグリッド,chubu,154,,,,,active,,,chubu-keitozu-chubu_kikan154,extracted,2026-08-03,,west60
80e66b42-9606-4b4d-bdea-86d736387d72,日進変電所,substation,中部電力パワーグリッド,chubu,154,,,,,active,,,chubu-keitozu-chubu_kikan154,extracted,2026-08-03,,west60
af957bdb-5c43-44b0-8a8e-b3637e4a3152,春近変電所,substation,中部電力パワーグリッド,chubu,154,,,,,active,,,chubu-keitozu-chubu_kikan154,extracted,2026-08-03,,west60
f3b5ae5c-8141-406a-9b13-fc476ce18145,昭和町変電所,substation,中部電力パワーグリッド,chubu,154,,,,,active,,,chubu-keitozu-chubu_kikan154,extracted,2026-08-03,,west60
c0f9ccb9-b180-452e-afbc-cbaed1eeb730,朝日水力変電所,substation,中部電力パワーグリッド,chubu,154,,,,,active,,,chubu-keitozu-chubu_kikan154,extracted,2026-08-03,,west60
4e387117-3444-46bf-b135-63d383677998,東上田水力変電所,substation,中部電力パワーグリッド,chubu,154,,,,,active,,,chubu-keitozu-chubu_kikan154,extracted,2026-08-03,,west60
6f730674-030d-4854-9a09-f5b2c8fc3e0d,東境変電所,substation,中部電力パワーグリッド,chubu,154,,,,,active,,,chubu-keitozu-chubu_kikan154,extracted,2026-08-03,,west60
e17c1679-7005-4e5b-8051-f9fb5b9ceaba,松島変電所,substation,中部電力パワーグリッド,chubu,154,,,,,active,,,chubu-keitozu-chubu_kikan154,extracted,2026-08-03,,west60
afd9f7b8-881b-4ee4-88d5-f9e99b7d958b,栃原変電所,substation,中部電力パワーグリッド,chubu,154,,,,,active,,,chubu-keitozu-chubu_kikan154,extracted,2026-08-03,,west60
a2737f0e-86bb-4955-a508-dcff44e1afdc,根方水力変電所,substation,中部電力パワーグリッド,chubu,154,,,,,active,,,chubu-keitozu-chubu_kikan154,extracted,2026-08-03,,west60
82cc356e-344b-4a2a-af4e-1b281231fa07,梅原変電所,substation,中部電力パワーグリッド,chubu,154,,,,,active,,,chubu-keitozu-chubu_kikan154,extracted,2026-08-03,,west60
c1865ea3-7ecf-4331-85da-3393a1cf5dd3,植田変電所,substation,中部電力パワーグリッド,chubu,154,,,,,active,,,chubu-keitozu-chubu_kikan154,extracted,2026-08-03,,west60
6f1fa6c2-1145-46ef-b011-a03e5e4fef4b,武豊火力変電所,substation,中部電力パワーグリッド,chubu,154,,,,,active,,,chubu-keitozu-chubu_kikan154,extracted,2026-08-03,,west60
f5e61421-3e1f-45db-82c0-27b48aff21ea,水主町変電所,substation,中部電力パワーグリッド,chubu,154,,,,,active,,,chubu-keitozu-chubu_kikan154,extracted,2026-08-03,,west60
91bde58b-169e-4efb-a6cb-78972d830d98,水内変電所,substation,中部電力パワーグリッド,chubu,154,,,,,active,,,chubu-keitozu-chubu_kikan154,extracted,2026-08-03,uncertain,west60
b0817908-53a9-42e8-ac78-acf58a2c5be0,浜松変電所,substation,中部電力パワーグリッド,chubu,154,,,,,active,,,chubu-keitozu-chubu_kikan154,extracted,2026-08-03,,west60
2f9fb644-da7f-4443-bde9-5223de1664f3,清水変電所,substation,中部電力パワーグリッド,chubu,154,,,,,active,,,chubu-keitozu-chubu_kikan154,extracted,2026-08-03,,west60
565a803d-df00-4494-aca7-323352991b8a,滝原変電所,substation,中部電力パワーグリッド,chubu,154,,,,,active,,,chubu-keitozu-chubu_kikan154,extracted,2026-08-03,,west60
5199e2e9-784e-4fca-ae59-e057de399297,潮見変電所,substation,中部電力パワーグリッド,chubu,154,,,,,active,,,chubu-keitozu-chubu_kikan154,extracted,2026-08-03,uncertain,west60
56d6290e-06a3-406b-bce5-d1b07dac8a43,瀬戸水力変電所,substation,中部電力パワーグリッド,chubu,154,,,,,active,,,chubu-keitozu-chubu_kikan154,extracted,2026-08-03,番号候補が複数（4712/4710）—近接ラベル割当のため要確認,west60
4585ccaa-8692-4677-9a37-deb961372666,玉川変電所,substation,中部電力パワーグリッド,chubu,154,,,,,active,,,chubu-keitozu-chubu_kikan154,extracted,2026-08-03,,west60
f6e6e52a-586c-42b1-9284-024b36854134,瑞浪変電所,substation,中部電力パワーグリッド,chubu,154,,,,,active,,,chubu-keitozu-chubu_kikan154,extracted,2026-08-03,,west60
92758d35-3fd7-47f2-8dbb-3b6c4b440913,瑞穂変電所,substation,中部電力パワーグリッド,chubu,154,,,,,active,,,chubu-keitozu-chubu_kikan154,extracted,2026-08-03,番号候補が複数（1029/1041）—近接ラベル割当のため要確認,west60
95e0c4a6-bada-4bd8-b6b3-f5df2887465c,畑薙第一水力変電所,substation,中部電力パワーグリッド,chubu,154,,,,,active,,,chubu-keitozu-chubu_kikan154,extracted,2026-08-03,,west60
472b01d9-4189-4cc3-90fb-d52b0758c3e4,畑薙第二水力変電所,substation,中部電力パワーグリッド,chubu,154,,,,,active,,,chubu-keitozu-chubu_kikan154,extracted,2026-08-03,番号候補が複数（2040/2039）—近接ラベル割当のため要確認,west60
08d6c3fc-605b-48fa-be63-8e8b64a2a40f,知多変電所,substation,中部電力パワーグリッド,chubu,154,,,,,active,,,chubu-keitozu-chubu_kikan154,extracted,2026-08-03,,west60
4991b6bf-b93c-4e68-8fb7-3ef7e69d022c,磐田変電所,substation,中部電力パワーグリッド,chubu,154,,,,,active,,,chubu-keitozu-chubu_kikan154,extracted,2026-08-03,,west60
f9d97bea-a3b0-476a-927a-535dfc4f69e9,秋葉変電所,substation,中部電力パワーグリッド,chubu,154,,,,,active,,,chubu-keitozu-chubu_kikan154,extracted,2026-08-03,,west60
d82f215b-e61e-4ec2-9939-b98735b34818,秋葉開閉所,switching_station,中部電力パワーグリッド,chubu,154,,,,,active,,,chubu-keitozu-chubu_kikan154,extracted,2026-08-03,,west60
e31d857c-17b9-4122-97d7-70a22d04f11d,稲沢変電所,substation,中部電力パワーグリッド,chubu,154,,,,,active,,,chubu-keitozu-chubu_kikan154,extracted,2026-08-03,,west60
c48c7d2d-18b6-4ccb-aa78-470d86904f2a,紀勢変電所,substation,中部電力パワーグリッド,chubu,154,,,,,active,,,chubu-keitozu-chubu_kikan154,extracted,2026-08-03,,west60
bcb5a1c3-05c3-4810-a24b-6e751a7b5352,諏訪変電所,substation,中部電力パワーグリッド,chubu,154,,,,,active,,,chubu-keitozu-chubu_kikan154,extracted,2026-08-03,,west60
919c9056-c817-41fe-8cb8-8549a0409e42,豊水力変電所,substation,中部電力パワーグリッド,chubu,154,,,,,active,,,chubu-keitozu-chubu_kikan154,extracted,2026-08-03,,west60
02183f10-b0fc-4f5a-9e78-ccc993049bb8,赤石水力変電所,substation,中部電力パワーグリッド,chubu,154,,,,,active,,,chubu-keitozu-chubu_kikan154,extracted,2026-08-03,,west60
f56abe93-1439-48c1-8fae-d891422139ea,赤石沢水力変電所,substation,中部電力パワーグリッド,chubu,154,,,,,active,,,chubu-keitozu-chubu_kikan154,extracted,2026-08-03,uncertain,west60
bbe1a1cd-a1fc-42b1-807d-6e7b5c757cc8,飛島変電所,substation,中部電力パワーグリッド,chubu,154,,,,,active,,,chubu-keitozu-chubu_kikan154,extracted,2026-08-03,,west60
13163b5b-5331-4dd7-b0ef-f5f812b10184,飯島水力変電所,substation,中部電力パワーグリッド,chubu,154,,,,,active,,,chubu-keitozu-chubu_kikan154,extracted,2026-08-03,,west60
606a2ad9-3204-4300-b58a-3b99228744e4,飯田変電所,substation,中部電力パワーグリッド,chubu,154,,,,,active,,,chubu-keitozu-chubu_kikan154,extracted,2026-08-03,,west60
6b28e9a0-58d3-46d4-b477-54f5237a5daa,馬瀬川第二水力変電所,substation,中部電力パワーグリッド,chubu,154,,,,,active,,,chubu-keitozu-chubu_kikan154,extracted,2026-08-03,,west60
07dd996e-a626-4d3f-820d-8bc52336a67e,駒ヶ根変電所,substation,中部電力パワーグリッド,chubu,154,,,,,active,,,chubu-keitozu-chubu_kikan154,extracted,2026-08-03,,west60
93e874cd-937e-4ed4-8253-a4a65333c326,高塚変電所,substation,中部電力パワーグリッド,chubu,154,,,,,active,,,chubu-keitozu-chubu_kikan154,extracted,2026-08-03,,west60
5bf54101-99d3-4c25-9bff-0d318e6d991b,高山変電所,substation,中部電力パワーグリッド,chubu,154,,,,,active,,,chubu-keitozu-chubu_kikan154,extracted,2026-08-03,,west60
e6546cc0-65a4-45b1-a121-9a29dc4c7977,高根第二水力変電所,substation,中部電力パワーグリッド,chubu,154,,,,,active,,,chubu-keitozu-chubu_kikan154,extracted,2026-08-03,,west60
41fcda93-e91f-4f82-a106-6ec39a5632bb,阿南火力変電所,substation,四国電力送配電,shikoku,187,,,,,active,,,shikoku-keitozu-shikoku_kikan,extracted,2026-08-03,p4表：187/66kV、3台390MW。併設発電所〈10-1〉,west60
fc0bd428-a6c6-415d-8a2e-68705bb1e4f8,蔭平変電所,substation,四国電力送配電,shikoku,187,,,,,active,,,shikoku-keitozu-shikoku_kikan,extracted,2026-08-03,p4表：187/66kV、1台38MW。併設発電所〈11-1〉,west60
96093891-24ad-466f-b998-ba8811436fbc,井川変電所,substation,四国電力送配電,shikoku,187,,,,,active,,,shikoku-keitozu-shikoku_kikan,extracted,2026-08-03,p4表：187/66kV、2台237MW,west60
5edbd1f1-a7f0-4590-93e7-f51cddfc5b9c,高知変電所,substation,四国電力送配電,shikoku,187,,,,,active,,,shikoku-keitozu-shikoku_kikan,extracted,2026-08-03,p4表：187/66kV 2台570MW＋187/110kV 1台190MW,west60
024c2ec8-402d-4fb1-b0d9-a6495e903698,新改変電所,substation,四国電力送配電,shikoku,187,,,,,active,,,shikoku-keitozu-shikoku_kikan,extracted,2026-08-03,p4表：187/66kV、3台446MW。併設発電所〈14-1〉。p3表では同一電気所を「新改開閉所（変14）」とも表記（送電線39・40の端点）,west60
044a80be-922c-4827-81f9-efc2d44eada6,奈半利川変電所,substation,四国電力送配電,shikoku,187,,,,,active,,,shikoku-keitozu-shikoku_kikan,extracted,2026-08-03,p4表：187/66kV、2台152MW,west60
dcfab5f1-ce77-4c01-b19c-507039ed7449,松山変電所,substation,四国電力送配電,shikoku,187,,,,,active,,,shikoku-keitozu-shikoku_kikan,extracted,2026-08-03,p4表：187/66kV、2台570MW,west60
9e2a03af-4926-43e6-bab5-e4bc7c0b2737,川内変電所,substation,四国電力送配電,shikoku,500,,,,,active,,,shikoku-keitozu-shikoku_kikan,extracted,2026-08-03,"p4表：一次500/二次187kV、2台1,425MW。p1図：太円（500kV変電所）◯2",west60
81553dea-ac38-4f3d-9599-515d36f1c8bc,北松山変電所,substation,四国電力送配電,shikoku,187,,,,,active,,,shikoku-keitozu-shikoku_kikan,extracted,2026-08-03,p4表：187/66kV、2台570MW,west60
9ebfe3cd-a644-4d62-823d-2a0883d38c94,大洲変電所,substation,四国電力送配電,shikoku,187,,,,,active,,,shikoku-keitozu-shikoku_kikan,extracted,2026-08-03,p4表：187/66kV、2台332MW,west60
22f2e320-18e6-447e-9423-f9047c95ff44,広見変電所,substation,四国電力送配電,shikoku,187,,,,,active,,,shikoku-keitozu-shikoku_kikan,extracted,2026-08-03,p4表：187/66kV、2台380MW,west60
c90bdfbe-0e57-441e-98eb-ee6cd331cddb,壬生川変電所,substation,四国電力送配電,shikoku,187,,,,,active,,,shikoku-keitozu-shikoku_kikan,extracted,2026-08-03,p4表：187/66kV、3台522MW,west60
a7e2665e-34ad-490e-a0ad-d5a62eb28b63,西条火力変電所,substation,四国電力送配電,shikoku,187,,,,,active,,,shikoku-keitozu-shikoku_kikan,extracted,2026-08-03,p4表：187/66kV、2台285MW。併設発電所〈24-1〉（西条火力）,west60
68d536fc-a02f-4062-8fab-0d618902fb12,西条変電所,substation,四国電力送配電,shikoku,187,,,,,active,,,shikoku-keitozu-shikoku_kikan,extracted,2026-08-03,p4表：187/66kV、2台237MW。p3表 送電線No.41 の端点は同じ電気所番号を「伊予開閉所（変25）」と表記しており名称が一致しない（open_points参照）,west60
28e51b01-a387-4267-905e-de50db6c5b67,三島変電所,substation,四国電力送配電,shikoku,187,,,,,active,,,shikoku-keitozu-shikoku_kikan,extracted,2026-08-03,p4表：187/66kV、3台522MW,west60
00e643d9-7248-4491-9089-92c8c615c8d5,高松変電所,substation,四国電力送配電,shikoku,187,,,,,active,,,shikoku-keitozu-shikoku_kikan,extracted,2026-08-03,p4表：187/66kV、3台855MW,west60
93d43e02-1432-4dd5-bcf6-b613f1841f75,香川変電所,substation,四国電力送配電,shikoku,187,,,,,active,,,shikoku-keitozu-shikoku_kikan,extracted,2026-08-03,p4表：187/66kV、3台570MW,west60
3f5ed9ce-981b-4086-96cd-fc28438a3ff7,大川変電所,substation,四国電力送配電,shikoku,187,,,,,active,,,shikoku-keitozu-shikoku_kikan,extracted,2026-08-03,p4表：187/66kV、1台190MW,west60
aaf95c05-3483-4eb0-b037-004a0e4ca01a,東予変電所,substation,四国電力送配電,shikoku,500,,,,,active,,,shikoku-keitozu-shikoku_kikan,extracted,2026-08-03,p4表：500/187kV、1台713MW。p1図：太円◯3,west60
ed64d8d5-ef75-4b94-953b-ec65b76fac22,麻変電所,substation,四国電力送配電,shikoku,187,,,,,active,,,shikoku-keitozu-shikoku_kikan,extracted,2026-08-03,p4表：187/66kV、3台760MW,west60
ac5b61af-24d2-406f-8f8b-b07ab417a159,坂出火力変電所,substation,四国電力送配電,shikoku,187,,,,,active,,,shikoku-keitozu-shikoku_kikan,extracted,2026-08-03,p4表：187/66kV、2台285MW。併設発電所〈31-1〉（坂出火力）,west60
bbcd2d96-3b26-4980-9158-3ab3e48bf160,讃岐変電所,substation,四国電力送配電,shikoku,500,,,,,active,,,shikoku-keitozu-shikoku_kikan,extracted,2026-08-03,"p4表：500/187kV、2台1,425MW。p1図：太円◯4。本四連系線の四国側端",west60
dba87702-f006-45aa-9ac0-1231a7a0f85d,阿波変電所,substation,四国電力送配電,shikoku,500,,,,,active,,,shikoku-keitozu-shikoku_kikan,extracted,2026-08-03,"p4表：500/187kV、2台1,425MW。p1図：太円◯5",west60
0f38b826-71bc-4d1d-9593-809f66f9cdb3,国府変電所,substation,四国電力送配電,shikoku,187,,,,,active,,,shikoku-keitozu-shikoku_kikan,extracted,2026-08-03,p4表：187/66kV、2台570MW,west60
967bca7f-265a-4712-a642-6c7a57eafc57,鳴門変電所,substation,四国電力送配電,shikoku,187,,,,,active,,,shikoku-keitozu-shikoku_kikan,extracted,2026-08-03,p4表：187/66kV、2台570MW。関西エリア西淡(変)への連系点,west60
71426a9c-9f11-42e8-9ac7-f59ab3c340ab,発電所〈1〉,other,四国電力送配電,shikoku,500,,,,,active,,,shikoku-keitozu-shikoku_kikan,extracted,2026-08-03,p1図：〈1〉の箱記号（発電所）。図・表とも名称非公開。四国中央西幹線(500kV)・伊方北幹線・伊方南幹線(187kV)の対向端。p3表では潮流方向が「―」（◇非公開）;uncertain;発電所,west60
879dcb72-ef07-4954-b3f5-8ddd1258c7e7,発電所〈16〉,other,四国電力送配電,shikoku,187,,,,,active,,,shikoku-keitozu-shikoku_kikan,extracted,2026-08-03,p3表 送電線No.39 長山線の潮流方向「送39 №1→<16>発電所」。p1図：奈半利川の北西の箱記号〈16〉。図に名称記載なし;発電所,west60
d9f4e64f-6f90-45dc-9ad8-109c75543423,本川開閉所,switching_station,四国電力送配電,shikoku,187,,,,,active,,,shikoku-keitozu-shikoku_kikan,extracted,2026-08-03,p4変電所表に無し。p1図：⊗記号（凡例＝187kV開閉所）＋枠外番号17、名称表記は「本川」のみ。併設発電所〈17-1〉。名称の「開閉所」は凡例記号からの補完＝未確認;uncertain,west60
830e035d-b2f7-467d-b7ec-f77aa9087228,発電所〈18〉,other,四国電力送配電,shikoku,187,,,,,active,,,shikoku-keitozu-shikoku_kikan,extracted,2026-08-03,p3表 送電線No.40/41 伊新線の潮流方向「<18>発電所→…」。p1図：本川と新改の間の箱記号〈18〉。図に名称記載なし;発電所,west60
407d3f9d-9a70-4e5d-9920-243bf3956c81,阿南変換所,converter_station,四国電力送配電,shikoku,500,,,,,active,,,shikoku-keitozu-shikoku_kikan,extracted,2026-08-03,p4変電所表には無し。p1図：直流変換所記号（三角）＋枠外番号6、名称表記は「阿南」。500kV側で南阿波幹線・橘湾火力線に接続、直流側は阿南紀北直流幹線で関西エリア紀北変換所へ,west60
c8ae6dd4-73cb-44e7-8e2d-464fb7f92595,発電所〈7〉,other,四国電力送配電,shikoku,500,,,,,active,,,shikoku-keitozu-shikoku_kikan,extracted,2026-08-03,p3表 送電線No.6 橘湾火力線の潮流方向「<7>発電所→阿南変換所」。p1図：阿南変換所の北隣の箱記号〈7〉。図に名称記載なし;発電所,west60
6fc2b052-65f2-46be-8967-f2ea48aab349,讃岐鳴門線 №69分岐点,other,四国電力送配電,shikoku,187,,,,,active,,,shikoku-keitozu-shikoku_kikan,extracted,2026-08-03,p3表 送電線No.32/33 の潮流方向が「変4→送32 №69」「送32 №69→変9」「送32 №69→変29」と鉄塔番号で分岐点を表記。p1図でも□32の線上から□33が変29へ分岐,west60
039b7680-792a-46fb-811c-dc2fba82109f,長山線 №1分岐点,other,四国電力送配電,shikoku,187,,,,,active,,,shikoku-keitozu-shikoku_kikan,extracted,2026-08-03,p3表 送電線No.39/42 の潮流方向が「新改開閉所（変14）→送39 №1」「送39 №1→<16>発電所」「送39 №1→変15」と鉄塔番号で分岐点を表記,west60
369aa4ca-97d0-4152-9558-0e2521a111cd,基S1,substation,中国電力ネットワーク,chugoku,500,,,,,active,,,chugoku-keitozu-chugoku_kikan,extracted,2026-08-03,匿名コード（図中に固有名なし）。○＝変電所。山口県西端。500kV基L1/基L4と220kV基L12/基L13が集まり、南西へ他社送電線（九州方向）,west60
a3c60a8e-9cd4-4c3e-b8a1-ba585a7d43e2,基S2,substation,中国電力ネットワーク,chugoku,500,,,,,active,,,chugoku-keitozu-chugoku_kikan,extracted,2026-08-03,匿名コード。○＝変電所。500kV基L4/基L5の結節点、220kV基L17で基S5へ,west60
95b2fed2-f880-4289-ab97-4e82404c09ee,基S3,substation,中国電力ネットワーク,chugoku,220,,,,,active,,,chugoku-keitozu-chugoku_kikan,extracted,2026-08-03,匿名コード。○＝変電所,west60
ddd61753-6286-48de-9c70-3a2b7b8773b3,基S4,substation,中国電力ネットワーク,chugoku,220,,,,,active,,,chugoku-keitozu-chugoku_kikan,extracted,2026-08-03,匿名コード。○＝変電所。基L15幹線から短い引下線でぶら下がるT分岐（基L16）,west60
933fc9f3-b80f-4db5-9704-89907e1f615e,基S5,substation,中国電力ネットワーク,chugoku,220,,,,,active,,,chugoku-keitozu-chugoku_kikan,extracted,2026-08-03,匿名コード。○＝変電所。基S2の直下,west60
e7bb9e3c-8423-45c1-8606-52037a3db0a9,基S6,substation,中国電力ネットワーク,chugoku,220,,,,,active,,,chugoku-keitozu-chugoku_kikan,extracted,2026-08-03,匿名コード。○＝変電所。すぐ西隣に無名の□発電所記号が併設,west60
2315573a-00cd-43eb-8991-32c8cc465351,基S8,substation,中国電力ネットワーク,chugoku,220,,,,,active,,,chugoku-keitozu-chugoku_kikan,extracted,2026-08-03,匿名コード。○＝変電所。直下に無名の□発電所記号が併設,west60
0c07712c-b4be-418e-9b67-d53663a7b1c4,基S9,substation,中国電力ネットワーク,chugoku,220,,,,,active,,,chugoku-keitozu-chugoku_kikan,extracted,2026-08-03,匿名コード。○＝変電所。基L21の末端（行き止まり）,west60
531dd3eb-2415-48be-935a-e0ea2040d283,基S10,substation,中国電力ネットワーク,chugoku,500,,,,,active,,,chugoku-keitozu-chugoku_kikan,extracted,2026-08-03,匿名コード。○＝変電所。500kV基L5/基L6/基L7の三叉、220kV基L21/基L22ほか,west60
d65eb499-3d40-4e39-92f5-8fb8e6db3ee6,基S11,substation,中国電力ネットワーク,chugoku,500,,,,,active,,,chugoku-keitozu-chugoku_kikan,extracted,2026-08-03,匿名コード。○＝変電所。500kV基L7/基L8、220kV基L26/基L29、他社送電線（点線）基L28の起点,west60
39f746c4-4561-4342-a58e-e8a4122a8fa3,基S12,substation,中国電力ネットワーク,chugoku,220,,,,,active,,,chugoku-keitozu-chugoku_kikan,extracted,2026-08-03,匿名コード。○＝変電所。ラベルは引出線（灰色矢印）で円を指す,west60
5ed3548c-4093-4060-bd01-baca7f4d1d43,基S13,substation,中国電力ネットワーク,chugoku,220,,,,,active,,,chugoku-keitozu-chugoku_kikan,extracted,2026-08-03,匿名コード。○＝変電所。220kVの分岐ハブ（基L22/基L23/基L24/基L26/基L27）,west60
376c2ef2-0714-4c13-b236-6543c8a14c52,基S14,substation,中国電力ネットワーク,chugoku,220,,,,,active,,,chugoku-keitozu-chugoku_kikan,extracted,2026-08-03,匿名コード。○＝変電所。基L25で無名開閉所A（⊗）に接続する行き止まり,west60
1af49215-b47c-418c-878b-812c2fe410b6,基S15,substation,中国電力ネットワーク,chugoku,220,,,,,active,,,chugoku-keitozu-chugoku_kikan,extracted,2026-08-03,匿名コード。○＝変電所,west60
25121c2b-3287-488c-9426-8ff1ee1b139d,基S16,other,中国電力ネットワーク,chugoku,220,,,,,active,,,chugoku-keitozu-chugoku_kikan,extracted,2026-08-03,「北から他社送電線(点線)基L28 が着線」（西から基L51 は誤り。基L28=基S11-基S16 のみ）,west60
00164373-2f0b-4d08-b17b-d3ae1f4d390e,基S17,substation,中国電力ネットワーク,chugoku,500,,,,,active,,,chugoku-keitozu-chugoku_kikan,extracted,2026-08-03,匿名コード。○＝変電所。500kV基L8/基L9/基L11の三叉、220kV基L31/基L32/基L34/基L48,west60
bc1b9128-8710-4e07-980f-41d37a75e332,基S18,substation,中国電力ネットワーク,chugoku,220,,,,,active,,,chugoku-keitozu-chugoku_kikan,extracted,2026-08-03,匿名コード。○＝変電所。基L30の末端,west60
6b3046ef-31eb-48b8-89ac-5db630aa809b,基S19,substation,中国電力ネットワーク,chugoku,220,,,,,active,,,chugoku-keitozu-chugoku_kikan,extracted,2026-08-03,匿名コード。○＝変電所。基L33の末端。ラベルは引出線で円を指す,west60
dc700536-0865-4283-86d1-2c02cb56c524,基S20,substation,中国電力ネットワーク,chugoku,220,,,,,active,,,chugoku-keitozu-chugoku_kikan,extracted,2026-08-03,匿名コード。○＝変電所。基L34/基L35の分岐点から2条併走の無番号線で接続,west60
5b90df00-f003-4b2e-97b7-1d9bae411cd2,基S21,substation,中国電力ネットワーク,chugoku,500,,,,,active,,,chugoku-keitozu-chugoku_kikan,extracted,2026-08-03,匿名コード。○＝変電所。500kV基L9の東端。東へ他社送電線（関西方向）、南へ他社送電線（四国方向）,west60
90f60dd0-0baf-4763-931e-c56e1b73c89e,基S22,substation,中国電力ネットワーク,chugoku,220,,,,,active,,,chugoku-keitozu-chugoku_kikan,extracted,2026-08-03,匿名コード。○＝変電所,west60
b1844783-577b-45d0-8156-8c2182ffe5a7,基S23,substation,中国電力ネットワーク,chugoku,500,,,,,active,,,chugoku-keitozu-chugoku_kikan,extracted,2026-08-03,匿名コード。○＝変電所。500kV基L1/基L2/基L6の三叉,west60
1e9ca48c-09e9-43df-807f-cf2fb583b632,基S24,substation,中国電力ネットワーク,chugoku,500,,,,,active,,,chugoku-keitozu-chugoku_kikan,extracted,2026-08-03,匿名コード。○＝変電所。島根県北部。500kV基L10/基L46、220kV基L47,west60
12d41056-9ce5-4ea5-8693-7787952dbfed,基S25,substation,中国電力ネットワーク,chugoku,500,,,,,active,,,chugoku-keitozu-chugoku_kikan,extracted,2026-08-03,匿名コード。○＝変電所。基S24〜基S26の500kV回廊沿いに位置し、南西へ220kV基L38,west60
40edfd6e-c5a4-45bc-9bb1-3d9bda1721dd,基S26,substation,中国電力ネットワーク,chugoku,500,,,,,active,,,chugoku-keitozu-chugoku_kikan,extracted,2026-08-03,匿名コード。○＝変電所。500kV基L2/基L3/基L10/基L11の四叉、220kV基L39,west60
cdf9dff0-9c99-4333-9769-c11317146470,基S27,substation,中国電力ネットワーク,chugoku,500,,,,,active,,,chugoku-keitozu-chugoku_kikan,extracted,2026-08-03,匿名コード。○＝変電所。500kV基L3の東端。東へ他社送電線（関西方向）。220kV基L41が北から着線,west60
ea02fac6-5d9d-4217-a2c4-744923fcf402,基S28,substation,中国電力ネットワーク,chugoku,220,,,,,active,,,chugoku-keitozu-chugoku_kikan,extracted,2026-08-03,匿名コード。○＝変電所。基L40/基L41の結節点,west60
5fe07e97-2948-4fb8-af84-fa906d692b51,無名開閉所A（基L24・基L25・基L38接続点）,switching_station,中国電力ネットワーク,chugoku,220,,,,,active,,,chugoku-keitozu-chugoku_kikan,extracted,2026-08-03,図中に⊗（凡例：開閉所）記号のみで基S番号も名称も付されていない。抽出側で付けた仮称。基S14の西、500kV基L2と交差する位置。直北の基L38線上に×（系統切箇所）あり;uncertain,west60
e66e6781-5914-4f4d-bc23-0815aa38c4e1,無名開閉所B（基L39・基L40接続点）,switching_station,中国電力ネットワーク,chugoku,220,,,,,active,,,chugoku-keitozu-chugoku_kikan,extracted,2026-08-03,図中に⊗記号のみ、名称・番号なし。抽出側の仮称。基S26の東。直上に無名の□発電所記号が併設;uncertain,west60
7e2e9e2e-e992-420e-a0a6-d406c759b7fa,無名開閉所C（基L29・基L31・基L32・基L33接続点）,switching_station,中国電力ネットワーク,chugoku,220,,,,,active,,,chugoku-keitozu-chugoku_kikan,extracted,2026-08-03,図中に⊗記号のみ、名称・番号なし。抽出側の仮称。基S17の南;uncertain,west60
c6674fce-7cca-435b-86b2-fa7d257197ee,無名開閉所D（基L29・基L30分岐点）,switching_station,中国電力ネットワーク,chugoku,220,,,,,active,,,chugoku-keitozu-chugoku_kikan,extracted,2026-08-03,図中に⊗記号のみ、名称・番号なし。抽出側の仮称。基S18の北。直西の基L29線上に×（系統切箇所）あり;uncertain,west60
2ab25c20-b3de-4322-9a3a-ef9ee07f94c3,無名開閉所F（基L51線上、基S15東）,switching_station,中国電力ネットワーク,chugoku,220,,,,,active,,,chugoku-keitozu-chugoku_kikan,extracted,2026-08-03,基L51(i66) の東端ノード。直下に無名の□発電所記号(i190)が0.11pt差で接して併設。着線は i66 の1本のみ＝終端,west60
7488be46-a9ed-4bdd-b588-64d60990bc26,無名分岐点G（基L34・基L35・基S20分岐）,other,中国電力ネットワーク,chugoku,220,,,,,active,,,chugoku-keitozu-chugoku_kikan,extracted,2026-08-03,記号なしの単なるT分岐点（分岐鉄塔と推定、未確認）。抽出側の仮称。基L34の東端＝基L35の西端であり、ここから基S20へ2条併走の無番号線が分岐;uncertain,west60
1f10f09f-d059-405a-b680-f51b15cfb2eb,無名発電所P1（基L46・基L47、基S24西）,other,中国電力ネットワーク,chugoku,500,,,,,active,,,chugoku-keitozu-chugoku_kikan,extracted,2026-08-03,□（凡例：発電所）記号のみで名称・番号なし。抽出側の仮称。基S24へ500kV基L46と220kV基L47の2本;uncertain;発電所,west60
5cbee257-008b-4d4d-8987-f42c4e95fb8b,無名発電所P2（基L48、基S17東）,other,中国電力ネットワーク,chugoku,220,,,,,active,,,chugoku-keitozu-chugoku_kikan,extracted,2026-08-03,□記号のみで名称・番号なし。抽出側の仮称;uncertain;発電所,west60
97d3443a-1ca0-42e4-8f88-2eec6b31cb14,無名発電所P3（基L49、基S11西）,other,中国電力ネットワーク,chugoku,220,,,,,active,,,chugoku-keitozu-chugoku_kikan,extracted,2026-08-03,□記号のみで名称・番号なし。抽出側の仮称。500kV基L7のすぐ北側に位置するが着線先は220kV基L24;uncertain;発電所,west60
555a4efb-bd7c-4bb7-bfbb-59cb5da40c0f,無名発電所P4（基L50、基S23北西）,other,中国電力ネットワーク,chugoku,220,,,,,active,,,chugoku-keitozu-chugoku_kikan,extracted,2026-08-03,□記号のみで名称・番号なし。抽出側の仮称;uncertain;発電所,west60
d59cfa2e-4567-4e15-9b8c-37557626c116,1,substation,沖縄電力,okinawa,66,,,,,active,,,okinawa-keitozu-okinawa_all,extracted,2026-08-03,電気所略号（黄色枠内の数字）。対照表は本図に無し。接続線の線種から66 kVと判定,okinawa
5c88e889-c284-47b8-970b-40ac8caf0062,2,substation,沖縄電力,okinawa,66,,,,,active,,,okinawa-keitozu-okinawa_all,extracted,2026-08-03,電気所略号（黄色枠内の数字）。対照表は本図に無し。接続線の線種から66 kVと判定,okinawa
2692a541-4c04-468a-b938-35432b1f1e56,3,substation,沖縄電力,okinawa,66,,,,,active,,,okinawa-keitozu-okinawa_all,extracted,2026-08-03,電気所略号（黄色枠内の数字）。対照表は本図に無し。接続線の線種から66 kVと判定,okinawa
81f2b1cd-779b-4590-a009-3334dc385067,4,substation,沖縄電力,okinawa,132,,,,,active,,,okinawa-keitozu-okinawa_all,extracted,2026-08-03,電気所略号（黄色枠内の数字）。対照表は本図に無し。接続線の線種から132/66 kVと判定,okinawa
7a8b9bec-4c80-4240-ad59-bbf300e1c252,5,substation,沖縄電力,okinawa,,,,,,active,,,okinawa-keitozu-okinawa_all,extracted,2026-08-03,電気所略号（黄色枠内の数字）。対照表は本図に無し。図上に記号と略号はあるが、本抽出では接続線を確定できず（分岐点を通過する線の途中にある可能性が高い）;uncertain,okinawa
79656f12-787a-43de-9aeb-fdde8b47da8e,6,substation,沖縄電力,okinawa,66,,,,,active,,,okinawa-keitozu-okinawa_all,extracted,2026-08-03,電気所略号（黄色枠内の数字）。対照表は本図に無し。接続線の線種から66 kVと判定,okinawa
8cd59ca5-ccf2-4047-ba8a-c24582cbbd11,7,substation,沖縄電力,okinawa,66,,,,,active,,,okinawa-keitozu-okinawa_all,extracted,2026-08-03,電気所略号（黄色枠内の数字）。対照表は本図に無し。接続線の線種から66 kVと判定,okinawa
37877ea5-306b-4d4b-8e88-74984e12aa24,8,substation,沖縄電力,okinawa,66,,,,,active,,,okinawa-keitozu-okinawa_all,extracted,2026-08-03,電気所略号（黄色枠内の数字）。対照表は本図に無し。接続線の線種から66 kVと判定,okinawa
7b01f311-03fa-43fe-bae1-8f839b7f5284,9,substation,沖縄電力,okinawa,66,,,,,active,,,okinawa-keitozu-okinawa_all,extracted,2026-08-03,電気所略号（黄色枠内の数字）。対照表は本図に無し。接続線の線種から66 kVと判定,okinawa
5c49b912-fb6c-4e6a-8ca3-b52e416691c4,10,substation,沖縄電力,okinawa,66,,,,,active,,,okinawa-keitozu-okinawa_all,extracted,2026-08-03,電気所略号（黄色枠内の数字）。対照表は本図に無し。接続線の線種から66 kVと判定,okinawa
378a0139-cf42-435b-b048-1d5d3a844f07,11,substation,沖縄電力,okinawa,,,,,,active,,,okinawa-keitozu-okinawa_all,extracted,2026-08-03,"電気所略号（黄色枠内の数字）。対照表は本図に無し。図上に記号と略号はあるが、本抽出では接続線を確定できず（分岐点を通過する線の途中にある可能性が高い）;uncertain | 無route引用ではなくタップ接入。接入線=(44)(10-9, 66kV地中)。拡大図 c#8 走廊上の弧長25.2 が 10(22.52) と 9(33.29) の間。引入短鏈は拡大図 c#7 端点2.21pt / 主図 c#167 端点0.06pt",okinawa
471068e6-ce54-4246-afa6-61c64ad9c333,12,substation,沖縄電力,okinawa,,,,,,active,,,okinawa-keitozu-okinawa_all,extracted,2026-08-03,電気所略号（黄色枠内の数字）。対照表は本図に無し。図上に記号と略号はあるが、本抽出では接続線を確定できず（分岐点を通過する線の途中にある可能性が高い）;uncertain,okinawa
b8609cf2-785b-4318-9602-1b1400b5c34d,13,substation,沖縄電力,okinawa,132,,,,,active,,,okinawa-keitozu-okinawa_all,extracted,2026-08-03,電気所略号（黄色枠内の数字）。対照表は本図に無し。接続線の線種から132/66 kVと判定,okinawa
a324128b-472d-42d9-95a4-d5028649ded9,14,substation,沖縄電力,okinawa,66,,,,,active,,,okinawa-keitozu-okinawa_all,extracted,2026-08-03,電気所略号（黄色枠内の数字）。対照表は本図に無し。接続線の線種から66 kVと判定,okinawa
61399dc5-8bce-4f2e-bd1f-5ad462b28f7e,15,substation,沖縄電力,okinawa,66,,,,,active,,,okinawa-keitozu-okinawa_all,extracted,2026-08-03,電気所略号（黄色枠内の数字）。対照表は本図に無し。接続線の線種から66 kVと判定,okinawa
53d4082a-64c1-4240-95c8-2c6e192a3a15,16,substation,沖縄電力,okinawa,,,,,,active,,,okinawa-keitozu-okinawa_all,extracted,2026-08-03,"電気所略号（黄色枠内の数字）。対照表は本図に無し。図上に記号と略号はあるが、本抽出では接続線を確定できず（分岐点を通過する線の途中にある可能性が高い）;uncertain | タップ接入。接入線=(26)と(27)(いずれも 17-4, 66kV)。走廊站序 30/29/17(32.61)/16(51.46)/4(77.14) で 16 は 17-4 間。拡大図垂距1.36pt・主図0.55pt",okinawa
c1b2b226-dc72-4278-ab12-ab309baee63d,17,substation,沖縄電力,okinawa,132,,,,,active,,,okinawa-keitozu-okinawa_all,extracted,2026-08-03,電気所略号（黄色枠内の数字）。対照表は本図に無し。接続線の線種から132/66 kVと判定,okinawa
674e3fce-ab9d-45a8-96b3-cececd9ee026,18,substation,沖縄電力,okinawa,66,,,,,active,,,okinawa-keitozu-okinawa_all,extracted,2026-08-03,電気所略号（黄色枠内の数字）。対照表は本図に無し。接続線の線種から66 kVと判定,okinawa
ea710a96-523a-4d53-9d69-18958b715711,19,substation,沖縄電力,okinawa,66,,,,,active,,,okinawa-keitozu-okinawa_all,extracted,2026-08-03,電気所略号（黄色枠内の数字）。対照表は本図に無し。接続線の線種から66 kVと判定,okinawa
02aa37b2-b7af-41c8-a814-8d85ddeaac1d,20,substation,沖縄電力,okinawa,,,,,,active,,,okinawa-keitozu-okinawa_all,extracted,2026-08-03,"電気所略号（黄色枠内の数字）。対照表は本図に無し。図上に記号と略号はあるが、本抽出では接続線を確定できず（分岐点を通過する線の途中にある可能性が高い）;uncertain | タップ接入。接入線=(47)(22-21, 66kV地中)。走廊 c#8 上の弧長6.95 が 22(0.0) と 21(12.66) の間。引入短鏈端点 拡大図0.85pt / 主図0.04pt",okinawa
b7710089-1623-4cc4-8647-137d0a1d0ece,21,substation,沖縄電力,okinawa,66,,,,,active,,,okinawa-keitozu-okinawa_all,extracted,2026-08-03,電気所略号（黄色枠内の数字）。対照表は本図に無し。接続線の線種から66 kVと判定,okinawa
99e161e1-48fe-47f5-b9c3-9a3aeb784a9f,22,substation,沖縄電力,okinawa,66,,,,,active,,,okinawa-keitozu-okinawa_all,extracted,2026-08-03,電気所略号（黄色枠内の数字）。対照表は本図に無し。接続線の線種から66 kVと判定,okinawa
b3d2ef38-da5f-4220-929e-433036a233ac,23,substation,沖縄電力,okinawa,66,,,,,active,,,okinawa-keitozu-okinawa_all,extracted,2026-08-03,電気所略号（黄色枠内の数字）。対照表は本図に無し。接続線の線種から66 kVと判定,okinawa
705751cf-dfdd-4672-8abc-b7e0891aa3e7,24,substation,沖縄電力,okinawa,66,,,,,active,,,okinawa-keitozu-okinawa_all,extracted,2026-08-03,電気所略号（黄色枠内の数字）。対照表は本図に無し。接続線の線種から66 kVと判定,okinawa
03b5ccbe-a53d-4dc3-a3da-7a729b3ebdfc,25,substation,沖縄電力,okinawa,132,,,,,active,,,okinawa-keitozu-okinawa_all,extracted,2026-08-03,電気所略号（黄色枠内の数字）。対照表は本図に無し。接続線の線種から132/66 kVと判定,okinawa
cc6b230e-15d1-40a6-8cf7-f74cfe188d8e,26,substation,沖縄電力,okinawa,66,,,,,active,,,okinawa-keitozu-okinawa_all,extracted,2026-08-03,電気所略号（黄色枠内の数字）。対照表は本図に無し。接続線の線種から66 kVと判定,okinawa
7f5ddb16-7602-4295-9207-41367e1c834d,27,substation,沖縄電力,okinawa,132,,,,,active,,,okinawa-keitozu-okinawa_all,extracted,2026-08-03,電気所略号（黄色枠内の数字）。対照表は本図に無し。接続線の線種から132/66 kVと判定,okinawa
06e66076-7d68-466a-9ffa-d8915800d8f4,28,substation,沖縄電力,okinawa,66,,,,,active,,,okinawa-keitozu-okinawa_all,extracted,2026-08-03,電気所略号（黄色枠内の数字）。対照表は本図に無し。接続線の線種から66 kVと判定,okinawa
a60edc6b-8aae-4055-9301-e1ce0f45fe68,29,substation,沖縄電力,okinawa,66,,,,,active,,,okinawa-keitozu-okinawa_all,extracted,2026-08-03,電気所略号（黄色枠内の数字）。対照表は本図に無し。接続線の線種から66 kVと判定,okinawa
cfab3170-038e-43a4-9e32-0e9f19dc2665,30,substation,沖縄電力,okinawa,132,,,,,active,,,okinawa-keitozu-okinawa_all,extracted,2026-08-03,電気所略号（黄色枠内の数字）。対照表は本図に無し。接続線の線種から132/66 kVと判定,okinawa
7a8c21b7-51e2-4319-a779-a51a6c52a07a,31,substation,沖縄電力,okinawa,66,,,,,active,,,okinawa-keitozu-okinawa_all,extracted,2026-08-03,電気所略号（黄色枠内の数字）。対照表は本図に無し。接続線の線種から66 kVと判定,okinawa
2a610bd8-3372-4817-89f7-f0903ea2a54e,32,substation,沖縄電力,okinawa,66,,,,,active,,,okinawa-keitozu-okinawa_all,extracted,2026-08-03,電気所略号（黄色枠内の数字）。対照表は本図に無し。接続線の線種から66 kVと判定,okinawa
2484ecaf-a049-4425-b20a-a2c56ac0999f,33,substation,沖縄電力,okinawa,66,,,,,active,,,okinawa-keitozu-okinawa_all,extracted,2026-08-03,電気所略号（黄色枠内の数字）。対照表は本図に無し。接続線の線種から66 kVと判定,okinawa
0373b1f6-9078-46dd-b312-7812d84e0095,34,substation,沖縄電力,okinawa,132,,,,,active,,,okinawa-keitozu-okinawa_all,extracted,2026-08-03,電気所略号（黄色枠内の数字）。対照表は本図に無し。接続線の線種から132/66 kVと判定,okinawa
fdc287b2-90ad-41e8-96b7-8a5479c29b08,35,substation,沖縄電力,okinawa,,,,,,active,,,okinawa-keitozu-okinawa_all,extracted,2026-08-03,"電気所略号（黄色枠内の数字）。対照表は本図に無し。図上に記号と略号はあるが、本抽出では接続線を確定できず（分岐点を通過する線の途中にある可能性が高い）;uncertain | タップ接入。接入線=(58)(41-34, 66kV)。主図 c#110 站序 36(4.1)/35(11.0)/33(16.2)/34(16.9)。(53)(58)(59)(61) の4回線同走廊で 35 は共用タップ、(58) は最近標籤による帰属",okinawa
b7e689c2-9ad1-44ee-9ffe-0b61b1f2c9a6,36,substation,沖縄電力,okinawa,66,,,,,active,,,okinawa-keitozu-okinawa_all,extracted,2026-08-03,電気所略号（黄色枠内の数字）。対照表は本図に無し。接続線の線種から66 kVと判定,okinawa
b2daca68-606b-4379-98d0-fe6de499f232,37,substation,沖縄電力,okinawa,66,,,,,active,,,okinawa-keitozu-okinawa_all,extracted,2026-08-03,電気所略号（黄色枠内の数字）。対照表は本図に無し。接続線の線種から66 kVと判定,okinawa
c00d90fe-332b-49db-9973-92d8101dff74,38,substation,沖縄電力,okinawa,,,,,,active,,,okinawa-keitozu-okinawa_all,extracted,2026-08-03,電気所略号（黄色枠内の数字）。対照表は本図に無し。図上に記号と略号はあるが、本抽出では接続線を確定できず（分岐点を通過する線の途中にある可能性が高い）;uncertain,okinawa
d7c74336-8ea6-4fb5-93ce-fe93f645c7dc,39,switching_station,沖縄電力,okinawa,132,,,,,active,,,okinawa-keitozu-okinawa_all,extracted,2026-08-03,電気所略号（黄色枠内の数字）。対照表は本図に無し。接続線の線種から132/66 kVと判定,okinawa
59853ee3-64f9-4a71-9400-b74a66775a95,40,substation,沖縄電力,okinawa,132,,,,,active,,,okinawa-keitozu-okinawa_all,extracted,2026-08-03,電気所略号（黄色枠内の数字）。対照表は本図に無し。接続線の線種から132/66 kVと判定,okinawa
2560c701-fff0-40ee-afe2-1885002a14be,41,substation,沖縄電力,okinawa,66,,,,,active,,,okinawa-keitozu-okinawa_all,extracted,2026-08-03,電気所略号（黄色枠内の数字）。対照表は本図に無し。接続線の線種から66 kVと判定,okinawa
797fe74e-f5be-4a30-8575-c09ef4f97e6c,42,substation,沖縄電力,okinawa,66,,,,,active,,,okinawa-keitozu-okinawa_all,extracted,2026-08-03,電気所略号（黄色枠内の数字）。対照表は本図に無し。接続線の線種から66 kVと判定,okinawa
17727459-a54e-4ec8-95ee-34885986cdb3,43,substation,沖縄電力,okinawa,66,,,,,active,,,okinawa-keitozu-okinawa_all,extracted,2026-08-03,電気所略号（黄色枠内の数字）。対照表は本図に無し。接続線の線種から66 kVと判定,okinawa
c5d10023-8285-4536-8dbf-e829fb5f7ef5,44,substation,沖縄電力,okinawa,66,,,,,active,,,okinawa-keitozu-okinawa_all,extracted,2026-08-03,電気所略号（黄色枠内の数字）。対照表は本図に無し。接続線の線種から66 kVと判定,okinawa
6b551126-bc68-4007-bd67-a6adba2765ce,45,substation,沖縄電力,okinawa,66,,,,,active,,,okinawa-keitozu-okinawa_all,extracted,2026-08-03,電気所略号（黄色枠内の数字）。対照表は本図に無し。接続線の線種から66 kVと判定,okinawa
5c7abb86-bb0c-448e-8ded-8fcfdb5f1a9f,46,substation,沖縄電力,okinawa,66,,,,,active,,,okinawa-keitozu-okinawa_all,extracted,2026-08-03,電気所略号（黄色枠内の数字）。対照表は本図に無し。接続線の線種から66 kVと判定,okinawa
f4a85bb0-ad65-413b-9b6d-a1797cb884d8,47,substation,沖縄電力,okinawa,66,,,,,active,,,okinawa-keitozu-okinawa_all,extracted,2026-08-03,電気所略号（黄色枠内の数字）。対照表は本図に無し。接続線の線種から66 kVと判定,okinawa
a153d9d6-a133-4a16-8524-7c56952b6c9c,48,substation,沖縄電力,okinawa,132,,,,,active,,,okinawa-keitozu-okinawa_all,extracted,2026-08-03,電気所略号（黄色枠内の数字）。対照表は本図に無し。接続線の線種から132/66 kVと判定,okinawa
974fbf13-5cd8-4f0c-9ebc-6fa8a8311f72,49,substation,沖縄電力,okinawa,66,,,,,active,,,okinawa-keitozu-okinawa_all,extracted,2026-08-03,電気所略号（黄色枠内の数字）。対照表は本図に無し。接続線の線種から66 kVと判定,okinawa
f2a5c43f-5606-42c0-a244-57e7f6a0c27f,50,substation,沖縄電力,okinawa,132,,,,,active,,,okinawa-keitozu-okinawa_all,extracted,2026-08-03,電気所略号（黄色枠内の数字）。対照表は本図に無し。接続線の線種から132/66 kVと判定,okinawa
3cc5a798-672a-40ca-b34f-c6e49b720518,51,substation,沖縄電力,okinawa,,,,,,active,,,okinawa-keitozu-okinawa_all,extracted,2026-08-03,"電気所略号（黄色枠内の数字）。対照表は本図に無し。図上に記号と略号はあるが、本抽出では接続線を確定できず（分岐点を通過する線の途中にある可能性が高い）;uncertain | タップ接入。接入線=(70)(56-48, 66kV架空)。主図 c#147 站序 56(0.0)/51(17.8)/48(27.4)/47/40/41。(69)(70)(71) の3回線共走廊で (70) は最近標籤による帰属",okinawa
39bf750b-1f8b-4a72-917a-368e247331d4,52,substation,沖縄電力,okinawa,66,,,,,active,,,okinawa-keitozu-okinawa_all,extracted,2026-08-03,電気所略号（黄色枠内の数字）。対照表は本図に無し。接続線の線種から66 kVと判定,okinawa
6888652e-a1ed-4075-b2ad-43d4406e8cd6,53,substation,沖縄電力,okinawa,66,,,,,active,,,okinawa-keitozu-okinawa_all,extracted,2026-08-03,電気所略号（黄色枠内の数字）。対照表は本図に無し。接続線の線種から66 kVと判定,okinawa
1080144d-2342-41b3-9461-49dbbc5b94ab,54,switching_station,沖縄電力,okinawa,132,,,,,active,,,okinawa-keitozu-okinawa_all,extracted,2026-08-03,電気所略号（黄色枠内の数字）。対照表は本図に無し。接続線の線種から132 kVと判定,okinawa
fecd0161-4f16-4de9-9293-b348f8e592f9,55,substation,沖縄電力,okinawa,,,,,,active,,,okinawa-keitozu-okinawa_all,extracted,2026-08-03,"電気所略号（黄色枠内の数字）。対照表は本図に無し。図上に記号と略号はあるが、本抽出では接続線を確定できず（分岐点を通過する線の途中にある可能性が高い）;uncertain | タップ接入。接入線=(12)と(87)(いずれも 54-56, 132kV架空)。主図 c#177 站序 51/54(35.4)/GEN-05(35.6)/55(47.7)/56(59.4) で 55 は 54-56 間。ただし垂距が主図2.43pt・拡大図5.72pt と大きく弱証拠",okinawa
d45d1f2f-0303-4923-a8f0-091244403f6e,56,substation,沖縄電力,okinawa,132,,,,,active,,,okinawa-keitozu-okinawa_all,extracted,2026-08-03,電気所略号（黄色枠内の数字）。対照表は本図に無し。接続線の線種から132/66 kVと判定,okinawa
fa74445e-9af1-411f-b98a-4a3a5980bd22,57,substation,沖縄電力,okinawa,66,,,,,active,,,okinawa-keitozu-okinawa_all,extracted,2026-08-03,電気所略号（黄色枠内の数字）。対照表は本図に無し。接続線の線種から66 kVと判定,okinawa
30187667-20b8-436f-8145-697ccf8fdc70,58,substation,沖縄電力,okinawa,66,,,,,active,,,okinawa-keitozu-okinawa_all,extracted,2026-08-03,電気所略号（黄色枠内の数字）。対照表は本図に無し。接続線の線種から66 kVと判定,okinawa
79a35e00-c3e3-42cb-b22a-bdd3a7ec1526,59,substation,沖縄電力,okinawa,,,,,,active,,,okinawa-keitozu-okinawa_all,extracted,2026-08-03,電気所略号（黄色枠内の数字）。対照表は本図に無し。図上に記号と略号はあるが、本抽出では接続線を確定できず（分岐点を通過する線の途中にある可能性が高い）;uncertain | 無route引用の原因は線(86) の欠落。(86)=58-59 の追加で解消（P-OKI-003）。拡大図 c#52 末端0.86pt / 主図 c#146 末端0.37pt,okinawa
20035827-21ac-47c2-bcc1-f01c8eb20002,60,substation,沖縄電力,okinawa,,,,,,active,,,okinawa-keitozu-okinawa_all,extracted,2026-08-03,電気所略号（黄色枠内の数字）。対照表は本図に無し。図上に記号と略号はあるが、本抽出では接続線を確定できず（分岐点を通過する線の途中にある可能性が高い）;uncertain,okinawa
7a9fc8ce-80be-4c4e-9082-a5f23042a172,61,substation,沖縄電力,okinawa,66,,,,,active,,,okinawa-keitozu-okinawa_all,extracted,2026-08-03,電気所略号（黄色枠内の数字）。対照表は本図に無し。接続線の線種から66 kVと判定,okinawa
9be57449-5687-40df-986e-9a996327f5cd,62,substation,沖縄電力,okinawa,132,,,,,active,,,okinawa-keitozu-okinawa_all,extracted,2026-08-03,電気所略号（黄色枠内の数字）。対照表は本図に無し。接続線の線種から132/66 kVと判定,okinawa
2b97444e-c0db-4aca-8775-d619df08b06b,63,substation,沖縄電力,okinawa,132,,,,,active,,,okinawa-keitozu-okinawa_all,extracted,2026-08-05,電気所略号（黄色枠内の数字）。対照表は本図に無し。接続線の線種から66 kVと判定；voltage_max_kv を 66→132 に訂正。OCCTO 実績が石川幹線1号/2号を 132kV として公表しており、本站がその端点であるため（門3 電圧整合の連鎖修正）。PROVENANCE S29,okinawa
6d905672-793c-419d-86fd-57d163ab5911,64,switching_station,沖縄電力,okinawa,132,,,,,active,,,okinawa-keitozu-okinawa_all,extracted,2026-08-03,電気所略号（黄色枠内の数字）。対照表は本図に無し。接続線の線種から132 kVと判定,okinawa
31bf0a36-5f00-4ebf-a38b-0cb3c5a0d30b,65,substation,沖縄電力,okinawa,66,,,,,active,,,okinawa-keitozu-okinawa_all,extracted,2026-08-03,電気所略号（黄色枠内の数字）。対照表は本図に無し。接続線の線種から66 kVと判定,okinawa
714eab5b-3534-49ef-82c0-debee713f54c,66,substation,沖縄電力,okinawa,132,,,,,active,,,okinawa-keitozu-okinawa_all,extracted,2026-08-03,電気所略号（黄色枠内の数字）。対照表は本図に無し。接続線の線種から132/66 kVと判定,okinawa
3ecd2ae8-d437-4709-aabe-594dbb14b427,67,substation,沖縄電力,okinawa,66,,,,,active,,,okinawa-keitozu-okinawa_all,extracted,2026-08-03,電気所略号（黄色枠内の数字）。対照表は本図に無し。接続線の線種から66 kVと判定,okinawa
dc954863-054c-4875-9bfa-d0d4628348f2,68,substation,沖縄電力,okinawa,66,,,,,active,,,okinawa-keitozu-okinawa_all,extracted,2026-08-03,電気所略号（黄色枠内の数字）。対照表は本図に無し。接続線の線種から66 kVと判定,okinawa
78aa17e0-adbf-4e24-943d-56f7d73b403f,69,substation,沖縄電力,okinawa,66,,,,,active,,,okinawa-keitozu-okinawa_all,extracted,2026-08-03,電気所略号（黄色枠内の数字）。対照表は本図に無し。接続線の線種から66 kVと判定,okinawa
ebca79da-c6fd-418e-aabe-970b2be11fd5,70,substation,沖縄電力,okinawa,66,,,,,active,,,okinawa-keitozu-okinawa_all,extracted,2026-08-03,電気所略号（黄色枠内の数字）。対照表は本図に無し。接続線の線種から66 kVと判定,okinawa
df9885d0-d4ca-4bd0-832a-56d23e7f888f,71,substation,沖縄電力,okinawa,66,,,,,active,,,okinawa-keitozu-okinawa_all,extracted,2026-08-03,電気所略号（黄色枠内の数字）。対照表は本図に無し。接続線の線種から66 kVと判定,okinawa
4ca8749b-f342-4bd5-b885-8107c46b7fca,72,substation,沖縄電力,okinawa,66,,,,,active,,,okinawa-keitozu-okinawa_all,extracted,2026-08-03,電気所略号（黄色枠内の数字）。対照表は本図に無し。接続線の線種から66 kVと判定,okinawa
dc8e22e5-3d9a-40f4-a991-664a8f88872b,74,substation,沖縄電力,okinawa,66,,,,,active,,,okinawa-keitozu-okinawa_all,extracted,2026-08-03,電気所略号（黄色枠内の数字）。対照表は本図に無し。接続線の線種から66 kVと判定,okinawa
2101b6f8-5b34-4c92-89b7-c642c5f34cbf,75,substation,沖縄電力,okinawa,66,,,,,active,,,okinawa-keitozu-okinawa_all,extracted,2026-08-03,電気所略号（黄色枠内の数字）。対照表は本図に無し。接続線の線種から66 kVと判定,okinawa
37ffe127-ebf2-4b3e-b1db-6bc70c752978,76,substation,沖縄電力,okinawa,,,,,,active,,,okinawa-keitozu-okinawa_all,extracted,2026-08-03,電気所略号（黄色枠内の数字）。対照表は本図に無し。図上に記号と略号はあるが、本抽出では接続線を確定できず（分岐点を通過する線の途中にある可能性が高い）;uncertain | タップ接入。主図 c#122 末端が 76 から0.51pt、c#188 端点0.82pt、両鏈の 7pt 内線号はいずれも(103)。ただし(103) の遠端(75 か 79 か)は裁決自身が「推断」と明記＝(103) 本体は user_final_review 保留,okinawa
caf88a31-607d-4747-8374-12d97786c130,77,substation,沖縄電力,okinawa,66,,,,,active,,,okinawa-keitozu-okinawa_all,extracted,2026-08-03,電気所略号（黄色枠内の数字）。対照表は本図に無し。接続線の線種から66 kVと判定,okinawa
5faad957-c490-4f30-b1d6-23dd9fb2eb61,78,substation,沖縄電力,okinawa,,,,,,active,,,okinawa-keitozu-okinawa_all,extracted,2026-08-03,"電気所略号（黄色枠内の数字）。対照表は本図に無し。図上に記号と略号はあるが、本抽出では接続線を確定できず（分岐点を通過する線の途中にある可能性が高い）;uncertain | タップ接入。接入線=(106)と(107)(いずれも 75-79, 66kV架空)。主図 c#118 の一端が 78(0.31pt)、他端(262.45,290.41) が走廊 c#117 の頂点(263.2,291.3) に0.86pt。接入点弧長 約30/52",okinawa
9118bacd-3988-44c9-99ac-ca93bb4a1ba3,79,substation,沖縄電力,okinawa,66,,,,,active,,,okinawa-keitozu-okinawa_all,extracted,2026-08-03,電気所略号（黄色枠内の数字）。対照表は本図に無し。接続線の線種から66 kVと判定,okinawa
9b312dd5-6b87-4f83-a451-f00e3aa1fdbe,82,substation,沖縄電力,okinawa,66,,,,,active,,,okinawa-keitozu-okinawa_all,extracted,2026-08-03,電気所略号（黄色枠内の数字）。対照表は本図に無し。接続線の線種から66 kVと判定,okinawa
a1ff0f3b-fb30-4506-ac54-d4de57a10f73,83,substation,沖縄電力,okinawa,66,,,,,active,,,okinawa-keitozu-okinawa_all,extracted,2026-08-03,電気所略号（黄色枠内の数字）。対照表は本図に無し。接続線の線種から66 kVと判定,okinawa
43256bde-4082-4c72-901f-f838b2e248ec,84,substation,沖縄電力,okinawa,,,,,,active,,,okinawa-keitozu-okinawa_all,extracted,2026-08-03,電気所略号（黄色枠内の数字）。対照表は本図に無し。図上に記号と略号はあるが、本抽出では接続線を確定できず（分岐点を通過する線の途中にある可能性が高い）;uncertain,okinawa
81274a32-d725-4213-b35e-299e59d77570,85,substation,沖縄電力,okinawa,66,,,,,active,,,okinawa-keitozu-okinawa_all,extracted,2026-08-03,電気所略号（黄色枠内の数字）。対照表は本図に無し。接続線の線種から66 kVと判定,okinawa
bd44cc7e-b1bd-4a16-af02-825aacb78df7,87,substation,沖縄電力,okinawa,,,,,,active,,,okinawa-keitozu-okinawa_all,extracted,2026-08-03,電気所略号（黄色枠内の数字）。対照表は本図に無し。図上に記号と略号はあるが、本抽出では接続線を確定できず（分岐点を通過する線の途中にある可能性が高い）;uncertain,okinawa
cc899451-2d10-49c3-bd5f-fa45e4990bea,89,substation,沖縄電力,okinawa,66,,,,,active,,,okinawa-keitozu-okinawa_all,extracted,2026-08-03,電気所略号（黄色枠内の数字）。対照表は本図に無し。接続線の線種から66 kVと判定,okinawa
e3930b9a-c1db-4182-9f00-54793a79ea07,93,substation,沖縄電力,okinawa,66,,,,,active,,,okinawa-keitozu-okinawa_all,extracted,2026-08-03,電気所略号（黄色枠内の数字）。対照表は本図に無し。接続線の線種から66 kVと判定,okinawa
ed5b8a58-c570-4cc6-b140-46743efddad8,GEN-01,other,沖縄電力,okinawa,,,,,,active,,,okinawa-keitozu-okinawa_all,extracted,2026-08-03,発電所記号（凡例:発電所）。略号・名称とも図中に記載なし。GEN-nnは本抽出で付した仮ID。図上に記号と略号はあるが、本抽出では接続線を確定できず（分岐点を通過する線の途中にある可能性が高い）;uncertain;発電所 | 接入点=站66(66kV)。主図 c#131(=route(97)=67-66) の 66 端から GEN-01 矩形境界まで0.96pt、拡大図 c#40 同端2.57pt。矩形が 66 符号に密接し 66 母線引出と判定,okinawa
7c8f9ea5-47d4-44e0-9c3f-df01e3abdcd5,GEN-02,other,沖縄電力,okinawa,,,,,,active,,,okinawa-keitozu-okinawa_all,extracted,2026-08-03,発電所記号（凡例:発電所）。略号・名称とも図中に記載なし。GEN-nnは本抽出で付した仮ID。図上に記号と略号はあるが、本抽出では接続線を確定できず（分岐点を通過する線の途中にある可能性が高い）;uncertain;発電所 | 接入点=站63。主図 c#134(66kV) 起端から矩形境界0.74pt、主図 c#179/c#95(132kV) 起端1.05/1.16pt、拡大図 c#41(線号(88)(89)) 起端2.22pt。63 側は 66kV と 132kV の双方が引出されており電圧別は要再核,okinawa
18ba3445-8b6b-4736-9f52-f1dd94b0123e,GEN-03,other,沖縄電力,okinawa,132,,,,,active,,,okinawa-keitozu-okinawa_all,extracted,2026-08-03,発電所記号（凡例:発電所）。略号・名称とも図中に記載なし。GEN-nnは本抽出で付した仮ID。接続線の線種から132 kVと判定;発電所,okinawa
df61dff0-3e83-4f3e-a35f-770f26ce63bd,GEN-04,other,沖縄電力,okinawa,,,,,,active,,,okinawa-keitozu-okinawa_all,extracted,2026-08-03,"発電所記号（凡例:発電所）。略号・名称とも図中に記載なし。GEN-nnは本抽出で付した仮ID。図上に記号と略号はあるが、本抽出では接続線を確定できず（分岐点を通過する線の途中にある可能性が高い）;uncertain;発電所 | 接入線=(56)と(57)(34-GEN-04, 66kV地中)。拡大図 c#84/c#85/c#200 の3条0.55pt虚線の起端が矩形境界から0.00/0.10/0.68pt。c#84 は引下線/作図重複で線号なし",okinawa
dc319bd9-92b4-4bd9-8dc4-0a4ee75bd523,GEN-05,other,沖縄電力,okinawa,,,,,,active,,,okinawa-keitozu-okinawa_all,extracted,2026-08-03,発電所記号（凡例:発電所）。略号・名称とも図中に記載なし。GEN-nnは本抽出で付した仮ID。図上に記号と略号はあるが、本抽出では接続線を確定できず（分岐点を通過する線の途中にある可能性が高い）;uncertain;発電所 | 接入点=站54(132kV)。主図132kV走廊 c#177 上で 54 が弧長35.4(0.22pt)、GEN-05 境界が35.6(0.55pt)＝同一点。54 は開閉所で発電所が並接,okinawa
4749b25c-692e-458a-bcad-1f534c45e421,GEN-06,other,沖縄電力,okinawa,,,,,,active,,,okinawa-keitozu-okinawa_all,extracted,2026-08-03,発電所記号（凡例:発電所）。略号・名称とも図中に記載なし。GEN-nnは本抽出で付した仮ID。図上に記号と略号はあるが、本抽出では接続線を確定できず（分岐点を通過する線の途中にある可能性が高い）;uncertain;発電所,okinawa
52e35dd7-d18c-4ce0-8cd7-6812135b1a5e,GEN-07,other,沖縄電力,okinawa,66,,,,,active,,,okinawa-keitozu-okinawa_all,extracted,2026-08-03,発電所記号（凡例:発電所）。略号・名称とも図中に記載なし。GEN-nnは本抽出で付した仮ID。接続線の線種から66 kVと判定;発電所,okinawa
54accebb-c0f3-4141-a47c-51f198154dc4,GEN-08,other,沖縄電力,okinawa,66,,,,,active,,,okinawa-keitozu-okinawa_all,extracted,2026-08-03,発電所記号（凡例:発電所）。略号・名称とも図中に記載なし。GEN-nnは本抽出で付した仮ID。接続線の線種から66 kVと判定;発電所,okinawa
b0f05373-cc42-4023-91a2-b9d27b211c2d,U-69,substation,沖縄電力,okinawa,66,,,,,active,,,okinawa-keitozu-okinawa_all,extracted,2026-08-03,変電所記号（○）はあるが黄色枠の略号が無い。U-nnは本抽出で付した仮ID。接続線の線種から66 kVと判定;uncertain,okinawa
3591a1fb-70e4-4daf-8433-d5b37fe8a920,ひむか,other,九州電力送配電,kyushu,500,,,,,active,,,kyushu-keitozu-kyushu_kikan,extracted,2026-08-03,,west60
c389ef35-e6fd-4720-9577-318d838dbecd,中九州,other,九州電力送配電,kyushu,500,,,,,active,,,kyushu-keitozu-kyushu_kikan,extracted,2026-08-03,,west60
e9dbf5a8-5413-4e93-bf48-caa9ed26c1b0,中央,other,九州電力送配電,kyushu,500,,,,,active,,,kyushu-keitozu-kyushu_kikan,extracted,2026-08-03,12中央图是九州 500kV 标注最完整的一张（至豊前/至熊本/至西九州/至脊振 四向）,west60
09a9d654-fe2d-4ddf-9a98-497aa87edb79,北九州,other,九州電力送配電,kyushu,500,,,,,active,,,kyushu-keitozu-kyushu_kikan,extracted,2026-08-03,500kV 关门连系（本州方向）经 04八幡→01門司 向北跨关门海峡，01門司图上该走廊不与めかり变电所相连，只是穿过,west60
540fd7d0-c461-432e-be21-16473ae308a6,南九州,other,九州電力送配電,kyushu,500,,,,,active,,,kyushu-keitozu-kyushu_kikan,extracted,2026-08-03,,west60
4249e180-5f96-4230-a891-ffcec4f6970e,宮崎,other,九州電力送配電,kyushu,500,,,,,active,,,kyushu-keitozu-kyushu_kikan,extracted,2026-08-03,,west60
fc4a455f-a002-43dc-951b-35cee1fb1776,川薩,other,九州電力送配電,kyushu,500,,,,,active,,,kyushu-keitozu-kyushu_kikan,extracted,2026-08-03,27川内图上「川薩」既有開閉所⊗也有相邻无名発電所方框；500kV 南九州—川薩 的对端是该无名発電所（图上无名称文字），此处沿用最近文字「川薩」,west60
91a6132e-4913-456b-8c86-ce6bf078940c,志佐,other,九州電力送配電,kyushu,500,,,,,active,,,kyushu-keitozu-kyushu_kikan,extracted,2026-08-03,19武雄图上 500kV 西九州—志佐 的对端是志佐変電所附近的无名発電所方框（图上无名称文字），沿用最近文字「志佐」,west60
5b5b8151-c277-492c-a349-ada207b42b07,東九州,other,九州電力送配電,kyushu,500,,,,,active,,,kyushu-keitozu-kyushu_kikan,extracted,2026-08-03,,west60
a8932fd2-9a3e-4a02-bc51-c1401c64a3c2,熊本,other,九州電力送配電,kyushu,500,,,,,active,,,kyushu-keitozu-kyushu_kikan,extracted,2026-08-03,22熊本图上熊本变电所北侧有 2 条 w=3.0 的黑线（凡例只定义 4.5=500/2.25=220/1.5=110/0.75=66）。据其与 12中央图「至熊本」500kV 引出的对应关系判为 500kV，若判错则熊本—中央应降为 220kV,west60
d2bdaf95-ce19-4805-a8f4-ffc39624d36e,玄海原子力,other,九州電力送配電,kyushu,500,,,,,active,,,kyushu-keitozu-kyushu_kikan,extracted,2026-08-03,名称来自 10糸島图的引出标注「至玄海原子力」；18唐津图玄海町域有一个无名発電所方框与西九州以 500kV 相连，很可能是同一处，但图上无文字，未合并,west60
fcf09664-b6b2-46d6-a6e2-bdc672bc6d22,背振,other,九州電力送配電,kyushu,500,,,,,active,,,kyushu-keitozu-kyushu_kikan,extracted,2026-08-03,10糸島图上站名写作「背振」；12中央图/13久留米图的引出标注写作「至脊振」，已归一为「背振」,west60
402d56c7-2a6e-4e45-baf1-704f3a724916,苓北,other,九州電力送配電,kyushu,500,,,,,active,,,kyushu-keitozu-kyushu_kikan,extracted,2026-08-03,,west60
a9a875c5-359a-432d-b6e3-b7cbac5d1096,西九州,other,九州電力送配電,kyushu,500,,,,,active,,,kyushu-keitozu-kyushu_kikan,extracted,2026-08-03,,west60
44f83efb-1bbc-4a41-aad8-8e35e4aa3b03,豊前,other,九州電力送配電,kyushu,500,,,,,active,,,kyushu-keitozu-kyushu_kikan,extracted,2026-08-03,,west60
8d306996-b028-4a83-8c28-318e18930677,一ツ瀬,other,九州電力送配電,kyushu,220,,,,,active,,,kyushu-keitozu-kyushu_kikan,extracted,2026-08-03,,west60
94f37850-284f-4333-99fb-993c94d1ade1,三池,other,九州電力送配電,kyushu,220,,,,,active,,,kyushu-keitozu-kyushu_kikan,extracted,2026-08-03,,west60
904c9751-c632-4b33-a64b-c0d2e99c4691,上椎葉,other,九州電力送配電,kyushu,220,,,,,active,,,kyushu-keitozu-kyushu_kikan,extracted,2026-08-03,,west60
00173bac-0eef-4d19-be24-a1eacc885982,上津役,other,九州電力送配電,kyushu,220,,,,,active,,,kyushu-keitozu-kyushu_kikan,extracted,2026-08-03,,west60
1b1fefb8-db54-4f49-bc5d-1a7cbf5ac2a3,久保泉,other,九州電力送配電,kyushu,220,,,,,active,,,kyushu-keitozu-kyushu_kikan,extracted,2026-08-03,,west60
a3f7ebd7-e714-4bb9-a9a4-73848c944f34,久留米,other,九州電力送配電,kyushu,220,,,,,active,,,kyushu-keitozu-kyushu_kikan,extracted,2026-08-03,,west60
90449380-1c38-4d22-bba3-76586a56b0b7,井堀,other,九州電力送配電,kyushu,220,,,,,active,,,kyushu-keitozu-kyushu_kikan,extracted,2026-08-03,,west60
a855e2ac-6d01-41f3-842a-608981ed9794,人吉,other,九州電力送配電,kyushu,220,,,,,active,,,kyushu-keitozu-kyushu_kikan,extracted,2026-08-03,,west60
8ee9988f-93b4-4e47-9432-cc377150ebd4,伊倉,other,九州電力送配電,kyushu,220,,,,,active,,,kyushu-keitozu-kyushu_kikan,extracted,2026-08-03,,west60
1d73b977-5daf-46a0-9382-e2654cf8bfb0,伊都,other,九州電力送配電,kyushu,220,,,,,active,,,kyushu-keitozu-kyushu_kikan,extracted,2026-08-03,,west60
2f4c283d-bd13-43e8-be85-d267ca671969,住吉,other,九州電力送配電,kyushu,220,,,,,active,,,kyushu-keitozu-kyushu_kikan,extracted,2026-08-03,,west60
5becd1e3-6c07-4668-9557-91b3aefd2efc,佐賀,other,九州電力送配電,kyushu,220,,,,,active,,,kyushu-keitozu-kyushu_kikan,extracted,2026-08-03,,west60
0f0052ac-8e22-4470-9929-7e551e81e9a6,八代,other,九州電力送配電,kyushu,220,,,,,active,,,kyushu-keitozu-kyushu_kikan,extracted,2026-08-03,,west60
b44d4b94-800f-4ffd-af05-e2feae9f7590,出水,other,九州電力送配電,kyushu,220,,,,,active,,,kyushu-keitozu-kyushu_kikan,extracted,2026-08-03,,west60
113050db-f01f-4521-9f3a-fa9d25bdd33c,到津,other,九州電力送配電,kyushu,220,,,,,active,,,kyushu-keitozu-kyushu_kikan,extracted,2026-08-03,,west60
3149bc32-66d7-4363-a3cd-708a231f4710,北熊本,other,九州電力送配電,kyushu,220,,,,,active,,,kyushu-keitozu-kyushu_kikan,extracted,2026-08-03,,west60
19cd2c20-b0fb-405e-898e-be5b6476981e,北長崎,other,九州電力送配電,kyushu,220,,,,,active,,,kyushu-keitozu-kyushu_kikan,extracted,2026-08-03,,west60
dcb444b4-33bf-45ea-8fb9-cdd04ed4758e,南原,other,九州電力送配電,kyushu,220,,,,,active,,,kyushu-keitozu-kyushu_kikan,extracted,2026-08-03,,west60
ece8e9ca-4a28-4232-90e8-3e4c194093df,南宮崎,other,九州電力送配電,kyushu,220,,,,,active,,,kyushu-keitozu-kyushu_kikan,extracted,2026-08-03,,west60
dffdc0eb-b78a-47f0-bec2-3855c0cbf13b,南熊本,other,九州電力送配電,kyushu,220,,,,,active,,,kyushu-keitozu-kyushu_kikan,extracted,2026-08-03,,west60
e8bf97be-ba03-48ac-83fc-70575f4eb402,南福岡,other,九州電力送配電,kyushu,220,,,,,active,,,kyushu-keitozu-kyushu_kikan,extracted,2026-08-03,,west60
510fb592-58ae-47cb-b448-e77722e41d75,南苅田,other,九州電力送配電,kyushu,220,,,,,active,,,kyushu-keitozu-kyushu_kikan,extracted,2026-08-03,,west60
38dcac42-821d-4ae4-ac37-a252fc109092,原古賀,other,九州電力送配電,kyushu,220,,,,,active,,,kyushu-keitozu-kyushu_kikan,extracted,2026-08-03,,west60
45842840-67d3-417d-8291-c9a64c0ec4c4,古賀,other,九州電力送配電,kyushu,220,,,,,active,,,kyushu-keitozu-kyushu_kikan,extracted,2026-08-03,,west60
256d0c31-ba5b-41c6-b138-35f0e1211aab,向江,other,九州電力送配電,kyushu,220,,,,,active,,,kyushu-keitozu-kyushu_kikan,extracted,2026-08-03,,west60
2ca2c515-3618-4dcf-a99f-e6f0bf0d9917,唐津,other,九州電力送配電,kyushu,220,,,,,active,,,kyushu-keitozu-kyushu_kikan,extracted,2026-08-03,,west60
13019ca3-4943-4001-8a04-55d60795dc14,堅粕,other,九州電力送配電,kyushu,220,,,,,active,,,kyushu-keitozu-kyushu_kikan,extracted,2026-08-03,,west60
4f7ba6da-76cf-4328-ac03-56223dcc7963,大分,other,九州電力送配電,kyushu,220,,,,,active,,,kyushu-keitozu-kyushu_kikan,extracted,2026-08-03,,west60
66edcf2b-bc82-48a8-a0dd-34827fbcd403,大平,other,九州電力送配電,kyushu,220,,,,,active,,,kyushu-keitozu-kyushu_kikan,extracted,2026-08-03,,west60
7e93dd11-86b2-47b6-9c33-a015fcfb5108,大津,other,九州電力送配電,kyushu,220,,,,,active,,,kyushu-keitozu-kyushu_kikan,extracted,2026-08-03,,west60
e2973459-b5f4-4c84-803c-e6d610e63abd,大田,other,九州電力送配電,kyushu,220,,,,,active,,,kyushu-keitozu-kyushu_kikan,extracted,2026-08-03,,west60
44b9125f-7039-4c77-b42a-b1e945ff43c5,宮原,other,九州電力送配電,kyushu,220,,,,,active,,,kyushu-keitozu-kyushu_kikan,extracted,2026-08-03,,west60
2c7fbf13-4df1-434e-adf8-19b5775fafab,寺浦,other,九州電力送配電,kyushu,220,,,,,active,,,kyushu-keitozu-kyushu_kikan,extracted,2026-08-03,,west60
c2650c40-a1ee-4870-9546-c483578a0eb2,山家,other,九州電力送配電,kyushu,220,,,,,active,,,kyushu-keitozu-kyushu_kikan,extracted,2026-08-03,,west60
91d36989-9fb9-4df4-b054-d093db7fe529,川内,other,九州電力送配電,kyushu,220,,,,,active,,,kyushu-keitozu-kyushu_kikan,extracted,2026-08-03,,west60
1a46cae7-dbd7-4061-b87d-a1494dc1c2e3,川辺,other,九州電力送配電,kyushu,220,,,,,active,,,kyushu-keitozu-kyushu_kikan,extracted,2026-08-03,,west60
16c5726b-837a-4050-8281-c68d851b6fe6,弓削,other,九州電力送配電,kyushu,220,,,,,active,,,kyushu-keitozu-kyushu_kikan,extracted,2026-08-03,,west60
33ff31e0-0daa-49c6-adcb-da7a6d5a5b8a,御館,other,九州電力送配電,kyushu,220,,,,,active,,,kyushu-keitozu-kyushu_kikan,extracted,2026-08-03,,west60
0d569b24-6d54-434a-9d8e-945375c12f09,新大分,other,九州電力送配電,kyushu,220,,,,,active,,,kyushu-keitozu-kyushu_kikan,extracted,2026-08-03,,west60
e4e45084-f5d4-4261-ac3f-17c72e2d9b6e,新日向,other,九州電力送配電,kyushu,220,,,,,active,,,kyushu-keitozu-kyushu_kikan,extracted,2026-08-03,,west60
328293f2-7c1b-447d-9d9d-5678971a4d6e,新鹿児島,other,九州電力送配電,kyushu,220,,,,,active,,,kyushu-keitozu-kyushu_kikan,extracted,2026-08-03,,west60
3ac86374-1ef3-479b-933d-e16df4cb0605,日岡,other,九州電力送配電,kyushu,220,,,,,active,,,kyushu-keitozu-kyushu_kikan,extracted,2026-08-03,,west60
cf44e885-d462-4398-9a8d-391642180ed7,木佐木,other,九州電力送配電,kyushu,220,,,,,active,,,kyushu-keitozu-kyushu_kikan,extracted,2026-08-03,,west60
490c0d23-59cb-483d-af1d-44bd56df626f,東佐世保,other,九州電力送配電,kyushu,220,,,,,active,,,kyushu-keitozu-kyushu_kikan,extracted,2026-08-03,,west60
65c305a5-6b87-4dab-80f8-09175e7e8794,東大分,other,九州電力送配電,kyushu,220,,,,,active,,,kyushu-keitozu-kyushu_kikan,extracted,2026-08-03,,west60
a3e07d35-4967-4215-b1de-467c4edbc1f9,東福岡,other,九州電力送配電,kyushu,220,,,,,active,,,kyushu-keitozu-kyushu_kikan,extracted,2026-08-03,,west60
3954234f-cb20-4534-8511-f20e485ee0be,東豊前,other,九州電力送配電,kyushu,220,,,,,active,,,kyushu-keitozu-kyushu_kikan,extracted,2026-08-03,,west60
a83a4415-58a6-4780-b000-efc7fe6fcf74,松島,other,九州電力送配電,kyushu,220,,,,,active,,,kyushu-keitozu-kyushu_kikan,extracted,2026-08-03,,west60
8240220d-c12d-4cd9-9f41-73a2d5d2f79b,柏田,other,九州電力送配電,kyushu,220,,,,,active,,,kyushu-keitozu-kyushu_kikan,extracted,2026-08-03,,west60
7bb88982-353f-4b12-a65c-cd5db8f50030,槻田,other,九州電力送配電,kyushu,220,,,,,active,,,kyushu-keitozu-kyushu_kikan,extracted,2026-08-03,,west60
e423863c-8726-4ee4-aaea-189cb85e03de,武雄,other,九州電力送配電,kyushu,220,,,,,active,,,kyushu-keitozu-kyushu_kikan,extracted,2026-08-03,,west60
0b0f2890-9f1a-41ed-9dea-a92442bc65f1,海崎,other,九州電力送配電,kyushu,220,,,,,active,,,kyushu-keitozu-kyushu_kikan,extracted,2026-08-03,,west60
187662fe-c1c1-4aa5-9eb6-4ad70ff9115b,港町,other,九州電力送配電,kyushu,66,,,,,active,,,kyushu-keitozu-kyushu_kikan,extracted,2026-08-04,voltage_max_kv 220->66: 原図（小倉地区図）で記号に接する8本すべて w=0.75pt(=66kV)。w=2.25pt(=220kV) の束は脇を通過するのみで未接続（verdict_west 2026-08-04）。66kV は範囲外につき孤立が正しい,west60
b964ad8a-0e50-43c6-8baa-f0a912cf5523,瀬戸,other,九州電力送配電,kyushu,220,,,,,active,,,kyushu-keitozu-kyushu_kikan,extracted,2026-08-03,,west60
dcc4763a-092c-4ae1-bf9e-9f18fae18817,筑豊,other,九州電力送配電,kyushu,220,,,,,active,,,kyushu-keitozu-kyushu_kikan,extracted,2026-08-03,,west60
190bc9b7-fb74-41b1-8d07-15796ee58a84,緑川,other,九州電力送配電,kyushu,220,,,,,active,,,kyushu-keitozu-kyushu_kikan,extracted,2026-08-03,,west60
ec0556b2-4fd9-44e2-b4e4-2355dd77a4a6,苅田,other,九州電力送配電,kyushu,220,,,,,active,,,kyushu-keitozu-kyushu_kikan,extracted,2026-08-03,,west60
b9f7604e-0813-4dec-af0c-233528a757c5,行橋,other,九州電力送配電,kyushu,220,,,,,active,,,kyushu-keitozu-kyushu_kikan,extracted,2026-08-03,,west60
163b43a9-0df3-4c46-9470-9be0920e691f,西佐世保,other,九州電力送配電,kyushu,220,,,,,active,,,kyushu-keitozu-kyushu_kikan,extracted,2026-08-03,,west60
9ed391bc-89ed-450c-91ce-5b64b04beb3e,西大分,other,九州電力送配電,kyushu,220,,,,,active,,,kyushu-keitozu-kyushu_kikan,extracted,2026-08-03,,west60
0305b4e0-7f10-42bf-a122-d1dbf6437be2,西福岡,other,九州電力送配電,kyushu,220,,,,,active,,,kyushu-keitozu-kyushu_kikan,extracted,2026-08-03,,west60
97a08901-b554-4fe2-a068-3b1bad63ef51,西谷,other,九州電力送配電,kyushu,220,,,,,active,,,kyushu-keitozu-kyushu_kikan,extracted,2026-08-03,,west60
9ae5f65d-8b3c-4e66-a94c-00cf02dbd9c4,諫早,other,九州電力送配電,kyushu,220,,,,,active,,,kyushu-keitozu-kyushu_kikan,extracted,2026-08-03,,west60
f129dc40-fa78-47a4-a50a-9f48702f1b37,赤坂,other,九州電力送配電,kyushu,220,,,,,active,,,kyushu-keitozu-kyushu_kikan,extracted,2026-08-03,,west60
567a4dc2-07da-4ca0-86d8-766347423611,速見,other,九州電力送配電,kyushu,220,,,,,active,,,kyushu-keitozu-kyushu_kikan,extracted,2026-08-03,,west60
40d530e1-4337-4e21-97cb-63bffa798fae,都城,other,九州電力送配電,kyushu,220,,,,,active,,,kyushu-keitozu-kyushu_kikan,extracted,2026-08-03,,west60
cd1543e6-00d8-4b9b-8424-1abd36df3a31,長崎,other,九州電力送配電,kyushu,220,,,,,active,,,kyushu-keitozu-kyushu_kikan,extracted,2026-08-03,,west60
d35a3d0c-526e-4e21-a1c5-ce6636df5ab3,門司,other,九州電力送配電,kyushu,220,,,,,active,,,kyushu-keitozu-kyushu_kikan,extracted,2026-08-03,,west60
e2756390-e12e-4a22-9575-8f6a70245075,霧島,other,九州電力送配電,kyushu,220,,,,,active,,,kyushu-keitozu-kyushu_kikan,extracted,2026-08-03,,west60
ceb5788e-855b-408d-b1f5-f73dcb02f190,高野,other,九州電力送配電,kyushu,220,,,,,active,,,kyushu-keitozu-kyushu_kikan,extracted,2026-08-03,,west60
8b645c7c-660b-4fd5-929f-40ccf153c50b,鳥栖,other,九州電力送配電,kyushu,220,,,,,active,,,kyushu-keitozu-kyushu_kikan,extracted,2026-08-03,,west60
9ddd5055-4300-45f4-9591-149b15e03c9b,A,substation,関西電力送配電,kansai,500,,,,,active,,,kansai-keitozu-kansai_kikan154,extracted,2026-08-03,匿名コード（原図が全站匿名。実名は非公開）；同一記号にA/AF の2符号が積み重ねて記載（電圧階級別の呼称と解釈し、上から高電圧順に割当）,west60
b6f35099-07c2-4143-af1c-5a6da5df89c6,B,substation,関西電力送配電,kansai,500,,,,,active,,,kansai-keitozu-kansai_kikan154,extracted,2026-08-03,匿名コード（原図が全站匿名。実名は非公開）；同一記号にB/AK の2符号が積み重ねて記載（電圧階級別の呼称と解釈し、上から高電圧順に割当）,west60
77ba8483-4348-4521-99dc-035fe7173085,C,substation,関西電力送配電,kansai,500,,,,,active,,,kansai-keitozu-kansai_kikan154,extracted,2026-08-03,匿名コード（原図が全站匿名。実名は非公開）；同一記号にC/L の2符号が積み重ねて記載（電圧階級別の呼称と解釈し、上から高電圧順に割当）,west60
e09d9f6e-938e-40a3-94ab-edb939c9b68d,D,substation,関西電力送配電,kansai,500,,,,,active,,,kansai-keitozu-kansai_kikan154,extracted,2026-08-03,匿名コード（原図が全站匿名。実名は非公開）；同一記号にD/AS の2符号が積み重ねて記載（電圧階級別の呼称と解釈し、上から高電圧順に割当）；平常時における母線分割運用箇所（凡例①記号）,west60
3c3e5570-63ee-4374-8706-84bb43fc3e3b,E,substation,関西電力送配電,kansai,500,,,,,active,,,kansai-keitozu-kansai_kikan154,extracted,2026-08-03,匿名コード（原図が全站匿名。実名は非公開）；同一記号にE/AX の2符号が積み重ねて記載（電圧階級別の呼称と解釈し、上から高電圧順に割当）,west60
b3915415-7af2-4634-833a-f8e3099ace12,F,substation,関西電力送配電,kansai,500,,,,,active,,,kansai-keitozu-kansai_kikan154,extracted,2026-08-03,匿名コード（原図が全站匿名。実名は非公開）；同一記号にF/M の2符号が積み重ねて記載（電圧階級別の呼称と解釈し、上から高電圧順に割当）；平常時における母線分割運用箇所（凡例①記号）,west60
a894d93d-12bf-4305-ac03-e93799f58f2d,G,substation,関西電力送配電,kansai,500,,,,,active,,,kansai-keitozu-kansai_kikan154,extracted,2026-08-03,匿名コード（原図が全站匿名。実名は非公開）,west60
01fdf044-cd8b-4f69-bb82-306cbe0bb297,H,substation,関西電力送配電,kansai,500,,,,,active,,,kansai-keitozu-kansai_kikan154,extracted,2026-08-03,匿名コード（原図が全站匿名。実名は非公開）；同一記号にH/O/BK の3符号が積み重ねて記載（電圧階級別の呼称と解釈し、上から高電圧順に割当）,west60
7d13aed5-b050-4b48-860b-1bdbec87c7aa,I,substation,関西電力送配電,kansai,500,,,,,active,,,kansai-keitozu-kansai_kikan154,extracted,2026-08-03,匿名コード（原図が全站匿名。実名は非公開）；同一記号にI/BR の2符号が積み重ねて記載（電圧階級別の呼称と解釈し、上から高電圧順に割当）,west60
def6fad1-a85a-45bb-aeb5-a831f2a59c5f,J,substation,関西電力送配電,kansai,500,,,,,active,,,kansai-keitozu-kansai_kikan154,extracted,2026-08-03,匿名コード（原図が全站匿名。実名は非公開）,west60
588616d9-5fae-4745-b165-46ce2f0db4b9,K,substation,関西電力送配電,kansai,500,,,,,active,,,kansai-keitozu-kansai_kikan154,extracted,2026-08-03,匿名コード（原図が全站匿名。実名は非公開）,west60
c7886323-c801-4fdf-bedc-b86bd1e77380,P,substation,関西電力送配電,kansai,500,,,,,active,,,kansai-keitozu-kansai_kikan154,extracted,2026-08-03,匿名コード（原図が全站匿名。実名は非公開）,west60
b9cd99a8-ce45-471e-b261-4661225d1acc,Q,substation,関西電力送配電,kansai,500,,,,,active,,,kansai-keitozu-kansai_kikan154,extracted,2026-08-03,匿名コード（原図が全站匿名。実名は非公開）,west60
e9851e45-ecdc-4af7-870d-d32ae7bca015,R,substation,関西電力送配電,kansai,500,,,,,active,,,kansai-keitozu-kansai_kikan154,extracted,2026-08-03,匿名コード（原図が全站匿名。実名は非公開）,west60
ca7c2e91-e867-4205-8bab-b146f98679e0,開A,switching_station,関西電力送配電,kansai,500,,,,,active,,,kansai-keitozu-kansai_kikan154,extracted,2026-08-03,匿名コード（原図が全站匿名。実名は非公開）,west60
8a5bfccb-b254-4129-be0e-10fc61885f79,開B,switching_station,関西電力送配電,kansai,500,,,,,active,,,kansai-keitozu-kansai_kikan154,extracted,2026-08-03,匿名コード（原図が全站匿名。実名は非公開）,west60
54bb9e9a-9632-4e52-ba96-2c077fa92438,開C,switching_station,関西電力送配電,kansai,500,,,,,active,,,kansai-keitozu-kansai_kikan154,extracted,2026-08-03,匿名コード（原図が全站匿名。実名は非公開）,west60
11dabf47-c0fd-4b35-b875-438100d2d831,開D,switching_station,関西電力送配電,kansai,500,,,,,active,,,kansai-keitozu-kansai_kikan154,extracted,2026-08-03,匿名コード（原図が全站匿名。実名は非公開）,west60
fbfc6e0b-9647-45d7-9926-1ccd4743179a,開M,switching_station,関西電力送配電,kansai,500,,,,,active,,,kansai-keitozu-kansai_kikan154,extracted,2026-08-03,匿名コード（原図が全站匿名。実名は非公開）,west60
db5d7dbb-c13c-4053-9508-8d5b1d8d53b7,無名p1-2,switching_station,関西電力送配電,kansai,500,,,,,active,,,kansai-keitozu-kansai_kikan154,extracted,2026-08-03,"図上に符号（匿名コード）が付されていないノード。座標(230,664)pt;uncertain",west60
eda080c6-8edb-4060-af87-f4dfbd8d1793,無名p1-3,converter_station,関西電力送配電,kansai,500,,,,,active,,,kansai-keitozu-kansai_kikan154,extracted,2026-08-03,"凡例「変換所」記号（方形＋対向三角）。図上に符号なし；図上に符号（匿名コード）が付されていないノード。座標(316,627)pt;uncertain",west60
e9beaf24-b7dc-4272-b2b9-5a105e9a5e6f,L,substation,関西電力送配電,kansai,275,,,,,active,,,kansai-keitozu-kansai_kikan154,extracted,2026-08-03,匿名コード（原図が全站匿名。実名は非公開）；同一記号にC/L の2符号が積み重ねて記載（電圧階級別の呼称と解釈し、上から高電圧順に割当）,west60
5eaf0386-ec82-4f68-b733-a422cd28f920,M,substation,関西電力送配電,kansai,275,,,,,active,,,kansai-keitozu-kansai_kikan154,extracted,2026-08-03,匿名コード（原図が全站匿名。実名は非公開）；同一記号にF/M の2符号が積み重ねて記載（電圧階級別の呼称と解釈し、上から高電圧順に割当）；平常時における母線分割運用箇所（凡例①記号）,west60
8cdf3195-82b0-4a22-90ae-da82e72d212e,O,substation,関西電力送配電,kansai,275,,,,,active,,,kansai-keitozu-kansai_kikan154,extracted,2026-08-03,匿名コード（原図が全站匿名。実名は非公開）；同一記号にH/O/BK の3符号が積み重ねて記載（電圧階級別の呼称と解釈し、上から高電圧順に割当）,west60
d2516e85-204b-40c2-9e2d-55b65e847a9c,AC,substation,関西電力送配電,kansai,275,,,,,active,,,kansai-keitozu-kansai_kikan154,extracted,2026-08-03,匿名コード（原図が全站匿名。実名は非公開）；同一記号にAC/BC の2符号が積み重ねて記載（電圧階級別の呼称と解釈し、上から高電圧順に割当）,west60
49675a93-5982-4a01-b2d3-7f7bba160999,AD,substation,関西電力送配電,kansai,275,,,,,active,,,kansai-keitozu-kansai_kikan154,extracted,2026-08-03,匿名コード（原図が全站匿名。実名は非公開）；同一記号にAD/BL の2符号が積み重ねて記載（電圧階級別の呼称と解釈し、上から高電圧順に割当）；【大阪湾周辺】別図に記載,west60
de90b20e-324f-4671-b38e-7a63d15506a2,AE,substation,関西電力送配電,kansai,275,,,,,active,,,kansai-keitozu-kansai_kikan154,extracted,2026-08-03,匿名コード（原図が全站匿名。実名は非公開）；平常時における母線分割運用箇所（凡例①記号）,west60
4058d0e9-bbd2-402a-8039-9b16522f877e,AF,substation,関西電力送配電,kansai,275,,,,,active,,,kansai-keitozu-kansai_kikan154,extracted,2026-08-03,匿名コード（原図が全站匿名。実名は非公開）；同一記号にA/AF の2符号が積み重ねて記載（電圧階級別の呼称と解釈し、上から高電圧順に割当）,west60
c93988d9-ec9f-4961-88e0-d491aa026000,AG,substation,関西電力送配電,kansai,275,,,,,active,,,kansai-keitozu-kansai_kikan154,extracted,2026-08-03,匿名コード（原図が全站匿名。実名は非公開）,west60
54314c67-fac2-40e6-9ab8-3a74b3032483,AH,substation,関西電力送配電,kansai,275,,,,,active,,,kansai-keitozu-kansai_kikan154,extracted,2026-08-03,匿名コード（原図が全站匿名。実名は非公開）,west60
422f05be-92d8-48ab-b2e0-482610b2d6c3,AI,substation,関西電力送配電,kansai,275,,,,,active,,,kansai-keitozu-kansai_kikan154,extracted,2026-08-03,匿名コード（原図が全站匿名。実名は非公開）,west60
bc002110-b2b9-4c75-87bd-98cd2636866c,AJ,substation,関西電力送配電,kansai,275,,,,,active,,,kansai-keitozu-kansai_kikan154,extracted,2026-08-03,匿名コード（原図が全站匿名。実名は非公開）；平常時における母線分割運用箇所（凡例①記号）,west60
0c80ac5d-9c85-4e08-92cc-e53ba04d86aa,AK,substation,関西電力送配電,kansai,275,,,,,active,,,kansai-keitozu-kansai_kikan154,extracted,2026-08-03,匿名コード（原図が全站匿名。実名は非公開）；同一記号にB/AK の2符号が積み重ねて記載（電圧階級別の呼称と解釈し、上から高電圧順に割当）,west60
72400a77-83e7-4fe6-8204-e3411e8f45d0,AL,substation,関西電力送配電,kansai,275,,,,,active,,,kansai-keitozu-kansai_kikan154,extracted,2026-08-03,匿名コード（原図が全站匿名。実名は非公開）,west60
221fc1f1-b89b-450e-b19e-1052f878b438,AM,substation,関西電力送配電,kansai,275,,,,,active,,,kansai-keitozu-kansai_kikan154,extracted,2026-08-03,匿名コード（原図が全站匿名。実名は非公開）,west60
92dadf1f-48f2-48f0-9746-38668b8d6406,AN,substation,関西電力送配電,kansai,275,,,,,active,,,kansai-keitozu-kansai_kikan154,extracted,2026-08-03,匿名コード（原図が全站匿名。実名は非公開）,west60
05d56d1b-4ae7-422f-91d2-524235485d9c,AO,substation,関西電力送配電,kansai,275,,,,,active,,,kansai-keitozu-kansai_kikan154,extracted,2026-08-03,匿名コード（原図が全站匿名。実名は非公開）,west60
04a0604d-2bda-4055-9a0b-c5042d31b99c,AP,substation,関西電力送配電,kansai,275,,,,,active,,,kansai-keitozu-kansai_kikan154,extracted,2026-08-03,匿名コード（原図が全站匿名。実名は非公開）,west60
86b6c90a-27dc-4a7b-a093-67133610e557,AQ,substation,関西電力送配電,kansai,275,,,,,active,,,kansai-keitozu-kansai_kikan154,extracted,2026-08-03,匿名コード（原図が全站匿名。実名は非公開）,west60
05a700e3-5ff8-45a8-8dad-68a904e03f69,AR,substation,関西電力送配電,kansai,275,,,,,active,,,kansai-keitozu-kansai_kikan154,extracted,2026-08-03,匿名コード（原図が全站匿名。実名は非公開）,west60
0dd13a67-c4c4-415e-ba73-97cd314825fd,AS,substation,関西電力送配電,kansai,275,,,,,active,,,kansai-keitozu-kansai_kikan154,extracted,2026-08-03,匿名コード（原図が全站匿名。実名は非公開）；同一記号にD/AS の2符号が積み重ねて記載（電圧階級別の呼称と解釈し、上から高電圧順に割当）；平常時における母線分割運用箇所（凡例①記号）,west60
e738d0a7-38d6-4289-9399-5c5df706168a,AU,substation,関西電力送配電,kansai,275,,,,,active,,,kansai-keitozu-kansai_kikan154,extracted,2026-08-03,匿名コード（原図が全站匿名。実名は非公開）,west60
b32f59ff-17e1-4de2-b2c2-a1bde03cd8cf,AV,substation,関西電力送配電,kansai,275,,,,,active,,,kansai-keitozu-kansai_kikan154,extracted,2026-08-03,匿名コード（原図が全站匿名。実名は非公開）,west60
c7c3772a-a52b-4bf6-b8a9-7cb9979bf17c,AW,substation,関西電力送配電,kansai,275,,,,,active,,,kansai-keitozu-kansai_kikan154,extracted,2026-08-03,匿名コード（原図が全站匿名。実名は非公開）,west60
ca13d98b-abd9-4160-b903-520e22a8c51b,AX,substation,関西電力送配電,kansai,275,,,,,active,,,kansai-keitozu-kansai_kikan154,extracted,2026-08-03,匿名コード（原図が全站匿名。実名は非公開）；同一記号にE/AX の2符号が積み重ねて記載（電圧階級別の呼称と解釈し、上から高電圧順に割当）,west60
37507885-cb3b-4e9a-8716-5c6eb79821de,AY,substation,関西電力送配電,kansai,275,,,,,active,,,kansai-keitozu-kansai_kikan154,extracted,2026-08-03,匿名コード（原図が全站匿名。実名は非公開）,west60
98e8d3d1-8447-442d-b2fa-020fa6fbc7fa,BA,substation,関西電力送配電,kansai,275,,,,,active,,,kansai-keitozu-kansai_kikan154,extracted,2026-08-03,匿名コード（原図が全站匿名。実名は非公開）；同一記号にBA/AB/BB の3符号が積み重ねて記載（電圧階級別の呼称と解釈し、上から高電圧順に割当）；符号から記号までの距離6.1pt（密集域のため取り違えの可能性）;uncertain,west60
3563f379-7a95-4f5b-9f81-3a66a8c76eab,BD,substation,関西電力送配電,kansai,275,,,,,active,,,kansai-keitozu-kansai_kikan154,extracted,2026-08-03,匿名コード（原図が全站匿名。実名は非公開）,west60
12e2e5d0-3df8-496f-8196-5d45a39abbbf,BE,substation,関西電力送配電,kansai,275,,,,,active,,,kansai-keitozu-kansai_kikan154,extracted,2026-08-03,匿名コード（原図が全站匿名。実名は非公開）,west60
1f2f8543-3b00-4462-9b97-a3005ca08d64,BF,substation,関西電力送配電,kansai,275,,,,,active,,,kansai-keitozu-kansai_kikan154,extracted,2026-08-03,匿名コード（原図が全站匿名。実名は非公開）；同一記号にBF/N の2符号が積み重ねて記載（電圧階級別の呼称と解釈し、上から高電圧順に割当）,west60
8e2f381f-e7bc-4bf5-a5ef-8a91bc0f88c1,BG,substation,関西電力送配電,kansai,275,,,,,active,,,kansai-keitozu-kansai_kikan154,extracted,2026-08-03,匿名コード（原図が全站匿名。実名は非公開）,west60
13481430-0340-48f8-9dca-66e90dd2f16d,BH,substation,関西電力送配電,kansai,275,,,,,active,,,kansai-keitozu-kansai_kikan154,extracted,2026-08-03,匿名コード（原図が全站匿名。実名は非公開）,west60
7842ea4d-5e9d-4431-b44b-3c7ab34fba25,BI,substation,関西電力送配電,kansai,275,,,,,active,,,kansai-keitozu-kansai_kikan154,extracted,2026-08-03,匿名コード（原図が全站匿名。実名は非公開）,west60
254798ad-10fd-4ab5-9d54-5de595681560,BJ,substation,関西電力送配電,kansai,275,,,,,active,,,kansai-keitozu-kansai_kikan154,extracted,2026-08-03,匿名コード（原図が全站匿名。実名は非公開）,west60
3d7c3a74-d8f0-46e7-88c3-3c977f5e8353,BM,substation,関西電力送配電,kansai,275,,,,,active,,,kansai-keitozu-kansai_kikan154,extracted,2026-08-03,匿名コード（原図が全站匿名。実名は非公開）,west60
e3dc19d0-9525-478c-869c-9c32800bbfd1,BN,substation,関西電力送配電,kansai,275,,,,,active,,,kansai-keitozu-kansai_kikan154,extracted,2026-08-03,匿名コード（原図が全站匿名。実名は非公開）,west60
509f9f3c-45bb-441d-8184-b1f13d51245e,BO,substation,関西電力送配電,kansai,275,,,,,active,,,kansai-keitozu-kansai_kikan154,extracted,2026-08-03,匿名コード（原図が全站匿名。実名は非公開）,west60
8c55c66e-98ab-4538-a51c-2cc2333323d7,BP,substation,関西電力送配電,kansai,275,,,,,active,,,kansai-keitozu-kansai_kikan154,extracted,2026-08-03,匿名コード（原図が全站匿名。実名は非公開）,west60
1f9f2c8d-7f2f-417e-84e7-d744214d6e91,BQ,substation,関西電力送配電,kansai,275,,,,,active,,,kansai-keitozu-kansai_kikan154,extracted,2026-08-03,匿名コード（原図が全站匿名。実名は非公開）,west60
b1541874-6a60-4022-a233-8b3e7ec61e87,BR,substation,関西電力送配電,kansai,275,,,,,active,,,kansai-keitozu-kansai_kikan154,extracted,2026-08-03,匿名コード（原図が全站匿名。実名は非公開）；同一記号にI/BR の2符号が積み重ねて記載（電圧階級別の呼称と解釈し、上から高電圧順に割当）,west60
b962f76a-2cab-4a70-be78-8a9bacbafc22,BS,substation,関西電力送配電,kansai,275,,,,,active,,,kansai-keitozu-kansai_kikan154,extracted,2026-08-03,匿名コード（原図が全站匿名。実名は非公開）,west60
4900193b-aba4-43d9-997f-0c6d3f184215,BT,substation,関西電力送配電,kansai,275,,,,,active,,,kansai-keitozu-kansai_kikan154,extracted,2026-08-03,匿名コード（原図が全站匿名。実名は非公開）,west60
23a3f6bc-436c-4e40-9717-e2ea15096b02,海A,substation,関西電力送配電,kansai,275,,,,,active,,,kansai-keitozu-kansai_kikan154,extracted,2026-08-03,匿名コード（原図が全站匿名。実名は非公開）；符号から記号までの距離6.4pt（密集域のため取り違えの可能性）;uncertain,west60
547c791a-40a7-49f6-8dcd-3c8b7ca74522,海D,substation,関西電力送配電,kansai,275,,,,,active,,,kansai-keitozu-kansai_kikan154,extracted,2026-08-03,匿名コード（原図が全站匿名。実名は非公開）,west60
a60db330-d50a-4e0a-a353-3f72fdd871e7,海E,substation,関西電力送配電,kansai,275,,,,,active,,,kansai-keitozu-kansai_kikan154,extracted,2026-08-03,匿名コード（原図が全站匿名。実名は非公開）,west60
e767d27d-70a6-4540-9dfa-00f09fa40f11,海F,substation,関西電力送配電,kansai,275,,,,,active,,,kansai-keitozu-kansai_kikan154,extracted,2026-08-03,匿名コード（原図が全站匿名。実名は非公開）,west60
e56f4be9-cf61-44bd-a822-b8139388e320,開E,switching_station,関西電力送配電,kansai,275,,,,,active,,,kansai-keitozu-kansai_kikan154,extracted,2026-08-03,匿名コード（原図が全站匿名。実名は非公開）,west60
f58d37c2-a7c9-4739-8b22-3f98e922e8f7,開F,switching_station,関西電力送配電,kansai,275,,,,,active,,,kansai-keitozu-kansai_kikan154,extracted,2026-08-03,匿名コード（原図が全站匿名。実名は非公開）,west60
fe2e6cab-cede-4e1f-896a-2dd33b6f4e4d,開G,switching_station,関西電力送配電,kansai,275,,,,,active,,,kansai-keitozu-kansai_kikan154,extracted,2026-08-03,匿名コード（原図が全站匿名。実名は非公開）,west60
dc9b7031-38ee-4b7e-828b-d878bf38f6a0,開H,switching_station,関西電力送配電,kansai,275,,,,,active,,,kansai-keitozu-kansai_kikan154,extracted,2026-08-03,匿名コード（原図が全站匿名。実名は非公開）,west60
b34bbd4c-16bc-4603-be2c-0c94db0f21b2,開I,switching_station,関西電力送配電,kansai,275,,,,,active,,,kansai-keitozu-kansai_kikan154,extracted,2026-08-03,匿名コード（原図が全站匿名。実名は非公開）,west60
d153b9d6-afca-46e9-99da-37a1a9e96220,開J,switching_station,関西電力送配電,kansai,275,,,,,active,,,kansai-keitozu-kansai_kikan154,extracted,2026-08-03,匿名コード（原図が全站匿名。実名は非公開）,west60
946795c9-3430-4584-bcc7-860f56a5d99e,開K,switching_station,関西電力送配電,kansai,275,,,,,active,,,kansai-keitozu-kansai_kikan154,extracted,2026-08-03,匿名コード（原図が全站匿名。実名は非公開）,west60
a63d8ca4-21d1-4c4a-9c78-4a4070846e2e,開L,switching_station,関西電力送配電,kansai,275,,,,,active,,,kansai-keitozu-kansai_kikan154,extracted,2026-08-03,匿名コード（原図が全站匿名。実名は非公開）,west60
e7cf145f-7721-4b77-8f12-5e85d8698c83,開N,switching_station,関西電力送配電,kansai,275,,,,,active,,,kansai-keitozu-kansai_kikan154,extracted,2026-08-03,匿名コード（原図が全站匿名。実名は非公開）,west60
3785fd5f-4094-428e-bf9a-098057ca4136,開O,switching_station,関西電力送配電,kansai,275,,,,,active,,,kansai-keitozu-kansai_kikan154,extracted,2026-08-03,匿名コード（原図が全站匿名。実名は非公開）,west60
562e42fa-ffe9-49cc-b495-10c11e38e027,開P,switching_station,関西電力送配電,kansai,275,,,,,active,,,kansai-keitozu-kansai_kikan154,extracted,2026-08-03,匿名コード（原図が全站匿名。実名は非公開）,west60
eb3a974d-edef-437c-b8f6-daab6451e986,開Q,switching_station,関西電力送配電,kansai,275,,,,,active,,,kansai-keitozu-kansai_kikan154,extracted,2026-08-03,匿名コード（原図が全站匿名。実名は非公開）,west60
1077f684-44f7-4be0-a249-e41f19d2ffef,開R,switching_station,関西電力送配電,kansai,275,,,,,active,,,kansai-keitozu-kansai_kikan154,extracted,2026-08-03,匿名コード（原図が全站匿名。実名は非公開）,west60
c912c803-1c4e-42e0-97c0-c58102c6a88b,開S,switching_station,関西電力送配電,kansai,275,,,,,active,,,kansai-keitozu-kansai_kikan154,extracted,2026-08-03,匿名コード（原図が全站匿名。実名は非公開）,west60
d8735565-e0f6-4eca-acb4-432b80bf7e36,陸D,substation,関西電力送配電,kansai,275,,,,,active,,,kansai-keitozu-kansai_kikan154,extracted,2026-08-03,匿名コード（原図が全站匿名。実名は非公開）；平常時における母線分割運用箇所（凡例①記号）,west60
470353c5-2b6c-4a42-8753-2389d5f62712,陸F,substation,関西電力送配電,kansai,275,,,,,active,,,kansai-keitozu-kansai_kikan154,extracted,2026-08-03,匿名コード（原図が全站匿名。実名は非公開）,west60
8e50b15b-d8ed-49b1-9635-fc7c3589feea,無名p1-1,substation,関西電力送配電,kansai,275,,,,,active,,,kansai-keitozu-kansai_kikan154,extracted,2026-08-03,"図上に符号（匿名コード）が付されていないノード。座標(275,466)pt；平常時における母線分割運用箇所（凡例①記号）;uncertain",west60
992942d5-8a7f-4183-af25-d32ab478fb8e,無名p2-2,substation,関西電力送配電,kansai,275,,,,,active,,,kansai-keitozu-kansai_kikan154,extracted,2026-08-03,"図上に符号（匿名コード）が付されていないノード。座標(222,352)pt;uncertain",west60
b4cae6ac-bae7-48b6-bfcb-907516f19bce,N,substation,関西電力送配電,kansai,154,,,,,active,,,kansai-keitozu-kansai_kikan154,extracted,2026-08-03,匿名コード（原図が全站匿名。実名は非公開）；同一記号にBF/N の2符号が積み重ねて記載（電圧階級別の呼称と解釈し、上から高電圧順に割当）,west60
07586997-a55d-40f2-82ed-2c66d83290dc,AA,substation,関西電力送配電,kansai,154,,,,,active,,,kansai-keitozu-kansai_kikan154,extracted,2026-08-03,匿名コード（原図が全站匿名。実名は非公開）；同一記号にAA/CD の2符号が積み重ねて記載（電圧階級別の呼称と解釈し、上から高電圧順に割当）,west60
442d9534-fde5-4bac-a49f-8c9aadcaf4f4,AB,substation,関西電力送配電,kansai,154,,,,,active,,,kansai-keitozu-kansai_kikan154,extracted,2026-08-03,匿名コード（原図が全站匿名。実名は非公開）；同一記号にBA/AB/BB の3符号が積み重ねて記載（電圧階級別の呼称と解釈し、上から高電圧順に割当）,west60
470e019d-fb4d-44e0-b034-1b18b6f1aba9,AT,substation,関西電力送配電,kansai,154,,,,,active,,,kansai-keitozu-kansai_kikan154,extracted,2026-08-03,匿名コード（原図が全站匿名。実名は非公開）；同一記号にAT/CA の2符号が積み重ねて記載（電圧階級別の呼称と解釈し、上から高電圧順に割当）,west60
4469fd48-8db1-4931-9eaa-68c97b100459,BB,substation,関西電力送配電,kansai,154,,,,,active,,,kansai-keitozu-kansai_kikan154,extracted,2026-08-03,匿名コード（原図が全站匿名。実名は非公開）；同一記号にBA/AB/BB の3符号が積み重ねて記載（電圧階級別の呼称と解釈し、上から高電圧順に割当）,west60
005b88f9-6db0-4df8-a9cc-5d1defc9d082,BC,substation,関西電力送配電,kansai,154,,,,,active,,,kansai-keitozu-kansai_kikan154,extracted,2026-08-03,匿名コード（原図が全站匿名。実名は非公開）；同一記号にAC/BC の2符号が積み重ねて記載（電圧階級別の呼称と解釈し、上から高電圧順に割当）,west60
3b1916ed-a7fa-4e5f-b258-f8e724ac262b,BK,substation,関西電力送配電,kansai,154,,,,,active,,,kansai-keitozu-kansai_kikan154,extracted,2026-08-03,匿名コード（原図が全站匿名。実名は非公開）；同一記号にH/O/BK の3符号が積み重ねて記載（電圧階級別の呼称と解釈し、上から高電圧順に割当）,west60
de49f704-2860-4df2-98d9-7e51aedfbc8b,BL,substation,関西電力送配電,kansai,154,,,,,active,,,kansai-keitozu-kansai_kikan154,extracted,2026-08-03,匿名コード（原図が全站匿名。実名は非公開）；同一記号にAD/BL の2符号が積み重ねて記載（電圧階級別の呼称と解釈し、上から高電圧順に割当）；【大阪湾周辺】別図に記載；符号から記号までの距離6.1pt（密集域のため取り違えの可能性）;uncertain,west60
471f8ec3-0d4e-4064-852a-9db987178956,CA,substation,関西電力送配電,kansai,154,,,,,active,,,kansai-keitozu-kansai_kikan154,extracted,2026-08-03,匿名コード（原図が全站匿名。実名は非公開）；同一記号にAT/CA の2符号が積み重ねて記載（電圧階級別の呼称と解釈し、上から高電圧順に割当）,west60
8ea9fcc7-81cd-472e-a9f0-7593b204f755,CB,substation,関西電力送配電,kansai,154,,,,,active,,,kansai-keitozu-kansai_kikan154,extracted,2026-08-03,匿名コード（原図が全站匿名。実名は非公開）,west60
ac134b15-151a-465b-958b-ad5e0892ae8e,CC,substation,関西電力送配電,kansai,154,,,,,active,,,kansai-keitozu-kansai_kikan154,extracted,2026-08-03,匿名コード（原図が全站匿名。実名は非公開）,west60
3d607798-baaa-4ef9-b65f-e617492ea329,CD,substation,関西電力送配電,kansai,154,,,,,active,,,kansai-keitozu-kansai_kikan154,extracted,2026-08-03,匿名コード（原図が全站匿名。実名は非公開）；同一記号にAA/CD の2符号が積み重ねて記載（電圧階級別の呼称と解釈し、上から高電圧順に割当）,west60
bae00fab-b191-421f-81b9-d58874089835,CE,substation,関西電力送配電,kansai,154,,,,,active,,,kansai-keitozu-kansai_kikan154,extracted,2026-08-03,匿名コード（原図が全站匿名。実名は非公開）,west60
3111020c-41b1-43fb-b29e-eb18aaec017d,CF,substation,関西電力送配電,kansai,154,,,,,active,,,kansai-keitozu-kansai_kikan154,extracted,2026-08-03,匿名コード（原図が全站匿名。実名は非公開）；同一記号にCF/CG の2符号が積み重ねて記載（電圧階級別の呼称と解釈し、上から高電圧順に割当）,west60
73fa8086-0f09-44dd-ab3d-1040ba5ef4bf,CG,substation,関西電力送配電,kansai,154,,,,,active,,,kansai-keitozu-kansai_kikan154,extracted,2026-08-03,匿名コード（原図が全站匿名。実名は非公開）；同一記号にCF/CG の2符号が積み重ねて記載（電圧階級別の呼称と解釈し、上から高電圧順に割当）,west60
ab318df4-8a8d-45f1-b592-2aca28c30555,CH,substation,関西電力送配電,kansai,154,,,,,active,,,kansai-keitozu-kansai_kikan154,extracted,2026-08-03,匿名コード（原図が全站匿名。実名は非公開）,west60
6d6ada50-1c4d-4abb-9a9d-2018bdb656d7,CI,substation,関西電力送配電,kansai,154,,,,,active,,,kansai-keitozu-kansai_kikan154,extracted,2026-08-03,匿名コード（原図が全站匿名。実名は非公開）,west60
71367a59-50fc-40c0-a434-8e6f4ec8de42,CJ,substation,関西電力送配電,kansai,154,,,,,active,,,kansai-keitozu-kansai_kikan154,extracted,2026-08-03,匿名コード（原図が全站匿名。実名は非公開）,west60
0b0d98e4-23d4-41e0-911b-f1b06530ca95,CK,substation,関西電力送配電,kansai,154,,,,,active,,,kansai-keitozu-kansai_kikan154,extracted,2026-08-03,匿名コード（原図が全站匿名。実名は非公開）,west60
32e0fa1b-0881-4fb3-9293-0677b007711b,CL,substation,関西電力送配電,kansai,154,,,,,active,,,kansai-keitozu-kansai_kikan154,extracted,2026-08-03,匿名コード（原図が全站匿名。実名は非公開）,west60
7466472c-b618-423d-b543-d5b57a0a186d,CM,substation,関西電力送配電,kansai,154,,,,,active,,,kansai-keitozu-kansai_kikan154,extracted,2026-08-03,匿名コード（原図が全站匿名。実名は非公開）,west60
4d93c6ee-6a46-426b-b24e-6d5a737b80af,CN,substation,関西電力送配電,kansai,154,,,,,active,,,kansai-keitozu-kansai_kikan154,extracted,2026-08-03,匿名コード（原図が全站匿名。実名は非公開）,west60
e7605a44-a345-4941-b4df-d1211272def6,CO,substation,関西電力送配電,kansai,154,,,,,active,,,kansai-keitozu-kansai_kikan154,extracted,2026-08-03,匿名コード（原図が全站匿名。実名は非公開）,west60
18f82faa-bfa0-41b3-8225-af4de05da041,CP,substation,関西電力送配電,kansai,154,,,,,active,,,kansai-keitozu-kansai_kikan154,extracted,2026-08-03,匿名コード（原図が全站匿名。実名は非公開）,west60
303de30c-3529-4526-b0d8-f58ae5e1cdf5,CQ,substation,関西電力送配電,kansai,154,,,,,active,,,kansai-keitozu-kansai_kikan154,extracted,2026-08-03,匿名コード（原図が全站匿名。実名は非公開）；【大阪湾周辺】別図に記載,west60
de3d63ad-1db4-4270-b582-9fc7ceae0f50,CR,substation,関西電力送配電,kansai,154,,,,,active,,,kansai-keitozu-kansai_kikan154,extracted,2026-08-05,匿名コード（原図が全站匿名。実名は非公開）；同一記号に CR/DR の2符号が積み重ねて記載（旧記述の DQ/CR は誤り。DQ は別記号の単独ラベル）（電圧階級別の呼称と解釈し、上から高電圧順に割当）；【大阪湾周辺】別図に記載,west60
9faff1ed-3e71-4ff2-8c85-35efb8cc12da,CS,substation,関西電力送配電,kansai,154,,,,,active,,,kansai-keitozu-kansai_kikan154,extracted,2026-08-03,匿名コード（原図が全站匿名。実名は非公開）；【大阪湾周辺】別図に記載,west60
9eeca2c9-e419-4736-8900-2d6cc6140fc8,CT,substation,関西電力送配電,kansai,154,,,,,active,,,kansai-keitozu-kansai_kikan154,extracted,2026-08-03,匿名コード（原図が全站匿名。実名は非公開）；【大阪湾周辺】別図に記載,west60
1d2e618a-4c46-4b8e-8ef9-381f4c4929e7,CU,substation,関西電力送配電,kansai,154,,,,,active,,,kansai-keitozu-kansai_kikan154,extracted,2026-08-03,匿名コード（原図が全站匿名。実名は非公開）；【大阪湾周辺】別図に記載,west60
40c898a0-f6fc-4acb-9075-8785678d3843,CV,substation,関西電力送配電,kansai,154,,,,,active,,,kansai-keitozu-kansai_kikan154,extracted,2026-08-03,匿名コード（原図が全站匿名。実名は非公開）；【大阪湾周辺】別図に記載,west60
fb34c773-291c-4de8-a791-f12155788f30,CW,substation,関西電力送配電,kansai,154,,,,,active,,,kansai-keitozu-kansai_kikan154,extracted,2026-08-03,匿名コード（原図が全站匿名。実名は非公開）；平常時における母線分割運用箇所（凡例①記号）；【大阪湾周辺】別図に記載,west60
fcb480de-7fbd-4d50-8912-f22682e7b58c,CX,substation,関西電力送配電,kansai,154,,,,,active,,,kansai-keitozu-kansai_kikan154,extracted,2026-08-03,匿名コード（原図が全站匿名。実名は非公開）,west60
8ca41ff9-d8f1-4d94-a13d-a920ab540c3e,CY,substation,関西電力送配電,kansai,154,,,,,active,,,kansai-keitozu-kansai_kikan154,extracted,2026-08-03,匿名コード（原図が全站匿名。実名は非公開）；【大阪湾周辺】別図に記載,west60
2f01a50e-394c-45e3-a1d6-9fb14b91d28f,CZ,substation,関西電力送配電,kansai,154,,,,,active,,,kansai-keitozu-kansai_kikan154,extracted,2026-08-03,匿名コード（原図が全站匿名。実名は非公開）,west60
58df4675-ead4-4448-9ced-89fbca9fc6a3,DA,substation,関西電力送配電,kansai,154,,,,,active,,,kansai-keitozu-kansai_kikan154,extracted,2026-08-03,匿名コード（原図が全站匿名。実名は非公開）；【大阪湾周辺】別図に記載,west60
e587cfe3-cf5e-427a-b4c7-b683c5d67492,DB,substation,関西電力送配電,kansai,154,,,,,active,,,kansai-keitozu-kansai_kikan154,extracted,2026-08-03,匿名コード（原図が全站匿名。実名は非公開）；【大阪湾周辺】別図に記載,west60
410ee04b-b033-46ef-a394-875106f6764a,DC,substation,関西電力送配電,kansai,154,,,,,active,,,kansai-keitozu-kansai_kikan154,extracted,2026-08-03,匿名コード（原図が全站匿名。実名は非公開）；【大阪湾周辺】別図に記載,west60
6af8f215-7b3c-4aae-a1f1-53a8bd850819,DD,substation,関西電力送配電,kansai,154,,,,,active,,,kansai-keitozu-kansai_kikan154,extracted,2026-08-03,匿名コード（原図が全站匿名。実名は非公開）；【大阪湾周辺】別図に記載,west60
88d9dea6-51d0-4b0e-89fc-c2ed892b6d4e,DE,substation,関西電力送配電,kansai,154,,,,,active,,,kansai-keitozu-kansai_kikan154,extracted,2026-08-03,匿名コード（原図が全站匿名。実名は非公開）；【大阪湾周辺】別図に記載,west60
94ffe985-6aa1-4c1f-a106-f088ae829548,DF,substation,関西電力送配電,kansai,154,,,,,active,,,kansai-keitozu-kansai_kikan154,extracted,2026-08-03,匿名コード（原図が全站匿名。実名は非公開）；【大阪湾周辺】別図に記載,west60
bd718036-c4ce-4fe1-be55-1e68ab44b501,DG,substation,関西電力送配電,kansai,154,,,,,active,,,kansai-keitozu-kansai_kikan154,extracted,2026-08-03,匿名コード（原図が全站匿名。実名は非公開）；平常時における母線分割運用箇所（凡例①記号）；【大阪湾周辺】別図に記載；符号から記号までの距離7.5pt（密集域のため取り違えの可能性）;uncertain,west60
afb040eb-064d-4dc4-82fb-0e0f49eba46c,DH,substation,関西電力送配電,kansai,154,,,,,active,,,kansai-keitozu-kansai_kikan154,extracted,2026-08-03,匿名コード（原図が全站匿名。実名は非公開）；平常時における母線分割運用箇所（凡例①記号）；【大阪湾周辺】別図に記載；符号から記号までの距離6.4pt（密集域のため取り違えの可能性）;uncertain,west60
db17419e-08f7-4a80-ac32-c772e7f7b100,DI,substation,関西電力送配電,kansai,154,,,,,active,,,kansai-keitozu-kansai_kikan154,extracted,2026-08-03,匿名コード（原図が全站匿名。実名は非公開）；【大阪湾周辺】別図に記載,west60
5e0f7653-8aa7-4b70-9190-70bb6291332a,DJ,substation,関西電力送配電,kansai,154,,,,,active,,,kansai-keitozu-kansai_kikan154,extracted,2026-08-03,匿名コード（原図が全站匿名。実名は非公開）,west60
cf31b8d8-faa8-4771-9613-75cd802b9e1e,DK,substation,関西電力送配電,kansai,154,,,,,active,,,kansai-keitozu-kansai_kikan154,extracted,2026-08-03,匿名コード（原図が全站匿名。実名は非公開）,west60
305eaecb-7a8a-4c73-b4ca-2f02b720a79a,DL,substation,関西電力送配電,kansai,154,,,,,active,,,kansai-keitozu-kansai_kikan154,extracted,2026-08-03,匿名コード（原図が全站匿名。実名は非公開）,west60
9b8eabf3-2210-4eec-a520-8dd771718012,DM,substation,関西電力送配電,kansai,154,,,,,active,,,kansai-keitozu-kansai_kikan154,extracted,2026-08-03,匿名コード（原図が全站匿名。実名は非公開）；【大阪湾周辺】別図に記載,west60
28cdc3e5-216b-4d3f-b769-74d6089213a7,DN,substation,関西電力送配電,kansai,154,,,,,active,,,kansai-keitozu-kansai_kikan154,extracted,2026-08-03,匿名コード（原図が全站匿名。実名は非公開）,west60
fd984461-f77e-4b1b-bed1-4e598b66f0c8,DO,substation,関西電力送配電,kansai,154,,,,,active,,,kansai-keitozu-kansai_kikan154,extracted,2026-08-03,匿名コード（原図が全站匿名。実名は非公開）,west60
86ff90d4-8343-4468-924b-9b13526fd502,DQ,substation,関西電力送配電,kansai,154,,,,,active,,,kansai-keitozu-kansai_kikan154,extracted,2026-08-05,"匿名コード（原図が全站匿名。実名は非公開）；単独ラベル（記号 group381 円心 99.60,100.44）。以前『同一記号にDQ/CR の積層』としていたのは誤りで、積層しているのは CR/DR；【大阪湾周辺】別図に記載",west60
9c01b2cb-333f-4246-a6d2-32265149ffd5,DR,substation,関西電力送配電,kansai,154,,,,,active,,,kansai-keitozu-kansai_kikan154,extracted,2026-08-03,匿名コード（原図が全站匿名。実名は非公開）；【大阪湾周辺】別図に記載,west60
c5f6a9ce-9675-427f-a7a7-109514a87a21,DU,substation,関西電力送配電,kansai,154,,,,,active,,,kansai-keitozu-kansai_kikan154,extracted,2026-08-03,匿名コード（原図が全站匿名。実名は非公開）；【大阪湾周辺】別図に記載；符号から記号までの距離6.5pt（密集域のため取り違えの可能性）;uncertain,west60
09fc97fe-6b80-4425-bab8-761328f97116,DV,substation,関西電力送配電,kansai,154,,,,,active,,,kansai-keitozu-kansai_kikan154,extracted,2026-08-03,匿名コード（原図が全站匿名。実名は非公開）；【大阪湾周辺】別図に記載,west60
691be5d4-0917-43b8-b9f0-58abdf0f464b,DW,substation,関西電力送配電,kansai,154,,,,,active,,,kansai-keitozu-kansai_kikan154,extracted,2026-08-03,匿名コード（原図が全站匿名。実名は非公開）；【大阪湾周辺】別図に記載；符号から記号までの距離6.6pt（密集域のため取り違えの可能性）;uncertain,west60
33683439-a49c-4253-b191-8356c295b6e7,EA,substation,関西電力送配電,kansai,187,,,,,active,,,kansai-keitozu-kansai_kikan154,inferred,2026-08-05,匿名コード（原図が全站匿名。実名は非公開）；西淡（変）と同一設備＝松帆西路変電所（187kV）と同定：淡路島南西部で島内唯一の記号・線番87 が四国方向へ流出・アフィン推定位置が AJG 松帆西路変電所から 2.3km・松帆西路は南あわじ市＝旧西淡町域・四国図が鳴門から『関西エリア西淡(変)』へ矢印。電圧を 154→187 に訂正（関西図の凡例に 187kV 階級が無く 154kV 級の記号で描かれていた）,west60
600ea2c6-cf24-4596-a260-88ed816a518a,開T,switching_station,関西電力送配電,kansai,154,,,,,active,,,kansai-keitozu-kansai_kikan154,extracted,2026-08-03,匿名コード（原図が全站匿名。実名は非公開）,west60
97a3ad70-c949-439f-8fe2-110ad09a2495,開U,switching_station,関西電力送配電,kansai,154,,,,,active,,,kansai-keitozu-kansai_kikan154,extracted,2026-08-03,匿名コード（原図が全站匿名。実名は非公開）,west60
068fe9d8-c1be-4ac7-94d9-f374ce97612f,開V,switching_station,関西電力送配電,kansai,154,,,,,active,,,kansai-keitozu-kansai_kikan154,extracted,2026-08-03,匿名コード（原図が全站匿名。実名は非公開）,west60
322f6d21-7079-475c-9c79-bd0e4e234f73,開W,switching_station,関西電力送配電,kansai,154,,,,,active,,,kansai-keitozu-kansai_kikan154,extracted,2026-08-03,匿名コード（原図が全站匿名。実名は非公開）,west60
1c5346c8-6c9b-489b-97a7-64c72f7a1d12,陸A,substation,関西電力送配電,kansai,154,,,,,active,,,kansai-keitozu-kansai_kikan154,extracted,2026-08-03,匿名コード（原図が全站匿名。実名は非公開）,west60
c5c7ee69-8ed0-430f-8646-b57484f8597c,陸B,substation,関西電力送配電,kansai,154,,,,,active,,,kansai-keitozu-kansai_kikan154,extracted,2026-08-03,匿名コード（原図が全站匿名。実名は非公開）,west60
91c8a225-c1ec-4d30-8c96-4d30b99bd04e,陸C,substation,関西電力送配電,kansai,154,,,,,active,,,kansai-keitozu-kansai_kikan154,extracted,2026-08-03,匿名コード（原図が全站匿名。実名は非公開）,west60
aee867ae-79ca-43cf-9381-ddb62546cb4e,陸E,substation,関西電力送配電,kansai,154,,,,,active,,,kansai-keitozu-kansai_kikan154,extracted,2026-08-03,匿名コード（原図が全站匿名。実名は非公開）,west60
5ead9435-6874-48f0-b4f3-02699051cdb5,陸J,substation,関西電力送配電,kansai,154,,,,,active,,,kansai-keitozu-kansai_kikan154,extracted,2026-08-03,匿名コード（原図が全站匿名。実名は非公開）,west60
28f7df6c-4447-446b-892d-2aeb5e50c1d8,無名p2-1,substation,関西電力送配電,kansai,154,,,,,active,,,kansai-keitozu-kansai_kikan154,extracted,2026-08-03,"図上に符号（匿名コード）が付されていないノード。座標(372,220)pt;uncertain",west60
b19ba743-1684-45f8-8536-105b3953c1e1,__P01,other,東北電力ネットワーク,tohoku,154,,,,,active,,,tohoku-keitozu-tohoku_kikan,extracted,2026-08-03,"図上に名称・発電所番号の記載なし；図上座標 (639,585)；凡例「発電所（シミュレーション精度向上のための情報提供あり）」＝白枠;発電所",east50
515f1eb2-487a-4644-aa09-49ae522a113a,6J04(260015),other,東北電力ネットワーク,tohoku,154,,,,,active,,,tohoku-keitozu-tohoku_kikan,extracted,2026-08-03,凡例「発電所（シミュレーション精度向上のための情報提供あり）」＝白枠;発電所,east50
49a986ca-0aaa-4f07-aa35-5cd7d1e54405,6J03(160004),other,東北電力ネットワーク,tohoku,275,,,,,active,,,tohoku-keitozu-tohoku_kikan,extracted,2026-08-03,凡例「発電所（シミュレーション精度向上のための情報提供あり）」＝白枠;発電所,east50
6b21cbac-edc5-4b41-b340-2b966113975c,(270022),other,東北電力ネットワーク,tohoku,154,,,,,active,,,tohoku-keitozu-tohoku_kikan,extracted,2026-08-03,凡例「発電所（シミュレーション精度向上のための情報提供あり）」＝白枠;発電所,east50
e3fb18e2-2b9e-4529-9593-0f1ea4369d7f,(260013),other,東北電力ネットワーク,tohoku,154,,,,,active,,,tohoku-keitozu-tohoku_kikan,extracted,2026-08-03,凡例「発電所（シミュレーション精度向上のための情報提供あり）」＝白枠;発電所,east50
2bf35e10-af49-4004-aff3-8704b9541a96,(270003),other,東北電力ネットワーク,tohoku,154,,,,,active,,,tohoku-keitozu-tohoku_kikan,extracted,2026-08-03,凡例「発電所（シミュレーション精度向上のための情報提供あり）」＝白枠;発電所,east50
232aa77a-2f30-4302-9806-25ea41936afa,(260006),other,東北電力ネットワーク,tohoku,154,,,,,active,,,tohoku-keitozu-tohoku_kikan,extracted,2026-08-03,凡例「発電所（シミュレーション精度向上のための情報提供あり）」＝白枠;発電所,east50
d5395273-2532-4f3e-9bc2-97b7edb0804f,__X01,other,東北電力ネットワーク,tohoku,154,,,,,active,,,tohoku-keitozu-tohoku_kikan,extracted,2026-08-03,"他社；他社設備は本図では名称非表示；図上座標 (634,1065)",east50
4b4d9ad0-3a64-46cd-bfdf-2bc7be568879,__X02,other,東北電力ネットワーク,tohoku,154,,,,,active,,,tohoku-keitozu-tohoku_kikan,extracted,2026-08-03,"他社；他社設備は本図では名称非表示；図上座標 (619,1049)",east50
3af9382b-24af-44eb-9951-8e2d096a93e5,__X03,other,東北電力ネットワーク,tohoku,154,,,,,active,,,tohoku-keitozu-tohoku_kikan,extracted,2026-08-03,"他社；他社設備は本図では名称非表示；図上座標 (613,1040)",east50
ca27a0a7-6fbd-4df8-bdd3-6761a7c4c741,会津,substation,東北電力ネットワーク,tohoku,154,,,,,active,,,tohoku-keitozu-tohoku_kikan,extracted,2026-08-03,,east50
0042b02a-eb79-4fea-891e-0fe8d8ebed86,本名,substation,東北電力ネットワーク,tohoku,275,,,,,active,,,tohoku-keitozu-tohoku_kikan,extracted,2026-08-03,本体図と拡大図に重複描画（同名で統合、2箇所）,east50
2fe87164-8eda-4b48-b0d9-8bb26fac957b,新潟,substation,東北電力ネットワーク,tohoku,275,,,,,active,,,tohoku-keitozu-tohoku_kikan,extracted,2026-08-03,本体図と拡大図に重複描画（同名で統合、3箇所）,east50
7b500727-6eb2-4ae9-9cb3-0b84d8fe0a89,6H01(260007,other,東北電力ネットワーク,tohoku,154,,,,,active,,,tohoku-keitozu-tohoku_kikan,extracted,2026-08-03,凡例「発電所（シミュレーション精度向上のための情報提供あり）」＝白枠;発電所,east50
869c9549-c96c-4809-bb20-bc80d7b9d9f7,__P02,other,東北電力ネットワーク,tohoku,154,98c763bc-bd61-4eae-9d2b-1a110a36c74c,,,,merged,,2026-08-05,tohoku-keitozu-tohoku_kikan,extracted,2026-08-05,"図上に名称・発電所番号の記載なし；図上座標 (480,1025)；凡例「発電所（シミュレーション精度向上のための情報提供あり）」＝白枠;発電所；重複描画のため『717(270020)』へ統合（tohoku-keitozu-kikan-202402.pdf p1）。PROVENANCE S22",east50
2e6ae58f-8307-45ff-9a95-60b6cfb0b025,6J05(270023),other,東北電力ネットワーク,tohoku,154,,,,,active,,,tohoku-keitozu-tohoku_kikan,extracted,2026-08-03,凡例「発電所（シミュレーション精度向上のための情報提供あり）」＝白枠;発電所,east50
d3a9538d-cc6f-42f6-b7f4-77e8c11b72fc,(260003),other,東北電力ネットワーク,tohoku,154,,,,,active,,,tohoku-keitozu-tohoku_kikan,extracted,2026-08-03,凡例「発電所（シミュレーション精度向上のための情報提供あり）」＝白枠;発電所,east50
a67d2147-4a82-44de-b8e0-f1120394f0fa,__X04,other,東北電力ネットワーク,tohoku,275,,,,,active,,,tohoku-keitozu-tohoku_kikan,extracted,2026-08-03,"他社；他社設備は本図では名称非表示；図上座標 (654,626)",east50
0fa07a69-3940-4860-a09f-1bbdd572671d,__X05,other,東北電力ネットワーク,tohoku,275,,,,,active,,,tohoku-keitozu-tohoku_kikan,extracted,2026-08-03,"他社；他社設備は本図では名称非表示；図上座標 (688,518)",east50
876fbbce-cc65-49eb-94f2-019947a05f17,__X06,other,東北電力ネットワーク,tohoku,275,,,,,active,,,tohoku-keitozu-tohoku_kikan,extracted,2026-08-03,"他社；他社設備は本図では名称非表示；図上座標 (371,962)",east50
48963975-bf80-427e-80ad-eddfa61ff008,__X07,other,東北電力ネットワーク,tohoku,154,,,,,active,,,tohoku-keitozu-tohoku_kikan,extracted,2026-08-03,"他社；他社設備は本図では名称非表示；図上座標 (671,427)",east50
88f81293-491f-480d-bd50-afd3ff58b6a5,__X08,other,東北電力ネットワーク,tohoku,154,,,,,active,,,tohoku-keitozu-tohoku_kikan,extracted,2026-08-03,"他社；他社設備は本図では名称非表示；図上座標 (491,449)",east50
4c6b296c-bbb3-4d10-8fa2-38489942c05d,__X10,other,東北電力ネットワーク,tohoku,154,,,,,active,,,tohoku-keitozu-tohoku_kikan,extracted,2026-08-03,"他社；他社設備は本図では名称非表示；図上座標 (466,614)",east50
3f6415f4-0078-4a5b-89a5-a07d4d4ac92f,__X12,other,東北電力ネットワーク,tohoku,154,,,,,active,,,tohoku-keitozu-tohoku_kikan,extracted,2026-08-03,"他社；他社設備は本図では名称非表示；図上座標 (696,690)",east50
8e1d64e2-7945-4fda-b442-e63e050a12c1,__X13,other,東北電力ネットワーク,tohoku,154,,,,,active,,,tohoku-keitozu-tohoku_kikan,extracted,2026-08-03,"他社；他社設備は本図では名称非表示；図上座標 (332,915)",east50
846c2a7c-1153-4bbb-8e5d-82e9e26e1254,__X14,other,東北電力ネットワーク,tohoku,,,,,,active,,,tohoku-keitozu-tohoku_kikan,extracted,2026-08-03,"他社；他社設備は本図では名称非表示；図上座標 (610,494)；接続線を追跡できず（図上で近接する記号: [(-3.5, '(220018)')]）",east50
f56c0500-757b-456c-b8c0-dfb01cddcbe3,置賜,substation,東北電力ネットワーク,tohoku,154,,,,,active,,,tohoku-keitozu-tohoku_kikan,extracted,2026-08-03,,east50
1e5a3b9c-cf16-40dd-a68f-06f9faf5ce47,(270024),other,東北電力ネットワーク,tohoku,154,,,,,active,,,tohoku-keitozu-tohoku_kikan,extracted,2026-08-03,凡例「発電所（シミュレーション精度向上のための情報提供あり）」＝白枠;発電所,east50
680b9e94-24a3-4462-9099-a7f7e2e0f52d,(130004),other,東北電力ネットワーク,tohoku,275,,,,,active,,,tohoku-keitozu-tohoku_kikan,extracted,2026-08-03,凡例「発電所（シミュレーション精度向上のための情報提供あり）」＝白枠;発電所,east50
473e1061-37dc-459a-bce9-fc2dd5fb0c26,__S01,substation,東北電力ネットワーク,tohoku,,95f70c10-137e-4e54-8b9a-c77d0c99b75e,,,,merged,,2026-08-03,tohoku-keitozu-tohoku_kikan,extracted,2026-08-03,"名称の記載を確認できず；図上座標 (468,641)；接続線を追跡できず（図上で近接する記号: [(-6.5, '庄内')]）",east50
166ff97c-2796-4091-9ed5-e705a9c1b375,510(250007),other,東北電力ネットワーク,tohoku,154,,,,,active,,,tohoku-keitozu-tohoku_kikan,extracted,2026-08-03,凡例「発電所（シミュレーション精度向上のための情報提供あり）」＝白枠;発電所,east50
e758be7a-7d29-4896-b07d-8cb48ca51028,(250005),other,東北電力ネットワーク,tohoku,154,,,,,active,,,tohoku-keitozu-tohoku_kikan,extracted,2026-08-03,凡例「発電所（シミュレーション精度向上のための情報提供あり）」＝白枠;発電所,east50
8ff3c221-9e7f-4e55-9c6f-8110c10cdf0f,__P09,other,東北電力ネットワーク,tohoku,154,,,,,active,,,tohoku-keitozu-tohoku_kikan,extracted,2026-08-03,"図上に名称・発電所番号の記載なし；図上座標 (440,926)；凡例「発電所（シミュレーション精度向上のための情報提供あり）」＝白枠;発電所",east50
03dfdf2a-b031-4345-8170-ab47da73538e,__P12,other,東北電力ネットワーク,tohoku,154,,,,,active,,,tohoku-keitozu-tohoku_kikan,extracted,2026-08-03,"図上に名称・発電所番号の記載なし；図上座標 (450,852)；凡例「発電所（シミュレーション精度向上のための情報提供あり）」＝白枠;発電所",east50
697f29a6-f3cf-40b3-9967-016b3ef1f3a6,__P13,other,東北電力ネットワーク,tohoku,275,,,,,active,,,tohoku-keitozu-tohoku_kikan,extracted,2026-08-03,"図上に名称・発電所番号の記載なし；図上座標 (410,789)；凡例「発電所（シミュレーション精度向上のための情報提供あり）」＝白枠;発電所",east50
fdad2382-0049-45c3-ba9b-2e7b11a6ad7a,石巻,substation,東北電力ネットワーク,tohoku,275,,,,,active,,,tohoku-keitozu-tohoku_kikan,extracted,2026-08-03,,east50
e3db8a5f-b7d0-469e-bdc9-0c01918be90c,西石巻,substation,東北電力ネットワーク,tohoku,154,,,,,active,,,tohoku-keitozu-tohoku_kikan,extracted,2026-08-03,,east50
97c65aa2-a253-4206-ac2c-b885144d4981,__X17,other,東北電力ネットワーク,tohoku,275,,,,,active,,,tohoku-keitozu-tohoku_kikan,extracted,2026-08-03,"他社；他社設備は本図では名称非表示；図上座標 (662,451)",east50
991c9b84-622a-4c7c-98ef-e81b852ec450,(140002),other,東北電力ネットワーク,tohoku,275,,,,,active,,,tohoku-keitozu-tohoku_kikan,extracted,2026-08-03,凡例「発電所（シミュレーション精度向上のための情報提供あり）」＝白枠;発電所,east50
28f40dda-f3ff-4342-9916-fe147c9adae5,(210013),other,東北電力ネットワーク,tohoku,154,,,,,active,,,tohoku-keitozu-tohoku_kikan,extracted,2026-08-03,凡例「発電所（シミュレーション精度向上のための情報提供あり）」＝白枠;発電所,east50
95361b00-b573-49df-a81e-988a7898c2d7,南八戸,substation,東北電力ネットワーク,tohoku,154,,,,,active,,,tohoku-keitozu-tohoku_kikan,extracted,2026-08-03,,east50
2124ef3f-1d9f-4a1c-af31-27feacf2ef75,北岩手,substation,東北電力ネットワーク,tohoku,154,,,,,active,,,tohoku-keitozu-tohoku_kikan,extracted,2026-08-03,,east50
aebde89d-524a-4265-ad59-bf4ceb552d73,宮古,substation,東北電力ネットワーク,tohoku,154,,,,,active,,,tohoku-keitozu-tohoku_kikan,extracted,2026-08-03,,east50
1cb8946b-0127-44f8-96dd-feef5a58af5a,金ヶ崎,substation,東北電力ネットワーク,tohoku,154,,,,,active,,,tohoku-keitozu-tohoku_kikan,extracted,2026-08-03,,east50
fc6b9d32-6ad9-44ee-9520-8fcfe166072d,__S04,substation,東北電力ネットワーク,tohoku,154,,,,,active,,,tohoku-keitozu-tohoku_kikan,extracted,2026-08-03,"名称の記載を確認できず；図上座標 (624,754)",east50
99477e1c-e6df-4f1e-b5a9-82a86ca62176,東白石,substation,東北電力ネットワーク,tohoku,154,,,,,active,,,tohoku-keitozu-tohoku_kikan,extracted,2026-08-03,,east50
dcc4f5d2-61fb-4727-9540-e83003fc567c,南津軽,substation,東北電力ネットワーク,tohoku,154,,,,,active,,,tohoku-keitozu-tohoku_kikan,extracted,2026-08-03,,east50
b4b61766-1d9b-41f1-97a4-3a3771ef67a1,五戸,substation,東北電力ネットワーク,tohoku,275,,,,,active,,,tohoku-keitozu-tohoku_kikan,extracted,2026-08-03,,east50
8a835ad2-d3c8-4e04-9c0b-2bdc2ce5ca74,能代,substation,東北電力ネットワーク,tohoku,275,,,,,active,,,tohoku-keitozu-tohoku_kikan,extracted,2026-08-03,,east50
4ac2e9f7-af61-402a-8b9c-3eaed56d0538,水沢,substation,東北電力ネットワーク,tohoku,275,,,,,active,,,tohoku-keitozu-tohoku_kikan,extracted,2026-08-03,,east50
358c6eb7-969e-4491-a91f-1fa34da71a9c,一関,substation,東北電力ネットワーク,tohoku,154,,,,,active,,,tohoku-keitozu-tohoku_kikan,extracted,2026-08-03,,east50
f56efc39-10e0-4d16-9d8c-a742ba2d0d66,気仙沼,substation,東北電力ネットワーク,tohoku,154,,,,,active,,,tohoku-keitozu-tohoku_kikan,extracted,2026-08-03,,east50
baa5b5bd-bf7f-4a6b-9643-bf4090fd4a14,八戸,substation,東北電力ネットワーク,tohoku,154,,,,,active,,,tohoku-keitozu-tohoku_kikan,extracted,2026-08-03,,east50
129adad5-8392-4665-8fe1-a5af8d3d95a9,雫石,switching_station,東北電力ネットワーク,tohoku,275,,,,,active,,,tohoku-keitozu-tohoku_kikan,extracted,2026-08-03,開閉所記号（○に×）,east50
8e2ae6a7-8a21-4529-a422-99c637806d13,大崎,substation,東北電力ネットワーク,tohoku,154,,,,,active,,,tohoku-keitozu-tohoku_kikan,extracted,2026-08-03,,east50
54e4793c-ec18-4255-810d-4d71c75f1a1a,宮城中央,substation,東北電力ネットワーク,tohoku,500,,,,,active,,,tohoku-keitozu-tohoku_kikan,extracted,2026-08-03,,east50
7b4d7479-b5f9-4213-aefb-5c6b0c94e0da,西村山,substation,東北電力ネットワーク,tohoku,154,,,,,active,,,tohoku-keitozu-tohoku_kikan,extracted,2026-08-03,,east50
dd150df8-c1c2-47ac-8eea-66284d8fe704,御所野,substation,東北電力ネットワーク,tohoku,154,,,,,active,,,tohoku-keitozu-tohoku_kikan,extracted,2026-08-03,,east50
f0489d18-a968-49dd-b082-9dd516b7e70d,由利,substation,東北電力ネットワーク,tohoku,154,,,,,active,,,tohoku-keitozu-tohoku_kikan,extracted,2026-08-03,,east50
95f70c10-137e-4e54-8b9a-c77d0c99b75e,庄内,substation,東北電力ネットワーク,tohoku,154,,,,,active,,,tohoku-keitozu-tohoku_kikan,extracted,2026-08-03,,east50
5a6cfd65-b3bc-44a1-8ab5-f8d1f7017b0a,__S05,substation,東北電力ネットワーク,tohoku,275,8f9f8959-f033-4a36-9cb4-447e74a98cf0,,,,merged,,2026-08-05,tohoku-keitozu-tohoku_kikan,extracted,2026-08-05,"名称の記載を確認できず；図上座標 (427,799)；重複描画のため『北新潟』へ統合（tohoku-keitozu-kikan-202402.pdf p1）。PROVENANCE S22",east50
76bd7727-c520-40f5-8e23-c4b1ada5002c,東福島,substation,東北電力ネットワーク,tohoku,275,,,,,active,,,tohoku-keitozu-tohoku_kikan,extracted,2026-08-03,,east50
42fcae4c-8c5e-4c33-951e-1e00a0de46f2,坂町,substation,東北電力ネットワーク,tohoku,154,,,,,active,,,tohoku-keitozu-tohoku_kikan,extracted,2026-08-03,,east50
1d810b42-a6ae-4e7c-8a16-d8fcb39d47c2,東山形,substation,東北電力ネットワーク,tohoku,154,,,,,active,,,tohoku-keitozu-tohoku_kikan,extracted,2026-08-03,,east50
b2fea909-8f67-4d7c-b442-38c5a6f95369,西福島,substation,東北電力ネットワーク,tohoku,154,,,,,active,,,tohoku-keitozu-tohoku_kikan,extracted,2026-08-03,,east50
b48d0da4-c110-4105-8cc7-2a733568e418,日和田,substation,東北電力ネットワーク,tohoku,154,,,,,active,,,tohoku-keitozu-tohoku_kikan,extracted,2026-08-03,,east50
09ef7c7f-76be-4095-a425-e5db64601796,泉崎,substation,東北電力ネットワーク,tohoku,154,,,,,active,,,tohoku-keitozu-tohoku_kikan,extracted,2026-08-03,,east50
7539d9fb-c96d-4086-9db6-fcf20194e0ea,平,substation,東北電力ネットワーク,tohoku,154,,,,,active,,,tohoku-keitozu-tohoku_kikan,extracted,2026-08-03,,east50
0dee3ea9-02dd-4d87-81df-7915cd21c461,__S08,substation,東北電力ネットワーク,tohoku,154,,,,,active,,,tohoku-keitozu-tohoku_kikan,extracted,2026-08-03,"名称の記載を確認できず；図上座標 (350,861)",east50
70e2b612-45cf-4f43-a283-500208dfd26d,長岡,substation,東北電力ネットワーク,tohoku,154,,,,,active,,,tohoku-keitozu-tohoku_kikan,extracted,2026-08-03,,east50
0c9fcd50-3e94-4a6b-91c2-241a6b9816e6,南長岡,substation,東北電力ネットワーク,tohoku,154,,,,,active,,,tohoku-keitozu-tohoku_kikan,extracted,2026-08-03,,east50
d5baad20-d17d-4b44-a2e3-5b3ba4961fc7,刈羽,substation,東北電力ネットワーク,tohoku,154,,,,,active,,,tohoku-keitozu-tohoku_kikan,extracted,2026-08-03,,east50
36ace863-2e10-44fd-bab4-abefe75e0b50,南魚沼,substation,東北電力ネットワーク,tohoku,154,,,,,active,,,tohoku-keitozu-tohoku_kikan,extracted,2026-08-03,,east50
04a0dc60-80ca-4a48-83ed-2693e5e2bdb7,上越,substation,東北電力ネットワーク,tohoku,154,,,,,active,,,tohoku-keitozu-tohoku_kikan,extracted,2026-08-03,,east50
caff0a77-4f5b-4c3e-bdce-7674764951d5,大所,substation,東北電力ネットワーク,tohoku,154,,,,,active,,,tohoku-keitozu-tohoku_kikan,extracted,2026-08-03,,east50
4d4b5195-5b77-4b31-be32-6a9d05466a75,山形,substation,東北電力ネットワーク,tohoku,154,,,,,active,,,tohoku-keitozu-tohoku_kikan,extracted,2026-08-03,,east50
36cc034e-c501-4fc1-a5de-0a35253c8332,__X18,other,東北電力ネットワーク,tohoku,154,,,,,active,,,tohoku-keitozu-tohoku_kikan,extracted,2026-08-03,"他社；他社設備は本図では名称非表示；図上座標 (488,776)",east50
ca25956b-194e-43f8-acfa-7bf53e276971,__X19,other,東北電力ネットワーク,tohoku,154,,,,,active,,,tohoku-keitozu-tohoku_kikan,extracted,2026-08-03,"他社；他社設備は本図では名称非表示；図上座標 (488,767)",east50
7cdf5a66-651d-47a7-bdc6-bd873cbb6577,__X20,other,東北電力ネットワーク,tohoku,,ef9293de-9dc0-4550-83cb-18626f14bdcf,,,,merged,,2026-08-03,tohoku-keitozu-tohoku_kikan,extracted,2026-08-03,"他社；他社設備は本図では名称非表示；図上座標 (361,1016)；接続線を追跡できず（図上で近接する記号: なし）",east50
93a0ae82-5c5d-4583-aa60-14895de4058b,(270008),other,東北電力ネットワーク,tohoku,154,,,,,active,,,tohoku-keitozu-tohoku_kikan,extracted,2026-08-03,凡例「発電所（シミュレーション精度向上のための情報提供あり）」＝白枠;発電所,east50
5679e2be-2c77-4dbd-969b-e773fc36bf9d,(270002),other,東北電力ネットワーク,tohoku,154,,,,,active,,,tohoku-keitozu-tohoku_kikan,extracted,2026-08-03,凡例「発電所（シミュレーション精度向上のための情報提供あり）」＝白枠;発電所,east50
21fe517e-e436-4ced-9b69-bba45322157c,西上越,switching_station,東北電力ネットワーク,tohoku,154,,,,,active,,,tohoku-keitozu-tohoku_kikan,extracted,2026-08-03,開閉所記号（○に×）,east50
3e14ddfa-df71-4a5e-9620-52c9674b82bd,__X21,other,東北電力ネットワーク,tohoku,,,,,,active,,,tohoku-keitozu-tohoku_kikan,extracted,2026-08-03,"他社；他社設備は本図では名称非表示；図上座標 (187,1033)；接続線を追跡できず（図上で近接する記号: [(0.2, '石曽根')]）",east50
65b4f3eb-27a6-4b08-b0e0-e05e795c12fd,(270012),other,東北電力ネットワーク,tohoku,154,,,,,active,,,tohoku-keitozu-tohoku_kikan,extracted,2026-08-03,凡例「発電所（シミュレーション精度向上のための情報提供あり）」＝白枠;発電所,east50
be034ce8-bc24-4fd6-a824-713dcbd0b4c4,石曽根,switching_station,東北電力ネットワーク,tohoku,154,,,,,active,,,tohoku-keitozu-tohoku_kikan,extracted,2026-08-03,開閉所記号（○に×）,east50
ac7ae9f1-dac7-44f7-96f0-7709bdaecb9b,__X23,other,東北電力ネットワーク,tohoku,154,,,,,active,,,tohoku-keitozu-tohoku_kikan,extracted,2026-08-03,"他社；他社設備は本図では名称非表示；図上座標 (786,497)",east50
c19cb168-4a16-4eea-9229-4b765d8bed55,大船渡,substation,東北電力ネットワーク,tohoku,154,,,,,active,,,tohoku-keitozu-tohoku_kikan,extracted,2026-08-03,,east50
1eb89bb4-6be6-4848-8ac0-9a58cb1f7014,__X24,other,東北電力ネットワーク,tohoku,154,,,,,active,,,tohoku-keitozu-tohoku_kikan,extracted,2026-08-03,"他社；他社設備は本図では名称非表示；図上座標 (662,244)",east50
d8bce168-776e-4221-97bd-f71db65e4454,魚沼,substation,東北電力ネットワーク,tohoku,154,,,,,active,,,tohoku-keitozu-tohoku_kikan,extracted,2026-08-03,,east50
1cf4b9bd-3602-4d6d-a149-3e3fe895c01d,__X25,other,東北電力ネットワーク,tohoku,154,,,,,active,,,tohoku-keitozu-tohoku_kikan,extracted,2026-08-03,"他社；他社設備は本図では名称非表示；図上座標 (354,871)",east50
058d511f-0380-454e-bca6-295b8a631138,(220009),other,東北電力ネットワーク,tohoku,154,,,,,active,,,tohoku-keitozu-tohoku_kikan,extracted,2026-08-03,凡例「発電所（シミュレーション精度向上のための情報提供あり）」＝白枠;発電所,east50
6971e49a-3922-4f2e-bf45-f5174b9a44e1,__S10,substation,東北電力ネットワーク,tohoku,154,,,,,active,,,tohoku-keitozu-tohoku_kikan,extracted,2026-08-03,"名称の記載を確認できず；図上座標 (526,874)",east50
3160e5d7-90c6-4fed-8967-33e384e7d53d,米沢,substation,東北電力ネットワーク,tohoku,275,,,,,active,,,tohoku-keitozu-tohoku_kikan,extracted,2026-08-03,,east50
1c1313c6-dbe2-443d-a3bf-2b1c13ef384c,大仙,substation,東北電力ネットワーク,tohoku,154,,,,,active,,,tohoku-keitozu-tohoku_kikan,extracted,2026-08-03,,east50
cc2cb553-e059-4b6f-8728-35967c2c1be4,__S11,substation,東北電力ネットワーク,tohoku,154,,,,,active,,,tohoku-keitozu-tohoku_kikan,extracted,2026-08-03,"名称の記載を確認できず；図上座標 (370,886)",east50
53627c85-1c88-44d5-ad69-217ce192c8c4,大館,substation,東北電力ネットワーク,tohoku,154,,,,,active,,,tohoku-keitozu-tohoku_kikan,extracted,2026-08-03,,east50
4b240e49-50e8-47f1-829e-f0383be26552,羽後,substation,東北電力ネットワーク,tohoku,275,,,,,active,,,tohoku-keitozu-tohoku_kikan,extracted,2026-08-03,,east50
89fba482-fd42-493d-85e9-b3a55e5d5998,__X26,other,東北電力ネットワーク,tohoku,275,,,,,active,,,tohoku-keitozu-tohoku_kikan,extracted,2026-08-03,"他社；他社設備は本図では名称非表示；図上座標 (518,157)",east50
f8ff64eb-18d0-48f0-bf6d-153229555adf,__X27,other,東北電力ネットワーク,tohoku,275,,,,,active,,,tohoku-keitozu-tohoku_kikan,extracted,2026-08-03,"他社；他社設備は本図では名称非表示；図上座標 (612,230)",east50
5ffa9afc-475d-4222-b4ad-27a942b8d8ce,__X28,other,東北電力ネットワーク,tohoku,154,,,,,active,,,tohoku-keitozu-tohoku_kikan,extracted,2026-08-03,"他社；他社設備は本図では名称非表示；図上座標 (539,327)",east50
f2a24b94-336f-4215-a97d-ec7f20dfae07,__X31,other,東北電力ネットワーク,tohoku,275,,,,,active,,,tohoku-keitozu-tohoku_kikan,extracted,2026-08-03,"他社；他社設備は本図では名称非表示；図上座標 (518,180)",east50
c36121bf-044e-45db-8869-de1c3561c1cd,新庄,substation,東北電力ネットワーク,tohoku,275,,,,,active,,,tohoku-keitozu-tohoku_kikan,extracted,2026-08-03,,east50
27bfabb8-6cf7-4355-986d-0e36f7c92cd7,__X32,other,東北電力ネットワーク,tohoku,154,,,,,active,,,tohoku-keitozu-tohoku_kikan,extracted,2026-08-03,"他社；他社設備は本図では名称非表示；図上座標 (508,527)",east50
9832b879-8321-494a-ae9a-07df3a05f3ea,__X33,other,東北電力ネットワーク,tohoku,154,,,,,active,,,tohoku-keitozu-tohoku_kikan,extracted,2026-08-03,"他社；他社設備は本図では名称非表示；図上座標 (656,490)",east50
a3af830e-18ac-4ad1-8440-2d463aacfdbf,(220008),other,東北電力ネットワーク,tohoku,154,,,,,active,,,tohoku-keitozu-tohoku_kikan,extracted,2026-08-03,凡例「発電所（シミュレーション精度向上のための情報提供あり）」＝白枠;発電所,east50
5a037351-b9b5-41ab-8abd-b49deeb9116a,(230005),other,東北電力ネットワーク,tohoku,154,,,,,active,,,tohoku-keitozu-tohoku_kikan,extracted,2026-08-03,凡例「発電所（シミュレーション精度向上のための情報提供あり）」＝白枠;発電所,east50
be34dbad-3807-4b0c-89d9-cea722501758,(220010),other,東北電力ネットワーク,tohoku,154,,,,,active,,,tohoku-keitozu-tohoku_kikan,extracted,2026-08-03,凡例「発電所（シミュレーション精度向上のための情報提供あり）」＝白枠;発電所,east50
ebdfeaa4-9415-40a3-b634-0000294f372b,(220012),other,東北電力ネットワーク,tohoku,154,,,,,active,,,tohoku-keitozu-tohoku_kikan,extracted,2026-08-03,凡例「発電所（シミュレーション精度向上のための情報提供あり）」＝白枠;発電所,east50
6a982431-11f2-4a20-bf9e-c759f5453502,(220022),other,東北電力ネットワーク,tohoku,154,,,,,active,,,tohoku-keitozu-tohoku_kikan,extracted,2026-08-03,凡例「発電所（シミュレーション精度向上のための情報提供あり）」＝白枠;発電所,east50
b6d834ae-3e34-4950-9812-5da5fef5f83f,(230009),other,東北電力ネットワーク,tohoku,154,,,,,active,,,tohoku-keitozu-tohoku_kikan,extracted,2026-08-03,凡例「発電所（上記以外）」＝水色枠;発電所,east50
2fd0b634-3745-4d66-98b1-2517e1a8a1b1,__X34,other,東北電力ネットワーク,tohoku,154,,,,,active,,,tohoku-keitozu-tohoku_kikan,extracted,2026-08-03,"他社；他社設備は本図では名称非表示；図上座標 (580,467)",east50
d34fa96d-183b-4766-a407-e035da2d8f7f,__X35,other,東北電力ネットワーク,tohoku,275,,,,,active,,,tohoku-keitozu-tohoku_kikan,extracted,2026-08-03,"他社；他社設備は本図では名称非表示；図上座標 (566,573)",east50
64b5feb5-0c83-428a-8553-a2a272690f4d,駒ヶ嶺,substation,東北電力ネットワーク,tohoku,154,,,,,active,,,tohoku-keitozu-tohoku_kikan,extracted,2026-08-03,,east50
641c895f-fdc4-4393-bd17-b1e33f5e04ad,新地,substation,東北電力ネットワーク,tohoku,154,,,,,active,,,tohoku-keitozu-tohoku_kikan,extracted,2026-08-03,,east50
a6acb41f-11ec-44c9-9a0a-0dc631034917,(250002),other,東北電力ネットワーク,tohoku,154,,,,,active,,,tohoku-keitozu-tohoku_kikan,extracted,2026-08-03,凡例「発電所（シミュレーション精度向上のための情報提供あり）」＝白枠;発電所,east50
1625d860-0507-4ae4-a97e-d6082043c9b4,(220018),other,東北電力ネットワーク,tohoku,154,,,,,active,,,tohoku-keitozu-tohoku_kikan,extracted,2026-08-03,凡例「発電所（シミュレーション精度向上のための情報提供あり）」＝白枠;発電所,east50
d406ee67-a124-41fa-8586-a80b715d5223,(220019)(220014),other,東北電力ネットワーク,tohoku,154,,,,,active,,,tohoku-keitozu-tohoku_kikan,extracted,2026-08-03,凡例「発電所（シミュレーション精度向上のための情報提供あり）」＝白枠;発電所,east50
71e9e2d3-256a-4e24-8e9c-bd9eb928c445,(230011),other,東北電力ネットワーク,tohoku,154,,,,,active,,,tohoku-keitozu-tohoku_kikan,extracted,2026-08-03,凡例「発電所（シミュレーション精度向上のための情報提供あり）」＝白枠;発電所,east50
82d1d887-df7d-4a4c-ae15-266b5a97f9eb,(230010),other,東北電力ネットワーク,tohoku,154,,,,,active,,,tohoku-keitozu-tohoku_kikan,extracted,2026-08-03,凡例「発電所（シミュレーション精度向上のための情報提供あり）」＝白枠;発電所,east50
916f9103-fcfe-44f0-a85f-f38c4046a8c8,(230001),other,東北電力ネットワーク,tohoku,154,,,,,active,,,tohoku-keitozu-tohoku_kikan,extracted,2026-08-03,凡例「発電所（シミュレーション精度向上のための情報提供あり）」＝白枠;発電所,east50
5bc91a82-2c01-400d-91ac-ab93c6f2d336,(270016),other,東北電力ネットワーク,tohoku,154,,,,,active,,,tohoku-keitozu-tohoku_kikan,extracted,2026-08-03,凡例「発電所（シミュレーション精度向上のための情報提供あり）」＝白枠;発電所,east50
d3de7f56-a6f2-492f-9443-5db777abab0b,(270015),other,東北電力ネットワーク,tohoku,154,,,,,active,,,tohoku-keitozu-tohoku_kikan,extracted,2026-08-03,凡例「発電所（シミュレーション精度向上のための情報提供あり）」＝白枠;発電所,east50
7093f258-4899-43e8-a4f5-78bd617862e7,(240001),other,東北電力ネットワーク,tohoku,154,,,,,active,,,tohoku-keitozu-tohoku_kikan,extracted,2026-08-03,凡例「発電所（シミュレーション精度向上のための情報提供あり）」＝白枠;発電所,east50
0f6f6881-9cb4-4fb7-9eac-870cafb7042e,(220016),other,東北電力ネットワーク,tohoku,154,,,,,active,,,tohoku-keitozu-tohoku_kikan,extracted,2026-08-03,凡例「発電所（上記以外）」＝水色枠;発電所,east50
6a262106-bf4f-4fbf-af1d-cc4787b58f45,(260037),other,東北電力ネットワーク,tohoku,154,,,,,active,,,tohoku-keitozu-tohoku_kikan,extracted,2026-08-03,凡例「発電所（シミュレーション精度向上のための情報提供あり）」＝白枠;発電所,east50
787a4ea9-cdae-49e5-b550-ba7b25a8bf0c,(260039),other,東北電力ネットワーク,tohoku,154,,,,,active,,,tohoku-keitozu-tohoku_kikan,extracted,2026-08-03,凡例「発電所（上記以外）」＝水色枠;発電所,east50
603fc65d-26c6-478f-90e5-e2eaad39feac,(270006),other,東北電力ネットワーク,tohoku,154,,,,,active,,,tohoku-keitozu-tohoku_kikan,extracted,2026-08-03,凡例「発電所（シミュレーション精度向上のための情報提供あり）」＝白枠;発電所,east50
f6a907a8-0d23-48ad-9afa-6b8ddfa182ff,__P16,other,東北電力ネットワーク,tohoku,,,,,,active,,,tohoku-keitozu-tohoku_kikan,extracted,2026-08-03,"図上に名称・発電所番号の記載なし；図上座標 (359,965)；凡例「発電所（シミュレーション精度向上のための情報提供あり）」＝白枠；接続線を追跡できず（図上で近接する記号: [(2.7, '__X06')]）;発電所 | 孤立ではない：275kV線分(361.0,967.6)に3.2pt で接続。12.8pt に黒丸__X06(371.4,961.7)があり v2 は同経路を(160005)->__X06 275kV として既収録。発電所枠と他社黒丸が重畳描画されており枠側に線が付いていないだけ",east50
e8987607-5054-4c31-a49b-bd3f6c1ded50,(270007),other,東北電力ネットワーク,tohoku,154,,,,,active,,,tohoku-keitozu-tohoku_kikan,extracted,2026-08-03,凡例「発電所（シミュレーション精度向上のための情報提供あり）」＝白枠;発電所,east50
21e630b0-b578-48d4-8f3c-5282c5f459ed,(260024),other,東北電力ネットワーク,tohoku,154,,,,,active,,,tohoku-keitozu-tohoku_kikan,extracted,2026-08-03,凡例「発電所（上記以外）」＝水色枠;発電所,east50
882533b5-d15e-48b8-a79d-04b54b02c825,(260035),other,東北電力ネットワーク,tohoku,154,,,,,active,,,tohoku-keitozu-tohoku_kikan,extracted,2026-08-03,凡例「発電所（上記以外）」＝水色枠;発電所,east50
a4999698-5224-4e71-a4f6-ea1f983bda13,__X36,other,東北電力ネットワーク,tohoku,154,,,,,active,,,tohoku-keitozu-tohoku_kikan,extracted,2026-08-03,"他社；他社設備は本図では名称非表示；図上座標 (288,991)",east50
69999c88-a160-4d27-a6d5-6edfc247e598,(260022),other,東北電力ネットワーク,tohoku,154,,,,,active,,,tohoku-keitozu-tohoku_kikan,extracted,2026-08-03,凡例「発電所（上記以外）」＝水色枠;発電所,east50
9a3f221f-f97a-4c13-84f2-0cd7e1a47282,(160003),other,東北電力ネットワーク,tohoku,500,,,,,active,,,tohoku-keitozu-tohoku_kikan,extracted,2026-08-03,凡例「発電所（上記以外）」＝水色枠;発電所,east50
a1d94b73-53ff-4f3e-bbec-5c1b1b85ca27,(160002),other,東北電力ネットワーク,tohoku,500,,,,,active,,,tohoku-keitozu-tohoku_kikan,extracted,2026-08-03,凡例「発電所（シミュレーション精度向上のための情報提供あり）」＝白枠;発電所,east50
7bbd027f-2f14-4191-8bee-a8f38a3fdfdc,(260009),other,東北電力ネットワーク,tohoku,154,,,,,active,,,tohoku-keitozu-tohoku_kikan,extracted,2026-08-03,凡例「発電所（上記以外）」＝水色枠;発電所,east50
05cae69f-5d2c-43ba-88a4-2ef386fb2f3d,中越,substation,東北電力ネットワーク,tohoku,275,,,,,active,,,tohoku-keitozu-tohoku_kikan,extracted,2026-08-03,,east50
d97a294c-a214-4244-9c7c-e94df08031ca,西山形,substation,東北電力ネットワーク,tohoku,275,,,,,active,,,tohoku-keitozu-tohoku_kikan,extracted,2026-08-03,,east50
9033371b-a953-4609-b620-dffd88a0d9cd,越後,switching_station,東北電力ネットワーク,tohoku,275,,,,,active,,,tohoku-keitozu-tohoku_kikan,extracted,2026-08-03,開閉所記号（○に×）,east50
7e3054c7-022b-4146-a899-03870f37220f,__X37,other,東北電力ネットワーク,tohoku,154,,,,,active,,,tohoku-keitozu-tohoku_kikan,extracted,2026-08-03,"他社；他社設備は本図では名称非表示；図上座標 (569,229)",east50
716f86ce-5748-466e-947d-59163520360b,__X38,other,東北電力ネットワーク,tohoku,154,,,,,active,,,tohoku-keitozu-tohoku_kikan,extracted,2026-08-03,"他社；他社設備は本図では名称非表示；図上座標 (658,279)",east50
8c38416b-9e55-4f96-8262-4b79bfb3358e,(230008),other,東北電力ネットワーク,tohoku,154,,,,,active,,,tohoku-keitozu-tohoku_kikan,extracted,2026-08-03,凡例「発電所（上記以外）」＝水色枠;発電所,east50
1e7f0cfb-5edc-4282-9ec8-49df5a42251f,(210017),other,東北電力ネットワーク,tohoku,154,,,,,active,,,tohoku-keitozu-tohoku_kikan,extracted,2026-08-03,凡例「発電所（上記以外）」＝水色枠;発電所,east50
15539b56-a4bc-4fbd-b8b5-5a0676165302,(220021),other,東北電力ネットワーク,tohoku,154,,,,,active,,,tohoku-keitozu-tohoku_kikan,extracted,2026-08-03,凡例「発電所（上記以外）」＝水色枠;発電所,east50
67549851-5771-43e8-a7bf-cda1ddd7d144,(260021),other,東北電力ネットワーク,tohoku,154,,,,,active,,,tohoku-keitozu-tohoku_kikan,extracted,2026-08-03,凡例「発電所（シミュレーション精度向上のための情報提供あり）」＝白枠;発電所,east50
255b2d48-1e83-461b-9a1f-a0b65e3549b8,(260025),other,東北電力ネットワーク,tohoku,154,,,,,active,,,tohoku-keitozu-tohoku_kikan,extracted,2026-08-03,凡例「発電所（上記以外）」＝水色枠;発電所,east50
99a86e11-944a-45ef-8bd8-6b76c9197b7f,(260001),other,東北電力ネットワーク,tohoku,154,,,,,active,,,tohoku-keitozu-tohoku_kikan,extracted,2026-08-03,凡例「発電所（上記以外）」＝水色枠;発電所,east50
a268adda-8fac-4796-974a-8d692339fdd1,(210014),other,東北電力ネットワーク,tohoku,154,,,,,active,,,tohoku-keitozu-tohoku_kikan,extracted,2026-08-03,凡例「発電所（上記以外）」＝水色枠;発電所,east50
8d8c71a5-303c-45a2-8988-65aecff7689f,(270009),other,東北電力ネットワーク,tohoku,154,,,,,active,,,tohoku-keitozu-tohoku_kikan,extracted,2026-08-03,凡例「発電所（シミュレーション精度向上のための情報提供あり）」＝白枠;発電所,east50
02271324-640d-4105-998b-6c42fca5d716,__X39,other,東北電力ネットワーク,tohoku,500,,,,,active,,,tohoku-keitozu-tohoku_kikan,extracted,2026-08-03,"他社；他社設備は本図では名称非表示；図上座標 (677,896)",east50
44618726-8860-423d-8214-f4c2eb353d49,宮城,substation,東北電力ネットワーク,tohoku,500,,,,,active,,,tohoku-keitozu-tohoku_kikan,extracted,2026-08-03,,east50
2994fb5f-5078-4ae0-91bd-02f4ea3843e1,浅貝,substation,東北電力ネットワーク,tohoku,154,,,,,active,,,tohoku-keitozu-tohoku_kikan,extracted,2026-08-03,,east50
2df430c6-c40a-48d7-9e5e-7756be6e2d22,酒田,substation,東北電力ネットワーク,tohoku,154,,,,,active,,,tohoku-keitozu-tohoku_kikan,extracted,2026-08-03,,east50
95fbef92-aa0e-4158-80b5-fd3fcf7ee476,酒田北港,substation,東北電力ネットワーク,tohoku,154,,,,,active,,,tohoku-keitozu-tohoku_kikan,extracted,2026-08-03,,east50
5add5c1c-ed64-4b3f-bfc7-db674de4d0db,新山,substation,東北電力ネットワーク,tohoku,154,,,,,active,,,tohoku-keitozu-tohoku_kikan,extracted,2026-08-03,,east50
f908bdbf-f62b-4246-8942-45bcfa8bfb40,南相馬,substation,東北電力ネットワーク,tohoku,500,,,,,active,,,tohoku-keitozu-tohoku_kikan,extracted,2026-08-03,,east50
b9d47124-4edf-4d3e-823a-1e1d53cc2f9d,(160001),other,東北電力ネットワーク,tohoku,275,,,,,active,,,tohoku-keitozu-tohoku_kikan,extracted,2026-08-03,凡例「発電所（シミュレーション精度向上のための情報提供あり）」＝白枠;発電所,east50
5f06958a-4941-4158-a4a4-30087721d8ae,(270021),other,東北電力ネットワーク,tohoku,154,,,,,active,,,tohoku-keitozu-tohoku_kikan,extracted,2026-08-03,凡例「発電所（シミュレーション精度向上のための情報提供あり）」＝白枠;発電所,east50
80caed59-0f91-4148-851d-8e2d4011e002,__P20,other,東北電力ネットワーク,tohoku,154,,,,,active,,,tohoku-keitozu-tohoku_kikan,extracted,2026-08-03,"図上に名称・発電所番号の記載なし；図上座標 (363,1036)；凡例「発電所（シミュレーション精度向上のための情報提供あり）」＝白枠;発電所",east50
45537dbf-e2b4-4feb-b650-6a24b623bba2,__P21,other,東北電力ネットワーク,tohoku,154,,,,,active,,,tohoku-keitozu-tohoku_kikan,extracted,2026-08-03,"図上に名称・発電所番号の記載なし；図上座標 (333,1022)；凡例「発電所（シミュレーション精度向上のための情報提供あり）」＝白枠;発電所",east50
0ebbb1e4-ecc7-461c-aee9-a356dda7219c,北津軽,substation,東北電力ネットワーク,tohoku,154,,,,,active,,,tohoku-keitozu-tohoku_kikan,extracted,2026-08-03,,east50
03c96633-2076-429f-8a2e-bdcec4d9e67d,__X41,other,東北電力ネットワーク,tohoku,275,,,,,active,,,tohoku-keitozu-tohoku_kikan,extracted,2026-08-03,"他社；他社設備は本図では名称非表示；図上座標 (593,899)",east50
eb95dcfa-e994-445e-9f31-d7e3f84b79d2,北平,substation,東北電力ネットワーク,tohoku,154,,,,,active,,,tohoku-keitozu-tohoku_kikan,extracted,2026-08-03,,east50
f1f89bc4-37f2-4d61-b31f-9bedd159fe32,北盛岡,substation,東北電力ネットワーク,tohoku,154,,,,,active,,,tohoku-keitozu-tohoku_kikan,extracted,2026-08-03,,east50
398686db-c336-47f5-8a74-a0b66af8cf2e,盛岡,substation,東北電力ネットワーク,tohoku,154,,,,,active,,,tohoku-keitozu-tohoku_kikan,extracted,2026-08-03,,east50
1874de81-9355-43de-9846-5f65a7f18ba4,岩手,substation,東北電力ネットワーク,tohoku,500,,,,,active,,,tohoku-keitozu-tohoku_kikan,extracted,2026-08-03,,east50
d5a4f44c-ba8a-4aa1-9432-5635f43fcfa3,(220023),other,東北電力ネットワーク,tohoku,154,,,,,active,,,tohoku-keitozu-tohoku_kikan,extracted,2026-08-03,凡例「発電所（上記以外）」＝水色枠;発電所,east50
09d01c31-e36a-4208-b680-4235d015f33c,(230004),other,東北電力ネットワーク,tohoku,154,,,,,active,,,tohoku-keitozu-tohoku_kikan,extracted,2026-08-03,凡例「発電所（シミュレーション精度向上のための情報提供あり）」＝白枠;発電所,east50
1a765da9-6d3a-4f8d-a885-3239586c4a9b,秋田,substation,東北電力ネットワーク,tohoku,275,,,,,active,,,tohoku-keitozu-tohoku_kikan,extracted,2026-08-03,,east50
3e4b48a7-b339-497e-87f9-dd8da1a4be8b,(260020),other,東北電力ネットワーク,tohoku,154,,,,,active,,,tohoku-keitozu-tohoku_kikan,extracted,2026-08-03,凡例「発電所（上記以外）」＝水色枠;発電所,east50
53ba8007-a2ab-4ddb-a0d1-7589ff408696,東上越,substation,東北電力ネットワーク,tohoku,275,,,,,active,,,tohoku-keitozu-tohoku_kikan,extracted,2026-08-03,,east50
8f9f8959-f033-4a36-9cb4-447e74a98cf0,北新潟,substation,東北電力ネットワーク,tohoku,275,,,,,active,,,tohoku-keitozu-tohoku_kikan,extracted,2026-08-03,本体図と拡大図に重複描画（同名で統合、2箇所）,east50
caeb5e5b-20ef-49e9-a588-8df711952cfb,小国町,substation,東北電力ネットワーク,tohoku,154,,,,,active,,,tohoku-keitozu-tohoku_kikan,extracted,2026-08-03,,east50
73c433b4-72b9-406b-a488-6df511851464,(270013),other,東北電力ネットワーク,tohoku,154,,,,,active,,,tohoku-keitozu-tohoku_kikan,extracted,2026-08-03,凡例「発電所（シミュレーション精度向上のための情報提供あり）」＝白枠;発電所,east50
95bcd6ed-ed20-4734-84fa-9c3477548075,__X43,other,東北電力ネットワーク,tohoku,154,,,,,active,,,tohoku-keitozu-tohoku_kikan,extracted,2026-08-03,"他社；他社設備は本図では名称非表示；図上座標 (664,358)",east50
f9b7beac-b95e-4c9e-9e63-fe2193ae3532,(220013),other,東北電力ネットワーク,tohoku,154,,,,,active,,,tohoku-keitozu-tohoku_kikan,extracted,2026-08-03,凡例「発電所（シミュレーション精度向上のための情報提供あり）」＝白枠;発電所,east50
4578a670-976d-4998-9f95-921aa0cec5ad,__X44,other,東北電力ネットワーク,tohoku,154,,,,,active,,,tohoku-keitozu-tohoku_kikan,extracted,2026-08-03,"他社；他社設備は本図では名称非表示；図上座標 (664,491)",east50
aae309d0-d45e-4237-b7a7-e5b2fdd29022,北福島,substation,東北電力ネットワーク,tohoku,154,,,,,active,,,tohoku-keitozu-tohoku_kikan,extracted,2026-08-03,,east50
3b8c067e-cfb7-4fe6-adc0-e87c6a4f650e,__X45,other,東北電力ネットワーク,tohoku,275,,,,,active,,,tohoku-keitozu-tohoku_kikan,extracted,2026-08-03,"他社；他社設備は本図では名称非表示；図上座標 (601,826)",east50
0569f3d0-a724-4882-8070-0819b008ff56,郡山,substation,東北電力ネットワーク,tohoku,154,,,,,active,,,tohoku-keitozu-tohoku_kikan,extracted,2026-08-03,,east50
b793dcb3-4e92-4860-994e-6ed729a39669,平田,substation,東北電力ネットワーク,tohoku,154,,,,,active,,,tohoku-keitozu-tohoku_kikan,extracted,2026-08-03,,east50
b7413163-c359-4887-a876-c45ab56ab58f,福島,substation,東北電力ネットワーク,tohoku,275,,,,,active,,,tohoku-keitozu-tohoku_kikan,extracted,2026-08-03,,east50
066cbb16-79d0-4f74-9caa-ffb229f97bc1,須賀川,substation,東北電力ネットワーク,tohoku,275,,,,,active,,,tohoku-keitozu-tohoku_kikan,extracted,2026-08-03,,east50
ad97d3a3-fdfa-48a0-99c0-bc5d5c40409a,（160006）,other,東北電力ネットワーク,tohoku,275,,,,,active,,,tohoku-keitozu-tohoku_kikan,extracted,2026-08-03,凡例「発電所（シミュレーション精度向上のための情報提供あり）」＝白枠;発電所,east50
a17e41dc-3178-40b8-814f-66dd0fc890a3,(270019),other,東北電力ネットワーク,tohoku,154,,,,,active,,,tohoku-keitozu-tohoku_kikan,extracted,2026-08-03,凡例「発電所（シミュレーション精度向上のための情報提供あり）」＝白枠;発電所,east50
565279dc-d090-4d21-a949-92867c722ea3,(220026),other,東北電力ネットワーク,tohoku,154,,,,,active,,,tohoku-keitozu-tohoku_kikan,extracted,2026-08-03,凡例「発電所（シミュレーション精度向上のための情報提供あり）」＝白枠;発電所,east50
598475ed-edbf-4185-a743-483d7dbcf6bd,(260027),other,東北電力ネットワーク,tohoku,154,,,,,active,,,tohoku-keitozu-tohoku_kikan,extracted,2026-08-03,凡例「発電所（上記以外）」＝水色枠;発電所,east50
f8e00d0e-e4ed-4b27-9c72-dc900ddaaea1,(260034),other,東北電力ネットワーク,tohoku,154,,,,,active,,,tohoku-keitozu-tohoku_kikan,extracted,2026-08-03,凡例「発電所（シミュレーション精度向上のための情報提供あり）」＝白枠;発電所,east50
483b70c7-068a-44db-bf5d-7e272dfd9641,(260016）,other,東北電力ネットワーク,tohoku,154,,,,,active,,,tohoku-keitozu-tohoku_kikan,extracted,2026-08-03,凡例「発電所（シミュレーション精度向上のための情報提供あり）」＝白枠;発電所,east50
13cfd981-c073-4bcf-a84f-2c792108b6fe,東仙台,substation,東北電力ネットワーク,tohoku,154,,,,,active,,,tohoku-keitozu-tohoku_kikan,extracted,2026-08-03,本体図と拡大図に重複描画（同名で統合、2箇所）,east50
f3ab562c-2316-45ad-bc0a-2ddd17f9e2d3,名取,substation,東北電力ネットワーク,tohoku,275,,,,,active,,,tohoku-keitozu-tohoku_kikan,extracted,2026-08-03,本体図と拡大図に重複描画（同名で統合、2箇所）,east50
23e6cc64-d99d-43e7-abe8-c433c35877eb,__P26,other,東北電力ネットワーク,tohoku,154,,,,,active,,,tohoku-keitozu-tohoku_kikan,extracted,2026-08-03,"図上に名称・発電所番号の記載なし；図上座標 (334,1035)；凡例「発電所（シミュレーション精度向上のための情報提供あり）」＝白枠;発電所",east50
cf7f03a2-f49f-47e8-a6be-dcbcaa8e18a2,(270026）,other,東北電力ネットワーク,tohoku,154,,,,,active,,,tohoku-keitozu-tohoku_kikan,extracted,2026-08-03,凡例「発電所（シミュレーション精度向上のための情報提供あり）」＝白枠;発電所,east50
2f53b0af-75a4-48f2-8126-64956bb99c3e,青森,substation,東北電力ネットワーク,tohoku,275,,,,,active,,,tohoku-keitozu-tohoku_kikan,extracted,2026-08-03,,east50
c08cdd5d-982b-4668-934f-48c7791ecd4d,__S20,substation,東北電力ネットワーク,tohoku,275,2fe87164-8eda-4b48-b0d9-8bb26fac957b,,,,merged,,2026-08-05,tohoku-keitozu-tohoku_kikan,extracted,2026-08-05,"名称の記載を確認できず；図上座標 (415,860)；重複描画のため『新潟』へ統合（tohoku-keitozu-kikan-202402.pdf p1）。PROVENANCE S22",east50
150f320f-9f4a-472c-80e3-cb4a07eee48f,(230003),other,東北電力ネットワーク,tohoku,154,,,,,active,,,tohoku-keitozu-tohoku_kikan,extracted,2026-08-03,凡例「発電所（上記以外）」＝水色枠;発電所,east50
b30c130b-6cd7-40d9-8a1c-4addde36e8c2,(270017)7K03,other,東北電力ネットワーク,tohoku,154,,,,,active,,,tohoku-keitozu-tohoku_kikan,extracted,2026-08-03,凡例「発電所（シミュレーション精度向上のための情報提供あり）」＝白枠;発電所,east50
a575c72c-0b0f-4ed5-97ad-d3bf5e999f83,__X46,other,東北電力ネットワーク,tohoku,500,,,,,active,,,tohoku-keitozu-tohoku_kikan,extracted,2026-08-03,"他社；他社開閉所記号（黒丸に白×）；他社設備は本図では名称非表示；図上座標 (654,897)",east50
fe86e47e-1ba1-4f27-82e4-85261dfbe03f,__X47,other,東北電力ネットワーク,tohoku,500,,,,,active,,,tohoku-keitozu-tohoku_kikan,extracted,2026-08-03,"他社；他社開閉所記号（黒丸に白×）；他社設備は本図では名称非表示；図上座標 (658,926)",east50
86feeb46-ed4b-4496-b568-13f36b668eef,__X48,other,東北電力ネットワーク,tohoku,275,,,,,active,,,tohoku-keitozu-tohoku_kikan,extracted,2026-08-03,"他社；他社設備は本図では名称非表示；図上座標 (342,1001)",east50
ef9293de-9dc0-4550-83cb-18626f14bdcf,(270010),other,東北電力ネットワーク,tohoku,154,,,,,active,,,tohoku-keitozu-tohoku_kikan,extracted,2026-08-03,凡例「発電所（シミュレーション精度向上のための情報提供あり）」＝白枠;発電所,east50
0c3507fa-542c-4ff7-93dc-e37508adf68b,(220025),other,東北電力ネットワーク,tohoku,154,,,,,active,,,tohoku-keitozu-tohoku_kikan,extracted,2026-08-03,凡例「発電所（シミュレーション精度向上のための情報提供あり）」＝白枠;発電所,east50
943f8411-8220-487a-a5d4-70fdb466cf85,(220020),other,東北電力ネットワーク,tohoku,154,,,,,active,,,tohoku-keitozu-tohoku_kikan,extracted,2026-08-03,凡例「発電所（シミュレーション精度向上のための情報提供あり）」＝白枠;発電所,east50
3618cc27-bf00-4825-8161-712727b0b701,(140001),other,東北電力ネットワーク,tohoku,275,,,,,active,,,tohoku-keitozu-tohoku_kikan,extracted,2026-08-03,凡例「発電所（上記以外）」＝水色枠;発電所,east50
f62e39a8-5b49-4dce-be25-a2a558116e6c,__X49,other,東北電力ネットワーク,tohoku,154,,,,,active,,,tohoku-keitozu-tohoku_kikan,extracted,2026-08-03,"他社；他社設備は本図では名称非表示；図上座標 (308,928)",east50
bb4d9fc9-1a9d-4b59-b3ac-40d7a46d4b66,(220001),other,東北電力ネットワーク,tohoku,154,,,,,active,,,tohoku-keitozu-tohoku_kikan,extracted,2026-08-03,凡例「発電所（シミュレーション精度向上のための情報提供あり）」＝白枠;発電所,east50
7487d56b-cf27-4568-8347-6e31c804ffd8,白糠,substation,東北電力ネットワーク,tohoku,154,,,,,active,,,tohoku-keitozu-tohoku_kikan,extracted,2026-08-03,本体図と拡大図に重複描画（同名で統合、2箇所）,east50
531e0c00-3332-44f9-818d-2391a18726df,下北,substation,東北電力ネットワーク,tohoku,154,,,,,active,,,tohoku-keitozu-tohoku_kikan,extracted,2026-08-03,本体図と拡大図に重複描画（同名で統合、2箇所）,east50
1e55af8f-8b42-477b-9188-cd8e24afbeb0,(210008),other,東北電力ネットワーク,tohoku,154,,,,,active,,,tohoku-keitozu-tohoku_kikan,extracted,2026-08-03,凡例「発電所（シミュレーション精度向上のための情報提供あり）」＝白枠;発電所,east50
b526a3b9-7961-43f8-93a4-76704b0a021e,六ケ所,substation,東北電力ネットワーク,tohoku,154,,,,,active,,,tohoku-keitozu-tohoku_kikan,extracted,2026-08-03,本体図と拡大図に重複描画（同名で統合、2箇所）,east50
ac541969-fdfe-47dc-a246-07bdb937691f,上北,substation,東北電力ネットワーク,tohoku,500,,,,,active,,,tohoku-keitozu-tohoku_kikan,extracted,2026-08-03,本体図と拡大図に重複描画（同名で統合、2箇所）,east50
f25e122c-9483-47b2-a882-680f43020aac,仙台,substation,東北電力ネットワーク,tohoku,275,,,,,active,,,tohoku-keitozu-tohoku_kikan,extracted,2026-08-03,本体図と拡大図に重複描画（同名で統合、2箇所）,east50
22ea78b4-6e29-4eed-8ce8-5f0f141494b0,(210001),other,東北電力ネットワーク,tohoku,154,,,,,active,,,tohoku-keitozu-tohoku_kikan,extracted,2026-08-03,凡例「発電所（シミュレーション精度向上のための情報提供あり）」＝白枠;発電所,east50
8bb367e6-dedf-4766-b2f5-cb6b15b8329e,(210028),other,東北電力ネットワーク,tohoku,154,,,,,active,,,tohoku-keitozu-tohoku_kikan,extracted,2026-08-03,凡例「発電所（シミュレーション精度向上のための情報提供あり）」＝白枠;発電所,east50
a0bde343-da5e-4178-a63d-e5b2e31af2f0,(210004),other,東北電力ネットワーク,tohoku,154,,,,,active,,,tohoku-keitozu-tohoku_kikan,extracted,2026-08-03,凡例「発電所（シミュレーション精度向上のための情報提供あり）」＝白枠;発電所,east50
6115e204-626b-42d2-8e57-a9ee8e4515e2,__X54,other,東北電力ネットワーク,tohoku,275,,,,,active,,,tohoku-keitozu-tohoku_kikan,extracted,2026-08-03,"他社；他社設備は本図では名称非表示；図上座標 (312,520)",east50
a3123bca-e3fb-4469-b961-f38361b35d31,(210031),other,東北電力ネットワーク,tohoku,154,,,,,active,,,tohoku-keitozu-tohoku_kikan,extracted,2026-08-03,凡例「発電所（上記以外）」＝水色枠;発電所,east50
4b153280-4ad3-41ae-9f52-ab6f1a6dcf7b,(210030),other,東北電力ネットワーク,tohoku,154,,,,,active,,,tohoku-keitozu-tohoku_kikan,extracted,2026-08-03,凡例「発電所（上記以外）」＝水色枠;発電所,east50
d6b9d857-15a2-41f6-b23b-916e090c6be7,__X55,other,東北電力ネットワーク,tohoku,154,,,,,active,,,tohoku-keitozu-tohoku_kikan,extracted,2026-08-03,"他社；他社設備は本図では名称非表示；図上座標 (340,446)",east50
a09d0b0e-f66e-4afc-b37f-97b373939ba3,(210025),other,東北電力ネットワーク,tohoku,154,,,,,active,,,tohoku-keitozu-tohoku_kikan,extracted,2026-08-03,凡例「発電所（シミュレーション精度向上のための情報提供あり）」＝白枠;発電所,east50
5ecfc351-4cb9-4883-8552-621b79b7cb43,(210026),other,東北電力ネットワーク,tohoku,154,,,,,active,,,tohoku-keitozu-tohoku_kikan,extracted,2026-08-03,凡例「発電所（シミュレーション精度向上のための情報提供あり）」＝白枠;発電所,east50
b2447145-277e-4f8c-8fb6-7cd2e91823a5,(210006),other,東北電力ネットワーク,tohoku,154,,,,,active,,,tohoku-keitozu-tohoku_kikan,extracted,2026-08-03,凡例「発電所（シミュレーション精度向上のための情報提供あり）」＝白枠;発電所,east50
cf45d61e-f696-4476-80b3-0961ab1ea14b,(210021,other,東北電力ネットワーク,tohoku,154,,,,,active,,,tohoku-keitozu-tohoku_kikan,extracted,2026-08-03,凡例「発電所（シミュレーション精度向上のための情報提供あり）」＝白枠;発電所,east50
8c49f3e2-dea7-42bd-945c-f578c9d1102e,(210018),other,東北電力ネットワーク,tohoku,154,,,,,active,,,tohoku-keitozu-tohoku_kikan,extracted,2026-08-03,凡例「発電所（シミュレーション精度向上のための情報提供あり）」＝白枠;発電所,east50
fd9f4fe5-04a0-4a7f-a11d-843f549463c3,(210020),other,東北電力ネットワーク,tohoku,154,,,,,active,,,tohoku-keitozu-tohoku_kikan,extracted,2026-08-03,凡例「発電所（シミュレーション精度向上のための情報提供あり）」＝白枠;発電所,east50
63694149-090d-40f7-938a-c49cdb6812a1,(110001),other,東北電力ネットワーク,tohoku,500,,,,,active,,,tohoku-keitozu-tohoku_kikan,extracted,2026-08-03,凡例「発電所（シミュレーション精度向上のための情報提供あり）」＝白枠;発電所,east50
04155a3a-8208-4266-b792-273dc4dd04d3,(270025),other,東北電力ネットワーク,tohoku,,,,,,active,,,tohoku-keitozu-tohoku_kikan,extracted,2026-08-03,"凡例「発電所（上記以外）」＝水色枠；接続線を追跡できず（図上で近接する記号: [(0.5, '__X18'), (4.3, '__X19')]）;発電所",east50
891a9801-6ff6-407c-81d5-f06a7a23411d,(260033),other,東北電力ネットワーク,tohoku,154,,,,,active,,,tohoku-keitozu-tohoku_kikan,extracted,2026-08-03,凡例「発電所（シミュレーション精度向上のための情報提供あり）」＝白枠;発電所,east50
9588276c-0b9c-4be6-ab0a-b1e599742599,(260002),other,東北電力ネットワーク,tohoku,154,,,,,active,,,tohoku-keitozu-tohoku_kikan,extracted,2026-08-03,凡例「発電所（シミュレーション精度向上のための情報提供あり）」＝白枠;発電所,east50
2fe7ed5d-d706-4f94-8892-0ec16ec6f6a4,6G01(260008),other,東北電力ネットワーク,tohoku,275,,,,,active,,,tohoku-keitozu-tohoku_kikan,extracted,2026-08-03,凡例「発電所（シミュレーション精度向上のための情報提供あり）」＝白枠;発電所,east50
9c791c6f-4244-4533-9771-ce47b639049d,__P41,other,東北電力ネットワーク,tohoku,275,,,,,active,,,tohoku-keitozu-tohoku_kikan,extracted,2026-08-03,"図上に名称・発電所番号の記載なし；図上座標 (417,982)；凡例「発電所（シミュレーション精度向上のための情報提供あり）」＝白枠;発電所",east50
894554d5-9ca7-4788-bebd-b30832a64876,(160005),other,東北電力ネットワーク,tohoku,275,,,,,active,,,tohoku-keitozu-tohoku_kikan,extracted,2026-08-03,凡例「発電所（シミュレーション精度向上のための情報提供あり）」＝白枠;発電所,east50
2864f460-f564-47d8-814c-ca5bddfacebe,__P42,other,東北電力ネットワーク,tohoku,275,,,,,active,,,tohoku-keitozu-tohoku_kikan,extracted,2026-08-03,"図上に名称・発電所番号の記載なし；図上座標 (425,963)；凡例「発電所（シミュレーション精度向上のための情報提供あり）」＝白枠;発電所",east50
98c763bc-bd61-4eae-9d2b-1a110a36c74c,717(270020),other,東北電力ネットワーク,tohoku,275,,,,,active,,,tohoku-keitozu-tohoku_kikan,extracted,2026-08-03,凡例「発電所（シミュレーション精度向上のための情報提供あり）」＝白枠;発電所,east50
b5ee09e4-c2c1-4200-9f1d-c7ef81d266f9,(260029),other,東北電力ネットワーク,tohoku,,,,,,active,,,tohoku-keitozu-tohoku_kikan,extracted,2026-08-03,凡例「発電所（シミュレーション精度向上のための情報提供あり）」＝白枠;発電所,east50
9452ca05-9efb-40cc-9a31-005dcdc97903,(140004),other,東北電力ネットワーク,tohoku,275,,,,,active,,,tohoku-keitozu-tohoku_kikan,extracted,2026-08-03,凡例「発電所（上記以外）」＝水色枠;発電所,east50
ffba5b20-dc9f-4354-a0f2-eec350d74c25,浦町,substation,東北電力ネットワーク,tohoku,154,,,,,active,,,tohoku-keitozu-tohoku_kikan,extracted,2026-08-03,,east50
1b29a990-c2b9-4ceb-a944-9a7d49f864b0,六戸,substation,東北電力ネットワーク,tohoku,154,,,,,active,,,tohoku-keitozu-tohoku_kikan,extracted,2026-08-03,,east50
72fae93f-afba-44f4-a1f5-a3c11a18659d,八幡,switching_station,東北電力ネットワーク,tohoku,154,,,,,active,,,tohoku-keitozu-tohoku_kikan,extracted,2026-08-03,開閉所記号（○に×）,east50
fc1c628e-23e0-47cd-ace4-23f87318ab0e,西仙台,substation,東北電力ネットワーク,tohoku,500,,,,,active,,,tohoku-keitozu-tohoku_kikan,extracted,2026-08-03,本体図と拡大図に重複描画（同名で統合、2箇所）,east50
2c84d328-e28a-44c7-a407-85f98b714ad2,若松,substation,東北電力ネットワーク,tohoku,154,,,,,active,,,tohoku-keitozu-tohoku_kikan,extracted,2026-08-03,,east50
f6bd1309-b5d8-425c-8203-9431d7883dbf,__X56,other,東北電力ネットワーク,tohoku,275,,,,,active,,,tohoku-keitozu-tohoku_kikan,extracted,2026-08-03,"他社；他社設備は本図では名称非表示；図上座標 (204,745)",east50
ac6ae407-fa07-460e-8c4c-cd7a7d9c5933,__X57,other,東北電力ネットワーク,tohoku,154,,,,,active,,,tohoku-keitozu-tohoku_kikan,extracted,2026-08-03,"他社；他社設備は本図では名称非表示；図上座標 (165,562)",east50
0e386620-8ffd-4b14-b752-1a07867c6e37,(240017),other,東北電力ネットワーク,tohoku,154,,,,,active,,,tohoku-keitozu-tohoku_kikan,extracted,2026-08-03,凡例「発電所（シミュレーション精度向上のための情報提供あり）」＝白枠;発電所,east50
f8e32b08-d8b8-464a-9733-08f8d09ef4c8,(240018),other,東北電力ネットワーク,tohoku,154,,,,,active,,,tohoku-keitozu-tohoku_kikan,extracted,2026-08-03,凡例「発電所（シミュレーション精度向上のための情報提供あり）」＝白枠;発電所,east50
fde28fbd-dbdc-4be7-b88f-746f97f4dba2,(240010),other,東北電力ネットワーク,tohoku,154,,,,,active,,,tohoku-keitozu-tohoku_kikan,extracted,2026-08-03,凡例「発電所（上記以外）」＝水色枠;発電所,east50
97278825-d1a1-410f-a73e-58cf2002fbdf,(240007),other,東北電力ネットワーク,tohoku,154,,,,,active,,,tohoku-keitozu-tohoku_kikan,extracted,2026-08-03,凡例「発電所（シミュレーション精度向上のための情報提供あり）」＝白枠;発電所,east50
0d0d5b07-b76f-4a1d-a99d-934bf7b942e7,(240012),other,東北電力ネットワーク,tohoku,154,,,,,active,,,tohoku-keitozu-tohoku_kikan,extracted,2026-08-03,凡例「発電所（上記以外）」＝水色枠;発電所,east50
6a5d1c43-7568-4b49-90f4-2cb6ad0acca2,東若林,substation,東北電力ネットワーク,tohoku,154,,,,,active,,,tohoku-keitozu-tohoku_kikan,extracted,2026-08-03,,east50
500740b5-e017-4f25-afb7-65a5f8f45824,中仙台,substation,東北電力ネットワーク,tohoku,154,,,,,active,,,tohoku-keitozu-tohoku_kikan,extracted,2026-08-03,,east50
c7fecadd-4a47-4a2e-8599-7271a0608e33,南仙台,substation,東北電力ネットワーク,tohoku,154,,,,,active,,,tohoku-keitozu-tohoku_kikan,extracted,2026-08-03,,east50
d636f2cb-45da-4e7f-b94a-3fc49a89f15a,錦町,substation,東北電力ネットワーク,tohoku,154,,,,,active,,,tohoku-keitozu-tohoku_kikan,extracted,2026-08-03,,east50
616cf277-0aa6-4025-a166-3df444c90b46,__X58,other,東北電力ネットワーク,tohoku,154,,,,,active,,,tohoku-keitozu-tohoku_kikan,extracted,2026-08-03,"他社；他社設備は本図では名称非表示；図上座標 (269,606)",east50
cf188dfa-1786-44ab-bd7a-35bdce6754c1,__X59,other,東北電力ネットワーク,tohoku,154,,,,,active,,,tohoku-keitozu-tohoku_kikan,extracted,2026-08-03,"他社；他社設備は本図では名称非表示；図上座標 (252,602)",east50
ad574ed6-7086-49f2-8c10-f54363078723,(140003),other,東北電力ネットワーク,tohoku,275,,,,,active,,,tohoku-keitozu-tohoku_kikan,extracted,2026-08-03,凡例「発電所（シミュレーション精度向上のための情報提供あり）」＝白枠;発電所,east50
719ae497-d6a8-4782-ad8f-5f5cff41e259,(240008),other,東北電力ネットワーク,tohoku,154,,,,,active,,,tohoku-keitozu-tohoku_kikan,extracted,2026-08-03,凡例「発電所（上記以外）」＝水色枠;発電所,east50
ec4d3204-bebf-473e-b7b2-84f2bce04880,(240015),other,東北電力ネットワーク,tohoku,154,,,,,active,,,tohoku-keitozu-tohoku_kikan,extracted,2026-08-03,凡例「発電所（シミュレーション精度向上のための情報提供あり）」＝白枠;発電所,east50
788e24df-48c0-48b7-8e14-93dd3df50102,(240016),other,東北電力ネットワーク,tohoku,154,,,,,active,,,tohoku-keitozu-tohoku_kikan,extracted,2026-08-03,凡例「発電所（上記以外）」＝水色枠;発電所,east50
dfad5b48-80e1-43f4-b664-4a03aaf1ba0b,(240020),other,東北電力ネットワーク,tohoku,154,,,,,active,,,tohoku-keitozu-tohoku_kikan,extracted,2026-08-03,凡例「発電所（シミュレーション精度向上のための情報提供あり）」＝白枠;発電所,east50
5ea7ec3f-c588-4d78-9c8e-069246d454fb,根白石,substation,東北電力ネットワーク,tohoku,154,,,,,active,,,tohoku-keitozu-tohoku_kikan,extracted,2026-08-03,,east50
0125cced-71d8-4323-a7c7-16b6b1fc4fa2,(240014),other,東北電力ネットワーク,tohoku,,,,,,active,,,tohoku-keitozu-tohoku_kikan,extracted,2026-08-03,凡例「発電所（上記以外）」＝水色枠；接続線を追跡できず（図上で近接する記号: なし）;発電所,east50
1ded483d-3ee7-45cb-a342-239e85529ae2,仙南,substation,東北電力ネットワーク,tohoku,154,,,,,active,,,tohoku-keitozu-tohoku_kikan,extracted,2026-08-03,,east50
2ce35639-943f-4c6c-a97e-7d6ba5975ab3,愛子,substation,東北電力ネットワーク,tohoku,154,,,,,active,,,tohoku-keitozu-tohoku_kikan,extracted,2026-08-03,,east50
7497e5bb-0dc4-4d11-af30-100212245d2f,中山,substation,東北電力ネットワーク,tohoku,154,,,,,active,,,tohoku-keitozu-tohoku_kikan,extracted,2026-08-03,,east50
3030e115-4de1-4e84-a856-84de6bca8e3a,泉,substation,東北電力ネットワーク,tohoku,154,,,,,active,,,tohoku-keitozu-tohoku_kikan,extracted,2026-08-03,,east50
b362bf05-e904-4295-ac81-970ec0890ad9,明通,substation,東北電力ネットワーク,tohoku,154,,,,,active,,,tohoku-keitozu-tohoku_kikan,extracted,2026-08-03,,east50
6de868bb-ddbc-4b59-9a67-0dcd1030c6ec,高森,substation,東北電力ネットワーク,tohoku,154,,,,,active,,,tohoku-keitozu-tohoku_kikan,extracted,2026-08-03,,east50
57af7fbe-b3c0-41a1-9596-92935cb61451,五ツ橋,substation,東北電力ネットワーク,tohoku,154,,,,,active,,,tohoku-keitozu-tohoku_kikan,extracted,2026-08-03,,east50
f3a431f9-d9f7-4d9a-ad1c-c8583d423bf7,仙台港,substation,東北電力ネットワーク,tohoku,154,,,,,active,,,tohoku-keitozu-tohoku_kikan,extracted,2026-08-03,,east50
28847e82-baf2-4c4a-9343-541ef391e83c,__X60,other,東北電力ネットワーク,tohoku,154,,,,,active,,,tohoku-keitozu-tohoku_kikan,extracted,2026-08-03,"他社；他社設備は本図では名称非表示；図上座標 (302,673)",east50
aec1c810-0e55-4247-8332-b7d41efdea85,__X61,other,東北電力ネットワーク,tohoku,,,,,,active,,,tohoku-keitozu-tohoku_kikan,extracted,2026-08-03,"他社；他社設備は本図では名称非表示；図上座標 (84,936)；接続線を追跡できず（図上で近接する記号: [(1.7, '__X63')]） | 孤立ではない：154kV線分(80.9,934.9)に3.3pt で接続（区間(83.8,935.6)--(73.0,933.5) L=8.0）。線号0693 が区間一致度0.1pt で最近傍。7.6pt に別の黒丸(88.8,930.1)=__X63",east50
2e7f965e-f618-40b2-892b-12b720869414,__X62,other,東北電力ネットワーク,tohoku,154,,,,,active,,,tohoku-keitozu-tohoku_kikan,extracted,2026-08-03,"他社；他社設備は本図では名称非表示；図上座標 (119,882)",east50
f1d8d6cc-73c0-4c82-b682-f6484916e685,新津,substation,東北電力ネットワーク,tohoku,154,,,,,active,,,tohoku-keitozu-tohoku_kikan,extracted,2026-08-03,,east50
73c76b22-f4fd-40ad-b9a4-3f4df9810569,豊栄,substation,東北電力ネットワーク,tohoku,154,,,,,active,,,tohoku-keitozu-tohoku_kikan,extracted,2026-08-03,,east50
1c3e6d27-7d0f-46e5-ae17-df5d1b76fdb3,南新潟,substation,東北電力ネットワーク,tohoku,154,,,,,active,,,tohoku-keitozu-tohoku_kikan,extracted,2026-08-03,,east50
c9665214-40f9-4336-b264-059f6fb1fafc,__X63,other,東北電力ネットワーク,tohoku,154,,,,,active,,,tohoku-keitozu-tohoku_kikan,extracted,2026-08-03,"他社；他社設備は本図では名称非表示；図上座標 (89,930)",east50
97bf6602-9068-4d51-8a2d-c62fe04d375d,三条,substation,東北電力ネットワーク,tohoku,154,,,,,active,,,tohoku-keitozu-tohoku_kikan,extracted,2026-08-03,,east50
3dcb8e61-c424-4dc0-a82b-10f8be3b6f5e,下田,substation,東北電力ネットワーク,tohoku,154,,,,,active,,,tohoku-keitozu-tohoku_kikan,extracted,2026-08-03,,east50
a408475f-6f9b-4922-9923-3544da540a24,(170001),other,東北電力ネットワーク,tohoku,275,,,,,active,,,tohoku-keitozu-tohoku_kikan,extracted,2026-08-03,凡例「発電所（シミュレーション精度向上のための情報提供あり）」＝白枠;発電所,east50
4544137a-9bdc-4ce1-b3b4-dce93704341f,亀塚浜,substation,東北電力ネットワーク,tohoku,154,,,,,active,,,tohoku-keitozu-tohoku_kikan,extracted,2026-08-03,,east50
926fd79d-f83a-4d6f-9e8d-26aa723a95de,西新潟,substation,東北電力ネットワーク,tohoku,154,,,,,active,,,tohoku-keitozu-tohoku_kikan,extracted,2026-08-03,,east50
b663360d-3890-4567-8592-ed51a1ed0e1e,中新潟,substation,東北電力ネットワーク,tohoku,154,,,,,active,,,tohoku-keitozu-tohoku_kikan,extracted,2026-08-03,,east50
c17a0313-9e11-4c9c-9333-1949859f1fa1,寄居浜,substation,東北電力ネットワーク,tohoku,154,,,,,active,,,tohoku-keitozu-tohoku_kikan,extracted,2026-08-03,,east50
22482c26-4012-4892-b5d8-4f04f309e7f5,(270011),other,東北電力ネットワーク,tohoku,154,,,,,active,,,tohoku-keitozu-tohoku_kikan,extracted,2026-08-03,凡例「発電所（シミュレーション精度向上のための情報提供あり）」＝白枠;発電所,east50
b6a79dce-7da0-43e6-9145-06d0ae4ae125,新飯田,substation,東北電力ネットワーク,tohoku,154,,,,,active,,,tohoku-keitozu-tohoku_kikan,extracted,2026-08-03,,east50
a00e59cd-d5cc-4e6f-b669-2e0ba5e4bdc6,__X64,other,東北電力ネットワーク,tohoku,154,,,,,active,,,tohoku-keitozu-tohoku_kikan,extracted,2026-08-03,"他社；他社設備は本図では名称非表示；図上座標 (152,933)",east50
7106b3b6-8579-49a7-b5fa-a31ec07b8e40,北上,substation,東北電力ネットワーク,tohoku,154,,,,,active,,,tohoku-keitozu-tohoku_kikan,extracted,2026-08-03,,east50
ce64ff2e-6bd2-4a07-9275-9f799887816a,東花巻,substation,東北電力ネットワーク,tohoku,275,,,,,active,,,tohoku-keitozu-tohoku_kikan,extracted,2026-08-03,,east50
bfe8fac5-313f-48dd-9d20-f547a4465957,西白河,substation,東北電力ネットワーク,tohoku,154,,,,,active,,,tohoku-keitozu-tohoku_kikan,extracted,2026-08-03,,east50
468c773b-9b25-40af-8f95-12f098381316,__P51,other,東北電力ネットワーク,tohoku,154,,,,,active,,,tohoku-keitozu-tohoku_kikan,extracted,2026-08-03,"図上に名称・発電所番号の記載なし；図上座標 (528,956)；凡例「発電所（シミュレーション精度向上のための情報提供あり）」＝白枠;発電所",east50
c983d879-6c65-4dbd-bca4-8df67b385509,__P52,other,東北電力ネットワーク,tohoku,154,,,,,active,,,tohoku-keitozu-tohoku_kikan,extracted,2026-08-03,"図上に名称・発電所番号の記載なし；図上座標 (513,956)；凡例「発電所（シミュレーション精度向上のための情報提供あり）」＝白枠;発電所",east50
3bd328e7-a250-4323-af5a-f99f60102d7a,__X65,other,東北電力ネットワーク,tohoku,154,,,,,active,,,tohoku-keitozu-tohoku_kikan,extracted,2026-08-03,"他社；他社設備は本図では名称非表示；図上座標 (251,1011)",east50
fcbaf7a7-0327-43bf-98bd-6d2281e534c4,__P53,other,東北電力ネットワーク,tohoku,275,,,,,active,,,tohoku-keitozu-tohoku_kikan,extracted,2026-08-03,"図上に名称・発電所番号の記載なし；図上座標 (410,927)；凡例「発電所（シミュレーション精度向上のための情報提供あり）」＝白枠;発電所",east50
f0a0f14c-f28e-41fe-b5cd-c288be935bdc,(210010),other,東北電力ネットワーク,tohoku,154,,,,,active,,,tohoku-keitozu-tohoku_kikan,extracted,2026-08-03,凡例「発電所（シミュレーション精度向上のための情報提供あり）」＝白枠;発電所,east50
5f9d4459-382f-434e-9def-04465e631619,__X66,other,東北電力ネットワーク,tohoku,,,,,,active,,,tohoku-keitozu-tohoku_kikan,extracted,2026-08-03,"他社；他社設備は本図では名称非表示；図上座標 (684,261)；接続線を追跡できず（図上で近接する記号: [(0.2, '(210010)'), (4.6, '(210013)')]）",east50
0cc47ed1-d793-45b6-a5fe-2cd0e8074499,秋田中央,substation,東北電力ネットワーク,tohoku,154,,,,,active,,,tohoku-keitozu-tohoku_kikan,extracted,2026-08-03,,east50
8182faa0-ed5d-4953-899d-02e058fb6f86,__X67,other,東北電力ネットワーク,tohoku,154,,,,,active,,,tohoku-keitozu-tohoku_kikan,extracted,2026-08-03,"他社；他社設備は本図では名称非表示；図上座標 (508,456)",east50
d50e2f86-27aa-4ff5-a0e6-9af2c3b13e95,(260005)(260014),other,東北電力ネットワーク,tohoku,154,,,,,active,,,tohoku-keitozu-tohoku_kikan,extracted,2026-08-03,凡例「発電所（シミュレーション精度向上のための情報提供あり）」＝白枠;発電所,east50
cd0b2101-3832-4230-a424-84c6a7cb9325,(260036),other,東北電力ネットワーク,tohoku,154,,,,,active,,,tohoku-keitozu-tohoku_kikan,extracted,2026-08-03,凡例「発電所（シミュレーション精度向上のための情報提供あり）」＝白枠;発電所,east50
e0913677-8c3e-48f3-804b-bc43855a4615,(270014),other,東北電力ネットワーク,tohoku,154,,,,,active,,,tohoku-keitozu-tohoku_kikan,extracted,2026-08-03,凡例「発電所（シミュレーション精度向上のための情報提供あり）」＝白枠;発電所,east50
411e6294-89df-4bba-b88a-7cc16797ae81,__X68,other,東北電力ネットワーク,tohoku,154,,,,,active,,,tohoku-keitozu-tohoku_kikan,extracted,2026-08-03,"他社；他社設備は本図では名称非表示；図上座標 (459,609)",east50
f8b42a96-4020-4521-ae9c-36e1b87d0e76,いわき,substation,東北電力ネットワーク,tohoku,275,,,,,active,,,tohoku-keitozu-tohoku_kikan,extracted,2026-08-03,,east50
07ad62cb-7add-4950-b03c-b901df957ff9,無名開閉所E（基L29線上、基S11寄り）,switching_station,中国電力ネットワーク,chugoku,220,,,,,active,,,chugoku-keitozu-chugoku_kikan,extracted,2026-08-03,"⊗記号のみ。基L29(i61)線上、無名開閉所Dの20pt西・基S11側。独立の線番号端点ではない。図上座標(524.04,339.21)",west60
a87ba251-d217-4181-8df2-e1f476d3c148,無名500kV母線（富岡線対向端、発電所1001004・1001050接続）,other,東京電力パワーグリッド,tokyo,500,,,,,active,,,tokyo-keitozu-tokyo_kikan154,extracted,2026-08-03,kikan_p2_r1c7 下段の『電圧階級500kV』とだけ書かれた無名母線。発電所1001004 と 発電所1001050 が接続。匿名化により station 名が印字されていない実在母線,east50
7721ebd5-d32b-4b80-9998-1b526f16ef57,変電所（中部電力）#1[p6_r1c1],substation,東京電力パワーグリッド,tokyo,154,,,,,active,,,tokyo-keitozu-tokyo_kikan154,extracted,2026-08-03,S05分割: 天竜東幹線側の中部電力匿名局 (k154_p6_r1c1 中段),east50
81a9b4ac-6f3b-4a6f-80a5-1b01f7734f5c,変電所（東北電力）#1[p7_r1c1],substation,東京電力パワーグリッド,tokyo,154,,,,,active,,,tokyo-keitozu-tokyo_kikan154,extracted,2026-08-03,S09分割: 信濃川連絡線側の東北電力匿名局 1/2 (k154_p7_r1c1 下部),east50
a53e4485-8487-4190-a1ac-f834a9a4169a,西淡（変）,other,関西電力送配電,kansai,187,33683439-a49c-4253-b191-8356c295b6e7,,,,merged,,2026-08-05,interconnect-pass-20260803,extracted,2026-08-05,境界stub。根拠は四国図の矢印先ラベル『関西エリア 西淡(変)』のみ。関西の公開図(154kV以上)に不在 | 境界stub(缝合pass)；EA（＝松帆西路変電所 187kV）と同一設備と判明したため merge。詳細は PROVENANCE S21,west60
d6b909cc-7aa4-4280-a014-7c34ce467464,DS,substation,関西電力送配電,kansai,275,,,,,active,,,kansai-keitozu-kansai_kikan154,inferred,2026-08-05,"匿名コード（原図が全站匿名。実名は非公開）；【大阪湾周辺】別図に記載；DV と同一記号に縦積層（同一x・4.32pt間隔、上が高電圧の慣例）。⚠️ 電圧は積層順序のみを根拠とする推定であり、記号に接する送電線は w=0.72（154kV級）のみで 275kV の直接の裏付けは無い。引出線 group460 (117.48,77.52)→矢尖(121.68,96.24)、記号 group383 円心(121.62,99.84) r3.6",west60
